{
  "resourceType" : "ValueSet",
  "id" : "KLHomeCareInterventionsFSIII",
  "text" : {
    "status" : "generated",
    "div" : "<div xmlns=\"http://www.w3.org/1999/xhtml\"><p>This value set includes codes based on the following rules:</p><ul><li>Include codes from <a href=\"CodeSystem-FSIII.html\"><code>urn:oid:1.2.208.176.2.21</code></a> where concept  descends from  <a href=\"CodeSystem-FSIII.html#FSIII-H1\">H1</a></li><li>Include codes from <a href=\"CodeSystem-FSIII.html\"><code>urn:oid:1.2.208.176.2.21</code></a> where concept  descends from  <a href=\"CodeSystem-FSIII.html#FSIII-H2\">H2</a></li><li>Include codes from <a href=\"CodeSystem-FSIII.html\"><code>urn:oid:1.2.208.176.2.21</code></a> where concept  descends from  <a href=\"CodeSystem-FSIII.html#FSIII-H3\">H3</a></li><li>Include codes from <a href=\"CodeSystem-FSIII.html\"><code>urn:oid:1.2.208.176.2.21</code></a> where concept  descends from  <a href=\"CodeSystem-FSIII.html#FSIII-H4\">H4</a></li><li>Include codes from <a href=\"CodeSystem-FSIII.html\"><code>urn:oid:1.2.208.176.2.21</code></a> where concept  descends from  <a href=\"CodeSystem-FSIII.html#FSIII-H5\">H5</a></li><li>Include codes from <a href=\"CodeSystem-FSIII.html\"><code>urn:oid:1.2.208.176.2.21</code></a> where concept  descends from  <a href=\"CodeSystem-FSIII.html#FSIII-H6\">H6</a></li><li>Include codes from <a href=\"CodeSystem-FSIII.html\"><code>urn:oid:1.2.208.176.2.21</code></a> where concept  descends from  <a href=\"CodeSystem-FSIII.html#FSIII-H7\">H7</a></li></ul></div>"
  },
  "url" : "http://fhir.kl.dk/term/ValueSet/KLHomeCareInterventionsFSIII",
  "version" : "1.0.0",
  "name" : "KLHomeCareInterventionsFSIII",
  "title" : "KLHjemmeplejeIndsatserFSIII",
  "status" : "active",
  "experimental" : false,
  "date" : "2023-05-07T22:59:57+02:00",
  "publisher" : "Kommunernes Landsforening",
  "contact" : [{
    "name" : "Kommunernes Landsforening",
    "telecom" : [{
      "system" : "url",
      "value" : "http://kl.dk"
    }]
  }],
  "description" : "Home Care Interventions as described by FSIII",
  "compose" : {
    "include" : [{
      "system" : "urn:oid:1.2.208.176.2.21",
      "filter" : [{
        "property" : "concept",
        "op" : "descendent-of",
        "value" : "H1"
      }]
    },
    {
      "system" : "urn:oid:1.2.208.176.2.21",
      "filter" : [{
        "property" : "concept",
        "op" : "descendent-of",
        "value" : "H2"
      }]
    },
    {
      "system" : "urn:oid:1.2.208.176.2.21",
      "filter" : [{
        "property" : "concept",
        "op" : "descendent-of",
        "value" : "H3"
      }]
    },
    {
      "system" : "urn:oid:1.2.208.176.2.21",
      "filter" : [{
        "property" : "concept",
        "op" : "descendent-of",
        "value" : "H4"
      }]
    },
    {
      "system" : "urn:oid:1.2.208.176.2.21",
      "filter" : [{
        "property" : "concept",
        "op" : "descendent-of",
        "value" : "H5"
      }]
    },
    {
      "system" : "urn:oid:1.2.208.176.2.21",
      "filter" : [{
        "property" : "concept",
        "op" : "descendent-of",
        "value" : "H6"
      }]
    },
    {
      "system" : "urn:oid:1.2.208.176.2.21",
      "filter" : [{
        "property" : "concept",
        "op" : "descendent-of",
        "value" : "H7"
      }]
    }]
  }
}