{
  "resourceType" : "ValueSet",
  "id" : "KLConditionCodesTheraphy",
  "text" : {
    "status" : "generated",
    "div" : "<div xmlns=\"http://www.w3.org/1999/xhtml\"><p>This value set includes codes based on the following rules:</p><ul><li>Include codes from <a href=\"CodeSystem-FSIII.html\"><code>urn:oid:1.2.208.176.2.21</code></a> where concept  descends from  <a href=\"CodeSystem-FSIII.html#FSIII-7e608d37-3f3c-4374-bbc8-e317505d8bc2\">7e608d37-3f3c-4374-bbc8-e317505d8bc2</a></li><li>Include codes from <a href=\"CodeSystem-FSIII.html\"><code>urn:oid:1.2.208.176.2.21</code></a> where concept  descends from  <a href=\"CodeSystem-FSIII.html#FSIII-ebd91b5e-114a-48a5-90b8-d3c1fd50b72b\">ebd91b5e-114a-48a5-90b8-d3c1fd50b72b</a></li><li>Include codes from <a href=\"CodeSystem-FSIII.html\"><code>urn:oid:1.2.208.176.2.21</code></a> where concept  descends from  <a href=\"CodeSystem-FSIII.html#FSIII-ecb5e72d-40a2-4af3-9135-25974026bf02\">ecb5e72d-40a2-4af3-9135-25974026bf02</a></li><li>Include codes from <a href=\"CodeSystem-FSIII.html\"><code>urn:oid:1.2.208.176.2.21</code></a> where concept  descends from  <a href=\"CodeSystem-FSIII.html#FSIII-b9c4561d-20bc-48c9-a727-fea719424a86\">b9c4561d-20bc-48c9-a727-fea719424a86</a></li><li>Include codes from <a href=\"CodeSystem-FSIII.html\"><code>urn:oid:1.2.208.176.2.21</code></a> where concept  descends from  <a href=\"CodeSystem-FSIII.html#FSIII-ddbd7477-9579-4a83-a3e7-74ed716a0451\">ddbd7477-9579-4a83-a3e7-74ed716a0451</a></li><li>Include codes from <a href=\"CodeSystem-FSIII.html\"><code>urn:oid:1.2.208.176.2.21</code></a> where concept  descends from  <a href=\"CodeSystem-FSIII.html#FSIII-e3242303-2506-4a09-ac65-59dfd06cb489\">e3242303-2506-4a09-ac65-59dfd06cb489</a></li><li>Include codes from <a href=\"CodeSystem-FSIII.html\"><code>urn:oid:1.2.208.176.2.21</code></a> where concept  descends from  <a href=\"CodeSystem-FSIII.html#FSIII-df62498e-7ad1-4f01-93ce-a0441f879a2c\">df62498e-7ad1-4f01-93ce-a0441f879a2c</a></li><li>Include codes from <a href=\"CodeSystem-FSIII.html\"><code>urn:oid:1.2.208.176.2.21</code></a> where concept  descends from  <a href=\"CodeSystem-FSIII.html#FSIII-99b18761-88d7-44b2-915d-c64aa0b3b562\">99b18761-88d7-44b2-915d-c64aa0b3b562</a></li><li>Include codes from <a href=\"CodeSystem-FSIII.html\"><code>urn:oid:1.2.208.176.2.21</code></a> where concept  descends from  <a href=\"CodeSystem-FSIII.html#FSIII-2b11e7a0-1faf-4b45-a653-4c347f019266\">2b11e7a0-1faf-4b45-a653-4c347f019266</a></li><li>Include codes from <a href=\"CodeSystem-FSIII.html\"><code>urn:oid:1.2.208.176.2.21</code></a> where concept  descends from  <a href=\"CodeSystem-FSIII.html#FSIII-1dae1e1e-306e-48f2-b9e1-2a180301d8dd\">1dae1e1e-306e-48f2-b9e1-2a180301d8dd</a></li><li>Include codes from <a href=\"CodeSystem-FSIII.html\"><code>urn:oid:1.2.208.176.2.21</code></a> where concept  descends from  <a href=\"CodeSystem-FSIII.html#FSIII-0337193a-b5cc-43e1-a324-fa28944bfc3b\">0337193a-b5cc-43e1-a324-fa28944bfc3b</a></li></ul></div>"
  },
  "url" : "http://fhir.kl.dk/term/ValueSet/KLConditionCodesTheraphy",
  "version" : "1.0.0",
  "name" : "KLConditionCodesTheraphy",
  "title" : "KLTilstandKoderTræning",
  "status" : "active",
  "experimental" : false,
  "date" : "2023-04-28T21:07:42+02:00",
  "publisher" : "Kommunernes Landsforening",
  "contact" : [{
    "name" : "Kommunernes Landsforening",
    "telecom" : [{
      "system" : "url",
      "value" : "http://kl.dk"
    }]
  }],
  "description" : "Danish municipality theraphy condition codes",
  "compose" : {
    "include" : [{
      "system" : "urn:oid:1.2.208.176.2.21",
      "filter" : [{
        "property" : "concept",
        "op" : "descendent-of",
        "value" : "7e608d37-3f3c-4374-bbc8-e317505d8bc2"
      }]
    },
    {
      "system" : "urn:oid:1.2.208.176.2.21",
      "filter" : [{
        "property" : "concept",
        "op" : "descendent-of",
        "value" : "ebd91b5e-114a-48a5-90b8-d3c1fd50b72b"
      }]
    },
    {
      "system" : "urn:oid:1.2.208.176.2.21",
      "filter" : [{
        "property" : "concept",
        "op" : "descendent-of",
        "value" : "ecb5e72d-40a2-4af3-9135-25974026bf02"
      }]
    },
    {
      "system" : "urn:oid:1.2.208.176.2.21",
      "filter" : [{
        "property" : "concept",
        "op" : "descendent-of",
        "value" : "b9c4561d-20bc-48c9-a727-fea719424a86"
      }]
    },
    {
      "system" : "urn:oid:1.2.208.176.2.21",
      "filter" : [{
        "property" : "concept",
        "op" : "descendent-of",
        "value" : "ddbd7477-9579-4a83-a3e7-74ed716a0451"
      }]
    },
    {
      "system" : "urn:oid:1.2.208.176.2.21",
      "filter" : [{
        "property" : "concept",
        "op" : "descendent-of",
        "value" : "e3242303-2506-4a09-ac65-59dfd06cb489"
      }]
    },
    {
      "system" : "urn:oid:1.2.208.176.2.21",
      "filter" : [{
        "property" : "concept",
        "op" : "descendent-of",
        "value" : "df62498e-7ad1-4f01-93ce-a0441f879a2c"
      }]
    },
    {
      "system" : "urn:oid:1.2.208.176.2.21",
      "filter" : [{
        "property" : "concept",
        "op" : "descendent-of",
        "value" : "99b18761-88d7-44b2-915d-c64aa0b3b562"
      }]
    },
    {
      "system" : "urn:oid:1.2.208.176.2.21",
      "filter" : [{
        "property" : "concept",
        "op" : "descendent-of",
        "value" : "2b11e7a0-1faf-4b45-a653-4c347f019266"
      }]
    },
    {
      "system" : "urn:oid:1.2.208.176.2.21",
      "filter" : [{
        "property" : "concept",
        "op" : "descendent-of",
        "value" : "1dae1e1e-306e-48f2-b9e1-2a180301d8dd"
      }]
    },
    {
      "system" : "urn:oid:1.2.208.176.2.21",
      "filter" : [{
        "property" : "concept",
        "op" : "descendent-of",
        "value" : "0337193a-b5cc-43e1-a324-fa28944bfc3b"
      }]
    }]
  }
}