<?xml version="1.0" encoding="UTF-8"?>

<ValueSet xmlns="http://hl7.org/fhir">
  <id value="KLServicesTypes"/>
  <text>
    <status value="generated"/><div xmlns="http://www.w3.org/1999/xhtml"><ul><li>Include codes from <a href="CodeSystem-CareSocialCodes.html"><code>http://fhir.kl.dk/term/CodeSystem/CareSocialCodes</code></a> where concept  descends from  <a href="CodeSystem-CareSocialCodes.html#CareSocialCodes-7b41185e-eeb4-437d-8120-5d51bbd27a79">7b41185e-eeb4-437d-8120-5d51bbd27a79</a></li></ul></div>
  </text>
  <url value="http://fhir.kl.dk/term/ValueSet/KLServicesTypes"/>
  <version value="1.0.0"/>
  <name value="KLServicesTypes"/>
  <title value="KLServiceTyper"/>
  <status value="active"/>
  <experimental value="false"/>
  <date value="2023-05-07T22:59:57+02:00"/>
  <publisher value="Kommunernes Landsforening"/>
  <contact>
    <name value="Kommunernes Landsforening"/>
    <telecom>
      <system value="url"/>
      <value value="http://kl.dk"/>
    </telecom>
  </contact>
  <description value="Types of services that the Danish municipalities provide which is covered by FSIII and FFB"/>
  <compose>
    <include>
      <system value="http://fhir.kl.dk/term/CodeSystem/CareSocialCodes"/>
      <filter>
        <property value="concept"/>
        <op value="descendent-of"/>
        <value value="7b41185e-eeb4-437d-8120-5d51bbd27a79"/>
      </filter>
    </include>
  </compose>
</ValueSet>