{
  "resourceType" : "ValueSet",
  "id" : "KLConditionADCodesFFB",
  "text" : {
    "status" : "generated",
    "div" : "<div xmlns=\"http://www.w3.org/1999/xhtml\"><p>This value set includes codes based on the following rules:</p><ul><li>Include codes from <a href=\"CodeSystem-FFB.html\"><code>urn:oid:1.2.208.176.2.22</code></a> where concept  descends from  <a href=\"CodeSystem-FFB.html#FFB-3856b434-f72e-42a5-b9d1-0cc93f48434b\">3856b434-f72e-42a5-b9d1-0cc93f48434b</a></li><li>Include codes from <a href=\"CodeSystem-FFB.html\"><code>urn:oid:1.2.208.176.2.22</code></a> where concept  descends from  <a href=\"CodeSystem-FFB.html#FFB-dfbe6ff6-223b-436a-b864-8ba29bda41e2\">dfbe6ff6-223b-436a-b864-8ba29bda41e2</a></li><li>Include codes from <a href=\"CodeSystem-FFB.html\"><code>urn:oid:1.2.208.176.2.22</code></a> where concept  descends from  <a href=\"CodeSystem-FFB.html#FFB-c2b186f9-9c10-478e-8345-2d2c37ab4c46\">c2b186f9-9c10-478e-8345-2d2c37ab4c46</a></li><li>Include codes from <a href=\"CodeSystem-FFB.html\"><code>urn:oid:1.2.208.176.2.22</code></a> where concept  descends from  <a href=\"CodeSystem-FFB.html#FFB-eef71492-65f5-4297-aa95-3c3a6866ddef\">eef71492-65f5-4297-aa95-3c3a6866ddef</a></li><li>Include codes from <a href=\"CodeSystem-FFB.html\"><code>urn:oid:1.2.208.176.2.22</code></a> where concept  descends from  <a href=\"CodeSystem-FFB.html#FFB-da3f488f-1742-4d00-b247-a7d47500b36b\">da3f488f-1742-4d00-b247-a7d47500b36b</a></li><li>Include codes from <a href=\"CodeSystem-FFB.html\"><code>urn:oid:1.2.208.176.2.22</code></a> where concept  descends from  <a href=\"CodeSystem-FFB.html#FFB-d1495b2c-1452-4e49-8dbe-8193af5d8823\">d1495b2c-1452-4e49-8dbe-8193af5d8823</a></li></ul></div>"
  },
  "url" : "http://fhir.kl.dk/term/ValueSet/KLConditionADCodesFFB",
  "version" : "1.0.0",
  "name" : "KLConditionADCodesFFB",
  "title" : "KLTilstandADKoderFFB",
  "status" : "active",
  "experimental" : false,
  "date" : "2023-04-25T15:38:16+02:00",
  "publisher" : "Kommunernes Landsforening",
  "contact" : [{
    "name" : "Kommunernes Landsforening",
    "telecom" : [{
      "system" : "url",
      "value" : "http://kl.dk"
    }]
  }],
  "description" : "Danish municipality FFB condition codes for Activities and Participation",
  "compose" : {
    "include" : [{
      "system" : "urn:oid:1.2.208.176.2.22",
      "filter" : [{
        "property" : "concept",
        "op" : "descendent-of",
        "value" : "3856b434-f72e-42a5-b9d1-0cc93f48434b"
      }]
    },
    {
      "system" : "urn:oid:1.2.208.176.2.22",
      "filter" : [{
        "property" : "concept",
        "op" : "descendent-of",
        "value" : "dfbe6ff6-223b-436a-b864-8ba29bda41e2"
      }]
    },
    {
      "system" : "urn:oid:1.2.208.176.2.22",
      "filter" : [{
        "property" : "concept",
        "op" : "descendent-of",
        "value" : "c2b186f9-9c10-478e-8345-2d2c37ab4c46"
      }]
    },
    {
      "system" : "urn:oid:1.2.208.176.2.22",
      "filter" : [{
        "property" : "concept",
        "op" : "descendent-of",
        "value" : "eef71492-65f5-4297-aa95-3c3a6866ddef"
      }]
    },
    {
      "system" : "urn:oid:1.2.208.176.2.22",
      "filter" : [{
        "property" : "concept",
        "op" : "descendent-of",
        "value" : "da3f488f-1742-4d00-b247-a7d47500b36b"
      }]
    },
    {
      "system" : "urn:oid:1.2.208.176.2.22",
      "filter" : [{
        "property" : "concept",
        "op" : "descendent-of",
        "value" : "d1495b2c-1452-4e49-8dbe-8193af5d8823"
      }]
    }]
  }
}