<?xml version="1.0" encoding="UTF-8"?><ValueSet xmlns="http://hl7.org/fhir"><id value="KLNursingAreasFSIII"/><text><status value="extensions"/><div xmlns="http://www.w3.org/1999/xhtml"><ul><li>Include these codes as defined in <a href="CodeSystem-FSIII.html"><code>urn:oid:1.2.208.176.2.21</code></a><table class="none"><tr><td style="white-space:nowrap"><b>Code</b></td><td><b>Display</b></td><td><b>Definition</b></td></tr><tr><td><a href="CodeSystem-FSIII.html#FSIII-94e9c867-fbc8-4d35-8596-e6b8765b12e8">94e9c867-fbc8-4d35-8596-e6b8765b12e8</a></td><td style="color: #cccccc">Smerter og sanseindtryk</td><td>Smerter og sanseindtryk</td></tr><tr><td><a href="CodeSystem-FSIII.html#FSIII-55670b1e-7a36-46b2-8712-b7536237f22d">55670b1e-7a36-46b2-8712-b7536237f22d</a></td><td style="color: #cccccc">Bevægeapparat</td><td>Bevægeapparat</td></tr><tr><td><a href="CodeSystem-FSIII.html#FSIII-9162d29a-1c7f-4585-8145-8fb4f1a999e3">9162d29a-1c7f-4585-8145-8fb4f1a999e3</a></td><td style="color: #cccccc">Viden og udvikling</td><td>Viden og udvikling</td></tr><tr><td><a href="CodeSystem-FSIII.html#FSIII-fa6aa904-d06e-4029-b4c4-13ead04ace27">fa6aa904-d06e-4029-b4c4-13ead04ace27</a></td><td style="color: #cccccc">Funktionsniveau</td><td>Funktionsniveau</td></tr><tr><td><a href="CodeSystem-FSIII.html#FSIII-3f00a76f-8e7b-4b13-80cc-f2ceef4e51d1">3f00a76f-8e7b-4b13-80cc-f2ceef4e51d1</a></td><td style="color: #cccccc">Kommunikation</td><td>Kommunikation</td></tr><tr><td><a href="CodeSystem-FSIII.html#FSIII-01150cdb-6098-48ce-bb61-60967f6bcc37">01150cdb-6098-48ce-bb61-60967f6bcc37</a></td><td style="color: #cccccc">Respiration og cirkulation</td><td>Respiration og cirkulation</td></tr><tr><td><a href="CodeSystem-FSIII.html#FSIII-1bb534f3-e526-41a9-b9c3-6157ea19c915">1bb534f3-e526-41a9-b9c3-6157ea19c915</a></td><td style="color: #cccccc">Hud og slimhinder</td><td>Hud og slimhinder</td></tr><tr><td><a href="CodeSystem-FSIII.html#FSIII-cc377732-7f14-49b7-8940-1aa07b8884e7">cc377732-7f14-49b7-8940-1aa07b8884e7</a></td><td style="color: #cccccc">Seksualitet, køn og kropsopfattelse</td><td>Seksualitet, køn og kropsopfattelse</td></tr><tr><td><a href="CodeSystem-FSIII.html#FSIII-25dcedb3-7149-4ef9-a2c3-be30267441fb">25dcedb3-7149-4ef9-a2c3-be30267441fb</a></td><td style="color: #cccccc">Ernæring</td><td>Ernæring</td></tr><tr><td><a href="CodeSystem-FSIII.html#FSIII-045fa500-35b0-46b7-97dd-adb60888a8ea">045fa500-35b0-46b7-97dd-adb60888a8ea</a></td><td style="color: #cccccc">Udskillelse af affaldsstoffer</td><td>Udskillelse af affaldsstoffer</td></tr><tr><td><a href="CodeSystem-FSIII.html#FSIII-8c539fd9-7f31-4b4e-8b30-8298c8ab640f">8c539fd9-7f31-4b4e-8b30-8298c8ab640f</a></td><td style="color: #cccccc">Søvn og hvile</td><td>Søvn og hvile</td></tr><tr><td><a href="CodeSystem-FSIII.html#FSIII-5bfe4bda-2358-41da-946e-1fdaa33d5fe8">5bfe4bda-2358-41da-946e-1fdaa33d5fe8</a></td><td style="color: #cccccc">Psykosociale forhold</td><td>Psykosociale forhold</td></tr><tr><td><a href="CodeSystem-FSIII.html#FSIII-I9">I9</a></td><td style="color: #cccccc">Smerter og sanseindtryk</td><td>Smerter og sanseindtryk</td></tr><tr><td><a href="CodeSystem-FSIII.html#FSIII-I2">I2</a></td><td style="color: #cccccc">Bevægeapparat</td><td>Bevægeapparat</td></tr><tr><td><a href="CodeSystem-FSIII.html#FSIII-I11">I11</a></td><td style="color: #cccccc">Viden og udvikling</td><td>Viden og udvikling</td></tr><tr><td><a href="CodeSystem-FSIII.html#FSIII-I1">I1</a></td><td style="color: #cccccc">Funktionsniveau</td><td>Funktionsniveau</td></tr><tr><td><a href="CodeSystem-FSIII.html#FSIII-I5">I5</a></td><td style="color: #cccccc">Kommunikation</td><td>Kommunikation</td></tr><tr><td><a href="CodeSystem-FSIII.html#FSIII-I7">I7</a></td><td style="color: #cccccc">Respiration og cirkulation</td><td>Respiration og cirkulation</td></tr><tr><td><a href="CodeSystem-FSIII.html#FSIII-I4">I4</a></td><td style="color: #cccccc">Hud og slimhinder</td><td>Hud og slimhinder</td></tr><tr><td><a href="CodeSystem-FSIII.html#FSIII-I8">I8</a></td><td style="color: #cccccc">Seksualitet, køn og kropsopfattelse</td><td>Seksualitet, køn og kropsopfattelse</td></tr><tr><td><a href="CodeSystem-FSIII.html#FSIII-I3">I3</a></td><td style="color: #cccccc">Ernæring</td><td>Ernæring</td></tr><tr><td><a href="CodeSystem-FSIII.html#FSIII-I12">I12</a></td><td style="color: #cccccc">Udskillelse af affaldsstoffer</td><td>Udskillelse af affaldsstoffer</td></tr><tr><td><a href="CodeSystem-FSIII.html#FSIII-I10">I10</a></td><td style="color: #cccccc">Søvn og hvile</td><td>Søvn og hvile</td></tr><tr><td><a href="CodeSystem-FSIII.html#FSIII-I6">I6</a></td><td style="color: #cccccc">Psykosociale forhold</td><td>Psykosociale forhold</td></tr></table></li></ul></div></text><url value="http://fhir.kl.dk/term/ValueSet/KLNursingAreasFSIII"/><version value="2.1.0"/><name value="KLNursingAreasFSIII"/><title value="KLSygeplejeOmråderFSIII"/><status value="active"/><experimental value="false"/><date value="2024-06-13T16:55:49+02:00"/><publisher value="Kommunernes Landsforening"/><contact><name value="Kommunernes Landsforening"/><telecom><system value="url"/><value value="http://kl.dk"/></telecom></contact><description value="Observation codes for the 12 nursing areas as defined by FSIII"/><compose><include><system value="urn:oid:1.2.208.176.2.21"/><concept><code value="94e9c867-fbc8-4d35-8596-e6b8765b12e8"/></concept><concept><code value="55670b1e-7a36-46b2-8712-b7536237f22d"/></concept><concept><code value="9162d29a-1c7f-4585-8145-8fb4f1a999e3"/></concept><concept><code value="fa6aa904-d06e-4029-b4c4-13ead04ace27"/></concept><concept><code value="3f00a76f-8e7b-4b13-80cc-f2ceef4e51d1"/></concept><concept><code value="01150cdb-6098-48ce-bb61-60967f6bcc37"/></concept><concept><code value="1bb534f3-e526-41a9-b9c3-6157ea19c915"/></concept><concept><code value="cc377732-7f14-49b7-8940-1aa07b8884e7"/></concept><concept><code value="25dcedb3-7149-4ef9-a2c3-be30267441fb"/></concept><concept><code value="045fa500-35b0-46b7-97dd-adb60888a8ea"/></concept><concept><code value="8c539fd9-7f31-4b4e-8b30-8298c8ab640f"/></concept><concept><code value="5bfe4bda-2358-41da-946e-1fdaa33d5fe8"/></concept><concept><code value="I9"/></concept><concept><code value="I2"/></concept><concept><code value="I11"/></concept><concept><code value="I1"/></concept><concept><code value="I5"/></concept><concept><code value="I7"/></concept><concept><code value="I4"/></concept><concept><code value="I8"/></concept><concept><code value="I3"/></concept><concept><code value="I12"/></concept><concept><code value="I10"/></concept><concept><code value="I6"/></concept></include></compose></ValueSet>