{
  "resourceType" : "Bundle",
  "id" : "84cf4f74-0cc7-47fe-8301-3bc8eb0ddd8f",
  "meta" : {
    "profile" : ["http://fhir.kl.dk/children/StructureDefinition/klgateway-children-delivery-report"]
  },
  "type" : "collection",
  "timestamp" : "2020-06-02T23:25:12Z",
  "entry" : [{
    "fullUrl" : "https://test.fhir.dk/Patient/e60106e2-413e-46c5-8a3f-62d8e77ce794",
    "resource" : {
      "resourceType" : "Patient",
      "id" : "e60106e2-413e-46c5-8a3f-62d8e77ce794",
      "meta" : {
        "profile" : ["http://fhir.kl.dk/children/StructureDefinition/klgateway-children-citizen"]
      },
      "text" : {
        "status" : "generated",
        "div" : "<div xmlns=\"http://www.w3.org/1999/xhtml\"><a name=\"Patient_e60106e2-413e-46c5-8a3f-62d8e77ce794\"> </a><p><b>Generated Narrative: Patient </b><a name=\"e60106e2-413e-46c5-8a3f-62d8e77ce794\"> </a><a name=\"hce60106e2-413e-46c5-8a3f-62d8e77ce794\"> </a></p><div style=\"display: inline-block; background-color: #d9e0e7; padding: 6px; margin: 4px; border: 1px solid #8da1b4; border-radius: 5px; line-height: 60%\"><p style=\"margin-bottom: 0px\">ResourcePatient &quot;e60106e2-413e-46c5-8a3f-62d8e77ce794&quot; </p><p style=\"margin-bottom: 0px\">Profile: <a href=\"StructureDefinition-klgateway-children-citizen.html\">KLGatewayChildrenCitizen</a></p></div><p><b>identifier</b>: <code>urn:oid:1.2.208.176.1.2</code>/0505209996\u00a0(use:\u00a0official)</p><p><b>active</b>: true</p><p><b>managingOrganization</b>: <span><code>urn:oid:1.2.208.176.1.1</code>/451000016003\u00a0(use:\u00a0official)</span></p></div>"
      },
      "identifier" : [{
        "use" : "official",
        "system" : "urn:oid:1.2.208.176.1.2",
        "value" : "0505209996"
      }],
      "active" : true,
      "managingOrganization" : {
        "identifier" : {
          "use" : "official",
          "system" : "urn:oid:1.2.208.176.1.1",
          "value" : "451000016003"
        }
      }
    }
  },
  {
    "fullUrl" : "https://test.fhir.dk/Encounter/78742a92-91b1-489f-9fea-6901f6d0b34b",
    "resource" : {
      "resourceType" : "Encounter",
      "id" : "78742a92-91b1-489f-9fea-6901f6d0b34b",
      "meta" : {
        "profile" : ["http://fhir.kl.dk/children/StructureDefinition/klgateway-children-encounter"]
      },
      "text" : {
        "status" : "generated",
        "div" : "<div xmlns=\"http://www.w3.org/1999/xhtml\"><a name=\"Encounter_78742a92-91b1-489f-9fea-6901f6d0b34b\"> </a><p><b>Generated Narrative: Encounter </b><a name=\"78742a92-91b1-489f-9fea-6901f6d0b34b\"> </a><a name=\"hc78742a92-91b1-489f-9fea-6901f6d0b34b\"> </a></p><div style=\"display: inline-block; background-color: #d9e0e7; padding: 6px; margin: 4px; border: 1px solid #8da1b4; border-radius: 5px; line-height: 60%\"><p style=\"margin-bottom: 0px\">ResourceEncounter &quot;78742a92-91b1-489f-9fea-6901f6d0b34b&quot; </p><p style=\"margin-bottom: 0px\">Profile: <a href=\"StructureDefinition-klgateway-children-encounter.html\">KLGatewayChildrenEncounter</a></p></div><p><b>status</b>: finished</p><p><b>class</b>: home health (Details: ActCode code HH  = ' home health ', stated as ' null ')</p><p><b>type</b>: Andet besøg inden første måned <span style=\"background: LightGoldenRodYellow; margin: 4px; border: 1px solid khaki\"> (<a href=\"http://fhir.kl.dk/term/2.0.0/CodeSystem-FBOE.html\">FBOE</a>#563c4174-f451-4c87-8db8-8d5472ca7ff6)</span></p><p><b>subject</b>: See on this page: Patient/e60106e2-413e-46c5-8a3f-62d8e77ce794</p><p><b>period</b>: 2020-06-01 --&gt; (ongoing)</p></div>"
      },
      "status" : "finished",
      "class" : {
        "system" : "http://terminology.hl7.org/CodeSystem/v3-ActCode",
        "code" : "HH"
      },
      "type" : [{
        "coding" : [{
          "system" : "http://fhir.kl.dk/term/CodeSystem/FBOE",
          "code" : "563c4174-f451-4c87-8db8-8d5472ca7ff6",
          "display" : "Andet besøg inden første måned"
        }]
      }],
      "subject" : {
        "reference" : "Patient/e60106e2-413e-46c5-8a3f-62d8e77ce794"
      },
      "period" : {
        "start" : "2020-06-01"
      }
    }
  },
  {
    "fullUrl" : "https://test.fhir.dk/Observation/a85a7271-1838-4b93-ad2e-8a115a91fff7",
    "resource" : {
      "resourceType" : "Observation",
      "id" : "a85a7271-1838-4b93-ad2e-8a115a91fff7",
      "meta" : {
        "profile" : ["http://fhir.kl.dk/children/StructureDefinition/klgateway-children-bodyweight"]
      },
      "text" : {
        "status" : "generated",
        "div" : "<div xmlns=\"http://www.w3.org/1999/xhtml\"><a name=\"Observation_a85a7271-1838-4b93-ad2e-8a115a91fff7\"> </a><p><b>Generated Narrative: Observation </b><a name=\"a85a7271-1838-4b93-ad2e-8a115a91fff7\"> </a><a name=\"hca85a7271-1838-4b93-ad2e-8a115a91fff7\"> </a></p><div style=\"display: inline-block; background-color: #d9e0e7; padding: 6px; margin: 4px; border: 1px solid #8da1b4; border-radius: 5px; line-height: 60%\"><p style=\"margin-bottom: 0px\">ResourceObservation &quot;a85a7271-1838-4b93-ad2e-8a115a91fff7&quot; </p><p style=\"margin-bottom: 0px\">Profile: <a href=\"StructureDefinition-klgateway-children-bodyweight.html\">KLGatewayChildrenBodyWeight</a></p></div><p><b>status</b>: final</p><p><b>category</b>: Vital Signs <span style=\"background: LightGoldenRodYellow; margin: 4px; border: 1px solid khaki\"> (<a href=\"http://terminology.hl7.org/5.5.0/CodeSystem-observation-category.html\">Observation Category Codes</a>#vital-signs)</span></p><p><b>code</b>: Body weight <span style=\"background: LightGoldenRodYellow; margin: 4px; border: 1px solid khaki\"> (<a href=\"https://loinc.org/\">LOINC</a>#29463-7; <a href=\"https://browser.ihtsdotools.org/\">SNOMED CT</a>#27113001)</span></p><p><b>subject</b>: See on this page: Patient/e60106e2-413e-46c5-8a3f-62d8e77ce794</p><p><b>encounter</b>: See on this page: Encounter/78742a92-91b1-489f-9fea-6901f6d0b34b</p><p><b>effective</b>: 2020-06-01</p><p><b>value</b>: 4150 g<span style=\"background: LightGoldenRodYellow\"> (Details: UCUM  codeg = 'g')</span></p></div>"
      },
      "status" : "final",
      "category" : [{
        "coding" : [{
          "system" : "http://terminology.hl7.org/CodeSystem/observation-category",
          "code" : "vital-signs"
        }]
      }],
      "code" : {
        "coding" : [{
          "system" : "http://loinc.org",
          "code" : "29463-7"
        },
        {
          "system" : "http://snomed.info/sct",
          "code" : "27113001",
          "display" : "Body weight"
        }]
      },
      "subject" : {
        "reference" : "Patient/e60106e2-413e-46c5-8a3f-62d8e77ce794"
      },
      "encounter" : {
        "reference" : "Encounter/78742a92-91b1-489f-9fea-6901f6d0b34b"
      },
      "effectiveDateTime" : "2020-06-01",
      "valueQuantity" : {
        "value" : 4150,
        "unit" : "g",
        "system" : "http://unitsofmeasure.org",
        "code" : "g"
      }
    }
  },
  {
    "fullUrl" : "https://test.fhir.dk/Observation/f1bc69fc-c059-4b3a-8277-e45e985f74d6",
    "resource" : {
      "resourceType" : "Observation",
      "id" : "f1bc69fc-c059-4b3a-8277-e45e985f74d6",
      "meta" : {
        "profile" : ["http://fhir.kl.dk/children/StructureDefinition/klgateway-children-bodyheight"]
      },
      "text" : {
        "status" : "generated",
        "div" : "<div xmlns=\"http://www.w3.org/1999/xhtml\"><a name=\"Observation_f1bc69fc-c059-4b3a-8277-e45e985f74d6\"> </a><p><b>Generated Narrative: Observation </b><a name=\"f1bc69fc-c059-4b3a-8277-e45e985f74d6\"> </a><a name=\"hcf1bc69fc-c059-4b3a-8277-e45e985f74d6\"> </a></p><div style=\"display: inline-block; background-color: #d9e0e7; padding: 6px; margin: 4px; border: 1px solid #8da1b4; border-radius: 5px; line-height: 60%\"><p style=\"margin-bottom: 0px\">ResourceObservation &quot;f1bc69fc-c059-4b3a-8277-e45e985f74d6&quot; </p><p style=\"margin-bottom: 0px\">Profile: <a href=\"StructureDefinition-klgateway-children-bodyheight.html\">KLGatewayChildrenBodyHeight</a></p></div><p><b>status</b>: final</p><p><b>category</b>: Vital Signs <span style=\"background: LightGoldenRodYellow; margin: 4px; border: 1px solid khaki\"> (<a href=\"http://terminology.hl7.org/5.5.0/CodeSystem-observation-category.html\">Observation Category Codes</a>#vital-signs)</span></p><p><b>code</b>: Recumbent body height (observable entity) <span style=\"background: LightGoldenRodYellow; margin: 4px; border: 1px solid khaki\"> (<a href=\"https://loinc.org/\">LOINC</a>#8302-2; <a href=\"https://browser.ihtsdotools.org/\">SNOMED CT</a>#1149101003)</span></p><p><b>subject</b>: See on this page: Patient/e60106e2-413e-46c5-8a3f-62d8e77ce794</p><p><b>encounter</b>: See on this page: Encounter/78742a92-91b1-489f-9fea-6901f6d0b34b</p><p><b>effective</b>: 2020-06-01</p><p><b>value</b>: 53.5 cm<span style=\"background: LightGoldenRodYellow\"> (Details: UCUM  codecm = 'cm')</span></p></div>"
      },
      "status" : "final",
      "category" : [{
        "coding" : [{
          "system" : "http://terminology.hl7.org/CodeSystem/observation-category",
          "code" : "vital-signs"
        }]
      }],
      "code" : {
        "coding" : [{
          "system" : "http://loinc.org",
          "code" : "8302-2"
        },
        {
          "system" : "http://snomed.info/sct",
          "code" : "1149101003",
          "display" : "Recumbent body height (observable entity)"
        }]
      },
      "subject" : {
        "reference" : "Patient/e60106e2-413e-46c5-8a3f-62d8e77ce794"
      },
      "encounter" : {
        "reference" : "Encounter/78742a92-91b1-489f-9fea-6901f6d0b34b"
      },
      "effectiveDateTime" : "2020-06-01",
      "valueQuantity" : {
        "value" : 53.5,
        "unit" : "cm",
        "system" : "http://unitsofmeasure.org",
        "code" : "cm"
      }
    }
  },
  {
    "fullUrl" : "https://test.fhir.dk/Observation/f71f887e-cf4b-44fc-b211-76230e56f5cd",
    "resource" : {
      "resourceType" : "Observation",
      "id" : "f71f887e-cf4b-44fc-b211-76230e56f5cd",
      "meta" : {
        "profile" : ["http://fhir.kl.dk/children/StructureDefinition/klgateway-children-headcircum"]
      },
      "text" : {
        "status" : "generated",
        "div" : "<div xmlns=\"http://www.w3.org/1999/xhtml\"><a name=\"Observation_f71f887e-cf4b-44fc-b211-76230e56f5cd\"> </a><p><b>Generated Narrative: Observation </b><a name=\"f71f887e-cf4b-44fc-b211-76230e56f5cd\"> </a><a name=\"hcf71f887e-cf4b-44fc-b211-76230e56f5cd\"> </a></p><div style=\"display: inline-block; background-color: #d9e0e7; padding: 6px; margin: 4px; border: 1px solid #8da1b4; border-radius: 5px; line-height: 60%\"><p style=\"margin-bottom: 0px\">ResourceObservation &quot;f71f887e-cf4b-44fc-b211-76230e56f5cd&quot; </p><p style=\"margin-bottom: 0px\">Profile: <a href=\"StructureDefinition-klgateway-children-headcircum.html\">KLGatewayChildrenHeadCircumference</a></p></div><p><b>status</b>: final</p><p><b>category</b>: Vital Signs <span style=\"background: LightGoldenRodYellow; margin: 4px; border: 1px solid khaki\"> (<a href=\"http://terminology.hl7.org/5.5.0/CodeSystem-observation-category.html\">Observation Category Codes</a>#vital-signs)</span></p><p><b>code</b>: Head Occipital-frontal circumference <span style=\"background: LightGoldenRodYellow; margin: 4px; border: 1px solid khaki\"> (<a href=\"https://loinc.org/\">LOINC</a>#9843-4; <a href=\"https://browser.ihtsdotools.org/\">SNOMED CT</a>#363812007 &quot;Head circumference&quot;)</span></p><p><b>subject</b>: See on this page: Patient/e60106e2-413e-46c5-8a3f-62d8e77ce794</p><p><b>encounter</b>: See on this page: Encounter/78742a92-91b1-489f-9fea-6901f6d0b34b</p><p><b>effective</b>: 2020-06-01</p><p><b>value</b>: 36.5 cm<span style=\"background: LightGoldenRodYellow\"> (Details: UCUM  codecm = 'cm')</span></p></div>"
      },
      "status" : "final",
      "category" : [{
        "coding" : [{
          "system" : "http://terminology.hl7.org/CodeSystem/observation-category",
          "code" : "vital-signs"
        }]
      }],
      "code" : {
        "coding" : [{
          "system" : "http://loinc.org",
          "code" : "9843-4",
          "display" : "Head Occipital-frontal circumference"
        },
        {
          "system" : "http://snomed.info/sct",
          "code" : "363812007",
          "display" : "Head circumference"
        }]
      },
      "subject" : {
        "reference" : "Patient/e60106e2-413e-46c5-8a3f-62d8e77ce794"
      },
      "encounter" : {
        "reference" : "Encounter/78742a92-91b1-489f-9fea-6901f6d0b34b"
      },
      "effectiveDateTime" : "2020-06-01",
      "valueQuantity" : {
        "value" : 36.5,
        "unit" : "cm",
        "system" : "http://unitsofmeasure.org",
        "code" : "cm"
      }
    }
  },
  {
    "fullUrl" : "https://test.fhir.dk/Observation/44655dde-e380-4df2-8bea-b3e64a18d49f",
    "resource" : {
      "resourceType" : "Observation",
      "id" : "44655dde-e380-4df2-8bea-b3e64a18d49f",
      "meta" : {
        "profile" : ["http://fhir.kl.dk/children/StructureDefinition/klgateway-children-feeding-observation"]
      },
      "text" : {
        "status" : "generated",
        "div" : "<div xmlns=\"http://www.w3.org/1999/xhtml\"><a name=\"Observation_44655dde-e380-4df2-8bea-b3e64a18d49f\"> </a><p><b>Generated Narrative: Observation </b><a name=\"44655dde-e380-4df2-8bea-b3e64a18d49f\"> </a><a name=\"hc44655dde-e380-4df2-8bea-b3e64a18d49f\"> </a></p><div style=\"display: inline-block; background-color: #d9e0e7; padding: 6px; margin: 4px; border: 1px solid #8da1b4; border-radius: 5px; line-height: 60%\"><p style=\"margin-bottom: 0px\">ResourceObservation &quot;44655dde-e380-4df2-8bea-b3e64a18d49f&quot; </p><p style=\"margin-bottom: 0px\">Profile: <a href=\"StructureDefinition-klgateway-children-feeding-observation.html\">KLGatewayChildrenFeedingObservation</a></p></div><p><b>status</b>: final</p><p><b>code</b>: Infant feeding method <span style=\"background: LightGoldenRodYellow; margin: 4px; border: 1px solid khaki\"> (<a href=\"https://browser.ihtsdotools.org/\">SNOMED CT</a>#169740003; <a href=\"http://fhir.kl.dk/term/2.0.0/CodeSystem-FBOE.html\">FBOE</a>#e61e4dab-54bb-4bf4-9b76-8d991cf4de08 &quot;Ernæring&quot;)</span></p><p><b>subject</b>: See on this page: Patient/e60106e2-413e-46c5-8a3f-62d8e77ce794</p><p><b>encounter</b>: See on this page: Encounter/78742a92-91b1-489f-9fea-6901f6d0b34b</p><p><b>effective</b>: 2020-06-01</p><p><b>value</b>: Fuldamning, inklusiv modermælk på flaske <span style=\"background: LightGoldenRodYellow; margin: 4px; border: 1px solid khaki\"> (<a href=\"http://fhir.kl.dk/term/2.0.0/CodeSystem-FBOE.html\">FBOE</a>#77a008dd-21cc-452f-a1ee-ac8d025b7817)</span></p></div>"
      },
      "status" : "final",
      "code" : {
        "coding" : [{
          "system" : "http://snomed.info/sct",
          "code" : "169740003",
          "display" : "Infant feeding method"
        },
        {
          "system" : "http://fhir.kl.dk/term/CodeSystem/FBOE",
          "code" : "e61e4dab-54bb-4bf4-9b76-8d991cf4de08",
          "display" : "Ernæring"
        }]
      },
      "subject" : {
        "reference" : "Patient/e60106e2-413e-46c5-8a3f-62d8e77ce794"
      },
      "encounter" : {
        "reference" : "Encounter/78742a92-91b1-489f-9fea-6901f6d0b34b"
      },
      "effectiveDateTime" : "2020-06-01",
      "valueCodeableConcept" : {
        "coding" : [{
          "system" : "http://fhir.kl.dk/term/CodeSystem/FBOE",
          "code" : "77a008dd-21cc-452f-a1ee-ac8d025b7817",
          "display" : "Fuldamning, inklusiv modermælk på flaske"
        }]
      }
    }
  },
  {
    "fullUrl" : "https://test.fhir.dk/Observation/e10d5d17-9f63-41ca-96b9-f43caee79efb",
    "resource" : {
      "resourceType" : "Observation",
      "id" : "e10d5d17-9f63-41ca-96b9-f43caee79efb",
      "meta" : {
        "profile" : ["http://fhir.kl.dk/children/StructureDefinition/klgateway-children-parent-relationship"]
      },
      "text" : {
        "status" : "generated",
        "div" : "<div xmlns=\"http://www.w3.org/1999/xhtml\"><a name=\"Observation_e10d5d17-9f63-41ca-96b9-f43caee79efb\"> </a><p><b>Generated Narrative: Observation </b><a name=\"e10d5d17-9f63-41ca-96b9-f43caee79efb\"> </a><a name=\"hce10d5d17-9f63-41ca-96b9-f43caee79efb\"> </a></p><div style=\"display: inline-block; background-color: #d9e0e7; padding: 6px; margin: 4px; border: 1px solid #8da1b4; border-radius: 5px; line-height: 60%\"><p style=\"margin-bottom: 0px\">ResourceObservation &quot;e10d5d17-9f63-41ca-96b9-f43caee79efb&quot; </p><p style=\"margin-bottom: 0px\">Profile: <a href=\"StructureDefinition-klgateway-children-parent-relationship.html\">KLGatewayChildrenIndicatorParentRelationship</a></p></div><p><b>status</b>: final</p><p><b>code</b>: Forældre-barn-relation <span style=\"background: LightGoldenRodYellow; margin: 4px; border: 1px solid khaki\"> (<a href=\"http://fhir.kl.dk/term/2.0.0/CodeSystem-FBOE.html\">FBOE</a>#763c6f21-5467-4713-82fb-716c9d0a1fdf)</span></p><p><b>subject</b>: See on this page: Patient/e60106e2-413e-46c5-8a3f-62d8e77ce794</p><p><b>encounter</b>: See on this page: Encounter/78742a92-91b1-489f-9fea-6901f6d0b34b</p><p><b>effective</b>: 2020-06-01</p><p><b>value</b>: Velfungerende forældre-barn-relation <span style=\"background: LightGoldenRodYellow; margin: 4px; border: 1px solid khaki\"> (<a href=\"http://fhir.kl.dk/term/2.0.0/CodeSystem-FBOE.html\">FBOE</a>#7a107df6-8fb8-4744-8413-be10b4c5c1d9)</span></p></div>"
      },
      "status" : "final",
      "code" : {
        "coding" : [{
          "system" : "http://fhir.kl.dk/term/CodeSystem/FBOE",
          "code" : "763c6f21-5467-4713-82fb-716c9d0a1fdf",
          "display" : "Forældre-barn-relation"
        }]
      },
      "subject" : {
        "reference" : "Patient/e60106e2-413e-46c5-8a3f-62d8e77ce794"
      },
      "encounter" : {
        "reference" : "Encounter/78742a92-91b1-489f-9fea-6901f6d0b34b"
      },
      "effectiveDateTime" : "2020-06-01",
      "valueCodeableConcept" : {
        "coding" : [{
          "system" : "http://fhir.kl.dk/term/CodeSystem/FBOE",
          "code" : "7a107df6-8fb8-4744-8413-be10b4c5c1d9",
          "display" : "Velfungerende forældre-barn-relation"
        }]
      }
    }
  },
  {
    "fullUrl" : "https://test.fhir.dk/Observation/0db05d8b-00b9-4125-8cb1-2edc064394a4",
    "resource" : {
      "resourceType" : "Observation",
      "id" : "0db05d8b-00b9-4125-8cb1-2edc064394a4",
      "meta" : {
        "profile" : ["http://fhir.kl.dk/children/StructureDefinition/klgateway-children-communication"]
      },
      "text" : {
        "status" : "generated",
        "div" : "<div xmlns=\"http://www.w3.org/1999/xhtml\"><a name=\"Observation_0db05d8b-00b9-4125-8cb1-2edc064394a4\"> </a><p><b>Generated Narrative: Observation </b><a name=\"0db05d8b-00b9-4125-8cb1-2edc064394a4\"> </a><a name=\"hc0db05d8b-00b9-4125-8cb1-2edc064394a4\"> </a></p><div style=\"display: inline-block; background-color: #d9e0e7; padding: 6px; margin: 4px; border: 1px solid #8da1b4; border-radius: 5px; line-height: 60%\"><p style=\"margin-bottom: 0px\">ResourceObservation &quot;0db05d8b-00b9-4125-8cb1-2edc064394a4&quot; </p><p style=\"margin-bottom: 0px\">Profile: <a href=\"StructureDefinition-klgateway-children-communication.html\">KLGatewayChildrenIndicatorCommunication</a></p></div><p><b>status</b>: final</p><p><b>code</b>: Kommunikation <span style=\"background: LightGoldenRodYellow; margin: 4px; border: 1px solid khaki\"> (<a href=\"http://fhir.kl.dk/term/2.0.0/CodeSystem-FBOE.html\">FBOE</a>#653c2b0b-bb64-4906-888b-aea6fef3c3f8)</span></p><p><b>subject</b>: See on this page: Patient/e60106e2-413e-46c5-8a3f-62d8e77ce794</p><p><b>encounter</b>: See on this page: Encounter/78742a92-91b1-489f-9fea-6901f6d0b34b</p><p><b>effective</b>: 2020-06-01</p><p><b>value</b>: Kommunikerer alderssvarende <span style=\"background: LightGoldenRodYellow; margin: 4px; border: 1px solid khaki\"> (<a href=\"http://fhir.kl.dk/term/2.0.0/CodeSystem-FBOE.html\">FBOE</a>#042d522d-0abe-46eb-a958-6e235b5d5408)</span></p></div>"
      },
      "status" : "final",
      "code" : {
        "coding" : [{
          "system" : "http://fhir.kl.dk/term/CodeSystem/FBOE",
          "code" : "653c2b0b-bb64-4906-888b-aea6fef3c3f8",
          "display" : "Kommunikation"
        }]
      },
      "subject" : {
        "reference" : "Patient/e60106e2-413e-46c5-8a3f-62d8e77ce794"
      },
      "encounter" : {
        "reference" : "Encounter/78742a92-91b1-489f-9fea-6901f6d0b34b"
      },
      "effectiveDateTime" : "2020-06-01",
      "valueCodeableConcept" : {
        "coding" : [{
          "system" : "http://fhir.kl.dk/term/CodeSystem/FBOE",
          "code" : "042d522d-0abe-46eb-a958-6e235b5d5408",
          "display" : "Kommunikerer alderssvarende"
        }]
      }
    }
  }]
}