{
  "resourceType" : "Bundle",
  "id" : "RikkeDeliveryReport2months",
  "meta" : {
    "profile" : ["http://fhir.kl.dk/children/StructureDefinition/klgateway-children-delivery-report"]
  },
  "type" : "collection",
  "timestamp" : "2020-07-08T23:45:00.000Z",
  "entry" : [{
    "fullUrl" : "http://fhir.kl.dk/children/Patient/Rikke",
    "resource" : {
      "resourceType" : "Patient",
      "id" : "Rikke",
      "meta" : {
        "profile" : ["http://fhir.kl.dk/children/StructureDefinition/klgateway-children-citizen"]
      },
      "text" : {
        "status" : "generated",
        "div" : "<div xmlns=\"http://www.w3.org/1999/xhtml\"><a name=\"Patient_Rikke\"> </a><p><b>Generated Narrative: Patient </b><a name=\"Rikke\"> </a><a name=\"hcRikke\"> </a></p><div style=\"display: inline-block; background-color: #d9e0e7; padding: 6px; margin: 4px; border: 1px solid #8da1b4; border-radius: 5px; line-height: 60%\"><p style=\"margin-bottom: 0px\">ResourcePatient &quot;Rikke&quot; </p><p style=\"margin-bottom: 0px\">Profile: <a href=\"StructureDefinition-klgateway-children-citizen.html\">KLGatewayChildrenCitizen</a></p></div><p><b>identifier</b>: <code>urn:oid:1.2.208.176.1.2</code>/0505209996\u00a0(use:\u00a0official)</p><p><b>active</b>: true</p><p><b>managingOrganization</b>: <span><code>urn:oid:1.2.208.176.1.1</code>/123456789012345\u00a0(use:\u00a0official)</span></p></div>"
      },
      "identifier" : [{
        "use" : "official",
        "system" : "urn:oid:1.2.208.176.1.2",
        "value" : "0505209996"
      }],
      "active" : true,
      "managingOrganization" : {
        "identifier" : {
          "use" : "official",
          "system" : "urn:oid:1.2.208.176.1.1",
          "value" : "123456789012345"
        }
      }
    }
  },
  {
    "fullUrl" : "http://fhir.kl.dk/children/Patient/Kirsten",
    "resource" : {
      "resourceType" : "Patient",
      "id" : "Kirsten",
      "meta" : {
        "profile" : ["http://fhir.kl.dk/children/StructureDefinition/klgateway-children-citizen"]
      },
      "text" : {
        "status" : "generated",
        "div" : "<div xmlns=\"http://www.w3.org/1999/xhtml\"><a name=\"Patient_Kirsten\"> </a><p><b>Generated Narrative: Patient </b><a name=\"Kirsten\"> </a><a name=\"hcKirsten\"> </a></p><div style=\"display: inline-block; background-color: #d9e0e7; padding: 6px; margin: 4px; border: 1px solid #8da1b4; border-radius: 5px; line-height: 60%\"><p style=\"margin-bottom: 0px\">ResourcePatient &quot;Kirsten&quot; </p><p style=\"margin-bottom: 0px\">Profile: <a href=\"StructureDefinition-klgateway-children-citizen.html\">KLGatewayChildrenCitizen</a></p></div><p><b>identifier</b>: <code>urn:oid:1.2.208.176.1.2</code>/2911829996\u00a0(use:\u00a0official)</p><p><b>managingOrganization</b>: <span><code>urn:oid:1.2.208.176.1.1</code>/123456789012345\u00a0(use:\u00a0official)</span></p><h3>Links</h3><table class=\"grid\"><tr><td style=\"display: none\">-</td><td><b>Other</b></td><td><b>Type</b></td></tr><tr><td style=\"display: none\">*</td><td>See on this page: RelatedPerson/RikkesParent</td><td>seealso</td></tr></table></div>"
      },
      "identifier" : [{
        "use" : "official",
        "system" : "urn:oid:1.2.208.176.1.2",
        "value" : "2911829996"
      }],
      "managingOrganization" : {
        "identifier" : {
          "use" : "official",
          "system" : "urn:oid:1.2.208.176.1.1",
          "value" : "123456789012345"
        }
      },
      "link" : [{
        "other" : {
          "reference" : "RelatedPerson/RikkesParent"
        },
        "type" : "seealso"
      }]
    }
  },
  {
    "fullUrl" : "http://fhir.kl.dk/children/RelatedPerson/RikkesParent",
    "resource" : {
      "resourceType" : "RelatedPerson",
      "id" : "RikkesParent",
      "meta" : {
        "profile" : ["http://fhir.kl.dk/children/StructureDefinition/klgateway-children-related-parent"]
      },
      "text" : {
        "status" : "generated",
        "div" : "<div xmlns=\"http://www.w3.org/1999/xhtml\"><a name=\"RelatedPerson_RikkesParent\"> </a><p><b>Generated Narrative: RelatedPerson </b><a name=\"RikkesParent\"> </a><a name=\"hcRikkesParent\"> </a></p><div style=\"display: inline-block; background-color: #d9e0e7; padding: 6px; margin: 4px; border: 1px solid #8da1b4; border-radius: 5px; line-height: 60%\"><p style=\"margin-bottom: 0px\">ResourceRelatedPerson &quot;RikkesParent&quot; </p><p style=\"margin-bottom: 0px\">Profile: <a href=\"StructureDefinition-klgateway-children-related-parent.html\">KLGatewayChildrenRelatedParent</a></p></div><p><b>patient</b>: See on this page: Patient/Rikke</p><p><b>relationship</b>: parent <span style=\"background: LightGoldenRodYellow; margin: 4px; border: 1px solid khaki\"> (<a href=\"http://terminology.hl7.org/5.5.0/CodeSystem-v3-RoleCode.html\">RoleCode</a>#PRN)</span></p></div>"
      },
      "patient" : {
        "reference" : "Patient/Rikke"
      },
      "relationship" : [{
        "coding" : [{
          "system" : "http://terminology.hl7.org/CodeSystem/v3-RoleCode",
          "code" : "PRN"
        }]
      }]
    }
  },
  {
    "fullUrl" : "http://fhir.kl.dk/children/Encounter/2mthEncounter",
    "resource" : {
      "resourceType" : "Encounter",
      "id" : "2mthEncounter",
      "meta" : {
        "profile" : ["http://fhir.kl.dk/children/StructureDefinition/klgateway-children-encounter"]
      },
      "text" : {
        "status" : "generated",
        "div" : "<div xmlns=\"http://www.w3.org/1999/xhtml\"><a name=\"Encounter_2mthEncounter\"> </a><p><b>Generated Narrative: Encounter </b><a name=\"2mthEncounter\"> </a><a name=\"hc2mthEncounter\"> </a></p><div style=\"display: inline-block; background-color: #d9e0e7; padding: 6px; margin: 4px; border: 1px solid #8da1b4; border-radius: 5px; line-height: 60%\"><p style=\"margin-bottom: 0px\">ResourceEncounter &quot;2mthEncounter&quot; </p><p style=\"margin-bottom: 0px\">Profile: <a href=\"StructureDefinition-klgateway-children-encounter.html\">KLGatewayChildrenEncounter</a></p></div><p><b>status</b>: finished</p><p><b>class</b>: home health (Details: ActCode code HH  = ' home health ', stated as ' null ')</p><p><b>type</b>: Besøg hos det ca. 2 måneder gamle barn <span style=\"background: LightGoldenRodYellow; margin: 4px; border: 1px solid khaki\"> (<a href=\"http://fhir.kl.dk/term/2.0.0/CodeSystem-FBOE.html\">FBOE</a>#51f30d1c-d60e-4e3e-ac22-ec9712ea962d)</span></p><p><b>subject</b>: See on this page: Patient/Rikke</p><p><b>period</b>: 2020-07-07 12:45:00+0000 --&gt; (ongoing)</p></div>"
      },
      "status" : "finished",
      "class" : {
        "system" : "http://terminology.hl7.org/CodeSystem/v3-ActCode",
        "code" : "HH"
      },
      "type" : [{
        "coding" : [{
          "system" : "http://fhir.kl.dk/term/CodeSystem/FBOE",
          "code" : "51f30d1c-d60e-4e3e-ac22-ec9712ea962d",
          "display" : "Besøg hos det ca. 2 måneder gamle barn"
        }]
      }],
      "subject" : {
        "reference" : "Patient/Rikke"
      },
      "period" : {
        "start" : "2020-07-07T12:45:00.000Z"
      }
    }
  },
  {
    "fullUrl" : "http://fhir.kl.dk/children/Observation/KirstenParentMentalStatus",
    "resource" : {
      "resourceType" : "Observation",
      "id" : "KirstenParentMentalStatus",
      "meta" : {
        "profile" : ["http://fhir.kl.dk/children/StructureDefinition/klgateway-children-parent-mental-status"]
      },
      "text" : {
        "status" : "generated",
        "div" : "<div xmlns=\"http://www.w3.org/1999/xhtml\"><a name=\"Observation_KirstenParentMentalStatus\"> </a><p><b>Generated Narrative: Observation </b><a name=\"KirstenParentMentalStatus\"> </a><a name=\"hcKirstenParentMentalStatus\"> </a></p><div style=\"display: inline-block; background-color: #d9e0e7; padding: 6px; margin: 4px; border: 1px solid #8da1b4; border-radius: 5px; line-height: 60%\"><p style=\"margin-bottom: 0px\">ResourceObservation &quot;KirstenParentMentalStatus&quot; </p><p style=\"margin-bottom: 0px\">Profile: <a href=\"StructureDefinition-klgateway-children-parent-mental-status.html\">KLGatewayChildrenIndicatorParentMentalStatus</a></p></div><p><b>status</b>: final</p><p><b>code</b>: Forælders psykiske tilstand <span style=\"background: LightGoldenRodYellow; margin: 4px; border: 1px solid khaki\"> (<a href=\"http://fhir.kl.dk/term/2.0.0/CodeSystem-FBOE.html\">FBOE</a>#2c39af9f-8e45-4c88-962f-e7a9e2cd31b6)</span></p><p><b>subject</b>: See on this page: Patient/Kirsten</p><p><b>effective</b>: 2020-07-07 00:00:00+0000</p><p><b>value</b>: Let psykisk reaktion <span style=\"background: LightGoldenRodYellow; margin: 4px; border: 1px solid khaki\"> (<a href=\"http://fhir.kl.dk/term/2.0.0/CodeSystem-FBOE.html\">FBOE</a>#b8220216-e185-451b-8d2a-67cdf73c42c3)</span></p></div>"
      },
      "status" : "final",
      "code" : {
        "coding" : [{
          "system" : "http://fhir.kl.dk/term/CodeSystem/FBOE",
          "code" : "2c39af9f-8e45-4c88-962f-e7a9e2cd31b6",
          "display" : "Forælders psykiske tilstand"
        }]
      },
      "subject" : {
        "reference" : "Patient/Kirsten"
      },
      "effectiveDateTime" : "2020-07-07T00:00:00.000Z",
      "valueCodeableConcept" : {
        "coding" : [{
          "system" : "http://fhir.kl.dk/term/CodeSystem/FBOE",
          "code" : "b8220216-e185-451b-8d2a-67cdf73c42c3",
          "display" : "Let psykisk reaktion"
        }]
      }
    }
  },
  {
    "fullUrl" : "http://fhir.kl.dk/children/QuestionnaireResponse/EPDSAnswerKirsten",
    "resource" : {
      "resourceType" : "QuestionnaireResponse",
      "id" : "EPDSAnswerKirsten",
      "meta" : {
        "profile" : ["http://fhir.kl.dk/children/StructureDefinition/klgateway-children-questionnaire-response"]
      },
      "text" : {
        "status" : "extensions",
        "div" : "<div xmlns=\"http://www.w3.org/1999/xhtml\"><a name=\"QuestionnaireResponse_EPDSAnswerKirsten\"> </a><p><b>Generated Narrative: QuestionnaireResponse </b><a name=\"EPDSAnswerKirsten\"> </a><a name=\"hcEPDSAnswerKirsten\"> </a></p><div style=\"display: inline-block; background-color: #d9e0e7; padding: 6px; margin: 4px; border: 1px solid #8da1b4; border-radius: 5px; line-height: 60%\"><p style=\"margin-bottom: 0px\">ResourceQuestionnaireResponse &quot;EPDSAnswerKirsten&quot; </p><p style=\"margin-bottom: 0px\">Profile: <a href=\"StructureDefinition-klgateway-children-questionnaire-response.html\">KLGatewayChildrenQuestionnaireResponse</a></p></div><p><b>FindingInformer</b>: Borger <span style=\"background: LightGoldenRodYellow; margin: 4px; border: 1px solid khaki\"> (<a href=\"http://fhir.kl.dk/term/2.0.0/CodeSystem-CareSocialCodes.html\">CareSocialCodes</a>#25b4e705-2e9a-47a2-b11a-c829316b9d3a)</span></p><p><b>questionnaire</b>: <a href=\"Questionnaire-klgateway-children-epds.html\">KLGatewayChildrenEPDS</a></p><p><b>status</b>: completed</p><p><b>subject</b>: See on this page: Patient/Kirsten</p><p><b>authored</b>: 2020-07-07</p><blockquote><p><b>item</b></p><p><b>linkId</b>: 1humor</p><h3>Answers</h3><table class=\"grid\"><tr><td style=\"display: none\">-</td><td><b>Value[x]</b></td></tr><tr><td style=\"display: none\">*</td><td>0</td></tr></table></blockquote><blockquote><p><b>item</b></p><p><b>linkId</b>: 2happiness</p><h3>Answers</h3><table class=\"grid\"><tr><td style=\"display: none\">-</td><td><b>Value[x]</b></td></tr><tr><td style=\"display: none\">*</td><td>2</td></tr></table></blockquote><blockquote><p><b>item</b></p><p><b>linkId</b>: 3blame</p><h3>Answers</h3><table class=\"grid\"><tr><td style=\"display: none\">-</td><td><b>Value[x]</b></td></tr><tr><td style=\"display: none\">*</td><td>1</td></tr></table></blockquote><blockquote><p><b>item</b></p><p><b>linkId</b>: 4worry</p><h3>Answers</h3><table class=\"grid\"><tr><td style=\"display: none\">-</td><td><b>Value[x]</b></td></tr><tr><td style=\"display: none\">*</td><td>1</td></tr></table></blockquote><blockquote><p><b>item</b></p><p><b>linkId</b>: 5anxious</p><h3>Answers</h3><table class=\"grid\"><tr><td style=\"display: none\">-</td><td><b>Value[x]</b></td></tr><tr><td style=\"display: none\">*</td><td>2</td></tr></table></blockquote><blockquote><p><b>item</b></p><p><b>linkId</b>: 6grow</p><h3>Answers</h3><table class=\"grid\"><tr><td style=\"display: none\">-</td><td><b>Value[x]</b></td></tr><tr><td style=\"display: none\">*</td><td>1</td></tr></table></blockquote><blockquote><p><b>item</b></p><p><b>linkId</b>: 7sleep</p><h3>Answers</h3><table class=\"grid\"><tr><td style=\"display: none\">-</td><td><b>Value[x]</b></td></tr><tr><td style=\"display: none\">*</td><td>3</td></tr></table></blockquote><blockquote><p><b>item</b></p><p><b>linkId</b>: 8sad</p><h3>Answers</h3><table class=\"grid\"><tr><td style=\"display: none\">-</td><td><b>Value[x]</b></td></tr><tr><td style=\"display: none\">*</td><td>0</td></tr></table></blockquote><blockquote><p><b>item</b></p><p><b>linkId</b>: 9cry</p><h3>Answers</h3><table class=\"grid\"><tr><td style=\"display: none\">-</td><td><b>Value[x]</b></td></tr><tr><td style=\"display: none\">*</td><td>0</td></tr></table></blockquote><blockquote><p><b>item</b></p><p><b>linkId</b>: 10harm</p><h3>Answers</h3><table class=\"grid\"><tr><td style=\"display: none\">-</td><td><b>Value[x]</b></td></tr><tr><td style=\"display: none\">*</td><td>0</td></tr></table></blockquote><blockquote><p><b>item</b></p><p><b>linkId</b>: score</p><h3>Answers</h3><table class=\"grid\"><tr><td style=\"display: none\">-</td><td><b>Value[x]</b></td></tr><tr><td style=\"display: none\">*</td><td>10</td></tr></table></blockquote></div>"
      },
      "extension" : [{
        "url" : "http://fhir.kl.dk/children/StructureDefinition/FindingInformer",
        "valueCodeableConcept" : {
          "coding" : [{
            "system" : "http://fhir.kl.dk/term/CodeSystem/CareSocialCodes",
            "code" : "25b4e705-2e9a-47a2-b11a-c829316b9d3a",
            "display" : "Borger"
          }]
        }
      }],
      "questionnaire" : "http://fhir.kl.dk/children/Questionnaire/klgateway-children-epds",
      "status" : "completed",
      "subject" : {
        "reference" : "Patient/Kirsten"
      },
      "authored" : "2020-07-07",
      "item" : [{
        "linkId" : "1humor",
        "answer" : [{
          "valueInteger" : 0
        }]
      },
      {
        "linkId" : "2happiness",
        "answer" : [{
          "valueInteger" : 2
        }]
      },
      {
        "linkId" : "3blame",
        "answer" : [{
          "valueInteger" : 1
        }]
      },
      {
        "linkId" : "4worry",
        "answer" : [{
          "valueInteger" : 1
        }]
      },
      {
        "linkId" : "5anxious",
        "answer" : [{
          "valueInteger" : 2
        }]
      },
      {
        "linkId" : "6grow",
        "answer" : [{
          "valueInteger" : 1
        }]
      },
      {
        "linkId" : "7sleep",
        "answer" : [{
          "valueInteger" : 3
        }]
      },
      {
        "linkId" : "8sad",
        "answer" : [{
          "valueInteger" : 0
        }]
      },
      {
        "linkId" : "9cry",
        "answer" : [{
          "valueInteger" : 0
        }]
      },
      {
        "linkId" : "10harm",
        "answer" : [{
          "valueInteger" : 0
        }]
      },
      {
        "linkId" : "score",
        "answer" : [{
          "valueInteger" : 10
        }]
      }]
    }
  },
  {
    "fullUrl" : "http://fhir.kl.dk/children/Observation/RikkeSocialInteraction",
    "resource" : {
      "resourceType" : "Observation",
      "id" : "RikkeSocialInteraction",
      "meta" : {
        "profile" : ["http://fhir.kl.dk/children/StructureDefinition/klgateway-children-social-interaction"]
      },
      "text" : {
        "status" : "generated",
        "div" : "<div xmlns=\"http://www.w3.org/1999/xhtml\"><a name=\"Observation_RikkeSocialInteraction\"> </a><p><b>Generated Narrative: Observation </b><a name=\"RikkeSocialInteraction\"> </a><a name=\"hcRikkeSocialInteraction\"> </a></p><div style=\"display: inline-block; background-color: #d9e0e7; padding: 6px; margin: 4px; border: 1px solid #8da1b4; border-radius: 5px; line-height: 60%\"><p style=\"margin-bottom: 0px\">ResourceObservation &quot;RikkeSocialInteraction&quot; </p><p style=\"margin-bottom: 0px\">Profile: <a href=\"StructureDefinition-klgateway-children-social-interaction.html\">KLGatewayChildrenIndicatorInteraction</a></p></div><p><b>status</b>: final</p><p><b>code</b>: Social kontakt <span style=\"background: LightGoldenRodYellow; margin: 4px; border: 1px solid khaki\"> (<a href=\"http://fhir.kl.dk/term/2.0.0/CodeSystem-FBOE.html\">FBOE</a>#68605f88-49fb-44b9-b327-86947af6aa93)</span></p><p><b>subject</b>: See on this page: Patient/Rikke</p><p><b>encounter</b>: See on this page: Encounter/2mthEncounter</p><p><b>effective</b>: 2020-07-07 00:00:00+0000</p><p><b>value</b>: Udfordring i social kontakt <span style=\"background: LightGoldenRodYellow; margin: 4px; border: 1px solid khaki\"> (<a href=\"http://fhir.kl.dk/term/2.0.0/CodeSystem-FBOE.html\">FBOE</a>#e1c1674c-9384-4d95-999f-763f3868f444)</span></p></div>"
      },
      "status" : "final",
      "code" : {
        "coding" : [{
          "system" : "http://fhir.kl.dk/term/CodeSystem/FBOE",
          "code" : "68605f88-49fb-44b9-b327-86947af6aa93",
          "display" : "Social kontakt"
        }]
      },
      "subject" : {
        "reference" : "Patient/Rikke"
      },
      "encounter" : {
        "reference" : "Encounter/2mthEncounter"
      },
      "effectiveDateTime" : "2020-07-07T00:00:00.000Z",
      "valueCodeableConcept" : {
        "coding" : [{
          "system" : "http://fhir.kl.dk/term/CodeSystem/FBOE",
          "code" : "e1c1674c-9384-4d95-999f-763f3868f444",
          "display" : "Udfordring i social kontakt"
        }]
      }
    }
  },
  {
    "fullUrl" : "http://fhir.kl.dk/children/Observation/RikkeChildrenParentRelationship",
    "resource" : {
      "resourceType" : "Observation",
      "id" : "RikkeChildrenParentRelationship",
      "meta" : {
        "profile" : ["http://fhir.kl.dk/children/StructureDefinition/klgateway-children-parent-relationship"]
      },
      "text" : {
        "status" : "generated",
        "div" : "<div xmlns=\"http://www.w3.org/1999/xhtml\"><a name=\"Observation_RikkeChildrenParentRelationship\"> </a><p><b>Generated Narrative: Observation </b><a name=\"RikkeChildrenParentRelationship\"> </a><a name=\"hcRikkeChildrenParentRelationship\"> </a></p><div style=\"display: inline-block; background-color: #d9e0e7; padding: 6px; margin: 4px; border: 1px solid #8da1b4; border-radius: 5px; line-height: 60%\"><p style=\"margin-bottom: 0px\">ResourceObservation &quot;RikkeChildrenParentRelationship&quot; </p><p style=\"margin-bottom: 0px\">Profile: <a href=\"StructureDefinition-klgateway-children-parent-relationship.html\">KLGatewayChildrenIndicatorParentRelationship</a></p></div><p><b>status</b>: final</p><p><b>code</b>: Forældre-barn-relation <span style=\"background: LightGoldenRodYellow; margin: 4px; border: 1px solid khaki\"> (<a href=\"http://fhir.kl.dk/term/2.0.0/CodeSystem-FBOE.html\">FBOE</a>#763c6f21-5467-4713-82fb-716c9d0a1fdf)</span></p><p><b>subject</b>: See on this page: Patient/Rikke</p><p><b>encounter</b>: See on this page: Encounter/2mthEncounter</p><p><b>effective</b>: 2020-07-07 00:00:00+0000</p><p><b>value</b>: Velfungerende forældre-barn-relation <span style=\"background: LightGoldenRodYellow; margin: 4px; border: 1px solid khaki\"> (<a href=\"http://fhir.kl.dk/term/2.0.0/CodeSystem-FBOE.html\">FBOE</a>#7a107df6-8fb8-4744-8413-be10b4c5c1d9)</span></p></div>"
      },
      "status" : "final",
      "code" : {
        "coding" : [{
          "system" : "http://fhir.kl.dk/term/CodeSystem/FBOE",
          "code" : "763c6f21-5467-4713-82fb-716c9d0a1fdf",
          "display" : "Forældre-barn-relation"
        }]
      },
      "subject" : {
        "reference" : "Patient/Rikke"
      },
      "encounter" : {
        "reference" : "Encounter/2mthEncounter"
      },
      "effectiveDateTime" : "2020-07-07T00:00:00.000Z",
      "valueCodeableConcept" : {
        "coding" : [{
          "system" : "http://fhir.kl.dk/term/CodeSystem/FBOE",
          "code" : "7a107df6-8fb8-4744-8413-be10b4c5c1d9",
          "display" : "Velfungerende forældre-barn-relation"
        }]
      }
    }
  },
  {
    "fullUrl" : "http://fhir.kl.dk/children/Observation/RikkeBodyWeight2mth",
    "resource" : {
      "resourceType" : "Observation",
      "id" : "RikkeBodyWeight2mth",
      "meta" : {
        "profile" : ["http://fhir.kl.dk/children/StructureDefinition/klgateway-children-bodyweight"]
      },
      "text" : {
        "status" : "generated",
        "div" : "<div xmlns=\"http://www.w3.org/1999/xhtml\"><a name=\"Observation_RikkeBodyWeight2mth\"> </a><p><b>Generated Narrative: Observation </b><a name=\"RikkeBodyWeight2mth\"> </a><a name=\"hcRikkeBodyWeight2mth\"> </a></p><div style=\"display: inline-block; background-color: #d9e0e7; padding: 6px; margin: 4px; border: 1px solid #8da1b4; border-radius: 5px; line-height: 60%\"><p style=\"margin-bottom: 0px\">ResourceObservation &quot;RikkeBodyWeight2mth&quot; </p><p style=\"margin-bottom: 0px\">Profile: <a href=\"StructureDefinition-klgateway-children-bodyweight.html\">KLGatewayChildrenBodyWeight</a></p></div><p><b>status</b>: final</p><p><b>category</b>: Vital Signs <span style=\"background: LightGoldenRodYellow; margin: 4px; border: 1px solid khaki\"> (<a href=\"http://terminology.hl7.org/5.5.0/CodeSystem-observation-category.html\">Observation Category Codes</a>#vital-signs)</span></p><p><b>code</b>: Body weight <span style=\"background: LightGoldenRodYellow; margin: 4px; border: 1px solid khaki\"> (<a href=\"https://loinc.org/\">LOINC</a>#29463-7; <a href=\"https://browser.ihtsdotools.org/\">SNOMED CT</a>#27113001)</span></p><p><b>subject</b>: See on this page: Patient/Rikke</p><p><b>encounter</b>: See on this page: Encounter/2mthEncounter</p><p><b>effective</b>: 2020-06-30</p><p><b>value</b>: 6200 g<span style=\"background: LightGoldenRodYellow\"> (Details: UCUM  codeg = 'g')</span></p></div>"
      },
      "status" : "final",
      "category" : [{
        "coding" : [{
          "system" : "http://terminology.hl7.org/CodeSystem/observation-category",
          "code" : "vital-signs"
        }]
      }],
      "code" : {
        "coding" : [{
          "system" : "http://loinc.org",
          "code" : "29463-7"
        },
        {
          "system" : "http://snomed.info/sct",
          "code" : "27113001",
          "display" : "Body weight"
        }]
      },
      "subject" : {
        "reference" : "Patient/Rikke"
      },
      "encounter" : {
        "reference" : "Encounter/2mthEncounter"
      },
      "effectiveDateTime" : "2020-06-30",
      "valueQuantity" : {
        "value" : 6200,
        "unit" : "g",
        "system" : "http://unitsofmeasure.org",
        "code" : "g"
      }
    }
  },
  {
    "fullUrl" : "http://fhir.kl.dk/children/Observation/RikkeBodyHeight2mth",
    "resource" : {
      "resourceType" : "Observation",
      "id" : "RikkeBodyHeight2mth",
      "meta" : {
        "profile" : ["http://fhir.kl.dk/children/StructureDefinition/klgateway-children-bodyheight"]
      },
      "text" : {
        "status" : "generated",
        "div" : "<div xmlns=\"http://www.w3.org/1999/xhtml\"><a name=\"Observation_RikkeBodyHeight2mth\"> </a><p><b>Generated Narrative: Observation </b><a name=\"RikkeBodyHeight2mth\"> </a><a name=\"hcRikkeBodyHeight2mth\"> </a></p><div style=\"display: inline-block; background-color: #d9e0e7; padding: 6px; margin: 4px; border: 1px solid #8da1b4; border-radius: 5px; line-height: 60%\"><p style=\"margin-bottom: 0px\">ResourceObservation &quot;RikkeBodyHeight2mth&quot; </p><p style=\"margin-bottom: 0px\">Profile: <a href=\"StructureDefinition-klgateway-children-bodyheight.html\">KLGatewayChildrenBodyHeight</a></p></div><p><b>status</b>: final</p><p><b>category</b>: Vital Signs <span style=\"background: LightGoldenRodYellow; margin: 4px; border: 1px solid khaki\"> (<a href=\"http://terminology.hl7.org/5.5.0/CodeSystem-observation-category.html\">Observation Category Codes</a>#vital-signs)</span></p><p><b>code</b>: Body height <span style=\"background: LightGoldenRodYellow; margin: 4px; border: 1px solid khaki\"> (<a href=\"https://loinc.org/\">LOINC</a>#8302-2; <a href=\"https://browser.ihtsdotools.org/\">SNOMED CT</a>#1153637007)</span></p><p><b>subject</b>: See on this page: Patient/Rikke</p><p><b>encounter</b>: See on this page: Encounter/2mthEncounter</p><p><b>effective</b>: 2020-07-07</p><p><b>value</b>: 58 cm<span style=\"background: LightGoldenRodYellow\"> (Details: UCUM  codecm = 'cm')</span></p></div>"
      },
      "status" : "final",
      "category" : [{
        "coding" : [{
          "system" : "http://terminology.hl7.org/CodeSystem/observation-category",
          "code" : "vital-signs"
        }]
      }],
      "code" : {
        "coding" : [{
          "system" : "http://loinc.org",
          "code" : "8302-2"
        },
        {
          "system" : "http://snomed.info/sct",
          "code" : "1153637007"
        }]
      },
      "subject" : {
        "reference" : "Patient/Rikke"
      },
      "encounter" : {
        "reference" : "Encounter/2mthEncounter"
      },
      "effectiveDateTime" : "2020-07-07",
      "valueQuantity" : {
        "value" : 58,
        "unit" : "cm",
        "system" : "http://unitsofmeasure.org",
        "code" : "cm"
      }
    }
  },
  {
    "fullUrl" : "http://fhir.kl.dk/children/Observation/RikkeHeadCircum",
    "resource" : {
      "resourceType" : "Observation",
      "id" : "RikkeHeadCircum",
      "meta" : {
        "profile" : ["http://fhir.kl.dk/children/StructureDefinition/klgateway-children-headcircum"]
      },
      "text" : {
        "status" : "generated",
        "div" : "<div xmlns=\"http://www.w3.org/1999/xhtml\"><a name=\"Observation_RikkeHeadCircum\"> </a><p><b>Generated Narrative: Observation </b><a name=\"RikkeHeadCircum\"> </a><a name=\"hcRikkeHeadCircum\"> </a></p><div style=\"display: inline-block; background-color: #d9e0e7; padding: 6px; margin: 4px; border: 1px solid #8da1b4; border-radius: 5px; line-height: 60%\"><p style=\"margin-bottom: 0px\">ResourceObservation &quot;RikkeHeadCircum&quot; </p><p style=\"margin-bottom: 0px\">Profile: <a href=\"StructureDefinition-klgateway-children-headcircum.html\">KLGatewayChildrenHeadCircumference</a></p></div><p><b>status</b>: final</p><p><b>category</b>: Vital Signs <span style=\"background: LightGoldenRodYellow; margin: 4px; border: 1px solid khaki\"> (<a href=\"http://terminology.hl7.org/5.5.0/CodeSystem-observation-category.html\">Observation Category Codes</a>#vital-signs)</span></p><p><b>code</b>: Head Occipital-frontal circumference <span style=\"background: LightGoldenRodYellow; margin: 4px; border: 1px solid khaki\"> (<a href=\"https://loinc.org/\">LOINC</a>#9843-4; <a href=\"https://browser.ihtsdotools.org/\">SNOMED CT</a>#363812007 &quot;Head circumference&quot;)</span></p><p><b>subject</b>: See on this page: Patient/Rikke</p><p><b>encounter</b>: See on this page: Encounter/2mthEncounter</p><p><b>effective</b>: 2020-07-07 12:45:00+0000</p><p><b>value</b>: 38.3 cm<span style=\"background: LightGoldenRodYellow\"> (Details: UCUM  codecm = 'cm')</span></p></div>"
      },
      "status" : "final",
      "category" : [{
        "coding" : [{
          "system" : "http://terminology.hl7.org/CodeSystem/observation-category",
          "code" : "vital-signs"
        }]
      }],
      "code" : {
        "coding" : [{
          "system" : "http://loinc.org",
          "code" : "9843-4",
          "display" : "Head Occipital-frontal circumference"
        },
        {
          "system" : "http://snomed.info/sct",
          "code" : "363812007",
          "display" : "Head circumference"
        }]
      },
      "subject" : {
        "reference" : "Patient/Rikke"
      },
      "encounter" : {
        "reference" : "Encounter/2mthEncounter"
      },
      "effectiveDateTime" : "2020-07-07T12:45:00.000Z",
      "valueQuantity" : {
        "value" : 38.3,
        "unit" : "cm",
        "system" : "http://unitsofmeasure.org",
        "code" : "cm"
      }
    }
  },
  {
    "fullUrl" : "http://fhir.kl.dk/children/Observation/RikkeFeedingObservationPeriod",
    "resource" : {
      "resourceType" : "Observation",
      "id" : "RikkeFeedingObservationPeriod",
      "meta" : {
        "profile" : ["http://fhir.kl.dk/children/StructureDefinition/klgateway-children-feeding-observation"]
      },
      "text" : {
        "status" : "generated",
        "div" : "<div xmlns=\"http://www.w3.org/1999/xhtml\"><a name=\"Observation_RikkeFeedingObservationPeriod\"> </a><p><b>Generated Narrative: Observation </b><a name=\"RikkeFeedingObservationPeriod\"> </a><a name=\"hcRikkeFeedingObservationPeriod\"> </a></p><div style=\"display: inline-block; background-color: #d9e0e7; padding: 6px; margin: 4px; border: 1px solid #8da1b4; border-radius: 5px; line-height: 60%\"><p style=\"margin-bottom: 0px\">ResourceObservation &quot;RikkeFeedingObservationPeriod&quot; </p><p style=\"margin-bottom: 0px\">Profile: <a href=\"StructureDefinition-klgateway-children-feeding-observation.html\">KLGatewayChildrenFeedingObservation</a></p></div><p><b>status</b>: final</p><p><b>code</b>: Infant feeding method <span style=\"background: LightGoldenRodYellow; margin: 4px; border: 1px solid khaki\"> (<a href=\"https://browser.ihtsdotools.org/\">SNOMED CT</a>#169740003; <a href=\"http://fhir.kl.dk/term/2.0.0/CodeSystem-FBOE.html\">FBOE</a>#e61e4dab-54bb-4bf4-9b76-8d991cf4de08 &quot;Ernæring&quot;)</span></p><p><b>subject</b>: See on this page: Patient/Rikke</p><p><b>encounter</b>: See on this page: Encounter/2mthEncounter</p><p><b>effective</b>: 2020-05-05 00:00:00+0000 --&gt; 2020-06-28 00:00:00+0000</p><p><b>value</b>: Fuldamning, inklusiv modermælk på flaske <span style=\"background: LightGoldenRodYellow; margin: 4px; border: 1px solid khaki\"> (<a href=\"http://fhir.kl.dk/term/2.0.0/CodeSystem-FBOE.html\">FBOE</a>#77a008dd-21cc-452f-a1ee-ac8d025b7817)</span></p></div>"
      },
      "status" : "final",
      "code" : {
        "coding" : [{
          "system" : "http://snomed.info/sct",
          "code" : "169740003",
          "display" : "Infant feeding method"
        },
        {
          "system" : "http://fhir.kl.dk/term/CodeSystem/FBOE",
          "code" : "e61e4dab-54bb-4bf4-9b76-8d991cf4de08",
          "display" : "Ernæring"
        }]
      },
      "subject" : {
        "reference" : "Patient/Rikke"
      },
      "encounter" : {
        "reference" : "Encounter/2mthEncounter"
      },
      "effectivePeriod" : {
        "start" : "2020-05-05T00:00:00.000Z",
        "end" : "2020-06-28T00:00:00.000Z"
      },
      "valueCodeableConcept" : {
        "coding" : [{
          "system" : "http://fhir.kl.dk/term/CodeSystem/FBOE",
          "code" : "77a008dd-21cc-452f-a1ee-ac8d025b7817",
          "display" : "Fuldamning, inklusiv modermælk på flaske"
        }]
      }
    }
  },
  {
    "fullUrl" : "http://fhir.kl.dk/children/Observation/RikkeFeedingObservationStatus",
    "resource" : {
      "resourceType" : "Observation",
      "id" : "RikkeFeedingObservationStatus",
      "meta" : {
        "profile" : ["http://fhir.kl.dk/children/StructureDefinition/klgateway-children-feeding-observation"]
      },
      "text" : {
        "status" : "generated",
        "div" : "<div xmlns=\"http://www.w3.org/1999/xhtml\"><a name=\"Observation_RikkeFeedingObservationStatus\"> </a><p><b>Generated Narrative: Observation </b><a name=\"RikkeFeedingObservationStatus\"> </a><a name=\"hcRikkeFeedingObservationStatus\"> </a></p><div style=\"display: inline-block; background-color: #d9e0e7; padding: 6px; margin: 4px; border: 1px solid #8da1b4; border-radius: 5px; line-height: 60%\"><p style=\"margin-bottom: 0px\">ResourceObservation &quot;RikkeFeedingObservationStatus&quot; </p><p style=\"margin-bottom: 0px\">Profile: <a href=\"StructureDefinition-klgateway-children-feeding-observation.html\">KLGatewayChildrenFeedingObservation</a></p></div><p><b>status</b>: final</p><p><b>code</b>: Infant feeding method <span style=\"background: LightGoldenRodYellow; margin: 4px; border: 1px solid khaki\"> (<a href=\"https://browser.ihtsdotools.org/\">SNOMED CT</a>#169740003; <a href=\"http://fhir.kl.dk/term/2.0.0/CodeSystem-FBOE.html\">FBOE</a>#e61e4dab-54bb-4bf4-9b76-8d991cf4de08 &quot;Ernæring&quot;)</span></p><p><b>subject</b>: See on this page: Patient/Rikke</p><p><b>encounter</b>: See on this page: Encounter/2mthEncounter</p><p><b>effective</b>: 2020-07-07 00:00:00+0000</p><p><b>value</b>: Ammes som supplement til anden kost <span style=\"background: LightGoldenRodYellow; margin: 4px; border: 1px solid khaki\"> (<a href=\"http://fhir.kl.dk/term/2.0.0/CodeSystem-FBOE.html\">FBOE</a>#3edc905c-2830-442a-98cc-463cc3701dd1)</span></p></div>"
      },
      "status" : "final",
      "code" : {
        "coding" : [{
          "system" : "http://snomed.info/sct",
          "code" : "169740003",
          "display" : "Infant feeding method"
        },
        {
          "system" : "http://fhir.kl.dk/term/CodeSystem/FBOE",
          "code" : "e61e4dab-54bb-4bf4-9b76-8d991cf4de08",
          "display" : "Ernæring"
        }]
      },
      "subject" : {
        "reference" : "Patient/Rikke"
      },
      "encounter" : {
        "reference" : "Encounter/2mthEncounter"
      },
      "effectiveDateTime" : "2020-07-07T00:00:00.000Z",
      "valueCodeableConcept" : {
        "coding" : [{
          "system" : "http://fhir.kl.dk/term/CodeSystem/FBOE",
          "code" : "3edc905c-2830-442a-98cc-463cc3701dd1",
          "display" : "Ammes som supplement til anden kost"
        }]
      }
    }
  },
  {
    "fullUrl" : "http://fhir.kl.dk/children/Observation/RikkeFeedingObservationNewPeriod",
    "resource" : {
      "resourceType" : "Observation",
      "id" : "RikkeFeedingObservationNewPeriod",
      "meta" : {
        "profile" : ["http://fhir.kl.dk/children/StructureDefinition/klgateway-children-feeding-observation"]
      },
      "text" : {
        "status" : "generated",
        "div" : "<div xmlns=\"http://www.w3.org/1999/xhtml\"><a name=\"Observation_RikkeFeedingObservationNewPeriod\"> </a><p><b>Generated Narrative: Observation </b><a name=\"RikkeFeedingObservationNewPeriod\"> </a><a name=\"hcRikkeFeedingObservationNewPeriod\"> </a></p><div style=\"display: inline-block; background-color: #d9e0e7; padding: 6px; margin: 4px; border: 1px solid #8da1b4; border-radius: 5px; line-height: 60%\"><p style=\"margin-bottom: 0px\">ResourceObservation &quot;RikkeFeedingObservationNewPeriod&quot; </p><p style=\"margin-bottom: 0px\">Profile: <a href=\"StructureDefinition-klgateway-children-feeding-observation.html\">KLGatewayChildrenFeedingObservation</a></p></div><p><b>status</b>: final</p><p><b>code</b>: Infant feeding method <span style=\"background: LightGoldenRodYellow; margin: 4px; border: 1px solid khaki\"> (<a href=\"https://browser.ihtsdotools.org/\">SNOMED CT</a>#169740003; <a href=\"http://fhir.kl.dk/term/2.0.0/CodeSystem-FBOE.html\">FBOE</a>#e61e4dab-54bb-4bf4-9b76-8d991cf4de08 &quot;Ernæring&quot;)</span></p><p><b>subject</b>: See on this page: Patient/Rikke</p><p><b>encounter</b>: See on this page: Encounter/2mthEncounter</p><p><b>effective</b>: 2020-06-28 00:00:00+0000 --&gt; (ongoing)</p><p><b>value</b>: Ammes som supplement til anden kost <span style=\"background: LightGoldenRodYellow; margin: 4px; border: 1px solid khaki\"> (<a href=\"http://fhir.kl.dk/term/2.0.0/CodeSystem-FBOE.html\">FBOE</a>#3edc905c-2830-442a-98cc-463cc3701dd1)</span></p></div>"
      },
      "status" : "final",
      "code" : {
        "coding" : [{
          "system" : "http://snomed.info/sct",
          "code" : "169740003",
          "display" : "Infant feeding method"
        },
        {
          "system" : "http://fhir.kl.dk/term/CodeSystem/FBOE",
          "code" : "e61e4dab-54bb-4bf4-9b76-8d991cf4de08",
          "display" : "Ernæring"
        }]
      },
      "subject" : {
        "reference" : "Patient/Rikke"
      },
      "encounter" : {
        "reference" : "Encounter/2mthEncounter"
      },
      "effectivePeriod" : {
        "start" : "2020-06-28T00:00:00.000Z"
      },
      "valueCodeableConcept" : {
        "coding" : [{
          "system" : "http://fhir.kl.dk/term/CodeSystem/FBOE",
          "code" : "3edc905c-2830-442a-98cc-463cc3701dd1",
          "display" : "Ammes som supplement til anden kost"
        }]
      }
    }
  },
  {
    "fullUrl" : "http://fhir.kl.dk/children/Observation/RikkeCommunication2mth",
    "resource" : {
      "resourceType" : "Observation",
      "id" : "RikkeCommunication2mth",
      "meta" : {
        "profile" : ["http://fhir.kl.dk/children/StructureDefinition/klgateway-children-communication"]
      },
      "text" : {
        "status" : "generated",
        "div" : "<div xmlns=\"http://www.w3.org/1999/xhtml\"><a name=\"Observation_RikkeCommunication2mth\"> </a><p><b>Generated Narrative: Observation </b><a name=\"RikkeCommunication2mth\"> </a><a name=\"hcRikkeCommunication2mth\"> </a></p><div style=\"display: inline-block; background-color: #d9e0e7; padding: 6px; margin: 4px; border: 1px solid #8da1b4; border-radius: 5px; line-height: 60%\"><p style=\"margin-bottom: 0px\">ResourceObservation &quot;RikkeCommunication2mth&quot; </p><p style=\"margin-bottom: 0px\">Profile: <a href=\"StructureDefinition-klgateway-children-communication.html\">KLGatewayChildrenIndicatorCommunication</a></p></div><p><b>status</b>: final</p><p><b>code</b>: Kommunikation <span style=\"background: LightGoldenRodYellow; margin: 4px; border: 1px solid khaki\"> (<a href=\"http://fhir.kl.dk/term/2.0.0/CodeSystem-FBOE.html\">FBOE</a>#653c2b0b-bb64-4906-888b-aea6fef3c3f8)</span></p><p><b>subject</b>: See on this page: Patient/Rikke</p><p><b>encounter</b>: See on this page: Encounter/2mthEncounter</p><p><b>effective</b>: 2020-07-07 00:00:00+0000</p><p><b>value</b>: Kommunikerer alderssvarende <span style=\"background: LightGoldenRodYellow; margin: 4px; border: 1px solid khaki\"> (<a href=\"http://fhir.kl.dk/term/2.0.0/CodeSystem-FBOE.html\">FBOE</a>#042d522d-0abe-46eb-a958-6e235b5d5408)</span></p></div>"
      },
      "status" : "final",
      "code" : {
        "coding" : [{
          "system" : "http://fhir.kl.dk/term/CodeSystem/FBOE",
          "code" : "653c2b0b-bb64-4906-888b-aea6fef3c3f8",
          "display" : "Kommunikation"
        }]
      },
      "subject" : {
        "reference" : "Patient/Rikke"
      },
      "encounter" : {
        "reference" : "Encounter/2mthEncounter"
      },
      "effectiveDateTime" : "2020-07-07T00:00:00.000Z",
      "valueCodeableConcept" : {
        "coding" : [{
          "system" : "http://fhir.kl.dk/term/CodeSystem/FBOE",
          "code" : "042d522d-0abe-46eb-a958-6e235b5d5408",
          "display" : "Kommunikerer alderssvarende"
        }]
      }
    }
  },
  {
    "fullUrl" : "http://fhir.kl.dk/children/Observation/RikkeSleep2mth",
    "resource" : {
      "resourceType" : "Observation",
      "id" : "RikkeSleep2mth",
      "meta" : {
        "profile" : ["http://fhir.kl.dk/children/StructureDefinition/klgateway-children-sleep"]
      },
      "text" : {
        "status" : "generated",
        "div" : "<div xmlns=\"http://www.w3.org/1999/xhtml\"><a name=\"Observation_RikkeSleep2mth\"> </a><p><b>Generated Narrative: Observation </b><a name=\"RikkeSleep2mth\"> </a><a name=\"hcRikkeSleep2mth\"> </a></p><div style=\"display: inline-block; background-color: #d9e0e7; padding: 6px; margin: 4px; border: 1px solid #8da1b4; border-radius: 5px; line-height: 60%\"><p style=\"margin-bottom: 0px\">ResourceObservation &quot;RikkeSleep2mth&quot; </p><p style=\"margin-bottom: 0px\">Profile: <a href=\"StructureDefinition-klgateway-children-sleep.html\">KLGatewayChildrenIndicatorSleep</a></p></div><p><b>status</b>: final</p><p><b>code</b>: Søvn <span style=\"background: LightGoldenRodYellow; margin: 4px; border: 1px solid khaki\"> (<a href=\"http://fhir.kl.dk/term/2.0.0/CodeSystem-FBOE.html\">FBOE</a>#73f981f8-455a-4158-b435-7c6d83ab84da)</span></p><p><b>subject</b>: See on this page: Patient/Rikke</p><p><b>encounter</b>: See on this page: Encounter/2mthEncounter</p><p><b>effective</b>: 2020-07-07 00:00:00+0000</p><p><b>value</b>: Søvn med normale variationer <span style=\"background: LightGoldenRodYellow; margin: 4px; border: 1px solid khaki\"> (<a href=\"http://fhir.kl.dk/term/2.0.0/CodeSystem-FBOE.html\">FBOE</a>#b07eec60-941d-484d-8c2a-aeaa2ba798bf)</span></p></div>"
      },
      "status" : "final",
      "code" : {
        "coding" : [{
          "system" : "http://fhir.kl.dk/term/CodeSystem/FBOE",
          "code" : "73f981f8-455a-4158-b435-7c6d83ab84da",
          "display" : "Søvn"
        }]
      },
      "subject" : {
        "reference" : "Patient/Rikke"
      },
      "encounter" : {
        "reference" : "Encounter/2mthEncounter"
      },
      "effectiveDateTime" : "2020-07-07T00:00:00.000Z",
      "valueCodeableConcept" : {
        "coding" : [{
          "system" : "http://fhir.kl.dk/term/CodeSystem/FBOE",
          "code" : "b07eec60-941d-484d-8c2a-aeaa2ba798bf",
          "display" : "Søvn med normale variationer"
        }]
      }
    }
  },
  {
    "fullUrl" : "http://fhir.kl.dk/children/Observation/RikkeMotorFunction2mth",
    "resource" : {
      "resourceType" : "Observation",
      "id" : "RikkeMotorFunction2mth",
      "meta" : {
        "profile" : ["http://fhir.kl.dk/children/StructureDefinition/klgateway-children-motor-function"]
      },
      "text" : {
        "status" : "generated",
        "div" : "<div xmlns=\"http://www.w3.org/1999/xhtml\"><a name=\"Observation_RikkeMotorFunction2mth\"> </a><p><b>Generated Narrative: Observation </b><a name=\"RikkeMotorFunction2mth\"> </a><a name=\"hcRikkeMotorFunction2mth\"> </a></p><div style=\"display: inline-block; background-color: #d9e0e7; padding: 6px; margin: 4px; border: 1px solid #8da1b4; border-radius: 5px; line-height: 60%\"><p style=\"margin-bottom: 0px\">ResourceObservation &quot;RikkeMotorFunction2mth&quot; </p><p style=\"margin-bottom: 0px\">Profile: <a href=\"StructureDefinition-klgateway-children-motor-function.html\">KLGatewayChildrenIndicatorMotorFunction</a></p></div><p><b>status</b>: final</p><p><b>code</b>: Motorik <span style=\"background: LightGoldenRodYellow; margin: 4px; border: 1px solid khaki\"> (<a href=\"http://fhir.kl.dk/term/2.0.0/CodeSystem-FBOE.html\">FBOE</a>#e04f2ca1-888a-4671-a97a-371b525cd2a3)</span></p><p><b>subject</b>: See on this page: Patient/Rikke</p><p><b>encounter</b>: See on this page: Encounter/2mthEncounter</p><p><b>effective</b>: 2020-07-07 00:00:00+0000</p><p><b>value</b>: Få tegn på udfordret motorik <span style=\"background: LightGoldenRodYellow; margin: 4px; border: 1px solid khaki\"> (<a href=\"http://fhir.kl.dk/term/2.0.0/CodeSystem-FBOE.html\">FBOE</a>#936a0163-08eb-4fdb-bf0c-bcf5bc7cb3f6)</span></p></div>"
      },
      "status" : "final",
      "code" : {
        "coding" : [{
          "system" : "http://fhir.kl.dk/term/CodeSystem/FBOE",
          "code" : "e04f2ca1-888a-4671-a97a-371b525cd2a3",
          "display" : "Motorik"
        }]
      },
      "subject" : {
        "reference" : "Patient/Rikke"
      },
      "encounter" : {
        "reference" : "Encounter/2mthEncounter"
      },
      "effectiveDateTime" : "2020-07-07T00:00:00.000Z",
      "valueCodeableConcept" : {
        "coding" : [{
          "system" : "http://fhir.kl.dk/term/CodeSystem/FBOE",
          "code" : "936a0163-08eb-4fdb-bf0c-bcf5bc7cb3f6",
          "display" : "Få tegn på udfordret motorik"
        }]
      }
    }
  },
  {
    "fullUrl" : "http://fhir.kl.dk/children/Observation/RikkeEyeContact2mth",
    "resource" : {
      "resourceType" : "Observation",
      "id" : "RikkeEyeContact2mth",
      "meta" : {
        "profile" : ["http://fhir.kl.dk/children/StructureDefinition/klgateway-children-exam-result"]
      },
      "text" : {
        "status" : "generated",
        "div" : "<div xmlns=\"http://www.w3.org/1999/xhtml\"><a name=\"Observation_RikkeEyeContact2mth\"> </a><p><b>Generated Narrative: Observation </b><a name=\"RikkeEyeContact2mth\"> </a><a name=\"hcRikkeEyeContact2mth\"> </a></p><div style=\"display: inline-block; background-color: #d9e0e7; padding: 6px; margin: 4px; border: 1px solid #8da1b4; border-radius: 5px; line-height: 60%\"><p style=\"margin-bottom: 0px\">ResourceObservation &quot;RikkeEyeContact2mth&quot; </p><p style=\"margin-bottom: 0px\">Profile: <a href=\"StructureDefinition-klgateway-children-exam-result.html\">KLGatewayChildrenExamResult</a></p></div><p><b>status</b>: final</p><p><b>code</b>: Clinical history/examination observable (observable entity) <span style=\"background: LightGoldenRodYellow; margin: 4px; border: 1px solid khaki\"> (<a href=\"https://browser.ihtsdotools.org/\">SNOMED CT</a>#363788007)</span></p><p><b>subject</b>: See on this page: Patient/Rikke</p><p><b>encounter</b>: See on this page: Encounter/2mthEncounter</p><p><b>effective</b>: 2020-07-07</p><p><b>value</b>: Afvigende øjenkontakt <span style=\"background: LightGoldenRodYellow; margin: 4px; border: 1px solid khaki\"> (<a href=\"http://fhir.kl.dk/term/2.0.0/CodeSystem-FBOE.html\">FBOE</a>#bfd18100-d007-4465-95ce-5bf2ac8bc091)</span></p></div>"
      },
      "status" : "final",
      "code" : {
        "coding" : [{
          "system" : "http://snomed.info/sct",
          "code" : "363788007"
        }]
      },
      "subject" : {
        "reference" : "Patient/Rikke"
      },
      "encounter" : {
        "reference" : "Encounter/2mthEncounter"
      },
      "effectiveDateTime" : "2020-07-07",
      "valueCodeableConcept" : {
        "coding" : [{
          "system" : "http://fhir.kl.dk/term/CodeSystem/FBOE",
          "code" : "bfd18100-d007-4465-95ce-5bf2ac8bc091",
          "display" : "Afvigende øjenkontakt"
        }]
      }
    }
  }]
}