{
  "resourceType" : "ValueSet",
  "id" : "ChildrenParentRelationshipCodes",
  "text" : {
    "status" : "extensions",
    "div" : "<div xmlns=\"http://www.w3.org/1999/xhtml\"><p class=\"res-header-id\"><b>Generated Narrative: ValueSet ChildrenParentRelationshipCodes</b></p><a name=\"ChildrenParentRelationshipCodes\"> </a><a name=\"hcChildrenParentRelationshipCodes\"> </a><a name=\"hcChildrenParentRelationshipCodes-en-US\"> </a><ul><li>Include these codes as defined in <a href=\"http://fhir.kl.dk/term/2.1.0/CodeSystem-FBOE.html\"><code>http://fhir.kl.dk/term/CodeSystem/FBOE</code></a><table class=\"none\"><tr><td style=\"white-space:nowrap\"><b>Code</b></td><td><b>Display</b></td><td><b>Definition</b></td></tr><tr><td><a href=\"http://fhir.kl.dk/term/2.1.0/CodeSystem-FBOE.html#FBOE-7a107df6-8fb8-4744-8413-be10b4c5c1d9\">7a107df6-8fb8-4744-8413-be10b4c5c1d9</a></td><td style=\"color: #cccccc\">Velfungerende forældre-barn-relation</td><td>Småbørn: Barnets fysiske og psykiske omsorgsbehov opfyldes. Fx får barnet mad, søvn og nærvær. Barnet viser tegn på tryg tilknytning til mindst én forælder.</td></tr><tr><td><a href=\"http://fhir.kl.dk/term/2.1.0/CodeSystem-FBOE.html#FBOE-274791a5-094d-4e6a-831e-e712d3d66aeb\">274791a5-094d-4e6a-831e-e712d3d66aeb</a></td><td style=\"color: #cccccc\">Let påvirket forældre-barn-relation</td><td>Småbørn: Barnets fysiske og psykiske omsorgsbehov opfyldes, men er påvirket, da forældrene ikke i tilstrækkelig grad tolker og/eller reagerer afstemt i forhold til barnets behov og signaler.</td></tr><tr><td><a href=\"http://fhir.kl.dk/term/2.1.0/CodeSystem-FBOE.html#FBOE-80aa0dab-aa41-45b1-a2cc-16d7e3733fdd\">80aa0dab-aa41-45b1-a2cc-16d7e3733fdd</a></td><td style=\"color: #cccccc\">Udfordring i forældre-barn-relation</td><td>Småbørn: Barnets fysiske eller psykiske omsorgsbehov opfyldes ikke. Forældrene reagerer ikke afstemt i forhold til barnets behov og signaler. Barnet viser tegn på utryg tilknytning til forældrene.</td></tr></table></li></ul></div>"
  },
  "url" : "http://fhir.kl.dk/children/ValueSet/ChildrenParentRelationshipCodes",
  "version" : "2.0.1",
  "name" : "ChildrenParentRelationshipCodes",
  "title" : "ForældreBarnRelationsKoder",
  "status" : "active",
  "experimental" : false,
  "date" : "2024-07-01T22:52:03+02:00",
  "publisher" : "Kommunernes Landsforening",
  "contact" : [{
    "name" : "Kommunernes Landsforening",
    "telecom" : [{
      "system" : "url",
      "value" : "http://kl.dk"
    }]
  }],
  "description" : "Mandatory result values for parent child relationship in small children and school children",
  "compose" : {
    "include" : [{
      "system" : "http://fhir.kl.dk/term/CodeSystem/FBOE",
      "concept" : [{
        "code" : "7a107df6-8fb8-4744-8413-be10b4c5c1d9"
      },
      {
        "code" : "274791a5-094d-4e6a-831e-e712d3d66aeb"
      },
      {
        "code" : "80aa0dab-aa41-45b1-a2cc-16d7e3733fdd"
      }]
    }]
  }
}