{
  "resourceType" : "ValueSet",
  "id" : "IndicatorCodesChildren",
  "text" : {
    "status" : "extensions",
    "div" : "<div xmlns=\"http://www.w3.org/1999/xhtml\"><ul><li>Include these codes as defined in <a href=\"http://fhir.kl.dk/term/1.1.0/CodeSystem-FBOE.html\"><code>http://fhir.kl.dk/term/CodeSystem/FBOE</code></a><table class=\"none\"><tr><td style=\"white-space:nowrap\"><b>Code</b></td><td><b>Display</b></td><td><b>Definition</b></td></tr><tr><td><a href=\"http://fhir.kl.dk/term/1.1.0/CodeSystem-FBOE.html#FBOE-2c39af9f-8e45-4c88-962f-e7a9e2cd31b6\">2c39af9f-8e45-4c88-962f-e7a9e2cd31b6</a></td><td style=\"color: #cccccc\">Forælders psykiske tilstand</td><td>Observation af psykisk tilstand når man er blevet forælder ifm. forebyggelsesindsats for småbørn</td></tr><tr><td><a href=\"http://fhir.kl.dk/term/1.1.0/CodeSystem-FBOE.html#FBOE-bee30064-8436-4762-83ed-e47d65f23fc6\">bee30064-8436-4762-83ed-e47d65f23fc6</a></td><td style=\"color: #cccccc\">Samvær, kontakt, forældre-barn relation</td><td>Observation af samvær, kontakt, forældre-barn relation ifm. forebyggelsesindsats for småbørn</td></tr><tr><td><a href=\"http://fhir.kl.dk/term/1.1.0/CodeSystem-FBOE.html#FBOE-e88ddd81-4aa5-4c84-89fb-52de961a7c17\">e88ddd81-4aa5-4c84-89fb-52de961a7c17</a></td><td style=\"color: #cccccc\">Signaler, reaktioner, kommunikation</td><td>Observation af signaler, reaktioner, kommunikation ifm. forebyggelsesindsats for småbørn</td></tr><tr><td><a href=\"http://fhir.kl.dk/term/1.1.0/CodeSystem-FBOE.html#FBOE-0701a892-2e6b-4b76-a041-97ceda78f973\">0701a892-2e6b-4b76-a041-97ceda78f973</a></td><td style=\"color: #cccccc\">Motorik</td><td>Observation af motorik ifm. forebyggelsesindsats for småbørn</td></tr><tr><td><a href=\"http://fhir.kl.dk/term/1.1.0/CodeSystem-FBOE.html#FBOE-bfc7062e-d529-4516-a698-fc87b339033a\">bfc7062e-d529-4516-a698-fc87b339033a</a></td><td style=\"color: #cccccc\">Søvn, døgnrytme</td><td>Observation af søvn, døgnrytme ifm. forebyggelsesindsats for småbørn</td></tr><tr><td><a href=\"http://fhir.kl.dk/term/1.1.0/CodeSystem-FBOE.html#FBOE-5f4a21bb-6314-477a-a0fe-7924ff83954a\">5f4a21bb-6314-477a-a0fe-7924ff83954a</a></td><td style=\"color: #cccccc\">Sprog</td><td>Observation af sprog ifm. indskolingsundersøgelse</td></tr><tr><td><a href=\"http://fhir.kl.dk/term/1.1.0/CodeSystem-FBOE.html#FBOE-2a8ebbc5-a4f0-485c-850f-1e95db492a6f\">2a8ebbc5-a4f0-485c-850f-1e95db492a6f</a></td><td style=\"color: #cccccc\">Evne til at gå</td><td>Observation af evne til at gå ifm. indskolingsundersøgelse</td></tr><tr><td><a href=\"http://fhir.kl.dk/term/1.1.0/CodeSystem-FBOE.html#FBOE-c61e0e57-b1fd-4e4a-9eb9-5086b14b7504\">c61e0e57-b1fd-4e4a-9eb9-5086b14b7504</a></td><td style=\"color: #cccccc\">Evne til at hoppe</td><td>Observation af evne til at hoppe ifm. indskolingsundersøgelse</td></tr><tr><td><a href=\"http://fhir.kl.dk/term/1.1.0/CodeSystem-FBOE.html#FBOE-5697e7df-3009-44d2-a495-ca8e4da167fb\">5697e7df-3009-44d2-a495-ca8e4da167fb</a></td><td style=\"color: #cccccc\">Evne til at holde balance</td><td>Observation af evne til at holde balance ifm. indskolingsundersøgelse</td></tr><tr><td><a href=\"http://fhir.kl.dk/term/1.1.0/CodeSystem-FBOE.html#FBOE-550cad89-6036-453f-9536-d1adb4eae879\">550cad89-6036-453f-9536-d1adb4eae879</a></td><td style=\"color: #cccccc\">Evne til at løbe gadedrengeløb</td><td>Observation af evne til at løbe gadedrengeløb ifm. indskolingsundersøgelse</td></tr><tr><td><a href=\"http://fhir.kl.dk/term/1.1.0/CodeSystem-FBOE.html#FBOE-1c4b0adf-cd19-42af-ba43-80c28fcbc7e3\">1c4b0adf-cd19-42af-ba43-80c28fcbc7e3</a></td><td style=\"color: #cccccc\">Evne til at stå på venstre ben</td><td>Observation af evne til at stå på venstre ben ifm. indskolingsundersøgelse</td></tr><tr><td><a href=\"http://fhir.kl.dk/term/1.1.0/CodeSystem-FBOE.html#FBOE-c05a5706-c0df-4a66-a6a1-a01e948d9326\">c05a5706-c0df-4a66-a6a1-a01e948d9326</a></td><td style=\"color: #cccccc\">Evne til at stå på højre ben</td><td>Observation af evne til at stå på højre ben ifm. indskolingsundersøgelse</td></tr><tr><td><a href=\"http://fhir.kl.dk/term/1.1.0/CodeSystem-FBOE.html#FBOE-0e24a41d-6bb6-4c84-89e1-5635cd4ea481\">0e24a41d-6bb6-4c84-89e1-5635cd4ea481</a></td><td style=\"color: #cccccc\">Evne til at kaste bold med højre hånd</td><td>Observation af evne til at kaste bold med højre hånd ifm. indskolingsundersøgelse</td></tr><tr><td><a href=\"http://fhir.kl.dk/term/1.1.0/CodeSystem-FBOE.html#FBOE-998d1b1e-b165-43c9-861f-0b620f753df3\">998d1b1e-b165-43c9-861f-0b620f753df3</a></td><td style=\"color: #cccccc\">Evne til at kaste bold med venstre hånd</td><td>Observation af evne til at kaste bold med venstre hånd ifm. indskolingsundersøgelse</td></tr><tr><td><a href=\"http://fhir.kl.dk/term/1.1.0/CodeSystem-FBOE.html#FBOE-a3e32326-283d-47db-af92-3d8554fb7977\">a3e32326-283d-47db-af92-3d8554fb7977</a></td><td style=\"color: #cccccc\">Evne til at gribe bold</td><td>Observation af evne til at gribe bold ifm. indskolingsundersøgelse</td></tr><tr><td><a href=\"http://fhir.kl.dk/term/1.1.0/CodeSystem-FBOE.html#FBOE-dfa9a5e4-c542-4491-8a4b-1dee0bab8b17\">dfa9a5e4-c542-4491-8a4b-1dee0bab8b17</a></td><td style=\"color: #cccccc\">Evne til at holde om en blyant</td><td>Observation af evne til at holde om en blyant ifm. indskolingsundersøgelse</td></tr><tr><td><a href=\"http://fhir.kl.dk/term/1.1.0/CodeSystem-FBOE.html#FBOE-f8d7fba7-acc4-4481-bb8d-4b3112f411a9\">f8d7fba7-acc4-4481-bb8d-4b3112f411a9</a></td><td style=\"color: #cccccc\">Fysisk aktivitet</td><td>Observation vedr. fysisk aktivitet ifm. indskolingsundersøgelse</td></tr><tr><td><a href=\"http://fhir.kl.dk/term/1.1.0/CodeSystem-FBOE.html#FBOE-d240cad7-04ca-4f36-9dd7-86fb1987856a\">d240cad7-04ca-4f36-9dd7-86fb1987856a</a></td><td style=\"color: #cccccc\">Mad og måltider</td><td>Observation vedr. mad og måltider ifm. indskolingsundersøgelse</td></tr><tr><td><a href=\"http://fhir.kl.dk/term/1.1.0/CodeSystem-FBOE.html#FBOE-51a91eca-5a66-4e1a-bbf7-be4ccf12810f\">51a91eca-5a66-4e1a-bbf7-be4ccf12810f</a></td><td style=\"color: #cccccc\">Relation, kontakt, omsorg</td><td>Observation vedr. forældre-barn relation, kontakt, omsorg ifm. indskolingsundersøgelse</td></tr><tr><td><a href=\"http://fhir.kl.dk/term/1.1.0/CodeSystem-FBOE.html#FBOE-58464451-5fbb-4607-871d-1e01212c38d7\">58464451-5fbb-4607-871d-1e01212c38d7</a></td><td style=\"color: #cccccc\">Sundhedsplejerskens observationer og kontakt</td><td>Observation vedr. sundhedsplejerskens observationer og kontakt med barnet ifm. indskolingsundersøgelse</td></tr><tr><td><a href=\"http://fhir.kl.dk/term/1.1.0/CodeSystem-FBOE.html#FBOE-7dbe4d6a-a486-4d8a-bd85-d8803ecb9688\">7dbe4d6a-a486-4d8a-bd85-d8803ecb9688</a></td><td style=\"color: #cccccc\">Synstest</td><td>Observation vedr. synstest ifm indskolingsundersøgelse</td></tr><tr><td><a href=\"http://fhir.kl.dk/term/1.1.0/CodeSystem-FBOE.html#FBOE-877a3705-ddd4-4e54-a6eb-f94a95276f99\">877a3705-ddd4-4e54-a6eb-f94a95276f99</a></td><td style=\"color: #cccccc\">Høretest</td><td>Observation vedr. høretest ifm. indskolingsundersøgelse</td></tr><tr><td><a href=\"http://fhir.kl.dk/term/1.1.0/CodeSystem-FBOE.html#FBOE-da541ade-cbc9-4377-bff7-5ec153c93a89\">da541ade-cbc9-4377-bff7-5ec153c93a89</a></td><td style=\"color: #cccccc\">Fysisk trivsel</td><td>Observation vedr. fysisk trivsel ifm. udskolingsundersøgelse</td></tr><tr><td><a href=\"http://fhir.kl.dk/term/1.1.0/CodeSystem-FBOE.html#FBOE-20a41422-1ea1-483e-8070-7ffd79c493c0\">20a41422-1ea1-483e-8070-7ffd79c493c0</a></td><td style=\"color: #cccccc\">Søvn/træthed</td><td>Observation vedr. søvn/træthed ifm. udskolingsundersøgelse</td></tr><tr><td><a href=\"http://fhir.kl.dk/term/1.1.0/CodeSystem-FBOE.html#FBOE-089c064d-3e14-47d2-9e34-b753fcf18c7a\">089c064d-3e14-47d2-9e34-b753fcf18c7a</a></td><td style=\"color: #cccccc\">Spisning, kost og motion</td><td>Observation vedr. spisning, kost og motion ifm. udskolingsundersøgelse</td></tr><tr><td><a href=\"http://fhir.kl.dk/term/1.1.0/CodeSystem-FBOE.html#FBOE-933d7ded-0c10-48e0-9645-b84b7c8946c7\">933d7ded-0c10-48e0-9645-b84b7c8946c7</a></td><td style=\"color: #cccccc\">Trivsel</td><td>Observation vedr. trivsel ifm. udskolingsundersøgelse</td></tr><tr><td><a href=\"http://fhir.kl.dk/term/1.1.0/CodeSystem-FBOE.html#FBOE-ae0bc3c6-7084-4e62-8e83-427f14a09646\">ae0bc3c6-7084-4e62-8e83-427f14a09646</a></td><td style=\"color: #cccccc\">Seksuel adfærd</td><td>Observation vedr. seksuel adfærd ifm. udskolingsundersøgelse</td></tr><tr><td><a href=\"http://fhir.kl.dk/term/1.1.0/CodeSystem-FBOE.html#FBOE-aeded840-d8da-408e-bb6d-d2d8560a6b79\">aeded840-d8da-408e-bb6d-d2d8560a6b79</a></td><td style=\"color: #cccccc\">Alkohol</td><td>Observation vedr. alkohol ifm. udskolingsundersøgelse</td></tr><tr><td><a href=\"http://fhir.kl.dk/term/1.1.0/CodeSystem-FBOE.html#FBOE-d59a5f7f-805c-44a6-9ab7-a4e7a1d9bd1e\">d59a5f7f-805c-44a6-9ab7-a4e7a1d9bd1e</a></td><td style=\"color: #cccccc\">Andre rusmidler</td><td>Observation vedr. andre rusmidler ifm. udskolingsundersøgelse</td></tr><tr><td><a href=\"http://fhir.kl.dk/term/1.1.0/CodeSystem-FBOE.html#FBOE-5a517611-64d6-4ebd-af33-f2b30d0ad874\">5a517611-64d6-4ebd-af33-f2b30d0ad874</a></td><td style=\"color: #cccccc\">Mental sundhed</td><td>Observation vedr. mental sundhed ifm. udskolingsundersøgelse</td></tr><tr><td><a href=\"http://fhir.kl.dk/term/1.1.0/CodeSystem-FBOE.html#FBOE-9069b5aa-d62c-48f9-a0d9-d17ecd12920a\">9069b5aa-d62c-48f9-a0d9-d17ecd12920a</a></td><td style=\"color: #cccccc\">Syntest</td><td>Observation vedr. syntest ifm. udskolingsundersøgelse</td></tr><tr><td><a href=\"http://fhir.kl.dk/term/1.1.0/CodeSystem-FBOE.html#FBOE-6be08133-feca-4d2f-a45d-cb36d141011e\">6be08133-feca-4d2f-a45d-cb36d141011e</a></td><td style=\"color: #cccccc\">Høretest</td><td>Observation vedr. høretest ifm. udskolingsundersøgelse</td></tr></table></li></ul></div>"
  },
  "url" : "http://fhir.kl.dk/children/ValueSet/IndicatorCodesChildren",
  "version" : "1.0.0",
  "name" : "IndicatorCodesChildren",
  "title" : "IndicatorCodesChildren",
  "status" : "active",
  "experimental" : false,
  "date" : "2023-09-30T15:40:30+02:00",
  "publisher" : "Kommunernes Landsforening",
  "contact" : [{
    "name" : "Kommunernes Landsforening",
    "telecom" : [{
      "system" : "url",
      "value" : "http://kl.dk"
    }]
  }],
  "description" : "Indicator-observables for parents and children",
  "compose" : {
    "include" : [{
      "system" : "http://fhir.kl.dk/term/CodeSystem/FBOE",
      "concept" : [{
        "code" : "2c39af9f-8e45-4c88-962f-e7a9e2cd31b6"
      },
      {
        "code" : "bee30064-8436-4762-83ed-e47d65f23fc6"
      },
      {
        "code" : "e88ddd81-4aa5-4c84-89fb-52de961a7c17"
      },
      {
        "code" : "0701a892-2e6b-4b76-a041-97ceda78f973"
      },
      {
        "code" : "bfc7062e-d529-4516-a698-fc87b339033a"
      },
      {
        "code" : "5f4a21bb-6314-477a-a0fe-7924ff83954a"
      },
      {
        "code" : "2a8ebbc5-a4f0-485c-850f-1e95db492a6f"
      },
      {
        "code" : "c61e0e57-b1fd-4e4a-9eb9-5086b14b7504"
      },
      {
        "code" : "5697e7df-3009-44d2-a495-ca8e4da167fb"
      },
      {
        "code" : "550cad89-6036-453f-9536-d1adb4eae879"
      },
      {
        "code" : "1c4b0adf-cd19-42af-ba43-80c28fcbc7e3"
      },
      {
        "code" : "c05a5706-c0df-4a66-a6a1-a01e948d9326"
      },
      {
        "code" : "0e24a41d-6bb6-4c84-89e1-5635cd4ea481"
      },
      {
        "code" : "998d1b1e-b165-43c9-861f-0b620f753df3"
      },
      {
        "code" : "a3e32326-283d-47db-af92-3d8554fb7977"
      },
      {
        "code" : "dfa9a5e4-c542-4491-8a4b-1dee0bab8b17"
      },
      {
        "code" : "f8d7fba7-acc4-4481-bb8d-4b3112f411a9"
      },
      {
        "code" : "d240cad7-04ca-4f36-9dd7-86fb1987856a"
      },
      {
        "code" : "51a91eca-5a66-4e1a-bbf7-be4ccf12810f"
      },
      {
        "code" : "58464451-5fbb-4607-871d-1e01212c38d7"
      },
      {
        "code" : "7dbe4d6a-a486-4d8a-bd85-d8803ecb9688"
      },
      {
        "code" : "877a3705-ddd4-4e54-a6eb-f94a95276f99"
      },
      {
        "code" : "da541ade-cbc9-4377-bff7-5ec153c93a89"
      },
      {
        "code" : "20a41422-1ea1-483e-8070-7ffd79c493c0"
      },
      {
        "code" : "089c064d-3e14-47d2-9e34-b753fcf18c7a"
      },
      {
        "code" : "933d7ded-0c10-48e0-9645-b84b7c8946c7"
      },
      {
        "code" : "ae0bc3c6-7084-4e62-8e83-427f14a09646"
      },
      {
        "code" : "aeded840-d8da-408e-bb6d-d2d8560a6b79"
      },
      {
        "code" : "d59a5f7f-805c-44a6-9ab7-a4e7a1d9bd1e"
      },
      {
        "code" : "5a517611-64d6-4ebd-af33-f2b30d0ad874"
      },
      {
        "code" : "9069b5aa-d62c-48f9-a0d9-d17ecd12920a"
      },
      {
        "code" : "6be08133-feca-4d2f-a45d-cb36d141011e"
      }]
    }]
  }
}