{
  "resourceType" : "ValueSet",
  "id" : "EncounterTypes",
  "text" : {
    "status" : "generated",
    "div" : "<div xmlns=\"http://www.w3.org/1999/xhtml\"><p>This value set includes codes based on the following rules:</p><ul><li>Include codes from <a href=\"http://fhir.kl.dk/term/1.1.0/CodeSystem-FBOE.html\"><code>http://fhir.kl.dk/term/CodeSystem/FBOE</code></a> where concept  is-a  <a href=\"http://fhir.kl.dk/term/1.1.0/CodeSystem-FBOE.html#FBOE-6c2a4f15-d775-47f3-9868-b26fbff9ff8b\">6c2a4f15-d775-47f3-9868-b26fbff9ff8b</a></li><li>Include codes from <a href=\"http://fhir.kl.dk/term/1.1.0/CodeSystem-FBOE.html\"><code>http://fhir.kl.dk/term/CodeSystem/FBOE</code></a> where concept  is-a  <a href=\"http://fhir.kl.dk/term/1.1.0/CodeSystem-FBOE.html#FBOE-4b039ba1-4005-42e6-b672-09b81ad7578a\">4b039ba1-4005-42e6-b672-09b81ad7578a</a></li><li>Include codes from <a href=\"http://fhir.kl.dk/term/1.1.0/CodeSystem-FBOE.html\"><code>http://fhir.kl.dk/term/CodeSystem/FBOE</code></a> where concept  is-a  <a href=\"http://fhir.kl.dk/term/1.1.0/CodeSystem-FBOE.html#FBOE-b30f139c-fac5-416e-b84a-a3429f0222c2\">b30f139c-fac5-416e-b84a-a3429f0222c2</a></li><li>Include codes from <a href=\"http://fhir.kl.dk/term/1.1.0/CodeSystem-FBOE.html\"><code>http://fhir.kl.dk/term/CodeSystem/FBOE</code></a> where concept  is-a  <a href=\"http://fhir.kl.dk/term/1.1.0/CodeSystem-FBOE.html#FBOE-9f3d853c-88d3-47e9-92a1-c7bbe0f9b4eb\">9f3d853c-88d3-47e9-92a1-c7bbe0f9b4eb</a></li><li>Include codes from <a href=\"http://fhir.kl.dk/term/1.1.0/CodeSystem-FBOE.html\"><code>http://fhir.kl.dk/term/CodeSystem/FBOE</code></a> where concept  is-a  <a href=\"http://fhir.kl.dk/term/1.1.0/CodeSystem-FBOE.html#FBOE-606c6585-444b-4ecd-885c-2ee59dc33f32\">606c6585-444b-4ecd-885c-2ee59dc33f32</a></li><li>Include codes from <a href=\"http://fhir.kl.dk/term/1.1.0/CodeSystem-FBOE.html\"><code>http://fhir.kl.dk/term/CodeSystem/FBOE</code></a> where concept  is-a  <a href=\"http://fhir.kl.dk/term/1.1.0/CodeSystem-FBOE.html#FBOE-17f5f9fa-3e1c-42fe-9ef3-178bc7900f67\">17f5f9fa-3e1c-42fe-9ef3-178bc7900f67</a></li></ul></div>"
  },
  "url" : "http://fhir.kl.dk/children/ValueSet/EncounterTypes",
  "version" : "1.0.0",
  "name" : "EncounterTypes",
  "title" : "EncounterTypes",
  "status" : "active",
  "experimental" : false,
  "date" : "2023-09-30T15:40:30+02:00",
  "publisher" : "Kommunernes Landsforening",
  "contact" : [{
    "name" : "Kommunernes Landsforening",
    "telecom" : [{
      "system" : "url",
      "value" : "http://kl.dk"
    }]
  }],
  "description" : "Extension on encountertype valueset, to be implemented in KL-term and FKI, does not use exciting codes only those specific to childrens nursing",
  "compose" : {
    "include" : [{
      "system" : "http://fhir.kl.dk/term/CodeSystem/FBOE",
      "filter" : [{
        "property" : "concept",
        "op" : "is-a",
        "value" : "6c2a4f15-d775-47f3-9868-b26fbff9ff8b"
      }]
    },
    {
      "system" : "http://fhir.kl.dk/term/CodeSystem/FBOE",
      "filter" : [{
        "property" : "concept",
        "op" : "is-a",
        "value" : "4b039ba1-4005-42e6-b672-09b81ad7578a"
      }]
    },
    {
      "system" : "http://fhir.kl.dk/term/CodeSystem/FBOE",
      "filter" : [{
        "property" : "concept",
        "op" : "is-a",
        "value" : "b30f139c-fac5-416e-b84a-a3429f0222c2"
      }]
    },
    {
      "system" : "http://fhir.kl.dk/term/CodeSystem/FBOE",
      "filter" : [{
        "property" : "concept",
        "op" : "is-a",
        "value" : "9f3d853c-88d3-47e9-92a1-c7bbe0f9b4eb"
      }]
    },
    {
      "system" : "http://fhir.kl.dk/term/CodeSystem/FBOE",
      "filter" : [{
        "property" : "concept",
        "op" : "is-a",
        "value" : "606c6585-444b-4ecd-885c-2ee59dc33f32"
      }]
    },
    {
      "system" : "http://fhir.kl.dk/term/CodeSystem/FBOE",
      "filter" : [{
        "property" : "concept",
        "op" : "is-a",
        "value" : "17f5f9fa-3e1c-42fe-9ef3-178bc7900f67"
      }]
    }]
  }
}