{
  "resourceType" : "ValueSet",
  "id" : "SocialSupportNetworkCodes",
  "text" : {
    "status" : "extensions",
    "div" : "<div xmlns=\"http://www.w3.org/1999/xhtml\"><ul><li>Include these codes as defined in <a href=\"http://fhir.kl.dk/term/2.0.0/CodeSystem-FBOE.html\"><code>http://fhir.kl.dk/term/CodeSystem/FBOE</code></a><table class=\"none\"><tr><td style=\"white-space:nowrap\"><b>Code</b></td><td><b>Display</b></td><td><b>Definition</b></td></tr><tr><td><a href=\"http://fhir.kl.dk/term/2.0.0/CodeSystem-FBOE.html#FBOE-fbd9a8a5-0ed6-4e1a-9841-066ade34b071\">fbd9a8a5-0ed6-4e1a-9841-066ade34b071</a></td><td style=\"color: #cccccc\">Godt netværk</td><td>Småbørn: Familien har et godt netværk og oplever at få hjælp og støtte med til omsorgen for barnet. Fx aflastning ved sygdom.</td></tr><tr><td><a href=\"http://fhir.kl.dk/term/2.0.0/CodeSystem-FBOE.html#FBOE-983ff338-2e77-413d-b157-66d0141a4a96\">983ff338-2e77-413d-b157-66d0141a4a96</a></td><td style=\"color: #cccccc\">Sparsomt netværk</td><td>Småbørn: Familien har et sparsomt netværk eller føler sig på anden måde isolerede med deres barn.</td></tr></table></li></ul></div>"
  },
  "url" : "http://fhir.kl.dk/children/ValueSet/SocialSupportNetworkCodes",
  "version" : "2.0.1",
  "name" : "SocialSupportNetworkCodes",
  "title" : "NetværkKoder",
  "status" : "active",
  "experimental" : false,
  "date" : "2024-06-21T14:15:43+02:00",
  "publisher" : "Kommunernes Landsforening",
  "contact" : [{
    "name" : "Kommunernes Landsforening",
    "telecom" : [{
      "system" : "url",
      "value" : "http://kl.dk"
    }]
  }],
  "description" : "Mandatory result values for social support network of the family",
  "compose" : {
    "include" : [{
      "system" : "http://fhir.kl.dk/term/CodeSystem/FBOE",
      "concept" : [{
        "code" : "fbd9a8a5-0ed6-4e1a-9841-066ade34b071"
      },
      {
        "code" : "983ff338-2e77-413d-b157-66d0141a4a96"
      }]
    }]
  }
}