{
  "resourceType" : "ValueSet",
  "id" : "ObservationUnitsWeight",
  "text" : {
    "status" : "generated",
    "div" : "<div xmlns=\"http://www.w3.org/1999/xhtml\"><ul><li>Include these codes as defined in <a href=\"http://unitsofmeasure.org\"><code>http://unitsofmeasure.org</code></a><table class=\"none\"><tr><td style=\"white-space:nowrap\"><b>Code</b></td><td><b>Display</b></td></tr><tr><td>kg</td><td style=\"color: #cccccc\">kg</td></tr><tr><td>g</td><td style=\"color: #cccccc\">g</td></tr></table></li></ul></div>"
  },
  "url" : "http://fhir.kl.dk/children/ValueSet/ObservationUnitsWeight",
  "version" : "2.0.1",
  "name" : "ObservationUnitsWeight",
  "title" : "ObservationsEnhederVægt",
  "status" : "active",
  "experimental" : false,
  "date" : "2024-06-21T14:15:43+02:00",
  "publisher" : "Kommunernes Landsforening",
  "contact" : [{
    "name" : "Kommunernes Landsforening",
    "telecom" : [{
      "system" : "url",
      "value" : "http://kl.dk"
    }]
  }],
  "description" : "UCUM units for childrens weight",
  "compose" : {
    "include" : [{
      "system" : "http://unitsofmeasure.org",
      "concept" : [{
        "code" : "kg"
      },
      {
        "code" : "g"
      }]
    }]
  }
}