{
  "resourceType" : "ValueSet",
  "id" : "HearingCodes",
  "text" : {
    "status" : "extensions",
    "div" : "<div xmlns=\"http://www.w3.org/1999/xhtml\"><ul><li>Include these codes as defined in <a href=\"http://fhir.kl.dk/term/2.0.0/CodeSystem-FBOE.html\"><code>http://fhir.kl.dk/term/CodeSystem/FBOE</code></a><table class=\"none\"><tr><td style=\"white-space:nowrap\"><b>Code</b></td><td><b>Display</b></td><td><b>Definition</b></td></tr><tr><td><a href=\"http://fhir.kl.dk/term/2.0.0/CodeSystem-FBOE.html#FBOE-9628db65-7460-4ecc-bbb1-48c0ac4b3f02\">9628db65-7460-4ecc-bbb1-48c0ac4b3f02</a></td><td style=\"color: #cccccc\">Normal hørelse</td><td>Skolebørn: Screening viser intet problem med hørelse.</td></tr><tr><td><a href=\"http://fhir.kl.dk/term/2.0.0/CodeSystem-FBOE.html#FBOE-c4c79311-ba80-4890-9008-c2f62ab00eda\">c4c79311-ba80-4890-9008-c2f62ab00eda</a></td><td style=\"color: #cccccc\">Potentielt problem med hørelse</td><td>Skolebørn: Screening viser potentielt problem med hørelse. Barnets hørelse skal undersøges nærmere.</td></tr><tr><td><a href=\"http://fhir.kl.dk/term/2.0.0/CodeSystem-FBOE.html#FBOE-4d4b20b6-0159-4014-ac1c-46a7a860b204\">4d4b20b6-0159-4014-ac1c-46a7a860b204</a></td><td style=\"color: #cccccc\">Allerede kendt høreproblematik</td><td>Skolebørn: Barnet har en allerede kendt høreproblematik, som er identificeret ved tidligere undersøgelse(r) af barnets hørelse. Tidligere undersøgelser behøver ikke nødvendigvis at være foretaget af sundhedsplejen.</td></tr></table></li></ul></div>"
  },
  "url" : "http://fhir.kl.dk/children/ValueSet/HearingCodes",
  "version" : "2.0.1",
  "name" : "HearingCodes",
  "title" : "HørelseKoder",
  "status" : "active",
  "experimental" : false,
  "date" : "2024-06-21T14:15:43+02:00",
  "publisher" : "Kommunernes Landsforening",
  "contact" : [{
    "name" : "Kommunernes Landsforening",
    "telecom" : [{
      "system" : "url",
      "value" : "http://kl.dk"
    }]
  }],
  "description" : "Mandatory result values for hearning in school children",
  "compose" : {
    "include" : [{
      "system" : "http://fhir.kl.dk/term/CodeSystem/FBOE",
      "concept" : [{
        "code" : "9628db65-7460-4ecc-bbb1-48c0ac4b3f02"
      },
      {
        "code" : "c4c79311-ba80-4890-9008-c2f62ab00eda"
      },
      {
        "code" : "4d4b20b6-0159-4014-ac1c-46a7a860b204"
      }]
    }]
  }
}