{
  "resourceType" : "ValueSet",
  "id" : "BodyweightSCTobservablesChildren",
  "text" : {
    "status" : "generated",
    "div" : "<div xmlns=\"http://www.w3.org/1999/xhtml\"><ul><li>Include these codes as defined in <a href=\"http://www.snomed.org/\"><code>http://snomed.info/sct</code></a><table class=\"none\"><tr><td style=\"white-space:nowrap\"><b>Code</b></td><td><b>Display</b></td></tr><tr><td><a href=\"CodeSystem-SNOMED-CT-INT.html#SNOMED-CT-INT-425024002\">425024002</a></td><td style=\"color: #cccccc\">Body weight without shoes</td></tr></table></li></ul></div>"
  },
  "url" : "http://fhir.kl.dk/children/ValueSet/BodyweightSCTobservablesChildren",
  "version" : "1.0.0",
  "name" : "BodyweightSCTobservablesChildren",
  "title" : "BodyweightSCTobservablesChildren",
  "status" : "active",
  "experimental" : false,
  "date" : "2023-09-30T15:40:30+02:00",
  "publisher" : "Kommunernes Landsforening",
  "contact" : [{
    "name" : "Kommunernes Landsforening",
    "telecom" : [{
      "system" : "url",
      "value" : "http://kl.dk"
    }]
  }],
  "description" : "SNOMED CT observables for weight",
  "compose" : {
    "include" : [{
      "system" : "http://snomed.info/sct",
      "concept" : [{
        "code" : "425024002"
      }]
    }]
  }
}