{
  "resourceType" : "Practitioner",
  "id" : "AnneFraHvidbjerghus",
  "meta" : {
    "profile" : ["http://fhir.kl.dk/core/StructureDefinition/KLCommonPractitioner"]
  },
  "text" : {
    "status" : "generated",
    "div" : "<div xmlns=\"http://www.w3.org/1999/xhtml\"><p><b>Generated Narrative: Practitioner</b><a name=\"AnneFraHvidbjerghus\"> </a></p><div style=\"display: inline-block; background-color: #d9e0e7; padding: 6px; margin: 4px; border: 1px solid #8da1b4; border-radius: 5px; line-height: 60%\"><p style=\"margin-bottom: 0px\">Resource Practitioner &quot;AnneFraHvidbjerghus&quot; </p><p style=\"margin-bottom: 0px\">Profile: <a href=\"StructureDefinition-KLCommonPractitioner.html\">Practioner</a></p></div><p><b>name</b>: Anne Hansen </p></div>"
  },
  "name" : [{
    "family" : "Hansen",
    "given" : ["Anne"]
  }]
}