{
  "resourceType" : "ValueSet",
  "id" : "KLInformationGatheringInvestigationCodes",
  "text" : {
    "status" : "generated",
    "div" : "<div xmlns=\"http://www.w3.org/1999/xhtml\"><ul><li>Import all the codes that are contained in <a href=\"http://fhir.kl.dk/term/1.0.0/ValueSet-KLInformationGatheringInvestigationCodes.html\">KLOplysningsaktivitetsOgVurderingskoder</a></li></ul></div>"
  },
  "url" : "http://fhir.kl.dk/core/ValueSet/KLInformationGatheringInvestigationCodes",
  "version" : "1.2.0",
  "name" : "KLInformationGatheringInvestigationCodes",
  "title" : "KLOplysningsaktivitetsOgVurderingskoder",
  "status" : "draft",
  "date" : "2023-06-07T16:28:58+02:00",
  "publisher" : "Kommunernes landsforening",
  "contact" : [{
    "name" : "Kommunernes landsforening",
    "telecom" : [{
      "system" : "url",
      "value" : "http://kl.dk"
    }]
  }],
  "description" : "Codes that identify valid items in an investigation in Danish municipalities",
  "compose" : {
    "include" : [{
      "valueSet" : ["http://fhir.kl.dk/term/ValueSet/KLInformationGatheringInvestigationCodes"]
    }]
  }
}