{
  "resourceType" : "ValueSet",
  "id" : "KLPreventionInterventionsFSIII",
  "text" : {
    "status" : "generated",
    "div" : "<div xmlns=\"http://www.w3.org/1999/xhtml\"><ul><li>Import all the codes that are contained in <a href=\"http://fhir.kl.dk/term/1.0.0/ValueSet-KLPreventionInterventionsFSIII.html\">KLForebyggelseIndsatserFSIII</a></li></ul></div>"
  },
  "url" : "http://fhir.kl.dk/core/ValueSet/KLPreventionInterventionsFSIII",
  "version" : "1.2.0",
  "name" : "KLPreventionInterventionsFSIII",
  "title" : "KLForebyggelseIndsatserFSIII",
  "status" : "draft",
  "date" : "2023-06-07T16:28:58+02:00",
  "publisher" : "Kommunernes landsforening",
  "contact" : [{
    "name" : "Kommunernes landsforening",
    "telecom" : [{
      "system" : "url",
      "value" : "http://kl.dk"
    }]
  }],
  "description" : "Prevention and health promotion interventions as defined by FSIII",
  "compose" : {
    "include" : [{
      "valueSet" : ["http://fhir.kl.dk/term/ValueSet/KLPreventionInterventionsFSIII"]
    }]
  }
}