<?xml version="1.0" encoding="UTF-8"?>

<CarePlan xmlns="http://hl7.org/fhir">
  <id value="RuddiFunctionalTraening"/>
  <meta>
    <profile value="http://fhir.kl.dk/rehab/StructureDefinition/klgateway-140-planned-intervention"/>
  </meta>
  <text>
    <status value="extensions"/><div xmlns="http://www.w3.org/1999/xhtml"><p class="res-header-id"><b>Generated Narrative: CarePlan RuddiFunctionalTraening</b></p><a name="RuddiFunctionalTraening"> </a><a name="hcRuddiFunctionalTraening"> </a><a name="RuddiFunctionalTraening-en-US"> </a><p><b>basedOnServiceRequestExtension</b>: <a href="ServiceRequest-RuddiGGOPInformation.html">ServiceRequest Kommunal genoptræning efter sygehusophold</a></p><p><b>basedOn</b>: <a href="CarePlan-RuddiTraeningsforloeb.html">CarePlan: extension = -&gt;ServiceRequest Kommunal genoptræning efter sygehusophold; status = active; intent = plan; category = Interventionsforløb efter §140; period = 2022-05-30 --&gt; (ongoing)</a></p><p><b>status</b>: Active</p><p><b>intent</b>: Plan</p><p><b>subject</b>: <a href="Patient-RuddiTestBerggren.html">Anonymous Patient (no stated gender), DoB Unknown ( urn:oid:1.2.208.176.1.2#1502779995 (use: official, ))</a></p><p><b>period</b>: 2022-05-30 --&gt; (ongoing)</p><blockquote><p><b>activity</b></p><h3>Details</h3><table class="grid"><tr><td style="display: none">-</td><td><b>Extension</b></td><td><b>Code</b></td><td><b>Status</b></td></tr><tr><td style="display: none">*</td><td/><td><span title="Codes:{urn:oid:1.2.208.176.2.21 58293f63-00d7-4730-8dbc-c784d40f9e23}">Funktionstræning</span></td><td>In Progress</td></tr></table></blockquote></div>
  </text>
  <extension url="http://fhir.kl.dk/rehab/StructureDefinition/BasedOnServiceRequestExtension">
    <valueReference>
      <reference value="ServiceRequest/RuddiGGOPInformation"/>
    </valueReference>
  </extension>
  <basedOn>
    <reference value="CarePlan/RuddiTraeningsforloeb"/>
  </basedOn>
  <status value="active"/>
  <intent value="plan"/>
  <subject>
    <reference value="Patient/RuddiTestBerggren"/>
  </subject>
  <period>
    <start value="2022-05-30"/>
  </period>
  <activity>
    <detail>
      <extension url="http://fhir.kl.dk/rehab/StructureDefinition/DeliveryType">
        <valueCodeableConcept>
          <coding>
            <system value="http://fhir.kl.dk/term/CodeSystem/CareSocialCodes"/>
            <code value="2865f123-15a7-4a36-a514-32ea37c400ca"/>
            <display value="Gruppebaseret indsats"/>
          </coding>
        </valueCodeableConcept>
      </extension>
      <code>
        <coding>
          <system value="urn:oid:1.2.208.176.2.21"/>
          <code value="58293f63-00d7-4730-8dbc-c784d40f9e23"/>
          <display value="Funktionstræning"/>
        </coding>
      </code>
      <status value="in-progress"/>
    </detail>
  </activity>
</CarePlan>