<?xml version="1.0" encoding="UTF-8"?>

<ServiceRequest xmlns="http://hl7.org/fhir">
  <id value="RuddiGGOPInformation"/>
  <meta>
    <profile value="http://fhir.kl.dk/rehab/StructureDefinition/klgateway-140-servicerequest"/>
  </meta>
  <text>
    <status value="extensions"/><div xmlns="http://www.w3.org/1999/xhtml"><p class="res-header-id"><b>Generated Narrative: ServiceRequest RuddiGGOPInformation</b></p><a name="RuddiGGOPInformation"> </a><a name="hcRuddiGGOPInformation"> </a><a name="RuddiGGOPInformation-en-US"> </a><p><b>PreconditionDate</b>: 2022-05-24</p><p><b>status</b>: Active</p><p><b>intent</b>: Plan</p><p><b>category</b>: <span title="Codes:{http://fhir.kl.dk/term/CodeSystem/CareSocialCodes ffd81f78-352e-4589-a195-5350dd1df2a4}">almen</span>, <span title="Codes:{http://fhir.kl.dk/term/CodeSystem/CareSocialCodes 8b962281-2ab6-4b10-9c91-4bac592d6d49}">basal</span></p><p><b>code</b>: <span title="Codes:{http://fhir.kl.dk/term/CodeSystem/CareSocialCodes 7fc66c15-0cb3-4c89-9e18-f3a01e6a6592}">Kommunal genoptræning efter sygehusophold</span></p><p><b>subject</b>: <a href="Patient-RuddiTestBerggren.html">Anonymous Patient (no stated gender), DoB Unknown ( urn:oid:1.2.208.176.1.2#1502779995 (use: official, ))</a></p><p><b>occurrence</b>: 2022-05-28 --&gt; (ongoing)</p><p><b>authoredOn</b>: 2022-05-23</p><p><b>requester</b>: <a href="Organization-AfsenderAfRuddisGGOP.html">Organization: identifier = urn:oid:1.2.208.176.1.1#227871000016001 (use: official, )</a></p><p><b>reasonReference</b>: <a href="Condition-RuddiAktionsdiagnoseGGOP.html">Condition Pertrokantær femurfraktur</a></p></div>
  </text>
  <extension url="http://fhir.kl.dk/rehab/StructureDefinition/PreconditionDate">
    <valueDate value="2022-05-24"/>
  </extension>
  <status value="active"/>
  <intent value="plan"/>
  <category>
    <coding>
      <system value="http://fhir.kl.dk/term/CodeSystem/CareSocialCodes"/>
      <code value="ffd81f78-352e-4589-a195-5350dd1df2a4"/>
      <display value="almen"/>
    </coding>
  </category>
  <category>
    <coding>
      <system value="http://fhir.kl.dk/term/CodeSystem/CareSocialCodes"/>
      <code value="8b962281-2ab6-4b10-9c91-4bac592d6d49"/>
      <display value="basal"/>
    </coding>
  </category>
  <code>
    <coding>
      <system value="http://fhir.kl.dk/term/CodeSystem/CareSocialCodes"/>
      <code value="7fc66c15-0cb3-4c89-9e18-f3a01e6a6592"/>
    </coding>
  </code>
  <subject>
    <reference value="Patient/RuddiTestBerggren"/>
  </subject>
  <occurrencePeriod>
    <start value="2022-05-28"/>
  </occurrencePeriod>
  <authoredOn value="2022-05-23"/>
  <requester>
    <reference value="Organization/AfsenderAfRuddisGGOP"/>
  </requester>
  <reasonReference>
    <reference value="Condition/RuddiAktionsdiagnoseGGOP"/>
  </reasonReference>
</ServiceRequest>