{
  "resourceType" : "Observation",
  "id" : "HeleneBodyTemperature",
  "meta" : {
    "profile" : ["http://fhir.kl.dk/ffinst/StructureDefinition/KLToolsCareBodyTemperature"]
  },
  "text" : {
    "status" : "generated",
    "div" : "<div xmlns=\"http://www.w3.org/1999/xhtml\"><p><b>Generated Narrative: Observation</b><a name=\"HeleneBodyTemperature\"> </a></p><div style=\"display: inline-block; background-color: #d9e0e7; padding: 6px; margin: 4px; border: 1px solid #8da1b4; border-radius: 5px; line-height: 60%\"><p style=\"margin-bottom: 0px\">Resource Observation &quot;HeleneBodyTemperature&quot; </p><p style=\"margin-bottom: 0px\">Profile: <a href=\"StructureDefinition-KLToolsCareBodyTemperature.html\">Body temperature</a></p></div><p><b>status</b>: final</p><p><b>category</b>: Vital Signs <span style=\"background: LightGoldenRodYellow; margin: 4px; border: 1px solid khaki\"> (<a href=\"http://terminology.hl7.org/5.0.0/CodeSystem-observation-category.html\">Observation Category Codes</a>#vital-signs)</span></p><p><b>code</b>: Body temperature <span style=\"background: LightGoldenRodYellow; margin: 4px; border: 1px solid khaki\"> (<a href=\"https://loinc.org/\">LOINC</a>#8310-5; <a href=\"https://browser.ihtsdotools.org/\">SNOMED CT</a>#276885007)</span></p><p><b>subject</b>: <a href=\"Patient-Helene.html\">Patient/Helene</a> &quot; MARKUSSEN&quot;</p><p><b>effective</b>: 2019-01-09 17:45:00+0000</p><p><b>value</b>: 38 grader celcius<span style=\"background: LightGoldenRodYellow\"> (Details: UCUM code Cel = 'Cel')</span></p><p><b>method</b>: Ingen problemer med test-setup og borgers udførelse <span style=\"background: LightGoldenRodYellow; margin: 4px; border: 1px solid khaki\"> (<a href=\"CodeSystem-KLToolsCodes.html\">KLToolsCodes</a>#4a069078-c3c3-4c67-899d-4e8876026f48Ja; <a href=\"https://browser.ihtsdotools.org/\">SNOMED CT</a>#272391002)</span></p></div>"
  },
  "status" : "final",
  "category" : [{
    "coding" : [{
      "system" : "http://terminology.hl7.org/CodeSystem/observation-category",
      "code" : "vital-signs"
    }]
  }],
  "code" : {
    "coding" : [{
      "system" : "http://loinc.org",
      "code" : "8310-5"
    },
    {
      "system" : "http://snomed.info/sct",
      "code" : "276885007"
    }]
  },
  "subject" : {
    "reference" : "Patient/Helene"
  },
  "effectiveDateTime" : "2019-01-09T17:45:00.000Z",
  "valueQuantity" : {
    "value" : 38,
    "unit" : "grader celcius",
    "system" : "http://unitsofmeasure.org",
    "code" : "Cel"
  },
  "method" : {
    "coding" : [{
      "system" : "http://fhir.kl.dk/ffinst/CodeSystem/KLToolsCodes",
      "code" : "4a069078-c3c3-4c67-899d-4e8876026f48Ja"
    },
    {
      "system" : "http://snomed.info/sct",
      "code" : "272391002"
    }]
  }
}