{
  "resourceType" : "ValueSet",
  "id" : "EQ5Dpain",
  "text" : {
    "status" : "generated",
    "div" : "<div xmlns=\"http://www.w3.org/1999/xhtml\">Placeholder</div>"
  },
  "url" : "http://fhir.kl.dk/ffinst/ValueSet/EQ5Dpain",
  "version" : "1.0.0",
  "name" : "EQ5Dpain",
  "title" : "EQ5Dpain",
  "status" : "active",
  "experimental" : false,
  "date" : "2023-08-26T16:15:04+02:00",
  "publisher" : "Kommunernes landsforening",
  "contact" : [{
    "name" : "Kommunernes landsforening",
    "telecom" : [{
      "system" : "url",
      "value" : "http://kl.dk"
    },
    {
      "system" : "email",
      "value" : "kl@kl.dk"
    }]
  }],
  "description" : "Findings for EQ-5D pain",
  "jurisdiction" : [{
    "coding" : [{
      "system" : "urn:iso:std:iso:3166",
      "code" : "DNK",
      "display" : "Denmark"
    }]
  }],
  "compose" : {
    "include" : [{
      "system" : "http://fhir.kl.dk/ffinst/CodeSystem/KLToolsCodes",
      "concept" : [{
        "code" : "16c984ad-9dcd-4214-9ca7-07669d65dd0a"
      },
      {
        "code" : "3616b50a-440a-4268-9c8a-660123526540"
      },
      {
        "code" : "22d3d27b-f8fd-4c09-a4bf-a6a342442095"
      }]
    }]
  }
}