{
  "resourceType" : "ValueSet",
  "id" : "WHO5SCTfindingsHappy1",
  "text" : {
    "status" : "generated",
    "div" : "<div xmlns=\"http://www.w3.org/1999/xhtml\">Placeholder</div>"
  },
  "url" : "http://fhir.kl.dk/ffinst/ValueSet/WHO5SCTfindingsHappy1",
  "version" : "1.0.0",
  "name" : "WHO5SCTfindingsHappy1",
  "title" : "WHO5SCTfindingsHappy1",
  "status" : "active",
  "experimental" : false,
  "date" : "2023-08-27T10:22:55+02:00",
  "publisher" : "Kommunernes landsforening",
  "contact" : [{
    "name" : "Kommunernes landsforening",
    "telecom" : [{
      "system" : "url",
      "value" : "http://kl.dk"
    },
    {
      "system" : "email",
      "value" : "kl@kl.dk"
    }]
  }],
  "description" : "SNOMED CT findings when conducting WHO-5 questionaires, question 1",
  "jurisdiction" : [{
    "coding" : [{
      "system" : "urn:iso:std:iso:3166",
      "code" : "DNK",
      "display" : "Denmark"
    }]
  }],
  "compose" : {
    "include" : [{
      "system" : "http://snomed.info/sct",
      "concept" : [{
        "code" : "160245001"
      },
      {
        "code" : "366979004"
      }]
    }]
  }
}