{
  "resourceType" : "ValueSet",
  "id" : "WHO5AnswerCodesActive",
  "text" : {
    "status" : "generated",
    "div" : "<div xmlns=\"http://www.w3.org/1999/xhtml\">Placeholder</div>"
  },
  "url" : "http://fhir.kl.dk/ffinst/ValueSet/WHO5AnswerCodesActive",
  "version" : "1.0.0",
  "name" : "WHO5AnswerCodesActive",
  "title" : "WHO5AnswerCodesActive",
  "status" : "active",
  "experimental" : false,
  "date" : "2023-08-26T16:15:04+02:00",
  "publisher" : "Kommunernes landsforening",
  "contact" : [{
    "name" : "Kommunernes landsforening",
    "telecom" : [{
      "system" : "url",
      "value" : "http://kl.dk"
    },
    {
      "system" : "email",
      "value" : "kl@kl.dk"
    }]
  }],
  "description" : "Codes used to specify WHO-5 answers to the third question about being active",
  "jurisdiction" : [{
    "coding" : [{
      "system" : "urn:iso:std:iso:3166",
      "code" : "DNK",
      "display" : "Denmark"
    }]
  }],
  "compose" : {
    "include" : [{
      "system" : "http://fhir.kl.dk/ffinst/CodeSystem/KLToolsCodes",
      "concept" : [{
        "code" : "3d3c13a6-befa-4a52-aef0-7e775ca11fdd"
      },
      {
        "code" : "60da44d3-815e-426f-8c8a-0ae34d85863a"
      },
      {
        "code" : "f573ad27-7d00-4505-99ac-f0f35cd16e6a"
      },
      {
        "code" : "d9d031d9-3185-4f59-a125-ea5a3503011a"
      },
      {
        "code" : "08c8a19c-d135-4e05-a8d4-70c6da6f4842"
      },
      {
        "code" : "ccc3ecb4-3249-4c82-9c2b-dca72f4ba374"
      }]
    }]
  }
}