{
  "resourceType" : "ValueSet",
  "id" : "KLtechniquesCodes",
  "text" : {
    "status" : "extensions",
    "div" : "<div xmlns=\"http://www.w3.org/1999/xhtml\">Placeholder</div>"
  },
  "url" : "http://fhir.kl.dk/ffinst/ValueSet/KLtechniquesCodes",
  "version" : "1.0.0",
  "name" : "KLtechniquesCodes",
  "title" : "KLtechniquesCodes",
  "status" : "active",
  "experimental" : false,
  "date" : "2023-08-26T16:15:04+02:00",
  "publisher" : "Kommunernes landsforening",
  "contact" : [{
    "name" : "Kommunernes landsforening",
    "telecom" : [{
      "system" : "url",
      "value" : "http://kl.dk"
    },
    {
      "system" : "email",
      "value" : "kl@kl.dk"
    }]
  }],
  "description" : "Codes for the techniqe used when obtaining an observation",
  "jurisdiction" : [{
    "coding" : [{
      "system" : "urn:iso:std:iso:3166",
      "code" : "DNK",
      "display" : "Denmark"
    }]
  }],
  "compose" : {
    "include" : [{
      "system" : "http://fhir.kl.dk/ffinst/CodeSystem/KLToolsCodes",
      "concept" : [{
        "code" : "4a069078-c3c3-4c67-899d-4e8876026f48Ja"
      },
      {
        "code" : "17772b27-bc9d-4d62-9515-d268a98a3a27"
      },
      {
        "code" : "a3231c9a-5569-49c4-8760-4fffbf0b2b80"
      },
      {
        "code" : "6713249a-433e-4b93-8975-0214a473dab5"
      }]
    }]
  }
}