<?xml version="1.0" encoding="UTF-8"?><ValueSet xmlns="http://hl7.org/fhir"><id value="KLPerformanceLevelCodesFSIII"/><text><status value="generated"/><div xmlns="http://www.w3.org/1999/xhtml"><ul><li>Import all the codes that are contained in <a href="http://fhir.kl.dk/term/1.0.0/ValueSet-KLPerformanceLevelCodesFSIII.html">KLUdførelsesKoderFSIII</a></li></ul></div></text><url value="http://fhir.kl.dk/core/ValueSet/KLPerformanceLevelCodesFSIII"/><version value="1.2.0"/><name value="KLPerformanceLevelCodesFSIII"/><title value="KLUdførelsesKoderFSIII"/><status value="active"/><date value="2023-06-07T17:51:55+02:00"/><publisher value="Kommunernes landsforening"/><contact><name value="Kommunernes landsforening"/><telecom><system value="url"/><value value="http://kl.dk"/></telecom></contact><description value="Performance level codes (Udførelse), as evaluated by the citizen"/><compose><include><valueSet value="http://fhir.kl.dk/term/ValueSet/KLPerformanceLevelCodesFSIII"/></include></compose></ValueSet>