<?xml version="1.0" encoding="UTF-8"?>

<Bundle xmlns="http://hl7.org/fhir">
  <id value="a27ab0ea-4018-4516-900c-f1249a28dc37"/>
  <meta>
    <profile value="http://fhir.kl.dk/children/StructureDefinition/klgateway-children-delivery-report"/>
  </meta>
  <type value="collection"/>
  <timestamp value="2020-05-17T23:25:12Z"/>
  <entry>
    <fullUrl value="https://test.fhir.dk/Patient/fa03ee6c-e38a-44cf-8ef4-79f8ea91b3b8"/>
    <resource>
      <Patient>
        <id value="fa03ee6c-e38a-44cf-8ef4-79f8ea91b3b8"/>
        <meta>
          <profile value="http://fhir.kl.dk/children/StructureDefinition/klgateway-children-citizen"/>
        </meta>
        <text>
          <status value="generated"/><div xmlns="http://www.w3.org/1999/xhtml"><a name="Patient_fa03ee6c-e38a-44cf-8ef4-79f8ea91b3b8"> </a><p><b>Generated Narrative: Patient </b><a name="fa03ee6c-e38a-44cf-8ef4-79f8ea91b3b8"> </a><a name="hcfa03ee6c-e38a-44cf-8ef4-79f8ea91b3b8"> </a></p><div style="display: inline-block; background-color: #d9e0e7; padding: 6px; margin: 4px; border: 1px solid #8da1b4; border-radius: 5px; line-height: 60%"><p style="margin-bottom: 0px">ResourcePatient &quot;fa03ee6c-e38a-44cf-8ef4-79f8ea91b3b8&quot; </p><p style="margin-bottom: 0px">Profile: <a href="StructureDefinition-klgateway-children-citizen.html">KLGatewayChildrenCitizen</a></p></div><p><b>identifier</b>: <code>urn:oid:1.2.208.176.1.2</code>/2911829996 (use: official)</p><p><b>managingOrganization</b>: <span><code>urn:oid:1.2.208.176.1.1</code>/451000016003 (use: official)</span></p><h3>Links</h3><table class="grid"><tr><td style="display: none">-</td><td><b>Other</b></td><td><b>Type</b></td></tr><tr><td style="display: none">*</td><td>See on this page: RelatedPerson/a4b064a0-7fdd-467f-81cc-d1575b52b7f8</td><td>seealso</td></tr></table></div>
        </text>
        <identifier>
          <use value="official"/>
          <system value="urn:oid:1.2.208.176.1.2"/>
          <value value="2911829996"/>
        </identifier>
        <managingOrganization>
          <identifier>
            <use value="official"/>
            <system value="urn:oid:1.2.208.176.1.1"/>
            <value value="451000016003"/>
          </identifier>
        </managingOrganization>
        <link>
          <other>
            <reference value="RelatedPerson/a4b064a0-7fdd-467f-81cc-d1575b52b7f8"/>
          </other>
          <type value="seealso"/>
        </link>
      </Patient>
    </resource>
  </entry>
  <entry>
    <fullUrl value="https://test.fhir.dk/Patient/e2cbbca1-ac3d-4bb1-b43b-c0d62b48b33a"/>
    <resource>
      <Patient>
        <id value="e2cbbca1-ac3d-4bb1-b43b-c0d62b48b33a"/>
        <meta>
          <profile value="http://fhir.kl.dk/children/StructureDefinition/klgateway-children-citizen"/>
        </meta>
        <text>
          <status value="generated"/><div xmlns="http://www.w3.org/1999/xhtml"><a name="Patient_e2cbbca1-ac3d-4bb1-b43b-c0d62b48b33a"> </a><p><b>Generated Narrative: Patient </b><a name="e2cbbca1-ac3d-4bb1-b43b-c0d62b48b33a"> </a><a name="hce2cbbca1-ac3d-4bb1-b43b-c0d62b48b33a"> </a></p><div style="display: inline-block; background-color: #d9e0e7; padding: 6px; margin: 4px; border: 1px solid #8da1b4; border-radius: 5px; line-height: 60%"><p style="margin-bottom: 0px">ResourcePatient &quot;e2cbbca1-ac3d-4bb1-b43b-c0d62b48b33a&quot; </p><p style="margin-bottom: 0px">Profile: <a href="StructureDefinition-klgateway-children-citizen.html">KLGatewayChildrenCitizen</a></p></div><p><b>identifier</b>: <code>urn:oid:1.2.208.176.1.2</code>/1502829995 (use: official)</p><p><b>managingOrganization</b>: <span><code>urn:oid:1.2.208.176.1.1</code>/451000016003 (use: official)</span></p><h3>Links</h3><table class="grid"><tr><td style="display: none">-</td><td><b>Other</b></td><td><b>Type</b></td></tr><tr><td style="display: none">*</td><td>See on this page: RelatedPerson/e9704ba6-f6ca-46b1-9d19-d9b4bcdc864c</td><td>seealso</td></tr></table></div>
        </text>
        <identifier>
          <use value="official"/>
          <system value="urn:oid:1.2.208.176.1.2"/>
          <value value="1502829995"/>
        </identifier>
        <managingOrganization>
          <identifier>
            <use value="official"/>
            <system value="urn:oid:1.2.208.176.1.1"/>
            <value value="451000016003"/>
          </identifier>
        </managingOrganization>
        <link>
          <other>
            <reference value="RelatedPerson/e9704ba6-f6ca-46b1-9d19-d9b4bcdc864c"/>
          </other>
          <type value="seealso"/>
        </link>
      </Patient>
    </resource>
  </entry>
  <entry>
    <fullUrl value="https://test.fhir.dk/Patient/e60106e2-413e-46c5-8a3f-62d8e77ce794"/>
    <resource>
      <Patient>
        <id value="e60106e2-413e-46c5-8a3f-62d8e77ce794"/>
        <meta>
          <profile value="http://fhir.kl.dk/children/StructureDefinition/klgateway-children-citizen"/>
        </meta>
        <text>
          <status value="generated"/><div xmlns="http://www.w3.org/1999/xhtml"><a name="Patient_e60106e2-413e-46c5-8a3f-62d8e77ce794"> </a><p><b>Generated Narrative: Patient </b><a name="e60106e2-413e-46c5-8a3f-62d8e77ce794"> </a><a name="hce60106e2-413e-46c5-8a3f-62d8e77ce794"> </a></p><div style="display: inline-block; background-color: #d9e0e7; padding: 6px; margin: 4px; border: 1px solid #8da1b4; border-radius: 5px; line-height: 60%"><p style="margin-bottom: 0px">ResourcePatient &quot;e60106e2-413e-46c5-8a3f-62d8e77ce794&quot; </p><p style="margin-bottom: 0px">Profile: <a href="StructureDefinition-klgateway-children-citizen.html">KLGatewayChildrenCitizen</a></p></div><p><b>identifier</b>: <code>urn:oid:1.2.208.176.1.2</code>/0505209996 (use: official)</p><p><b>active</b>: true</p><p><b>managingOrganization</b>: <span><code>urn:oid:1.2.208.176.1.1</code>/451000016003 (use: official)</span></p></div>
        </text>
        <identifier>
          <use value="official"/>
          <system value="urn:oid:1.2.208.176.1.2"/>
          <value value="0505209996"/>
        </identifier>
        <active value="true"/>
        <managingOrganization>
          <identifier>
            <use value="official"/>
            <system value="urn:oid:1.2.208.176.1.1"/>
            <value value="451000016003"/>
          </identifier>
        </managingOrganization>
      </Patient>
    </resource>
  </entry>
  <entry>
    <fullUrl value="https://test.fhir.dk/RelatedPerson/a4b064a0-7fdd-467f-81cc-d1575b52b7f8"/>
    <resource>
      <RelatedPerson>
        <id value="a4b064a0-7fdd-467f-81cc-d1575b52b7f8"/>
        <meta>
          <profile value="http://fhir.kl.dk/children/StructureDefinition/klgateway-children-related-parent"/>
        </meta>
        <text>
          <status value="generated"/><div xmlns="http://www.w3.org/1999/xhtml"><a name="RelatedPerson_a4b064a0-7fdd-467f-81cc-d1575b52b7f8"> </a><p><b>Generated Narrative: RelatedPerson </b><a name="a4b064a0-7fdd-467f-81cc-d1575b52b7f8"> </a><a name="hca4b064a0-7fdd-467f-81cc-d1575b52b7f8"> </a></p><div style="display: inline-block; background-color: #d9e0e7; padding: 6px; margin: 4px; border: 1px solid #8da1b4; border-radius: 5px; line-height: 60%"><p style="margin-bottom: 0px">ResourceRelatedPerson &quot;a4b064a0-7fdd-467f-81cc-d1575b52b7f8&quot; </p><p style="margin-bottom: 0px">Profile: <a href="StructureDefinition-klgateway-children-related-parent.html">KLGatewayChildrenRelatedParent</a></p></div><p><b>patient</b>: See on this page: Patient/e60106e2-413e-46c5-8a3f-62d8e77ce794</p><p><b>relationship</b>: parent <span style="background: LightGoldenRodYellow; margin: 4px; border: 1px solid khaki"> (<a href="http://terminology.hl7.org/5.5.0/CodeSystem-v3-RoleCode.html">RoleCode</a>#PRN)</span></p></div>
        </text>
        <patient>
          <reference value="Patient/e60106e2-413e-46c5-8a3f-62d8e77ce794"/>
        </patient>
        <relationship>
          <coding>
            <system value="http://terminology.hl7.org/CodeSystem/v3-RoleCode"/>
            <code value="PRN"/>
          </coding>
        </relationship>
      </RelatedPerson>
    </resource>
  </entry>
  <entry>
    <fullUrl value="https://test.fhir.dk/RelatedPerson/e9704ba6-f6ca-46b1-9d19-d9b4bcdc864c"/>
    <resource>
      <RelatedPerson>
        <id value="e9704ba6-f6ca-46b1-9d19-d9b4bcdc864c"/>
        <meta>
          <profile value="http://fhir.kl.dk/children/StructureDefinition/klgateway-children-related-parent"/>
        </meta>
        <text>
          <status value="generated"/><div xmlns="http://www.w3.org/1999/xhtml"><a name="RelatedPerson_e9704ba6-f6ca-46b1-9d19-d9b4bcdc864c"> </a><p><b>Generated Narrative: RelatedPerson </b><a name="e9704ba6-f6ca-46b1-9d19-d9b4bcdc864c"> </a><a name="hce9704ba6-f6ca-46b1-9d19-d9b4bcdc864c"> </a></p><div style="display: inline-block; background-color: #d9e0e7; padding: 6px; margin: 4px; border: 1px solid #8da1b4; border-radius: 5px; line-height: 60%"><p style="margin-bottom: 0px">ResourceRelatedPerson &quot;e9704ba6-f6ca-46b1-9d19-d9b4bcdc864c&quot; </p><p style="margin-bottom: 0px">Profile: <a href="StructureDefinition-klgateway-children-related-parent.html">KLGatewayChildrenRelatedParent</a></p></div><p><b>patient</b>: See on this page: Patient/e60106e2-413e-46c5-8a3f-62d8e77ce794</p><p><b>relationship</b>: parent <span style="background: LightGoldenRodYellow; margin: 4px; border: 1px solid khaki"> (<a href="http://terminology.hl7.org/5.5.0/CodeSystem-v3-RoleCode.html">RoleCode</a>#PRN)</span></p></div>
        </text>
        <patient>
          <reference value="Patient/e60106e2-413e-46c5-8a3f-62d8e77ce794"/>
        </patient>
        <relationship>
          <coding>
            <system value="http://terminology.hl7.org/CodeSystem/v3-RoleCode"/>
            <code value="PRN"/>
          </coding>
        </relationship>
      </RelatedPerson>
    </resource>
  </entry>
  <entry>
    <fullUrl value="https://test.fhir.dk/Encounter/62c429e2-fdc5-4e33-83e1-0db858175e08"/>
    <resource>
      <Encounter>
        <id value="62c429e2-fdc5-4e33-83e1-0db858175e08"/>
        <meta>
          <profile value="http://fhir.kl.dk/children/StructureDefinition/klgateway-children-encounter"/>
        </meta>
        <text>
          <status value="generated"/><div xmlns="http://www.w3.org/1999/xhtml"><a name="Encounter_62c429e2-fdc5-4e33-83e1-0db858175e08"> </a><p><b>Generated Narrative: Encounter </b><a name="62c429e2-fdc5-4e33-83e1-0db858175e08"> </a><a name="hc62c429e2-fdc5-4e33-83e1-0db858175e08"> </a></p><div style="display: inline-block; background-color: #d9e0e7; padding: 6px; margin: 4px; border: 1px solid #8da1b4; border-radius: 5px; line-height: 60%"><p style="margin-bottom: 0px">ResourceEncounter &quot;62c429e2-fdc5-4e33-83e1-0db858175e08&quot; </p><p style="margin-bottom: 0px">Profile: <a href="StructureDefinition-klgateway-children-encounter.html">KLGatewayChildrenEncounter</a></p></div><p><b>status</b>: finished</p><p><b>class</b>: home health (Details: ActCode code HH  = ' home health ', stated as ' null ')</p><p><b>type</b>: Etableringsbesøg <span style="background: LightGoldenRodYellow; margin: 4px; border: 1px solid khaki"> (<a href="http://fhir.kl.dk/term/2.0.0/CodeSystem-FBOE.html">FBOE</a>#b4bf6058-502a-4d64-bb8e-369661f43b47)</span></p><p><b>subject</b>: See on this page: Patient/e60106e2-413e-46c5-8a3f-62d8e77ce794</p><p><b>period</b>: 2020-05-17 --&gt; (ongoing)</p></div>
        </text>
        <status value="finished"/>
        <class>
          <system value="http://terminology.hl7.org/CodeSystem/v3-ActCode"/>
          <code value="HH"/>
        </class>
        <type>
          <coding>
            <system value="http://fhir.kl.dk/term/CodeSystem/FBOE"/>
            <code value="b4bf6058-502a-4d64-bb8e-369661f43b47"/>
            <display value="Etableringsbesøg"/>
          </coding>
        </type>
        <subject>
          <reference value="Patient/e60106e2-413e-46c5-8a3f-62d8e77ce794"/>
        </subject>
        <period>
          <start value="2020-05-17"/>
        </period>
      </Encounter>
    </resource>
  </entry>
  <entry>
    <fullUrl value="https://test.fhir.dk/Observation/711081e9-46d7-4841-98cd-3f64130318b7"/>
    <resource>
      <Observation>
        <id value="711081e9-46d7-4841-98cd-3f64130318b7"/>
        <meta>
          <profile value="http://fhir.kl.dk/children/StructureDefinition/klgateway-children-feeding-observation"/>
        </meta>
        <text>
          <status value="generated"/><div xmlns="http://www.w3.org/1999/xhtml"><a name="Observation_711081e9-46d7-4841-98cd-3f64130318b7"> </a><p><b>Generated Narrative: Observation </b><a name="711081e9-46d7-4841-98cd-3f64130318b7"> </a><a name="hc711081e9-46d7-4841-98cd-3f64130318b7"> </a></p><div style="display: inline-block; background-color: #d9e0e7; padding: 6px; margin: 4px; border: 1px solid #8da1b4; border-radius: 5px; line-height: 60%"><p style="margin-bottom: 0px">ResourceObservation &quot;711081e9-46d7-4841-98cd-3f64130318b7&quot; </p><p style="margin-bottom: 0px">Profile: <a href="StructureDefinition-klgateway-children-feeding-observation.html">KLGatewayChildrenFeedingObservation</a></p></div><p><b>status</b>: final</p><p><b>code</b>: Infant feeding method <span style="background: LightGoldenRodYellow; margin: 4px; border: 1px solid khaki"> (<a href="https://browser.ihtsdotools.org/">SNOMED CT</a>#169740003; <a href="http://fhir.kl.dk/term/2.0.0/CodeSystem-FBOE.html">FBOE</a>#e61e4dab-54bb-4bf4-9b76-8d991cf4de08 &quot;Ernæring&quot;)</span></p><p><b>subject</b>: See on this page: Patient/e60106e2-413e-46c5-8a3f-62d8e77ce794</p><p><b>encounter</b>: See on this page: Encounter/62c429e2-fdc5-4e33-83e1-0db858175e08</p><p><b>effective</b>: 2020-05-17 00:00:00+0000</p><p><b>value</b>: Fuldamning, inklusiv modermælk på flaske <span style="background: LightGoldenRodYellow; margin: 4px; border: 1px solid khaki"> (<a href="http://fhir.kl.dk/term/2.0.0/CodeSystem-FBOE.html">FBOE</a>#77a008dd-21cc-452f-a1ee-ac8d025b7817)</span></p></div>
        </text>
        <status value="final"/>
        <code>
          <coding>
            <system value="http://snomed.info/sct"/>
            <code value="169740003"/>
            <display value="Infant feeding method"/>
          </coding>
          <coding>
            <system value="http://fhir.kl.dk/term/CodeSystem/FBOE"/>
            <code value="e61e4dab-54bb-4bf4-9b76-8d991cf4de08"/>
            <display value="Ernæring"/>
          </coding>
        </code>
        <subject>
          <reference value="Patient/e60106e2-413e-46c5-8a3f-62d8e77ce794"/>
        </subject>
        <encounter>
          <reference value="Encounter/62c429e2-fdc5-4e33-83e1-0db858175e08"/>
        </encounter>
        <effectiveDateTime value="2020-05-17T00:00:00.000Z"/>
        <valueCodeableConcept>
          <coding>
            <system value="http://fhir.kl.dk/term/CodeSystem/FBOE"/>
            <code value="77a008dd-21cc-452f-a1ee-ac8d025b7817"/>
            <display value="Fuldamning, inklusiv modermælk på flaske"/>
          </coding>
        </valueCodeableConcept>
      </Observation>
    </resource>
  </entry>
  <entry>
    <fullUrl value="https://test.fhir.dk/Observation/5b9a6ff2-c941-41e9-9c4c-9f4667bc063a"/>
    <resource>
      <Observation>
        <id value="5b9a6ff2-c941-41e9-9c4c-9f4667bc063a"/>
        <meta>
          <profile value="http://fhir.kl.dk/children/StructureDefinition/klgateway-children-bodyweight"/>
        </meta>
        <text>
          <status value="generated"/><div xmlns="http://www.w3.org/1999/xhtml"><a name="Observation_5b9a6ff2-c941-41e9-9c4c-9f4667bc063a"> </a><p><b>Generated Narrative: Observation </b><a name="5b9a6ff2-c941-41e9-9c4c-9f4667bc063a"> </a><a name="hc5b9a6ff2-c941-41e9-9c4c-9f4667bc063a"> </a></p><div style="display: inline-block; background-color: #d9e0e7; padding: 6px; margin: 4px; border: 1px solid #8da1b4; border-radius: 5px; line-height: 60%"><p style="margin-bottom: 0px">ResourceObservation &quot;5b9a6ff2-c941-41e9-9c4c-9f4667bc063a&quot; </p><p style="margin-bottom: 0px">Profile: <a href="StructureDefinition-klgateway-children-bodyweight.html">KLGatewayChildrenBodyWeight</a></p></div><p><b>status</b>: final</p><p><b>category</b>: Vital Signs <span style="background: LightGoldenRodYellow; margin: 4px; border: 1px solid khaki"> (<a href="http://terminology.hl7.org/5.5.0/CodeSystem-observation-category.html">Observation Category Codes</a>#vital-signs)</span></p><p><b>code</b>: Body weight <span style="background: LightGoldenRodYellow; margin: 4px; border: 1px solid khaki"> (<a href="https://loinc.org/">LOINC</a>#29463-7; <a href="https://browser.ihtsdotools.org/">SNOMED CT</a>#27113001)</span></p><p><b>subject</b>: See on this page: Patient/e60106e2-413e-46c5-8a3f-62d8e77ce794</p><p><b>encounter</b>: See on this page: Encounter/62c429e2-fdc5-4e33-83e1-0db858175e08</p><p><b>effective</b>: 2020-05-17</p><p><b>value</b>: 3400 g<span style="background: LightGoldenRodYellow"> (Details: UCUM  codeg = 'g')</span></p></div>
        </text>
        <status value="final"/>
        <category>
          <coding>
            <system value="http://terminology.hl7.org/CodeSystem/observation-category"/>
            <code value="vital-signs"/>
          </coding>
        </category>
        <code>
          <coding>
            <system value="http://loinc.org"/>
            <code value="29463-7"/>
          </coding>
          <coding>
            <system value="http://snomed.info/sct"/>
            <code value="27113001"/>
            <display value="Body weight"/>
          </coding>
        </code>
        <subject>
          <reference value="Patient/e60106e2-413e-46c5-8a3f-62d8e77ce794"/>
        </subject>
        <encounter>
          <reference value="Encounter/62c429e2-fdc5-4e33-83e1-0db858175e08"/>
        </encounter>
        <effectiveDateTime value="2020-05-17"/>
        <valueQuantity>
          <value value="3400"/>
          <unit value="g"/>
          <system value="http://unitsofmeasure.org"/>
          <code value="g"/>
        </valueQuantity>
      </Observation>
    </resource>
  </entry>
  <entry>
    <fullUrl value="https://test.fhir.dk/Observation/d07d8d25-bc06-487e-a4b5-e180601c62d9"/>
    <resource>
      <Observation>
        <id value="d07d8d25-bc06-487e-a4b5-e180601c62d9"/>
        <meta>
          <profile value="http://fhir.kl.dk/children/StructureDefinition/klgateway-children-bodyheight"/>
        </meta>
        <text>
          <status value="generated"/><div xmlns="http://www.w3.org/1999/xhtml"><a name="Observation_d07d8d25-bc06-487e-a4b5-e180601c62d9"> </a><p><b>Generated Narrative: Observation </b><a name="d07d8d25-bc06-487e-a4b5-e180601c62d9"> </a><a name="hcd07d8d25-bc06-487e-a4b5-e180601c62d9"> </a></p><div style="display: inline-block; background-color: #d9e0e7; padding: 6px; margin: 4px; border: 1px solid #8da1b4; border-radius: 5px; line-height: 60%"><p style="margin-bottom: 0px">ResourceObservation &quot;d07d8d25-bc06-487e-a4b5-e180601c62d9&quot; </p><p style="margin-bottom: 0px">Profile: <a href="StructureDefinition-klgateway-children-bodyheight.html">KLGatewayChildrenBodyHeight</a></p></div><p><b>status</b>: final</p><p><b>category</b>: Vital Signs <span style="background: LightGoldenRodYellow; margin: 4px; border: 1px solid khaki"> (<a href="http://terminology.hl7.org/5.5.0/CodeSystem-observation-category.html">Observation Category Codes</a>#vital-signs)</span></p><p><b>code</b>: Recumbent body height (observable entity) <span style="background: LightGoldenRodYellow; margin: 4px; border: 1px solid khaki"> (<a href="https://loinc.org/">LOINC</a>#8302-2; <a href="https://browser.ihtsdotools.org/">SNOMED CT</a>#1149101003)</span></p><p><b>subject</b>: See on this page: Patient/e60106e2-413e-46c5-8a3f-62d8e77ce794</p><p><b>encounter</b>: See on this page: Encounter/62c429e2-fdc5-4e33-83e1-0db858175e08</p><p><b>effective</b>: 2020-05-17</p><p><b>value</b>: 51 cm<span style="background: LightGoldenRodYellow"> (Details: UCUM  codecm = 'cm')</span></p></div>
        </text>
        <status value="final"/>
        <category>
          <coding>
            <system value="http://terminology.hl7.org/CodeSystem/observation-category"/>
            <code value="vital-signs"/>
          </coding>
        </category>
        <code>
          <coding>
            <system value="http://loinc.org"/>
            <code value="8302-2"/>
          </coding>
          <coding>
            <system value="http://snomed.info/sct"/>
            <code value="1149101003"/>
            <display value="Recumbent body height (observable entity)"/>
          </coding>
        </code>
        <subject>
          <reference value="Patient/e60106e2-413e-46c5-8a3f-62d8e77ce794"/>
        </subject>
        <encounter>
          <reference value="Encounter/62c429e2-fdc5-4e33-83e1-0db858175e08"/>
        </encounter>
        <effectiveDateTime value="2020-05-17"/>
        <valueQuantity>
          <value value="51"/>
          <unit value="cm"/>
          <system value="http://unitsofmeasure.org"/>
          <code value="cm"/>
        </valueQuantity>
      </Observation>
    </resource>
  </entry>
  <entry>
    <fullUrl value="https://test.fhir.dk/Observation/258e2623-abf5-499b-887b-3b70dc19507c"/>
    <resource>
      <Observation>
        <id value="258e2623-abf5-499b-887b-3b70dc19507c"/>
        <meta>
          <profile value="http://fhir.kl.dk/children/StructureDefinition/klgateway-children-headcircum"/>
        </meta>
        <text>
          <status value="generated"/><div xmlns="http://www.w3.org/1999/xhtml"><a name="Observation_258e2623-abf5-499b-887b-3b70dc19507c"> </a><p><b>Generated Narrative: Observation </b><a name="258e2623-abf5-499b-887b-3b70dc19507c"> </a><a name="hc258e2623-abf5-499b-887b-3b70dc19507c"> </a></p><div style="display: inline-block; background-color: #d9e0e7; padding: 6px; margin: 4px; border: 1px solid #8da1b4; border-radius: 5px; line-height: 60%"><p style="margin-bottom: 0px">ResourceObservation &quot;258e2623-abf5-499b-887b-3b70dc19507c&quot; </p><p style="margin-bottom: 0px">Profile: <a href="StructureDefinition-klgateway-children-headcircum.html">KLGatewayChildrenHeadCircumference</a></p></div><p><b>status</b>: final</p><p><b>category</b>: Vital Signs <span style="background: LightGoldenRodYellow; margin: 4px; border: 1px solid khaki"> (<a href="http://terminology.hl7.org/5.5.0/CodeSystem-observation-category.html">Observation Category Codes</a>#vital-signs)</span></p><p><b>code</b>: Head Occipital-frontal circumference <span style="background: LightGoldenRodYellow; margin: 4px; border: 1px solid khaki"> (<a href="https://loinc.org/">LOINC</a>#9843-4; <a href="https://browser.ihtsdotools.org/">SNOMED CT</a>#363812007 &quot;Head circumference&quot;)</span></p><p><b>subject</b>: See on this page: Patient/e60106e2-413e-46c5-8a3f-62d8e77ce794</p><p><b>encounter</b>: See on this page: Encounter/62c429e2-fdc5-4e33-83e1-0db858175e08</p><p><b>effective</b>: 2020-05-17</p><p><b>value</b>: 35 cm<span style="background: LightGoldenRodYellow"> (Details: UCUM  codecm = 'cm')</span></p></div>
        </text>
        <status value="final"/>
        <category>
          <coding>
            <system value="http://terminology.hl7.org/CodeSystem/observation-category"/>
            <code value="vital-signs"/>
          </coding>
        </category>
        <code>
          <coding>
            <system value="http://loinc.org"/>
            <code value="9843-4"/>
            <display value="Head Occipital-frontal circumference"/>
          </coding>
          <coding>
            <system value="http://snomed.info/sct"/>
            <code value="363812007"/>
            <display value="Head circumference"/>
          </coding>
        </code>
        <subject>
          <reference value="Patient/e60106e2-413e-46c5-8a3f-62d8e77ce794"/>
        </subject>
        <encounter>
          <reference value="Encounter/62c429e2-fdc5-4e33-83e1-0db858175e08"/>
        </encounter>
        <effectiveDateTime value="2020-05-17"/>
        <valueQuantity>
          <value value="35"/>
          <unit value="cm"/>
          <system value="http://unitsofmeasure.org"/>
          <code value="cm"/>
        </valueQuantity>
      </Observation>
    </resource>
  </entry>
  <entry>
    <fullUrl value="https://test.fhir.dk/Observation/62855009-6fbb-481e-9dd0-8a4c369bde0d"/>
    <resource>
      <Observation>
        <id value="62855009-6fbb-481e-9dd0-8a4c369bde0d"/>
        <meta>
          <profile value="http://fhir.kl.dk/children/StructureDefinition/klgateway-children-parent-relationship"/>
        </meta>
        <text>
          <status value="generated"/><div xmlns="http://www.w3.org/1999/xhtml"><a name="Observation_62855009-6fbb-481e-9dd0-8a4c369bde0d"> </a><p><b>Generated Narrative: Observation </b><a name="62855009-6fbb-481e-9dd0-8a4c369bde0d"> </a><a name="hc62855009-6fbb-481e-9dd0-8a4c369bde0d"> </a></p><div style="display: inline-block; background-color: #d9e0e7; padding: 6px; margin: 4px; border: 1px solid #8da1b4; border-radius: 5px; line-height: 60%"><p style="margin-bottom: 0px">ResourceObservation &quot;62855009-6fbb-481e-9dd0-8a4c369bde0d&quot; </p><p style="margin-bottom: 0px">Profile: <a href="StructureDefinition-klgateway-children-parent-relationship.html">KLGatewayChildrenIndicatorParentRelationship</a></p></div><p><b>status</b>: final</p><p><b>code</b>: Forældre-barn-relation <span style="background: LightGoldenRodYellow; margin: 4px; border: 1px solid khaki"> (<a href="http://fhir.kl.dk/term/2.0.0/CodeSystem-FBOE.html">FBOE</a>#763c6f21-5467-4713-82fb-716c9d0a1fdf)</span></p><p><b>subject</b>: See on this page: Patient/e60106e2-413e-46c5-8a3f-62d8e77ce794</p><p><b>encounter</b>: See on this page: Encounter/62c429e2-fdc5-4e33-83e1-0db858175e08</p><p><b>effective</b>: 2020-05-07</p><p><b>value</b>: Velfungerende forældre-barn-relation <span style="background: LightGoldenRodYellow; margin: 4px; border: 1px solid khaki"> (<a href="http://fhir.kl.dk/term/2.0.0/CodeSystem-FBOE.html">FBOE</a>#7a107df6-8fb8-4744-8413-be10b4c5c1d9)</span></p></div>
        </text>
        <status value="final"/>
        <code>
          <coding>
            <system value="http://fhir.kl.dk/term/CodeSystem/FBOE"/>
            <code value="763c6f21-5467-4713-82fb-716c9d0a1fdf"/>
            <display value="Forældre-barn-relation"/>
          </coding>
        </code>
        <subject>
          <reference value="Patient/e60106e2-413e-46c5-8a3f-62d8e77ce794"/>
        </subject>
        <encounter>
          <reference value="Encounter/62c429e2-fdc5-4e33-83e1-0db858175e08"/>
        </encounter>
        <effectiveDateTime value="2020-05-07"/>
        <valueCodeableConcept>
          <coding>
            <system value="http://fhir.kl.dk/term/CodeSystem/FBOE"/>
            <code value="7a107df6-8fb8-4744-8413-be10b4c5c1d9"/>
            <display value="Velfungerende forældre-barn-relation"/>
          </coding>
        </valueCodeableConcept>
      </Observation>
    </resource>
  </entry>
  <entry>
    <fullUrl value="https://test.fhir.dk/Observation/0f6ddfae-2882-4ad5-aec4-1144d600eee8"/>
    <resource>
      <Observation>
        <id value="0f6ddfae-2882-4ad5-aec4-1144d600eee8"/>
        <meta>
          <profile value="http://fhir.kl.dk/children/StructureDefinition/klgateway-children-passive-smoking"/>
        </meta>
        <text>
          <status value="generated"/><div xmlns="http://www.w3.org/1999/xhtml"><a name="Observation_0f6ddfae-2882-4ad5-aec4-1144d600eee8"> </a><p><b>Generated Narrative: Observation </b><a name="0f6ddfae-2882-4ad5-aec4-1144d600eee8"> </a><a name="hc0f6ddfae-2882-4ad5-aec4-1144d600eee8"> </a></p><div style="display: inline-block; background-color: #d9e0e7; padding: 6px; margin: 4px; border: 1px solid #8da1b4; border-radius: 5px; line-height: 60%"><p style="margin-bottom: 0px">ResourceObservation &quot;0f6ddfae-2882-4ad5-aec4-1144d600eee8&quot; </p><p style="margin-bottom: 0px">Profile: <a href="StructureDefinition-klgateway-children-passive-smoking.html">KLGatewayChildrenIndicatorPassiveSmoking</a></p></div><p><b>status</b>: final</p><p><b>code</b>: Passiv rygning <span style="background: LightGoldenRodYellow; margin: 4px; border: 1px solid khaki"> (<a href="http://fhir.kl.dk/term/2.0.0/CodeSystem-FBOE.html">FBOE</a>#28972d4b-fea3-42ec-b2a5-e2a26f79b14d)</span></p><p><b>subject</b>: See on this page: Patient/e60106e2-413e-46c5-8a3f-62d8e77ce794</p><p><b>encounter</b>: See on this page: Encounter/62c429e2-fdc5-4e33-83e1-0db858175e08</p><p><b>effective</b>: 2020-05-07</p><p><b>value</b>: Ikke udsat for tobaksrøg <span style="background: LightGoldenRodYellow; margin: 4px; border: 1px solid khaki"> (<a href="http://fhir.kl.dk/term/2.0.0/CodeSystem-FBOE.html">FBOE</a>#b54723cf-3114-4119-b1cb-28107a283a99)</span></p></div>
        </text>
        <status value="final"/>
        <code>
          <coding>
            <system value="http://fhir.kl.dk/term/CodeSystem/FBOE"/>
            <code value="28972d4b-fea3-42ec-b2a5-e2a26f79b14d"/>
            <display value="Passiv rygning"/>
          </coding>
        </code>
        <subject>
          <reference value="Patient/e60106e2-413e-46c5-8a3f-62d8e77ce794"/>
        </subject>
        <encounter>
          <reference value="Encounter/62c429e2-fdc5-4e33-83e1-0db858175e08"/>
        </encounter>
        <effectiveDateTime value="2020-05-07"/>
        <valueCodeableConcept>
          <coding>
            <system value="http://fhir.kl.dk/term/CodeSystem/FBOE"/>
            <code value="b54723cf-3114-4119-b1cb-28107a283a99"/>
            <display value="Ikke udsat for tobaksrøg"/>
          </coding>
        </valueCodeableConcept>
      </Observation>
    </resource>
  </entry>
  <entry>
    <fullUrl value="https://test.fhir.dk/Observation/5bc41bc3-b762-4a98-853d-d3daeac05ea4"/>
    <resource>
      <Observation>
        <id value="5bc41bc3-b762-4a98-853d-d3daeac05ea4"/>
        <meta>
          <profile value="http://fhir.kl.dk/children/StructureDefinition/klgateway-children-parent-social-status"/>
        </meta>
        <text>
          <status value="generated"/><div xmlns="http://www.w3.org/1999/xhtml"><a name="Observation_5bc41bc3-b762-4a98-853d-d3daeac05ea4"> </a><p><b>Generated Narrative: Observation </b><a name="5bc41bc3-b762-4a98-853d-d3daeac05ea4"> </a><a name="hc5bc41bc3-b762-4a98-853d-d3daeac05ea4"> </a></p><div style="display: inline-block; background-color: #d9e0e7; padding: 6px; margin: 4px; border: 1px solid #8da1b4; border-radius: 5px; line-height: 60%"><p style="margin-bottom: 0px">ResourceObservation &quot;5bc41bc3-b762-4a98-853d-d3daeac05ea4&quot; </p><p style="margin-bottom: 0px">Profile: <a href="StructureDefinition-klgateway-children-parent-social-status.html">KLGatewayChildrenIndicatorParentSocialStatus</a></p></div><p><b>status</b>: final</p><p><b>code</b>: Forælders sårbarhed <span style="background: LightGoldenRodYellow; margin: 4px; border: 1px solid khaki"> (<a href="http://fhir.kl.dk/term/2.0.0/CodeSystem-FBOE.html">FBOE</a>#58997614-ba43-4534-90bd-10c7e76802f4)</span></p><p><b>subject</b>: See on this page: Patient/fa03ee6c-e38a-44cf-8ef4-79f8ea91b3b8</p><p><b>effective</b>: 2020-02-05 00:00:00+0000</p><p><b>value</b>: Potentiel sårbarhed <span style="background: LightGoldenRodYellow; margin: 4px; border: 1px solid khaki"> (<a href="http://fhir.kl.dk/term/2.0.0/CodeSystem-FBOE.html">FBOE</a>#546e7bef-7a22-451e-971a-326fcd78a843)</span></p></div>
        </text>
        <status value="final"/>
        <code>
          <coding>
            <system value="http://fhir.kl.dk/term/CodeSystem/FBOE"/>
            <code value="58997614-ba43-4534-90bd-10c7e76802f4"/>
            <display value="Forælders sårbarhed"/>
          </coding>
        </code>
        <subject>
          <reference value="Patient/fa03ee6c-e38a-44cf-8ef4-79f8ea91b3b8"/>
        </subject>
        <effectiveDateTime value="2020-02-05T00:00:00.000Z"/>
        <valueCodeableConcept>
          <coding>
            <system value="http://fhir.kl.dk/term/CodeSystem/FBOE"/>
            <code value="546e7bef-7a22-451e-971a-326fcd78a843"/>
            <display value="Potentiel sårbarhed"/>
          </coding>
        </valueCodeableConcept>
      </Observation>
    </resource>
  </entry>
  <entry>
    <fullUrl value="https://test.fhir.dk/Observation/a8cdc6fc-2bf8-457c-aa15-f7e547cf74f7"/>
    <resource>
      <Observation>
        <id value="a8cdc6fc-2bf8-457c-aa15-f7e547cf74f7"/>
        <meta>
          <profile value="http://fhir.kl.dk/children/StructureDefinition/klgateway-children-parent-social-status"/>
        </meta>
        <text>
          <status value="generated"/><div xmlns="http://www.w3.org/1999/xhtml"><a name="Observation_a8cdc6fc-2bf8-457c-aa15-f7e547cf74f7"> </a><p><b>Generated Narrative: Observation </b><a name="a8cdc6fc-2bf8-457c-aa15-f7e547cf74f7"> </a><a name="hca8cdc6fc-2bf8-457c-aa15-f7e547cf74f7"> </a></p><div style="display: inline-block; background-color: #d9e0e7; padding: 6px; margin: 4px; border: 1px solid #8da1b4; border-radius: 5px; line-height: 60%"><p style="margin-bottom: 0px">ResourceObservation &quot;a8cdc6fc-2bf8-457c-aa15-f7e547cf74f7&quot; </p><p style="margin-bottom: 0px">Profile: <a href="StructureDefinition-klgateway-children-parent-social-status.html">KLGatewayChildrenIndicatorParentSocialStatus</a></p></div><p><b>status</b>: final</p><p><b>code</b>: Forælders sårbarhed <span style="background: LightGoldenRodYellow; margin: 4px; border: 1px solid khaki"> (<a href="http://fhir.kl.dk/term/2.0.0/CodeSystem-FBOE.html">FBOE</a>#58997614-ba43-4534-90bd-10c7e76802f4)</span></p><p><b>subject</b>: See on this page: Patient/e2cbbca1-ac3d-4bb1-b43b-c0d62b48b33a</p><p><b>effective</b>: 2020-02-05 00:00:00+0000</p><p><b>value</b>: Ingen sårbarhed <span style="background: LightGoldenRodYellow; margin: 4px; border: 1px solid khaki"> (<a href="http://fhir.kl.dk/term/2.0.0/CodeSystem-FBOE.html">FBOE</a>#57dd67d7-175a-4541-87ff-db1381c4e1d9)</span></p></div>
        </text>
        <status value="final"/>
        <code>
          <coding>
            <system value="http://fhir.kl.dk/term/CodeSystem/FBOE"/>
            <code value="58997614-ba43-4534-90bd-10c7e76802f4"/>
            <display value="Forælders sårbarhed"/>
          </coding>
        </code>
        <subject>
          <reference value="Patient/e2cbbca1-ac3d-4bb1-b43b-c0d62b48b33a"/>
        </subject>
        <effectiveDateTime value="2020-02-05T00:00:00.000Z"/>
        <valueCodeableConcept>
          <coding>
            <system value="http://fhir.kl.dk/term/CodeSystem/FBOE"/>
            <code value="57dd67d7-175a-4541-87ff-db1381c4e1d9"/>
            <display value="Ingen sårbarhed"/>
          </coding>
        </valueCodeableConcept>
      </Observation>
    </resource>
  </entry>
  <entry>
    <fullUrl value="https://test.fhir.dk/Observation/d4df27ce-86f1-4330-b166-c4c4724a633e"/>
    <resource>
      <Observation>
        <id value="d4df27ce-86f1-4330-b166-c4c4724a633e"/>
        <meta>
          <profile value="http://fhir.kl.dk/children/StructureDefinition/klgateway-children-social-support-network"/>
        </meta>
        <text>
          <status value="generated"/><div xmlns="http://www.w3.org/1999/xhtml"><a name="Observation_d4df27ce-86f1-4330-b166-c4c4724a633e"> </a><p><b>Generated Narrative: Observation </b><a name="d4df27ce-86f1-4330-b166-c4c4724a633e"> </a><a name="hcd4df27ce-86f1-4330-b166-c4c4724a633e"> </a></p><div style="display: inline-block; background-color: #d9e0e7; padding: 6px; margin: 4px; border: 1px solid #8da1b4; border-radius: 5px; line-height: 60%"><p style="margin-bottom: 0px">ResourceObservation &quot;d4df27ce-86f1-4330-b166-c4c4724a633e&quot; </p><p style="margin-bottom: 0px">Profile: <a href="StructureDefinition-klgateway-children-social-support-network.html">KLGatewayChildrenIndicatorSocialSupportNetwork</a></p></div><p><b>status</b>: final</p><p><b>code</b>: Netværk <span style="background: LightGoldenRodYellow; margin: 4px; border: 1px solid khaki"> (<a href="http://fhir.kl.dk/term/2.0.0/CodeSystem-FBOE.html">FBOE</a>#7e7fab2f-278a-4b14-9bc9-efc36fffcba5)</span></p><p><b>subject</b>: See on this page: Patient/fa03ee6c-e38a-44cf-8ef4-79f8ea91b3b8</p><p><b>effective</b>: 2020-02-05 00:00:00+0000</p><p><b>value</b>: Godt netværk <span style="background: LightGoldenRodYellow; margin: 4px; border: 1px solid khaki"> (<a href="http://fhir.kl.dk/term/2.0.0/CodeSystem-FBOE.html">FBOE</a>#fbd9a8a5-0ed6-4e1a-9841-066ade34b071)</span></p></div>
        </text>
        <status value="final"/>
        <code>
          <coding>
            <system value="http://fhir.kl.dk/term/CodeSystem/FBOE"/>
            <code value="7e7fab2f-278a-4b14-9bc9-efc36fffcba5"/>
            <display value="Netværk"/>
          </coding>
        </code>
        <subject>
          <reference value="Patient/fa03ee6c-e38a-44cf-8ef4-79f8ea91b3b8"/>
        </subject>
        <effectiveDateTime value="2020-02-05T00:00:00.000Z"/>
        <valueCodeableConcept>
          <coding>
            <system value="http://fhir.kl.dk/term/CodeSystem/FBOE"/>
            <code value="fbd9a8a5-0ed6-4e1a-9841-066ade34b071"/>
            <display value="Godt netværk"/>
          </coding>
        </valueCodeableConcept>
      </Observation>
    </resource>
  </entry>
  <entry>
    <fullUrl value="https://test.fhir.dk/Observation/0083e1d2-46d4-4da2-8497-596464cfc4b1"/>
    <resource>
      <Observation>
        <id value="0083e1d2-46d4-4da2-8497-596464cfc4b1"/>
        <meta>
          <profile value="http://fhir.kl.dk/children/StructureDefinition/klgateway-children-social-support-network"/>
        </meta>
        <text>
          <status value="generated"/><div xmlns="http://www.w3.org/1999/xhtml"><a name="Observation_0083e1d2-46d4-4da2-8497-596464cfc4b1"> </a><p><b>Generated Narrative: Observation </b><a name="0083e1d2-46d4-4da2-8497-596464cfc4b1"> </a><a name="hc0083e1d2-46d4-4da2-8497-596464cfc4b1"> </a></p><div style="display: inline-block; background-color: #d9e0e7; padding: 6px; margin: 4px; border: 1px solid #8da1b4; border-radius: 5px; line-height: 60%"><p style="margin-bottom: 0px">ResourceObservation &quot;0083e1d2-46d4-4da2-8497-596464cfc4b1&quot; </p><p style="margin-bottom: 0px">Profile: <a href="StructureDefinition-klgateway-children-social-support-network.html">KLGatewayChildrenIndicatorSocialSupportNetwork</a></p></div><p><b>status</b>: final</p><p><b>code</b>: Netværk <span style="background: LightGoldenRodYellow; margin: 4px; border: 1px solid khaki"> (<a href="http://fhir.kl.dk/term/2.0.0/CodeSystem-FBOE.html">FBOE</a>#7e7fab2f-278a-4b14-9bc9-efc36fffcba5)</span></p><p><b>subject</b>: See on this page: Patient/e2cbbca1-ac3d-4bb1-b43b-c0d62b48b33a</p><p><b>effective</b>: 2020-02-05 00:00:00+0000</p><p><b>value</b>: Godt netværk <span style="background: LightGoldenRodYellow; margin: 4px; border: 1px solid khaki"> (<a href="http://fhir.kl.dk/term/2.0.0/CodeSystem-FBOE.html">FBOE</a>#fbd9a8a5-0ed6-4e1a-9841-066ade34b071)</span></p></div>
        </text>
        <status value="final"/>
        <code>
          <coding>
            <system value="http://fhir.kl.dk/term/CodeSystem/FBOE"/>
            <code value="7e7fab2f-278a-4b14-9bc9-efc36fffcba5"/>
            <display value="Netværk"/>
          </coding>
        </code>
        <subject>
          <reference value="Patient/e2cbbca1-ac3d-4bb1-b43b-c0d62b48b33a"/>
        </subject>
        <effectiveDateTime value="2020-02-05T00:00:00.000Z"/>
        <valueCodeableConcept>
          <coding>
            <system value="http://fhir.kl.dk/term/CodeSystem/FBOE"/>
            <code value="fbd9a8a5-0ed6-4e1a-9841-066ade34b071"/>
            <display value="Godt netværk"/>
          </coding>
        </valueCodeableConcept>
      </Observation>
    </resource>
  </entry>
</Bundle>