<?xml version="1.0" encoding="UTF-8"?>

<ValueSet xmlns="http://hl7.org/fhir">
  <id value="EncounterTypes"/>
  <text>
    <status value="extensions"/><div xmlns="http://www.w3.org/1999/xhtml"><ul><li>Include these codes as defined in <a href="http://fhir.kl.dk/term/2.0.0/CodeSystem-FBOE.html"><code>http://fhir.kl.dk/term/CodeSystem/FBOE</code></a><table class="none"><tr><td style="white-space:nowrap"><b>Code</b></td><td><b>Display</b></td><td><b>Definition</b></td></tr><tr><td><a href="http://fhir.kl.dk/term/2.0.0/CodeSystem-FBOE.html#FBOE-d3c00541-f1d3-4c43-b5fc-16e8914ca1df">d3c00541-f1d3-4c43-b5fc-16e8914ca1df</a></td><td style="color: #cccccc">Graviditetsbesøg</td><td>Graviditetsbesøg foretaget af småbørnssundhedsplejen.</td></tr><tr><td><a href="http://fhir.kl.dk/term/2.0.0/CodeSystem-FBOE.html#FBOE-7d35a193-e808-4e77-b361-6c0d114d021f">7d35a193-e808-4e77-b361-6c0d114d021f</a></td><td style="color: #cccccc">Barselsbesøg</td><td>Barselsbesøg foretaget af småbørnssundhedsplejen.</td></tr><tr><td><a href="http://fhir.kl.dk/term/2.0.0/CodeSystem-FBOE.html#FBOE-b4bf6058-502a-4d64-bb8e-369661f43b47">b4bf6058-502a-4d64-bb8e-369661f43b47</a></td><td style="color: #cccccc">Etableringsbesøg</td><td>Etableringsbesøg foretaget af småbørnssundhedsplejen.</td></tr><tr><td><a href="http://fhir.kl.dk/term/2.0.0/CodeSystem-FBOE.html#FBOE-563c4174-f451-4c87-8db8-8d5472ca7ff6">563c4174-f451-4c87-8db8-8d5472ca7ff6</a></td><td style="color: #cccccc">Andet besøg inden første måned</td><td>Andet besøg i barnets første måned foretaget af småbørnssundhedsplejen.</td></tr><tr><td><a href="http://fhir.kl.dk/term/2.0.0/CodeSystem-FBOE.html#FBOE-51f30d1c-d60e-4e3e-ac22-ec9712ea962d">51f30d1c-d60e-4e3e-ac22-ec9712ea962d</a></td><td style="color: #cccccc">Besøg hos det ca. 2 måneder gamle barn</td><td>Besøg hos det ca. 2 måneder gamle barn foretaget af småbørnssundhedsplejen.</td></tr><tr><td><a href="http://fhir.kl.dk/term/2.0.0/CodeSystem-FBOE.html#FBOE-58ff370b-a775-4bec-b24a-91604e0a5fe7">58ff370b-a775-4bec-b24a-91604e0a5fe7</a></td><td style="color: #cccccc">Besøg hos det 4-6 måneder gamle barn</td><td>Besøg hos det 4-6 måneder gamle barn foretaget af småbørnssundhedsplejen.</td></tr><tr><td><a href="http://fhir.kl.dk/term/2.0.0/CodeSystem-FBOE.html#FBOE-3f3e6489-31bd-44cf-9920-3c632868feb7">3f3e6489-31bd-44cf-9920-3c632868feb7</a></td><td style="color: #cccccc">Besøg hos det 8-11 måneder gamle barn</td><td>Besøg hos det 8-11 måneder gamle barn foretaget af småbørnssundhedsplejen.</td></tr><tr><td><a href="http://fhir.kl.dk/term/2.0.0/CodeSystem-FBOE.html#FBOE-4b039ba1-4005-42e6-b672-09b81ad7578a">4b039ba1-4005-42e6-b672-09b81ad7578a</a></td><td style="color: #cccccc">Behovskontakt med småbørnssundhedsplejen</td><td>Sundhedsplejens kontakter i barnets første 5 leveår efter behov.</td></tr><tr><td><a href="http://fhir.kl.dk/term/2.0.0/CodeSystem-FBOE.html#FBOE-b30f139c-fac5-416e-b84a-a3429f0222c2">b30f139c-fac5-416e-b84a-a3429f0222c2</a></td><td style="color: #cccccc">Almindelig forebyggende småbørnskontakt</td><td>Kontakt, der ikke er beskrevet i vejledning om forebyggende sundhedsydelser til børn og unge, men som stadig er del af den almindelige forebyggende småbørnsindsats.</td></tr><tr><td><a href="http://fhir.kl.dk/term/2.0.0/CodeSystem-FBOE.html#FBOE-c06ed6f1-be9d-460e-a45e-34821bcbd533">c06ed6f1-be9d-460e-a45e-34821bcbd533</a></td><td style="color: #cccccc">Indskolingsundersøgelse</td><td>Indskolingsundersøgelse foretaget af skolesundhedsplejen.</td></tr><tr><td><a href="http://fhir.kl.dk/term/2.0.0/CodeSystem-FBOE.html#FBOE-d01bcb90-2b29-44f4-834c-191d6dd4a08a">d01bcb90-2b29-44f4-834c-191d6dd4a08a</a></td><td style="color: #cccccc">Undersøgelse i mellemtrin, med måling</td><td>Undersøgelse i mellemtrin foretaget af skolesundhedsplejen, hvor der måles højde og vægt.</td></tr><tr><td><a href="http://fhir.kl.dk/term/2.0.0/CodeSystem-FBOE.html#FBOE-dd766967-4d02-4c17-8ed3-021852785fdf">dd766967-4d02-4c17-8ed3-021852785fdf</a></td><td style="color: #cccccc">Udskolingsundersøgelse</td><td>Udskolingsundersøgelse foretaget af skolesundhedsplejen.</td></tr><tr><td><a href="http://fhir.kl.dk/term/2.0.0/CodeSystem-FBOE.html#FBOE-606c6585-444b-4ecd-885c-2ee59dc33f32">606c6585-444b-4ecd-885c-2ee59dc33f32</a></td><td style="color: #cccccc">Behovskontakt med skolesundhedsplejen</td><td>Sundhedsplejens kontakter ifm. barnets skolegang efter behov.</td></tr><tr><td><a href="http://fhir.kl.dk/term/2.0.0/CodeSystem-FBOE.html#FBOE-17f5f9fa-3e1c-42fe-9ef3-178bc7900f67">17f5f9fa-3e1c-42fe-9ef3-178bc7900f67</a></td><td style="color: #cccccc">Almindelig forebyggende skolebørnskontakt</td><td>Kontakt, der ikke er beskrevet i vejledning om forebyggende sundhedsydelser til børn og unge, men som stadig er del af den almindelige forebyggende småbørnsindsats.</td></tr></table></li></ul></div>
  </text>
  <url value="http://fhir.kl.dk/children/ValueSet/EncounterTypes"/>
  <version value="2.0.1"/>
  <name value="EncounterTypes"/>
  <title value="SundhedsplejeKontaktTyper"/>
  <status value="active"/>
  <experimental value="false"/>
  <date value="2024-06-21T14:09:21+02:00"/>
  <publisher value="Kommunernes Landsforening"/>
  <contact>
    <name value="Kommunernes Landsforening"/>
    <telecom>
      <system value="url"/>
      <value value="http://kl.dk"/>
    </telecom>
  </contact>
  <description value="Extension on encountertype valueset, to be implemented in KL-term and FKI, does not use exciting codes only those specific to childrens nursing"/>
  <compose>
    <include>
      <system value="http://fhir.kl.dk/term/CodeSystem/FBOE"/>
      <concept>
        <code value="d3c00541-f1d3-4c43-b5fc-16e8914ca1df"/>
      </concept>
      <concept>
        <code value="7d35a193-e808-4e77-b361-6c0d114d021f"/>
      </concept>
      <concept>
        <code value="b4bf6058-502a-4d64-bb8e-369661f43b47"/>
      </concept>
      <concept>
        <code value="563c4174-f451-4c87-8db8-8d5472ca7ff6"/>
      </concept>
      <concept>
        <code value="51f30d1c-d60e-4e3e-ac22-ec9712ea962d"/>
      </concept>
      <concept>
        <code value="58ff370b-a775-4bec-b24a-91604e0a5fe7"/>
      </concept>
      <concept>
        <code value="3f3e6489-31bd-44cf-9920-3c632868feb7"/>
      </concept>
      <concept>
        <code value="4b039ba1-4005-42e6-b672-09b81ad7578a"/>
      </concept>
      <concept>
        <code value="b30f139c-fac5-416e-b84a-a3429f0222c2"/>
      </concept>
      <concept>
        <code value="c06ed6f1-be9d-460e-a45e-34821bcbd533"/>
      </concept>
      <concept>
        <code value="d01bcb90-2b29-44f4-834c-191d6dd4a08a"/>
      </concept>
      <concept>
        <code value="dd766967-4d02-4c17-8ed3-021852785fdf"/>
      </concept>
      <concept>
        <code value="606c6585-444b-4ecd-885c-2ee59dc33f32"/>
      </concept>
      <concept>
        <code value="17f5f9fa-3e1c-42fe-9ef3-178bc7900f67"/>
      </concept>
    </include>
  </compose>
</ValueSet>