<?xml version="1.0" encoding="UTF-8"?>

<ValueSet xmlns="http://hl7.org/fhir">
  <id value="ChildrenParentRelationshipCodes"/>
  <text>
    <status value="extensions"/><div xmlns="http://www.w3.org/1999/xhtml"><ul><li>Include these codes as defined in <a href="http://fhir.kl.dk/term/2.1.0/CodeSystem-FBOE.html"><code>http://fhir.kl.dk/term/CodeSystem/FBOE</code></a><table class="none"><tr><td style="white-space:nowrap"><b>Code</b></td><td><b>Display</b></td><td><b>Definition</b></td></tr><tr><td><a href="http://fhir.kl.dk/term/2.1.0/CodeSystem-FBOE.html#FBOE-7a107df6-8fb8-4744-8413-be10b4c5c1d9">7a107df6-8fb8-4744-8413-be10b4c5c1d9</a></td><td style="color: #cccccc">Velfungerende forældre-barn-relation</td><td>Småbørn: Barnets fysiske og psykiske omsorgsbehov opfyldes. Fx får barnet mad, søvn og nærvær. Barnet viser tegn på tryg tilknytning til mindst én forælder.</td></tr><tr><td><a href="http://fhir.kl.dk/term/2.1.0/CodeSystem-FBOE.html#FBOE-274791a5-094d-4e6a-831e-e712d3d66aeb">274791a5-094d-4e6a-831e-e712d3d66aeb</a></td><td style="color: #cccccc">Let påvirket forældre-barn-relation</td><td>Småbørn: Barnets fysiske og psykiske omsorgsbehov opfyldes, men er påvirket, da forældrene ikke i tilstrækkelig grad tolker og/eller reagerer afstemt i forhold til barnets behov og signaler.</td></tr><tr><td><a href="http://fhir.kl.dk/term/2.1.0/CodeSystem-FBOE.html#FBOE-80aa0dab-aa41-45b1-a2cc-16d7e3733fdd">80aa0dab-aa41-45b1-a2cc-16d7e3733fdd</a></td><td style="color: #cccccc">Udfordring i forældre-barn-relation</td><td>Småbørn: Barnets fysiske eller psykiske omsorgsbehov opfyldes ikke. Forældrene reagerer ikke afstemt i forhold til barnets behov og signaler. Barnet viser tegn på utryg tilknytning til forældrene.</td></tr></table></li></ul></div>
  </text>
  <url value="http://fhir.kl.dk/children/ValueSet/ChildrenParentRelationshipCodes"/>
  <version value="2.0.1"/>
  <name value="ChildrenParentRelationshipCodes"/>
  <title value="ForældreBarnRelationsKoder"/>
  <status value="active"/>
  <experimental value="false"/>
  <date value="2024-06-24T13:04:27+02:00"/>
  <publisher value="Kommunernes Landsforening"/>
  <contact>
    <name value="Kommunernes Landsforening"/>
    <telecom>
      <system value="url"/>
      <value value="http://kl.dk"/>
    </telecom>
  </contact>
  <description value="Mandatory result values for parent child relationship in small children and school children"/>
  <compose>
    <include>
      <system value="http://fhir.kl.dk/term/CodeSystem/FBOE"/>
      <concept>
        <code value="7a107df6-8fb8-4744-8413-be10b4c5c1d9"/>
      </concept>
      <concept>
        <code value="274791a5-094d-4e6a-831e-e712d3d66aeb"/>
      </concept>
      <concept>
        <code value="80aa0dab-aa41-45b1-a2cc-16d7e3733fdd"/>
      </concept>
    </include>
  </compose>
</ValueSet>