{
  "resourceType" : "ValueSet",
  "id" : "KLNursingAreasFSIII",
  "text" : {
    "status" : "generated",
    "div" : "<div xmlns=\"http://www.w3.org/1999/xhtml\"><ul><li>Include these codes as defined in <a href=\"CodeSystem-FSIII.html\"><code>urn:oid:1.2.208.176.2.21</code></a><table class=\"none\"><tr><td style=\"white-space:nowrap\"><b>Code</b></td><td><b>Display</b></td></tr><tr><td><a href=\"CodeSystem-FSIII.html#FSIII-I9\">I9</a></td><td>Smerter og sanseindtryk</td></tr><tr><td><a href=\"CodeSystem-FSIII.html#FSIII-I2\">I2</a></td><td>Bevægeapparat</td></tr><tr><td><a href=\"CodeSystem-FSIII.html#FSIII-I11\">I11</a></td><td>Viden og udvikling</td></tr><tr><td><a href=\"CodeSystem-FSIII.html#FSIII-I1\">I1</a></td><td>Funktionsniveau</td></tr><tr><td><a href=\"CodeSystem-FSIII.html#FSIII-I5\">I5</a></td><td>Kommunikation</td></tr><tr><td><a href=\"CodeSystem-FSIII.html#FSIII-I7\">I7</a></td><td>Respiration og cirkulation</td></tr><tr><td><a href=\"CodeSystem-FSIII.html#FSIII-I4\">I4</a></td><td>Hud og slimhinder</td></tr><tr><td><a href=\"CodeSystem-FSIII.html#FSIII-I8\">I8</a></td><td>Seksualitet</td></tr><tr><td><a href=\"CodeSystem-FSIII.html#FSIII-I3\">I3</a></td><td>Ernæring</td></tr><tr><td><a href=\"CodeSystem-FSIII.html#FSIII-I12\">I12</a></td><td>Udskillelse af affaldsstoffer</td></tr><tr><td><a href=\"CodeSystem-FSIII.html#FSIII-I10\">I10</a></td><td>Søvn og hvile</td></tr><tr><td><a href=\"CodeSystem-FSIII.html#FSIII-I6\">I6</a></td><td>Psykosociale forhold</td></tr></table></li></ul></div>"
  },
  "url" : "http://fhir.kl.dk/term/ValueSet/KLNursingAreasFSIII",
  "version" : "1.0.0",
  "name" : "KLNursingAreasFSIII",
  "title" : "KLSygeplejeOmråderFSIII",
  "status" : "active",
  "experimental" : false,
  "date" : "2023-04-28T21:07:42+02:00",
  "publisher" : "Kommunernes Landsforening",
  "contact" : [{
    "name" : "Kommunernes Landsforening",
    "telecom" : [{
      "system" : "url",
      "value" : "http://kl.dk"
    }]
  }],
  "description" : "Observation codes for the 12 nursing areas as defined by FSIII",
  "compose" : {
    "include" : [{
      "system" : "urn:oid:1.2.208.176.2.21",
      "concept" : [{
        "code" : "I9"
      },
      {
        "code" : "I2"
      },
      {
        "code" : "I11"
      },
      {
        "code" : "I1"
      },
      {
        "code" : "I5"
      },
      {
        "code" : "I7"
      },
      {
        "code" : "I4"
      },
      {
        "code" : "I8"
      },
      {
        "code" : "I3"
      },
      {
        "code" : "I12"
      },
      {
        "code" : "I10"
      },
      {
        "code" : "I6"
      }]
    }]
  }
}