<?xml version="1.0" encoding="UTF-8"?>

<Goal xmlns="http://hl7.org/fhir">
  <id value="MarkForventetTilstand"/>
  <meta>
    <profile value="http://fhir.kl.dk/core/StructureDefinition/KLCommonCareSocialGoal"/>
  </meta>
  <text>
    <status value="generated"/><div xmlns="http://www.w3.org/1999/xhtml"><p><b>Generated Narrative: Goal</b><a name="MarkForventetTilstand"> </a></p><div style="display: inline-block; background-color: #d9e0e7; padding: 6px; margin: 4px; border: 1px solid #8da1b4; border-radius: 5px; line-height: 60%"><p style="margin-bottom: 0px">Resource Goal &quot;MarkForventetTilstand&quot; </p><p style="margin-bottom: 0px">Profile: <a href="StructureDefinition-KLCommonCareSocialGoal.html">Goal</a></p></div><p><b>lifecycleStatus</b>: active</p><p><b>category</b>: FSIII tilstandsmål <span style="background: LightGoldenRodYellow; margin: 4px; border: 1px solid khaki"> (<a href="http://fhir.kl.dk/term/1.0.0/CodeSystem-CareSocialCodes.html">CareSocialCodes</a>#ca552020-6ed1-4cdc-b0d4-32697f1f27ad)</span></p><p><b>description</b>: Tryksåret er helet <span style="background: LightGoldenRodYellow; margin: 4px; border: 1px solid khaki"> ()</span></p><p><b>subject</b>: <a href="Patient-Mark.html">Patient/Mark</a> &quot; JENSEN&quot;</p><h3>Targets</h3><table class="grid"><tr><td>-</td><td><b>Measure</b></td><td><b>Detail[x]</b></td></tr><tr><td>*</td><td>måltype <span style="background: LightGoldenRodYellow; margin: 4px; border: 1px solid khaki"> (<a href="http://fhir.kl.dk/term/1.0.0/CodeSystem-CareSocialCodes.html">CareSocialCodes</a>#90c48f03-f194-4b2f-ad7d-6cba1069ae48)</span></td><td>Tilstand forsvinder <span style="background: LightGoldenRodYellow; margin: 4px; border: 1px solid khaki"> (<a href="http://fhir.kl.dk/term/1.0.0/CodeSystem-FSIII.html">FSIII</a>#81c827de-ef31-4410-aa57-0d1d1bc6c264)</span></td></tr></table><p><b>expressedBy</b>: <a href="Practitioner-HanneFraVisitationenAalborg.html">Practitioner/HanneFraVisitationenAalborg</a> &quot; SIMONSEN&quot;</p><p><b>addresses</b>: <a href="Condition-ConditionPressureUlcer.html">Condition/ConditionPressureUlcer</a></p></div>
  </text>
  <lifecycleStatus value="active"/>
  <category>
    <coding>
      <system value="http://fhir.kl.dk/term/CodeSystem/CareSocialCodes"/>
      <code value="ca552020-6ed1-4cdc-b0d4-32697f1f27ad"/>
      <display value="FSIII tilstandsmål"/>
    </coding>
  </category>
  <description>
    <text value="Tryksåret er helet"/>
  </description>
  <subject>
    <reference value="Patient/Mark"/>
  </subject>
  <target>
    <measure>
      <coding>
        <system value="http://fhir.kl.dk/term/CodeSystem/CareSocialCodes"/>
        <code value="90c48f03-f194-4b2f-ad7d-6cba1069ae48"/>
      </coding>
    </measure>
    <detailCodeableConcept>
      <coding>
        <system value="urn:oid:1.2.208.176.2.21"/>
        <code value="81c827de-ef31-4410-aa57-0d1d1bc6c264"/>
        <display value="Tilstand forsvinder"/>
      </coding>
    </detailCodeableConcept>
  </target>
  <expressedBy>
    <reference value="Practitioner/HanneFraVisitationenAalborg"/>
  </expressedBy>
  <addresses>
    <reference value="Condition/ConditionPressureUlcer"/>
  </addresses>
</Goal>