<?xml version="1.0" encoding="UTF-8"?>

<ValueSet xmlns="http://hl7.org/fhir">
  <id value="KLChangeValueCodes"/>
  <text>
    <status value="generated"/><div xmlns="http://www.w3.org/1999/xhtml"><ul><li>Import all the codes that are contained in <a href="http://fhir.kl.dk/term/1.0.0/ValueSet-KLChangeValueCodes.html">KLMåltypeKoder</a></li></ul></div>
  </text>
  <url value="http://fhir.kl.dk/core/ValueSet/KLChangeValueCodes"/>
  <version value="1.2.0"/>
  <name value="KLChangeValueCodes"/>
  <title value="KLMåltypeKoder"/>
  <status value="draft"/>
  <date value="2023-06-07T16:33:10+02:00"/>
  <publisher value="Kommunernes landsforening"/>
  <contact>
    <name value="Kommunernes landsforening"/>
    <telecom>
      <system value="url"/>
      <value value="http://kl.dk"/>
    </telecom>
  </contact>
  <description value="Change values for goals (måltype). Express the target value for change of a condition"/>
  <compose>
    <include>
      <valueSet value="http://fhir.kl.dk/term/ValueSet/KLChangeValueCodes"/>
    </include>
  </compose>
</ValueSet>