<?xml version="1.0" encoding="UTF-8"?>

<Encounter xmlns="http://hl7.org/fhir">
  <id value="NeedBasedEncounterRikke"/>
  <meta>
    <profile value="http://fhir.kl.dk/children/StructureDefinition/klgateway-children-encounter"/>
  </meta>
  <text>
    <status value="extensions"/><div xmlns="http://www.w3.org/1999/xhtml"><p><b>Generated Narrative: Encounter </b><a name="NeedBasedEncounterRikke"> </a><a name="hcNeedBasedEncounterRikke"> </a></p><div style="display: inline-block; background-color: #d9e0e7; padding: 6px; margin: 4px; border: 1px solid #8da1b4; border-radius: 5px; line-height: 60%"><p style="margin-bottom: 0px">ResourceEncounter &quot;NeedBasedEncounterRikke&quot; </p><p style="margin-bottom: 0px">Profile: <a href="StructureDefinition-klgateway-children-encounter.html">KLGatewayChildrenEncounter</a></p></div><p><b>basedOnInterventionExtension</b>: <a href="CarePlan-RikkeInterventionSocialContact.html">CarePlan/RikkeInterventionSocialContact</a></p><p><b>status</b>: finished</p><p><b>class</b>: Skærmbesøg (Details: CareSocialCodes code 124be95d-6924-4609-9d2a-e7c73ae3ab3d  = ' Skærmbesøg ', stated as ' Skærmbesøg ')</p><p><b>type</b>: Behovskontakt med småbørnssundhedsplejen <span style="background: LightGoldenRodYellow; margin: 4px; border: 1px solid khaki"> (<a href="http://fhir.kl.dk/term/2.0.0/CodeSystem-FBOE.html">FBOE</a>#4b039ba1-4005-42e6-b672-09b81ad7578a)</span></p><p><b>subject</b>: <a href="Patient-Rikke.html">Patient/Rikke</a></p><p><b>period</b>: 2021-03-25 10:15:00+0000 --&gt; (ongoing)</p></div>
  </text>
  <extension url="http://fhir.kl.dk/children/StructureDefinition/BasedOnInterventionExtension">
    <valueReference>
      <reference value="CarePlan/RikkeInterventionSocialContact"/>
    </valueReference>
  </extension>
  <status value="finished"/>
  <class>
    <system value="http://fhir.kl.dk/term/CodeSystem/CareSocialCodes"/>
    <code value="124be95d-6924-4609-9d2a-e7c73ae3ab3d"/>
    <display value="Skærmbesøg"/>
  </class>
  <type>
    <coding>
      <system value="http://fhir.kl.dk/term/CodeSystem/FBOE"/>
      <code value="4b039ba1-4005-42e6-b672-09b81ad7578a"/>
      <display value="Behovskontakt med småbørnssundhedsplejen"/>
    </coding>
  </type>
  <subject>
    <reference value="Patient/Rikke"/>
  </subject>
  <period>
    <start value="2021-03-25T10:15:00.000Z"/>
  </period>
</Encounter>