<?xml version="1.0" encoding="UTF-8"?>

<ValueSet xmlns="http://hl7.org/fhir">
  <id value="NicotineCodes"/>
  <text>
    <status value="extensions"/><div xmlns="http://www.w3.org/1999/xhtml"><ul><li>Include these codes as defined in <a href="http://fhir.kl.dk/term/2.0.0/CodeSystem-FBOE.html"><code>http://fhir.kl.dk/term/CodeSystem/FBOE</code></a><table class="none"><tr><td style="white-space:nowrap"><b>Code</b></td><td><b>Display</b></td><td><b>Definition</b></td></tr><tr><td><a href="http://fhir.kl.dk/term/2.0.0/CodeSystem-FBOE.html#FBOE-a7a53cfd-c7bb-4573-a4ae-2eb18e3dda1f">a7a53cfd-c7bb-4573-a4ae-2eb18e3dda1f</a></td><td style="color: #cccccc">Ikke prøvet nikotin</td><td>Skolebørn: Barnet har aldrig prøvet nikotinholdige produkter fx cigaretter, snus, e-cigaretter, vandpibe, nikotinposer, Puff Bars.</td></tr><tr><td><a href="http://fhir.kl.dk/term/2.0.0/CodeSystem-FBOE.html#FBOE-fd145ea6-b7de-466c-9053-8b4a0be960ac">fd145ea6-b7de-466c-9053-8b4a0be960ac</a></td><td style="color: #cccccc">Har prøvet nikotin</td><td>Skolebørn: Barnet har prøvet nikotinholdige produkter højst et par gange fx cigaretter, snus, e-cigaretter, vandpibe, nikotinposer, Puff Bars.</td></tr><tr><td><a href="http://fhir.kl.dk/term/2.0.0/CodeSystem-FBOE.html#FBOE-cfe9150e-380e-4ce3-a120-2e2b227c8b9f">cfe9150e-380e-4ce3-a120-2e2b227c8b9f</a></td><td style="color: #cccccc">Bruger nikotin</td><td>Skolebørn: Barnet bruger nikotinholdige produkter fx cigaretter, snus, e-cigaretter, vandpibe, nikotinposer, Puff Bars. Med brug menes at barnet har prøvet mere end to gange.</td></tr></table></li></ul></div>
  </text>
  <url value="http://fhir.kl.dk/children/ValueSet/NicotineCodes"/>
  <version value="2.0.0"/>
  <name value="NicotineCodes"/>
  <title value="NikotinKoder"/>
  <status value="active"/>
  <experimental value="false"/>
  <date value="2024-06-05T10:42:00+02:00"/>
  <publisher value="Kommunernes Landsforening"/>
  <contact>
    <name value="Kommunernes Landsforening"/>
    <telecom>
      <system value="url"/>
      <value value="http://kl.dk"/>
    </telecom>
  </contact>
  <description value="Mandatory result values for nicotine use in school children"/>
  <compose>
    <include>
      <system value="http://fhir.kl.dk/term/CodeSystem/FBOE"/>
      <concept>
        <code value="a7a53cfd-c7bb-4573-a4ae-2eb18e3dda1f"/>
      </concept>
      <concept>
        <code value="fd145ea6-b7de-466c-9053-8b4a0be960ac"/>
      </concept>
      <concept>
        <code value="cfe9150e-380e-4ce3-a120-2e2b227c8b9f"/>
      </concept>
    </include>
  </compose>
</ValueSet>