{
  "resourceType" : "Bundle",
  "id" : "TestPersonReport",
  "meta" : {
    "profile" : ["http://fhir.kl.dk/gateway/StructureDefinition/klgateway-care-delivery-report"]
  },
  "type" : "collection",
  "timestamp" : "2020-08-14T00:00:00Z",
  "entry" : [{
    "fullUrl" : "https://test.fhir.dk/Patient/TestPerson",
    "resource" : {
      "resourceType" : "Patient",
      "id" : "TestPerson",
      "meta" : {
        "profile" : ["http://fhir.kl.dk/gateway/StructureDefinition/klgateway-care-citizen"]
      },
      "text" : {
        "status" : "generated",
        "div" : "<div xmlns=\"http://www.w3.org/1999/xhtml\"><a name=\"Patient_TestPerson\"> </a><p class=\"res-header-id\"><b>Generated Narrative: Patient TestPerson</b></p><a name=\"TestPerson\"> </a><a name=\"hcTestPerson\"> </a><a name=\"TestPerson-en-US\"> </a><p style=\"border: 1px #661aff solid; background-color: #e6e6ff; padding: 10px;\">Anonymous Patient (no stated gender), DoB Unknown ( urn:oid:1.2.208.176.1.2#0101010101\u00a0(use:\u00a0official,\u00a0))</p><hr/><table class=\"grid\"><tr><td style=\"background-color: #f3f5da\" title=\"Known status of Patient\">Deceased:</td><td colspan=\"3\">false</td></tr><tr><td style=\"background-color: #f3f5da\" title=\"Patient Links\">Links:</td><td colspan=\"3\"><ul><li>Managing Organization: Identifier: <code>urn:oid:1.2.208.176.1.1</code>/123456789012345\u00a0(use:\u00a0official,\u00a0)</li></ul></td></tr></table></div>"
      },
      "identifier" : [{
        "use" : "official",
        "system" : "urn:oid:1.2.208.176.1.2",
        "value" : "0101010101"
      }],
      "deceasedBoolean" : false,
      "managingOrganization" : {
        "identifier" : {
          "use" : "official",
          "system" : "urn:oid:1.2.208.176.1.1",
          "value" : "123456789012345"
        }
      }
    }
  },
  {
    "fullUrl" : "https://test.fhir.dk/Condition/VaskeSigLetteBegraensninger",
    "resource" : {
      "resourceType" : "Condition",
      "id" : "VaskeSigLetteBegraensninger",
      "meta" : {
        "profile" : ["http://fhir.kl.dk/gateway/StructureDefinition/klgateway-care-condition"]
      },
      "text" : {
        "status" : "extensions",
        "div" : "<div xmlns=\"http://www.w3.org/1999/xhtml\"><a name=\"Condition_VaskeSigLetteBegraensninger\"> </a><p class=\"res-header-id\"><b>Generated Narrative: Condition VaskeSigLetteBegraensninger</b></p><a name=\"VaskeSigLetteBegraensninger\"> </a><a name=\"hcVaskeSigLetteBegraensninger\"> </a><a name=\"VaskeSigLetteBegraensninger-en-US\"> </a><p><b>CareFollowUpEncounterExtension</b>: <a href=\"Encounter-NaesteOpfoelgningsdato.html\">Encounter: status = planned; class = home health (ActCode#HH); type = opfølgning; period = 2020-08-14 --&gt; (ongoing)</a></p><p><b>clinicalStatus</b>: <span title=\"Codes:{http://terminology.hl7.org/CodeSystem/condition-clinical active}\">Active</span></p><p><b>verificationStatus</b>: <span title=\"Codes:{http://terminology.hl7.org/CodeSystem/condition-ver-status confirmed}\">Confirmed</span></p><p><b>category</b>: <span title=\"Codes:{http://terminology.hl7.org/CodeSystem/condition-category problem-list-item}\">Problem List Item</span></p><p><b>severity</b>: <span title=\"Codes:{urn:oid:1.2.208.176.2.21 B2}\">1</span></p><p><b>code</b>: <span title=\"Codes:{urn:oid:1.2.208.176.2.21 J1.1}\">Vaske sig</span></p><p><b>subject</b>: <a href=\"Patient-TestPerson.html\">Anonymous Patient (no stated gender), DoB Unknown ( urn:oid:1.2.208.176.1.2#0101010101\u00a0(use:\u00a0official,\u00a0))</a></p><p><b>recordedDate</b>: 2020-08-14</p></div>"
      },
      "extension" : [{
        "url" : "http://fhir.kl.dk/gateway/StructureDefinition/klgateway-care-follow-up-encounter-extension",
        "valueReference" : {
          "reference" : "Encounter/NaesteOpfoelgningsdato"
        }
      }],
      "clinicalStatus" : {
        "coding" : [{
          "system" : "http://terminology.hl7.org/CodeSystem/condition-clinical",
          "code" : "active"
        }]
      },
      "verificationStatus" : {
        "coding" : [{
          "system" : "http://terminology.hl7.org/CodeSystem/condition-ver-status",
          "code" : "confirmed"
        }]
      },
      "category" : [{
        "coding" : [{
          "system" : "http://terminology.hl7.org/CodeSystem/condition-category",
          "code" : "problem-list-item"
        }]
      }],
      "severity" : {
        "coding" : [{
          "system" : "urn:oid:1.2.208.176.2.21",
          "code" : "B2"
        }]
      },
      "code" : {
        "coding" : [{
          "system" : "urn:oid:1.2.208.176.2.21",
          "code" : "J1.1"
        }]
      },
      "subject" : {
        "reference" : "Patient/TestPerson"
      },
      "recordedDate" : "2020-08-14"
    }
  },
  {
    "fullUrl" : "https://test.fhir.dk/Goal/ForventetIngenBegraensninger",
    "resource" : {
      "resourceType" : "Goal",
      "id" : "ForventetIngenBegraensninger",
      "meta" : {
        "profile" : ["http://fhir.kl.dk/gateway/StructureDefinition/klgateway-care-goal"]
      },
      "text" : {
        "status" : "generated",
        "div" : "<div xmlns=\"http://www.w3.org/1999/xhtml\"><a name=\"Goal_ForventetIngenBegraensninger\"> </a><p class=\"res-header-id\"><b>Generated Narrative: Goal ForventetIngenBegraensninger</b></p><a name=\"ForventetIngenBegraensninger\"> </a><a name=\"hcForventetIngenBegraensninger\"> </a><a name=\"ForventetIngenBegraensninger-en-US\"> </a><p><b>lifecycleStatus</b>: Planned</p><p><b>category</b>: <span title=\"Codes:{http://fhir.kl.dk/term/CodeSystem/CareSocialCodes ca552020-6ed1-4cdc-b0d4-32697f1f27ad}\">FSIII tilstandsmål</span></p><p><b>description</b>: <span title=\"Codes:{urn:oid:1.2.208.176.2.21 e182c5dc-9f91-474a-92e8-f62be3d498f4}\">Tilstand forsvinder, mindskes eller forbliver uændret</span></p><p><b>subject</b>: <a href=\"Patient-TestPerson.html\">Anonymous Patient (no stated gender), DoB Unknown ( urn:oid:1.2.208.176.1.2#0101010101\u00a0(use:\u00a0official,\u00a0))</a></p><p><b>start</b>: 2020-08-14</p><h3>Targets</h3><table class=\"grid\"><tr><td style=\"display: none\">-</td><td><b>Measure</b></td><td><b>Detail[x]</b></td></tr><tr><td style=\"display: none\">*</td><td><span title=\"Codes:{http://fhir.kl.dk/term/CodeSystem/CareSocialCodes 66959f77-6e2a-4574-8423-3ff097f8b9fa}\">funktionsevneniveau</span></td><td><span title=\"Codes:{urn:oid:1.2.208.176.2.21 B2}\">1</span></td></tr></table><p><b>addresses</b>: <a href=\"Condition-VaskeSigLetteBegraensninger.html\">Condition Vaske sig</a></p></div>"
      },
      "lifecycleStatus" : "planned",
      "category" : [{
        "coding" : [{
          "system" : "http://fhir.kl.dk/term/CodeSystem/CareSocialCodes",
          "code" : "ca552020-6ed1-4cdc-b0d4-32697f1f27ad"
        }]
      }],
      "description" : {
        "coding" : [{
          "system" : "urn:oid:1.2.208.176.2.21",
          "code" : "e182c5dc-9f91-474a-92e8-f62be3d498f4"
        }]
      },
      "subject" : {
        "reference" : "Patient/TestPerson"
      },
      "startDate" : "2020-08-14",
      "target" : [{
        "measure" : {
          "coding" : [{
            "system" : "http://fhir.kl.dk/term/CodeSystem/CareSocialCodes",
            "code" : "66959f77-6e2a-4574-8423-3ff097f8b9fa"
          }]
        },
        "detailCodeableConcept" : {
          "coding" : [{
            "system" : "urn:oid:1.2.208.176.2.21",
            "code" : "B2"
          }]
        }
      }],
      "addresses" : [{
        "reference" : "Condition/VaskeSigLetteBegraensninger"
      }]
    }
  },
  {
    "fullUrl" : "https://test.fhir.dk/Observation/OpleverIkkeBegraensningerMedVaskeSig",
    "resource" : {
      "resourceType" : "Observation",
      "id" : "OpleverIkkeBegraensningerMedVaskeSig",
      "meta" : {
        "profile" : ["http://fhir.kl.dk/gateway/StructureDefinition/klgateway-care-citizens-own-observation"]
      },
      "text" : {
        "status" : "generated",
        "div" : "<div xmlns=\"http://www.w3.org/1999/xhtml\"><a name=\"Observation_OpleverIkkeBegraensningerMedVaskeSig\"> </a><p class=\"res-header-id\"><b>Generated Narrative: Observation OpleverIkkeBegraensningerMedVaskeSig</b></p><a name=\"OpleverIkkeBegraensningerMedVaskeSig\"> </a><a name=\"hcOpleverIkkeBegraensningerMedVaskeSig\"> </a><a name=\"OpleverIkkeBegraensningerMedVaskeSig-en-US\"> </a><p><b>status</b>: Final</p><p><b>code</b>: <span title=\"Codes:{urn:oid:1.2.208.176.2.21 D}\">Betydning</span></p><p><b>subject</b>: <a href=\"Patient-TestPerson.html\">Anonymous Patient (no stated gender), DoB Unknown ( urn:oid:1.2.208.176.1.2#0101010101\u00a0(use:\u00a0official,\u00a0))</a></p><p><b>focus</b>: <a href=\"Condition-VaskeSigLetteBegraensninger.html\">Condition Vaske sig</a></p><p><b>effective</b>: 2020-08-14</p><p><b>value</b>: <span title=\"Codes:{urn:oid:1.2.208.176.2.21 D1}\">Oplever ikke begrænsninger</span></p></div>"
      },
      "status" : "final",
      "code" : {
        "coding" : [{
          "system" : "urn:oid:1.2.208.176.2.21",
          "code" : "D"
        }]
      },
      "subject" : {
        "reference" : "Patient/TestPerson"
      },
      "focus" : [{
        "reference" : "Condition/VaskeSigLetteBegraensninger"
      }],
      "effectiveDateTime" : "2020-08-14",
      "valueCodeableConcept" : {
        "coding" : [{
          "system" : "urn:oid:1.2.208.176.2.21",
          "code" : "D1"
        }]
      }
    }
  },
  {
    "fullUrl" : "https://test.fhir.dk/Observation/UdfoererSelvVaskeSig",
    "resource" : {
      "resourceType" : "Observation",
      "id" : "UdfoererSelvVaskeSig",
      "meta" : {
        "profile" : ["http://fhir.kl.dk/gateway/StructureDefinition/klgateway-care-citizens-own-observation"]
      },
      "text" : {
        "status" : "generated",
        "div" : "<div xmlns=\"http://www.w3.org/1999/xhtml\"><a name=\"Observation_UdfoererSelvVaskeSig\"> </a><p class=\"res-header-id\"><b>Generated Narrative: Observation UdfoererSelvVaskeSig</b></p><a name=\"UdfoererSelvVaskeSig\"> </a><a name=\"hcUdfoererSelvVaskeSig\"> </a><a name=\"UdfoererSelvVaskeSig-en-US\"> </a><p><b>status</b>: Final</p><p><b>code</b>: <span title=\"Codes:{urn:oid:1.2.208.176.2.21 C}\">Udførelse</span></p><p><b>subject</b>: <a href=\"Patient-TestPerson.html\">Anonymous Patient (no stated gender), DoB Unknown ( urn:oid:1.2.208.176.1.2#0101010101\u00a0(use:\u00a0official,\u00a0))</a></p><p><b>focus</b>: <a href=\"Condition-VaskeSigLetteBegraensninger.html\">Condition Vaske sig</a></p><p><b>effective</b>: 2020-08-14</p><p><b>value</b>: <span title=\"Codes:{urn:oid:1.2.208.176.2.21 C1}\">Udfører selv</span></p></div>"
      },
      "status" : "final",
      "code" : {
        "coding" : [{
          "system" : "urn:oid:1.2.208.176.2.21",
          "code" : "C"
        }]
      },
      "subject" : {
        "reference" : "Patient/TestPerson"
      },
      "focus" : [{
        "reference" : "Condition/VaskeSigLetteBegraensninger"
      }],
      "effectiveDateTime" : "2020-08-14",
      "valueCodeableConcept" : {
        "coding" : [{
          "system" : "urn:oid:1.2.208.176.2.21",
          "code" : "C1"
        }]
      }
    }
  },
  {
    "fullUrl" : "https://test.fhir.dk/Condition/ProblemerMedPersonligPleje",
    "resource" : {
      "resourceType" : "Condition",
      "id" : "ProblemerMedPersonligPleje",
      "meta" : {
        "profile" : ["http://fhir.kl.dk/gateway/StructureDefinition/klgateway-care-condition"]
      },
      "text" : {
        "status" : "extensions",
        "div" : "<div xmlns=\"http://www.w3.org/1999/xhtml\"><a name=\"Condition_ProblemerMedPersonligPleje\"> </a><p class=\"res-header-id\"><b>Generated Narrative: Condition ProblemerMedPersonligPleje</b></p><a name=\"ProblemerMedPersonligPleje\"> </a><a name=\"hcProblemerMedPersonligPleje\"> </a><a name=\"ProblemerMedPersonligPleje-en-US\"> </a><p><b>CareFollowUpEncounterExtension</b>: <a href=\"Encounter-NaesteOpfoelgningsdato.html\">Encounter: status = planned; class = home health (ActCode#HH); type = opfølgning; period = 2020-08-14 --&gt; (ongoing)</a></p><p><b>clinicalStatus</b>: <span title=\"Codes:{http://terminology.hl7.org/CodeSystem/condition-clinical active}\">Active</span></p><p><b>category</b>: <span title=\"Codes:{http://terminology.hl7.org/CodeSystem/condition-category problem-list-item}\">Problem List Item</span></p><p><b>code</b>: <span title=\"Codes:{urn:oid:1.2.208.176.2.21 I1.1}\">Problemer med personlig pleje</span></p><p><b>subject</b>: <a href=\"Patient-TestPerson.html\">Anonymous Patient (no stated gender), DoB Unknown ( urn:oid:1.2.208.176.1.2#0101010101\u00a0(use:\u00a0official,\u00a0))</a></p><p><b>recordedDate</b>: 2020-08-14</p></div>"
      },
      "extension" : [{
        "url" : "http://fhir.kl.dk/gateway/StructureDefinition/klgateway-care-follow-up-encounter-extension",
        "valueReference" : {
          "reference" : "Encounter/NaesteOpfoelgningsdato"
        }
      }],
      "clinicalStatus" : {
        "coding" : [{
          "system" : "http://terminology.hl7.org/CodeSystem/condition-clinical",
          "code" : "active"
        }]
      },
      "category" : [{
        "coding" : [{
          "system" : "http://terminology.hl7.org/CodeSystem/condition-category",
          "code" : "problem-list-item"
        }]
      }],
      "code" : {
        "coding" : [{
          "system" : "urn:oid:1.2.208.176.2.21",
          "code" : "I1.1"
        }]
      },
      "subject" : {
        "reference" : "Patient/TestPerson"
      },
      "recordedDate" : "2020-08-14"
    }
  },
  {
    "fullUrl" : "https://test.fhir.dk/CarePlan/PersonligHygiejne",
    "resource" : {
      "resourceType" : "CarePlan",
      "id" : "PersonligHygiejne",
      "meta" : {
        "profile" : ["http://fhir.kl.dk/gateway/StructureDefinition/klgateway-care-planned-intervention"]
      },
      "text" : {
        "status" : "generated",
        "div" : "<div xmlns=\"http://www.w3.org/1999/xhtml\"><a name=\"CarePlan_PersonligHygiejne\"> </a><p class=\"res-header-id\"><b>Generated Narrative: CarePlan PersonligHygiejne</b></p><a name=\"PersonligHygiejne\"> </a><a name=\"hcPersonligHygiejne\"> </a><a name=\"PersonligHygiejne-en-US\"> </a><p><b>status</b>: Active</p><p><b>intent</b>: Plan</p><p><b>subject</b>: <a href=\"Patient-TestPerson.html\">Anonymous Patient (no stated gender), DoB Unknown ( urn:oid:1.2.208.176.1.2#0101010101\u00a0(use:\u00a0official,\u00a0))</a></p><p><b>period</b>: 2020-08-14 --&gt; (ongoing)</p><blockquote><p><b>activity</b></p><h3>Details</h3><table class=\"grid\"><tr><td style=\"display: none\">-</td><td><b>Code</b></td><td><b>Status</b></td></tr><tr><td style=\"display: none\">*</td><td><span title=\"Codes:{urn:oid:1.2.208.176.2.21 H1.1}, {http://fhir.kl.dk/gateway/CodeSystem/LocallyDefinedInterventions H1.1.1}\">Speciel personlig pleje</span></td><td>In Progress</td></tr></table></blockquote></div>"
      },
      "status" : "active",
      "intent" : "plan",
      "subject" : {
        "reference" : "Patient/TestPerson"
      },
      "period" : {
        "start" : "2020-08-14"
      },
      "activity" : [{
        "detail" : {
          "code" : {
            "coding" : [{
              "system" : "urn:oid:1.2.208.176.2.21",
              "code" : "H1.1"
            },
            {
              "system" : "http://fhir.kl.dk/gateway/CodeSystem/LocallyDefinedInterventions",
              "code" : "H1.1.1",
              "display" : "Speciel personlig pleje"
            }]
          },
          "status" : "in-progress"
        }
      }]
    }
  },
  {
    "fullUrl" : "https://test.fhir.dk/CarePlan/Dialyse",
    "resource" : {
      "resourceType" : "CarePlan",
      "id" : "Dialyse",
      "meta" : {
        "profile" : ["http://fhir.kl.dk/gateway/StructureDefinition/klgateway-care-planned-intervention"]
      },
      "text" : {
        "status" : "generated",
        "div" : "<div xmlns=\"http://www.w3.org/1999/xhtml\"><a name=\"CarePlan_Dialyse\"> </a><p class=\"res-header-id\"><b>Generated Narrative: CarePlan Dialyse</b></p><a name=\"Dialyse\"> </a><a name=\"hcDialyse\"> </a><a name=\"Dialyse-en-US\"> </a><p><b>status</b>: Active</p><p><b>intent</b>: Plan</p><p><b>subject</b>: <a href=\"Patient-TestPerson.html\">Anonymous Patient (no stated gender), DoB Unknown ( urn:oid:1.2.208.176.1.2#0101010101\u00a0(use:\u00a0official,\u00a0))</a></p><p><b>period</b>: 2020-08-14 --&gt; (ongoing)</p><blockquote><p><b>activity</b></p><h3>Details</h3><table class=\"grid\"><tr><td style=\"display: none\">-</td><td><b>Code</b></td><td><b>Status</b></td></tr><tr><td style=\"display: none\">*</td><td><span title=\"Codes:{urn:oid:1.2.208.176.2.21 G1.10}\">Dialyse</span></td><td>In Progress</td></tr></table></blockquote></div>"
      },
      "status" : "active",
      "intent" : "plan",
      "subject" : {
        "reference" : "Patient/TestPerson"
      },
      "period" : {
        "start" : "2020-08-14"
      },
      "activity" : [{
        "detail" : {
          "code" : {
            "coding" : [{
              "system" : "urn:oid:1.2.208.176.2.21",
              "code" : "G1.10"
            }]
          },
          "status" : "in-progress"
        }
      }]
    }
  },
  {
    "fullUrl" : "https://test.fhir.dk/Procedure/Saarbehandling",
    "resource" : {
      "resourceType" : "Procedure",
      "id" : "Saarbehandling",
      "meta" : {
        "profile" : ["http://fhir.kl.dk/gateway/StructureDefinition/klgateway-care-completed-intervention"]
      },
      "text" : {
        "status" : "generated",
        "div" : "<div xmlns=\"http://www.w3.org/1999/xhtml\"><a name=\"Procedure_Saarbehandling\"> </a><p class=\"res-header-id\"><b>Generated Narrative: Procedure Saarbehandling</b></p><a name=\"Saarbehandling\"> </a><a name=\"hcSaarbehandling\"> </a><a name=\"Saarbehandling-en-US\"> </a><p><b>status</b>: Completed</p><p><b>code</b>: <span title=\"Codes:{urn:oid:1.2.208.176.2.21 G1.39}\">Sårbehandling</span></p><p><b>subject</b>: <a href=\"Patient-TestPerson.html\">Anonymous Patient (no stated gender), DoB Unknown ( urn:oid:1.2.208.176.1.2#0101010101\u00a0(use:\u00a0official,\u00a0))</a></p><p><b>performed</b>: 2020-08-14 10:15:00+0000</p></div>"
      },
      "status" : "completed",
      "code" : {
        "coding" : [{
          "system" : "urn:oid:1.2.208.176.2.21",
          "code" : "G1.39"
        }]
      },
      "subject" : {
        "reference" : "Patient/TestPerson"
      },
      "performedDateTime" : "2020-08-14T10:15:00Z"
    }
  },
  {
    "fullUrl" : "https://test.fhir.dk/Observation/EgensomsorgBegraensninger",
    "resource" : {
      "resourceType" : "Observation",
      "id" : "EgensomsorgBegraensninger",
      "meta" : {
        "profile" : ["http://fhir.kl.dk/gateway/StructureDefinition/klgateway-care-matter-of-interest-observation"]
      },
      "text" : {
        "status" : "generated",
        "div" : "<div xmlns=\"http://www.w3.org/1999/xhtml\"><a name=\"Observation_EgensomsorgBegraensninger\"> </a><p class=\"res-header-id\"><b>Generated Narrative: Observation EgensomsorgBegraensninger</b></p><a name=\"EgensomsorgBegraensninger\"> </a><a name=\"hcEgensomsorgBegraensninger\"> </a><a name=\"EgensomsorgBegraensninger-en-US\"> </a><p><b>status</b>: Final</p><p><b>code</b>: <span title=\"Codes:{urn:oid:1.2.208.176.2.21 J1}\">Egenomsorg</span></p><p><b>subject</b>: <a href=\"Patient-TestPerson.html\">Anonymous Patient (no stated gender), DoB Unknown ( urn:oid:1.2.208.176.1.2#0101010101\u00a0(use:\u00a0official,\u00a0))</a></p><p><b>effective</b>: 2020-08-14</p></div>"
      },
      "status" : "final",
      "code" : {
        "coding" : [{
          "system" : "urn:oid:1.2.208.176.2.21",
          "code" : "J1"
        }]
      },
      "subject" : {
        "reference" : "Patient/TestPerson"
      },
      "effectiveDateTime" : "2020-08-14"
    }
  },
  {
    "fullUrl" : "https://test.fhir.dk/Encounter/NaesteOpfoelgningsdato",
    "resource" : {
      "resourceType" : "Encounter",
      "id" : "NaesteOpfoelgningsdato",
      "meta" : {
        "profile" : ["http://fhir.kl.dk/gateway/StructureDefinition/klgateway-care-encounter"]
      },
      "text" : {
        "status" : "generated",
        "div" : "<div xmlns=\"http://www.w3.org/1999/xhtml\"><a name=\"Encounter_NaesteOpfoelgningsdato\"> </a><p class=\"res-header-id\"><b>Generated Narrative: Encounter NaesteOpfoelgningsdato</b></p><a name=\"NaesteOpfoelgningsdato\"> </a><a name=\"hcNaesteOpfoelgningsdato\"> </a><a name=\"NaesteOpfoelgningsdato-en-US\"> </a><p><b>status</b>: Planned</p><p><b>class</b>: <a href=\"http://terminology.hl7.org/5.5.0/CodeSystem-v3-ActCode.html#v3-ActCode-HH\">ActCode HH</a>: home health</p><p><b>type</b>: <span title=\"Codes:{http://fhir.kl.dk/term/CodeSystem/CareSocialCodes 9f03dfbb-7a97-45a5-94db-d4c3501714a9}\">opfølgning</span></p><p><b>subject</b>: <a href=\"Patient-TestPerson.html\">Anonymous Patient (no stated gender), DoB Unknown ( urn:oid:1.2.208.176.1.2#0101010101\u00a0(use:\u00a0official,\u00a0))</a></p><p><b>period</b>: 2020-08-14 --&gt; (ongoing)</p></div>"
      },
      "status" : "planned",
      "class" : {
        "system" : "http://terminology.hl7.org/CodeSystem/v3-ActCode",
        "code" : "HH"
      },
      "type" : [{
        "coding" : [{
          "system" : "http://fhir.kl.dk/term/CodeSystem/CareSocialCodes",
          "code" : "9f03dfbb-7a97-45a5-94db-d4c3501714a9"
        }]
      }],
      "subject" : {
        "reference" : "Patient/TestPerson"
      },
      "period" : {
        "start" : "2020-08-14"
      }
    }
  },
  {
    "fullUrl" : "https://test.fhir.dk/Observation/VaskeSigFortsaettes",
    "resource" : {
      "resourceType" : "Observation",
      "id" : "VaskeSigFortsaettes",
      "meta" : {
        "profile" : ["http://fhir.kl.dk/gateway/StructureDefinition/klgateway-care-follow-up-observation"]
      },
      "text" : {
        "status" : "generated",
        "div" : "<div xmlns=\"http://www.w3.org/1999/xhtml\"><a name=\"Observation_VaskeSigFortsaettes\"> </a><p class=\"res-header-id\"><b>Generated Narrative: Observation VaskeSigFortsaettes</b></p><a name=\"VaskeSigFortsaettes\"> </a><a name=\"hcVaskeSigFortsaettes\"> </a><a name=\"VaskeSigFortsaettes-en-US\"> </a><p><b>status</b>: Final</p><p><b>code</b>: <span title=\"Codes:{http://snomed.info/sct 712744002}\">Evaluation of care plan (procedure)</span></p><p><b>subject</b>: <a href=\"Patient-TestPerson.html\">Anonymous Patient (no stated gender), DoB Unknown ( urn:oid:1.2.208.176.1.2#0101010101\u00a0(use:\u00a0official,\u00a0))</a></p><p><b>focus</b>: <a href=\"Condition-VaskeSigLetteBegraensninger.html\">Condition Vaske sig</a></p><p><b>effective</b>: 2020-08-14</p><p><b>value</b>: <span title=\"Codes:{urn:oid:1.2.208.176.2.21 E1}\">Fortsættes</span></p></div>"
      },
      "status" : "final",
      "code" : {
        "coding" : [{
          "system" : "http://snomed.info/sct",
          "code" : "712744002"
        }]
      },
      "subject" : {
        "reference" : "Patient/TestPerson"
      },
      "focus" : [{
        "reference" : "Condition/VaskeSigLetteBegraensninger"
      }],
      "effectiveDateTime" : "2020-08-14",
      "valueCodeableConcept" : {
        "coding" : [{
          "system" : "urn:oid:1.2.208.176.2.21",
          "code" : "E1"
        }]
      }
    }
  },
  {
    "fullUrl" : "https://test.fhir.dk/Observation/PersonligPlejeFortsaettes",
    "resource" : {
      "resourceType" : "Observation",
      "id" : "PersonligPlejeFortsaettes",
      "meta" : {
        "profile" : ["http://fhir.kl.dk/gateway/StructureDefinition/klgateway-care-follow-up-observation"]
      },
      "text" : {
        "status" : "generated",
        "div" : "<div xmlns=\"http://www.w3.org/1999/xhtml\"><a name=\"Observation_PersonligPlejeFortsaettes\"> </a><p class=\"res-header-id\"><b>Generated Narrative: Observation PersonligPlejeFortsaettes</b></p><a name=\"PersonligPlejeFortsaettes\"> </a><a name=\"hcPersonligPlejeFortsaettes\"> </a><a name=\"PersonligPlejeFortsaettes-en-US\"> </a><p><b>status</b>: Final</p><p><b>code</b>: <span title=\"Codes:{http://snomed.info/sct 712744002}\">Evaluation of care plan (procedure)</span></p><p><b>subject</b>: <a href=\"Patient-TestPerson.html\">Anonymous Patient (no stated gender), DoB Unknown ( urn:oid:1.2.208.176.1.2#0101010101\u00a0(use:\u00a0official,\u00a0))</a></p><p><b>focus</b>: <a href=\"Condition-ProblemerMedPersonligPleje.html\">Condition Problemer med personlig pleje</a></p><p><b>effective</b>: 2020-08-14</p><p><b>value</b>: <span title=\"Codes:{urn:oid:1.2.208.176.2.21 E1}\">Fortsættes</span></p></div>"
      },
      "status" : "final",
      "code" : {
        "coding" : [{
          "system" : "http://snomed.info/sct",
          "code" : "712744002"
        }]
      },
      "subject" : {
        "reference" : "Patient/TestPerson"
      },
      "focus" : [{
        "reference" : "Condition/ProblemerMedPersonligPleje"
      }],
      "effectiveDateTime" : "2020-08-14",
      "valueCodeableConcept" : {
        "coding" : [{
          "system" : "urn:oid:1.2.208.176.2.21",
          "code" : "E1"
        }]
      }
    }
  },
  {
    "fullUrl" : "https://test.fhir.dk/Observation/PersonligHygiejneFortsaettes",
    "resource" : {
      "resourceType" : "Observation",
      "id" : "PersonligHygiejneFortsaettes",
      "meta" : {
        "profile" : ["http://fhir.kl.dk/gateway/StructureDefinition/klgateway-care-follow-up-observation"]
      },
      "text" : {
        "status" : "generated",
        "div" : "<div xmlns=\"http://www.w3.org/1999/xhtml\"><a name=\"Observation_PersonligHygiejneFortsaettes\"> </a><p class=\"res-header-id\"><b>Generated Narrative: Observation PersonligHygiejneFortsaettes</b></p><a name=\"PersonligHygiejneFortsaettes\"> </a><a name=\"hcPersonligHygiejneFortsaettes\"> </a><a name=\"PersonligHygiejneFortsaettes-en-US\"> </a><p><b>status</b>: Final</p><p><b>code</b>: <span title=\"Codes:{http://snomed.info/sct 712744002}\">Evaluation of care plan (procedure)</span></p><p><b>subject</b>: <a href=\"Patient-TestPerson.html\">Anonymous Patient (no stated gender), DoB Unknown ( urn:oid:1.2.208.176.1.2#0101010101\u00a0(use:\u00a0official,\u00a0))</a></p><p><b>focus</b>: <a href=\"CarePlan-PersonligHygiejne.html\">CarePlan: status = active; intent = plan; period = 2020-08-14 --&gt; (ongoing)</a></p><p><b>effective</b>: 2020-08-14</p><p><b>value</b>: <span title=\"Codes:{urn:oid:1.2.208.176.2.21 E1}\">Fortsættes</span></p></div>"
      },
      "status" : "final",
      "code" : {
        "coding" : [{
          "system" : "http://snomed.info/sct",
          "code" : "712744002"
        }]
      },
      "subject" : {
        "reference" : "Patient/TestPerson"
      },
      "focus" : [{
        "reference" : "CarePlan/PersonligHygiejne"
      }],
      "effectiveDateTime" : "2020-08-14",
      "valueCodeableConcept" : {
        "coding" : [{
          "system" : "urn:oid:1.2.208.176.2.21",
          "code" : "E1"
        }]
      }
    }
  },
  {
    "fullUrl" : "https://test.fhir.dk/Observation/DialyseFortsaettes",
    "resource" : {
      "resourceType" : "Observation",
      "id" : "DialyseFortsaettes",
      "meta" : {
        "profile" : ["http://fhir.kl.dk/gateway/StructureDefinition/klgateway-care-follow-up-observation"]
      },
      "text" : {
        "status" : "generated",
        "div" : "<div xmlns=\"http://www.w3.org/1999/xhtml\"><a name=\"Observation_DialyseFortsaettes\"> </a><p class=\"res-header-id\"><b>Generated Narrative: Observation DialyseFortsaettes</b></p><a name=\"DialyseFortsaettes\"> </a><a name=\"hcDialyseFortsaettes\"> </a><a name=\"DialyseFortsaettes-en-US\"> </a><p><b>status</b>: Final</p><p><b>code</b>: <span title=\"Codes:{http://snomed.info/sct 712744002}\">Evaluation of care plan (procedure)</span></p><p><b>subject</b>: <a href=\"Patient-TestPerson.html\">Anonymous Patient (no stated gender), DoB Unknown ( urn:oid:1.2.208.176.1.2#0101010101\u00a0(use:\u00a0official,\u00a0))</a></p><p><b>focus</b>: <a href=\"CarePlan-Dialyse.html\">CarePlan: status = active; intent = plan; period = 2020-08-14 --&gt; (ongoing)</a></p><p><b>effective</b>: 2020-08-14</p><p><b>value</b>: <span title=\"Codes:{urn:oid:1.2.208.176.2.21 E1}\">Fortsættes</span></p></div>"
      },
      "status" : "final",
      "code" : {
        "coding" : [{
          "system" : "http://snomed.info/sct",
          "code" : "712744002"
        }]
      },
      "subject" : {
        "reference" : "Patient/TestPerson"
      },
      "focus" : [{
        "reference" : "CarePlan/Dialyse"
      }],
      "effectiveDateTime" : "2020-08-14",
      "valueCodeableConcept" : {
        "coding" : [{
          "system" : "urn:oid:1.2.208.176.2.21",
          "code" : "E1"
        }]
      }
    }
  }]
}