{
  "resourceType" : "Observation",
  "id" : "PersonligPlejeFortsaettes",
  "meta" : {
    "profile" : ["http://fhir.kl.dk/gateway/StructureDefinition/klgateway-care-follow-up-observation"]
  },
  "text" : {
    "status" : "generated",
    "div" : "<div xmlns=\"http://www.w3.org/1999/xhtml\"><p class=\"res-header-id\"><b>Generated Narrative: Observation PersonligPlejeFortsaettes</b></p><a name=\"PersonligPlejeFortsaettes\"> </a><a name=\"hcPersonligPlejeFortsaettes\"> </a><a name=\"PersonligPlejeFortsaettes-en-US\"> </a><p><b>status</b>: Final</p><p><b>code</b>: <span title=\"Codes:{http://snomed.info/sct 712744002}\">Evaluation of care plan (procedure)</span></p><p><b>subject</b>: <a href=\"Patient-TestPerson.html\">Anonymous Patient (no stated gender), DoB Unknown ( urn:oid:1.2.208.176.1.2#0101010101\u00a0(use:\u00a0official,\u00a0))</a></p><p><b>focus</b>: <a href=\"Condition-ProblemerMedPersonligPleje.html\">Condition Problemer med personlig pleje</a></p><p><b>effective</b>: 2020-08-14</p><p><b>value</b>: <span title=\"Codes:{urn:oid:1.2.208.176.2.21 E1}\">Fortsættes</span></p></div>"
  },
  "status" : "final",
  "code" : {
    "coding" : [{
      "system" : "http://snomed.info/sct",
      "code" : "712744002"
    }]
  },
  "subject" : {
    "reference" : "Patient/TestPerson"
  },
  "focus" : [{
    "reference" : "Condition/ProblemerMedPersonligPleje"
  }],
  "effectiveDateTime" : "2020-08-14",
  "valueCodeableConcept" : {
    "coding" : [{
      "system" : "urn:oid:1.2.208.176.2.21",
      "code" : "E1"
    }]
  }
}