{"resourceType":"ValueSet","id":"KLInformationCodes","text":{"status":"generated","div":"<div xmlns=\"http://www.w3.org/1999/xhtml\"><ul><li>Import all the codes that are contained in <a href=\"http://fhir.kl.dk/term/1.0.0/ValueSet-KLInformationCodes.html\">KLOplysningKoder</a></li></ul></div>"},"url":"http://fhir.kl.dk/core/ValueSet/KLInformationCodes","version":"1.2.0","name":"KLInformationCodes","title":"KLOplysningKoder","status":"active","date":"2023-06-07T17:47:41+02:00","publisher":"Kommunernes landsforening","contact":[{"name":"Kommunernes landsforening","telecom":[{"system":"url","value":"http://kl.dk"}]}],"description":"Information codes from FSIII and FFB (Område, Tema, Generelle oplysninger)","compose":{"include":[{"valueSet":["http://fhir.kl.dk/term/ValueSet/KLInformationCodes"]}]}}