{"resourceType":"ValueSet","id":"KLConditionCodesFFB","text":{"status":"generated","div":"<div xmlns=\"http://www.w3.org/1999/xhtml\"><ul><li>Import all the codes that are contained in <a href=\"http://fhir.kl.dk/term/1.0.0/ValueSet-KLConditionCodesFFB.html\">KLTilstandKoderFFB</a></li></ul></div>"},"url":"http://fhir.kl.dk/core/ValueSet/KLConditionCodesFFB","version":"1.2.0","name":"KLConditionCodesFFB","title":"KLTilstandKoderFFB","status":"draft","date":"2023-06-07T16:28:58+02:00","publisher":"Kommunernes landsforening","contact":[{"name":"Kommunernes landsforening","telecom":[{"system":"url","value":"http://kl.dk"}]}],"description":"Danish municipality FFB condition codes","compose":{"include":[{"valueSet":["http://fhir.kl.dk/term/ValueSet/KLConditionCodesFFB"]}]}}