{"resourceType":"ValueSet","id":"KLSeveritiesFSIII","text":{"status":"generated","div":"<div xmlns=\"http://www.w3.org/1999/xhtml\"><ul><li>Import all the codes that are contained in <a href=\"http://fhir.kl.dk/term/1.0.0/ValueSet-KLSeveritiesFSIII.html\">KLFunktionsevneniveauFSIII</a></li></ul></div>"},"url":"http://fhir.kl.dk/core/ValueSet/KLSeveritiesFSIII","version":"1.2.0","name":"KLSeveritiesFSIII","title":"KLFunktionsevneniveauFSIII","status":"draft","date":"2023-06-07T16:28:58+02:00","publisher":"Kommunernes landsforening","contact":[{"name":"Kommunernes landsforening","telecom":[{"system":"url","value":"http://kl.dk"}]}],"description":"Severities related to conditions in FSIII home care (funktionsniveau)","compose":{"include":[{"valueSet":["http://fhir.kl.dk/term/ValueSet/KLSeveritiesFSIII"]}]}}