{"resourceType":"ValueSet","id":"KLNursingAreasFSIII","text":{"status":"generated","div":"<div xmlns=\"http://www.w3.org/1999/xhtml\"><ul><li>Import all the codes that are contained in <a href=\"http://fhir.kl.dk/term/1.0.0/ValueSet-KLNursingAreasFSIII.html\">KLSygeplejeOmråderFSIII</a></li></ul></div>"},"url":"http://fhir.kl.dk/core/ValueSet/KLNursingAreasFSIII","version":"1.2.0","name":"KLNursingAreasFSIII","title":"KLSygeplejeOmråderFSIII","status":"active","date":"2023-06-07T17:47:41+02:00","publisher":"Kommunernes landsforening","contact":[{"name":"Kommunernes landsforening","telecom":[{"system":"url","value":"http://kl.dk"}]}],"description":"Observation codes for the 12 nursing areas as defined by FSIII","compose":{"include":[{"valueSet":["http://fhir.kl.dk/term/ValueSet/KLNursingAreasFSIII"]}]}}