{"resourceType":"ValueSet","id":"KLSeveritiesFFB","text":{"status":"generated","div":"<div xmlns=\"http://www.w3.org/1999/xhtml\"><ul><li>Import all the codes that are contained in <a href=\"http://fhir.kl.dk/term/1.0.0/ValueSet-KLSeveritiesFFB.html\">KLFunktionsevneniveauFFB</a></li></ul></div>"},"url":"http://fhir.kl.dk/core/ValueSet/KLSeveritiesFFB","version":"1.2.0","name":"KLSeveritiesFFB","title":"KLFunktionsevneniveauFFB","status":"draft","date":"2023-06-07T16:28:58+02:00","publisher":"Kommunernes landsforening","contact":[{"name":"Kommunernes landsforening","telecom":[{"system":"url","value":"http://kl.dk"}]}],"description":"Severities related to conditions in FFB (funktionsevneniveau)","compose":{"include":[{"valueSet":["http://fhir.kl.dk/term/ValueSet/KLSeveritiesFFB"]}]}}