{"resourceType":"ValueSet","id":"KLServicesTypes","text":{"status":"generated","div":"<div xmlns=\"http://www.w3.org/1999/xhtml\"><ul><li>Import all the codes that are contained in <a href=\"http://fhir.kl.dk/term/1.0.0/ValueSet-KLServicesTypes.html\">KLServiceTyper</a></li></ul></div>"},"url":"http://fhir.kl.dk/core/ValueSet/KLServicesTypes","version":"1.2.0","name":"KLServicesTypes","title":"KLServiceTyper","status":"active","date":"2023-06-07T17:47:41+02:00","publisher":"Kommunernes landsforening","contact":[{"name":"Kommunernes landsforening","telecom":[{"system":"url","value":"http://kl.dk"}]}],"description":"Types of services that the Danish municipalities provide which is covered by FSIII and FFB","compose":{"include":[{"valueSet":["http://fhir.kl.dk/term/ValueSet/KLServicesTypes"]}]}}