{"resourceType":"ValueSet","id":"KLChangeValueCodesFFB","text":{"status":"generated","div":"<div xmlns=\"http://www.w3.org/1999/xhtml\"><ul><li>Import all the codes that are contained in <a href=\"http://fhir.kl.dk/term/1.0.0/ValueSet-KLChangeValueCodesFFB.html\">KLMåltypekoderFFB</a></li></ul></div>"},"url":"http://fhir.kl.dk/core/ValueSet/KLChangeValueCodesFFB","version":"1.2.0","name":"KLChangeValueCodesFFB","title":"KLMåltypekoderFFB","status":"draft","date":"2023-06-07T16:28:58+02:00","publisher":"Kommunernes landsforening","contact":[{"name":"Kommunernes landsforening","telecom":[{"system":"url","value":"http://kl.dk"}]}],"description":"Change values for goals in FFB (FFB måltype). Express the target value for change of an activity or participation condition","compose":{"include":[{"valueSet":["http://fhir.kl.dk/term/ValueSet/KLChangeValueCodesFFB"]}]}}