{"resourceType":"ValueSet","id":"KLInterventions","text":{"status":"generated","div":"<div xmlns=\"http://www.w3.org/1999/xhtml\"><ul><li>Import all the codes that are contained in <a href=\"http://fhir.kl.dk/term/1.0.0/ValueSet-KLInterventions.html\">KLIndsatser</a></li></ul></div>"},"url":"http://fhir.kl.dk/core/ValueSet/KLInterventions","version":"1.2.0","name":"KLInterventions","title":"KLIndsatser","status":"draft","date":"2023-06-07T16:28:58+02:00","publisher":"Kommunernes landsforening","contact":[{"name":"Kommunernes landsforening","telecom":[{"system":"url","value":"http://kl.dk"}]}],"description":"Interventions as described by FSIII and FFB","compose":{"include":[{"valueSet":["http://fhir.kl.dk/term/ValueSet/KLInterventions"]}]}}