{
  "resourceType" : "Bundle",
  "id" : "c60604d1-692b-4e6d-86e5-03046b2d2f16",
  "meta" : {
    "profile" : ["http://fhir.kl.dk/children/StructureDefinition/klgateway-children-delivery-report"]
  },
  "type" : "collection",
  "timestamp" : "2020-06-01T23:25:12Z",
  "entry" : [{
    "fullUrl" : "https://test.fhir.dk/Patient/e60106e2-413e-46c5-8a3f-62d8e77ce794",
    "resource" : {
      "resourceType" : "Patient",
      "id" : "e60106e2-413e-46c5-8a3f-62d8e77ce794",
      "meta" : {
        "profile" : ["http://fhir.kl.dk/children/StructureDefinition/klgateway-children-citizen"]
      },
      "text" : {
        "status" : "generated",
        "div" : "<div xmlns=\"http://www.w3.org/1999/xhtml\"><a name=\"Patient_e60106e2-413e-46c5-8a3f-62d8e77ce794\"> </a><p class=\"res-header-id\"><b>Generated Narrative: Patient e60106e2-413e-46c5-8a3f-62d8e77ce794</b></p><a name=\"e60106e2-413e-46c5-8a3f-62d8e77ce794\"> </a><a name=\"hce60106e2-413e-46c5-8a3f-62d8e77ce794\"> </a><a name=\"e60106e2-413e-46c5-8a3f-62d8e77ce794-en-US\"> </a><p style=\"border: 1px #661aff solid; background-color: #e6e6ff; padding: 10px;\">Anonymous Patient (no stated gender), DoB Unknown ( urn:oid:1.2.208.176.1.2#0505209996\u00a0(use:\u00a0official,\u00a0))</p><hr/><table class=\"grid\"><tr><td style=\"background-color: #f3f5da\" title=\"Record is active\">Active:</td><td colspan=\"3\">true</td></tr><tr><td style=\"background-color: #f3f5da\" title=\"Patient Links\">Links:</td><td colspan=\"3\"><ul><li>Managing Organization: Identifier: <code>urn:oid:1.2.208.176.1.1</code>/451000016003\u00a0(use:\u00a0official,\u00a0)</li></ul></td></tr></table></div>"
      },
      "identifier" : [{
        "use" : "official",
        "system" : "urn:oid:1.2.208.176.1.2",
        "value" : "0505209996"
      }],
      "active" : true,
      "managingOrganization" : {
        "identifier" : {
          "use" : "official",
          "system" : "urn:oid:1.2.208.176.1.1",
          "value" : "451000016003"
        }
      }
    }
  },
  {
    "fullUrl" : "https://test.fhir.dk/Encounter/78742a92-91b1-489f-9fea-6901f6d0b34b",
    "resource" : {
      "resourceType" : "Encounter",
      "id" : "78742a92-91b1-489f-9fea-6901f6d0b34b",
      "meta" : {
        "profile" : ["http://fhir.kl.dk/children/StructureDefinition/klgateway-children-encounter"]
      },
      "text" : {
        "status" : "generated",
        "div" : "<div xmlns=\"http://www.w3.org/1999/xhtml\"><a name=\"Encounter_78742a92-91b1-489f-9fea-6901f6d0b34b\"> </a><p class=\"res-header-id\"><b>Generated Narrative: Encounter 78742a92-91b1-489f-9fea-6901f6d0b34b</b></p><a name=\"78742a92-91b1-489f-9fea-6901f6d0b34b\"> </a><a name=\"hc78742a92-91b1-489f-9fea-6901f6d0b34b\"> </a><a name=\"78742a92-91b1-489f-9fea-6901f6d0b34b-en-US\"> </a><p><b>status</b>: Finished</p><p><b>class</b>: <a href=\"http://terminology.hl7.org/5.5.0/CodeSystem-v3-ActCode.html#v3-ActCode-HH\">ActCode HH</a>: home health</p><p><b>type</b>: <span title=\"Codes:{http://fhir.kl.dk/term/CodeSystem/FBOE 563c4174-f451-4c87-8db8-8d5472ca7ff6}\">Andet besøg inden første måned</span></p><p><b>subject</b>: <a href=\"Bundle-567a4d32-b3eb-46d6-8564-c7c2a1a1b903.html#Patient_e60106e2-413e-46c5-8a3f-62d8e77ce794\">Bundle: type = collection; timestamp = 2020-07-07 23:25:12+0000</a></p><p><b>period</b>: 2020-06-01 --&gt; (ongoing)</p></div>"
      },
      "status" : "finished",
      "class" : {
        "system" : "http://terminology.hl7.org/CodeSystem/v3-ActCode",
        "code" : "HH"
      },
      "type" : [{
        "coding" : [{
          "system" : "http://fhir.kl.dk/term/CodeSystem/FBOE",
          "code" : "563c4174-f451-4c87-8db8-8d5472ca7ff6",
          "display" : "Andet besøg inden første måned"
        }]
      }],
      "subject" : {
        "reference" : "Patient/e60106e2-413e-46c5-8a3f-62d8e77ce794"
      },
      "period" : {
        "start" : "2020-06-01"
      }
    }
  }]
}