{
  "resourceType" : "ValueSet",
  "id" : "BodyheightSCTobservablesChildren",
  "text" : {
    "status" : "generated",
    "div" : "<div xmlns=\"http://www.w3.org/1999/xhtml\"><p class=\"res-header-id\"><b>Generated Narrative: ValueSet BodyheightSCTobservablesChildren</b></p><a name=\"BodyheightSCTobservablesChildren\"> </a><a name=\"hcBodyheightSCTobservablesChildren\"> </a><a name=\"BodyheightSCTobservablesChildren-en-US\"> </a><ul><li>Include these codes as defined in <a href=\"http://www.snomed.org/\"><code>http://snomed.info/sct</code></a><table class=\"none\"><tr><td style=\"white-space:nowrap\"><b>Code</b></td><td><b>Display</b></td></tr><tr><td><a href=\"CodeSystem-SNOMED-CT-INT.html#SNOMED-CT-INT-1153637007\">1153637007</a></td><td style=\"color: #cccccc\">Body height (observable entity)</td></tr><tr><td><a href=\"CodeSystem-SNOMED-CT-INT.html#SNOMED-CT-INT-248333004\">248333004</a></td><td style=\"color: #cccccc\">Standing height</td></tr><tr><td><a href=\"CodeSystem-SNOMED-CT-INT.html#SNOMED-CT-INT-1149101003\">1149101003</a></td><td style=\"color: #cccccc\">Recumbent body height (observable entity)</td></tr></table></li></ul></div>"
  },
  "url" : "http://fhir.kl.dk/children/ValueSet/BodyheightSCTobservablesChildren",
  "version" : "2.1.0",
  "name" : "BodyheightSCTobservablesChildren",
  "title" : "HøjdeObservationskoderSCT",
  "status" : "active",
  "experimental" : false,
  "date" : "2024-10-31T20:28:31+01:00",
  "publisher" : "Kommunernes Landsforening",
  "contact" : [{
    "name" : "Kommunernes Landsforening",
    "telecom" : [{
      "system" : "url",
      "value" : "http://kl.dk"
    }]
  }],
  "description" : "SNOMED CT observables for length/height",
  "compose" : {
    "include" : [{
      "system" : "http://snomed.info/sct",
      "concept" : [{
        "code" : "1153637007"
      },
      {
        "code" : "248333004"
      },
      {
        "code" : "1149101003"
      }]
    }]
  }
}