<?xml version="1.0" encoding="UTF-8"?>

<Bundle xmlns="http://hl7.org/fhir">
  <id value="84cf4f74-0cc7-47fe-8301-3bc8eb0ddd8f"/>
  <meta>
    <profile value="http://fhir.kl.dk/children/StructureDefinition/klgateway-children-delivery-report"/>
  </meta>
  <type value="collection"/>
  <timestamp value="2020-06-02T23:25:12Z"/>
  <entry>
    <fullUrl value="https://test.fhir.dk/Patient/e60106e2-413e-46c5-8a3f-62d8e77ce794"/>
    <resource>
      <Patient>
        <id value="e60106e2-413e-46c5-8a3f-62d8e77ce794"/>
        <meta>
          <profile value="http://fhir.kl.dk/children/StructureDefinition/klgateway-children-citizen"/>
        </meta>
        <text>
          <status value="generated"/><div xmlns="http://www.w3.org/1999/xhtml"><a name="Patient_e60106e2-413e-46c5-8a3f-62d8e77ce794"> </a><p class="res-header-id"><b>Generated Narrative: Patient e60106e2-413e-46c5-8a3f-62d8e77ce794</b></p><a name="e60106e2-413e-46c5-8a3f-62d8e77ce794"> </a><a name="hce60106e2-413e-46c5-8a3f-62d8e77ce794"> </a><a name="hce60106e2-413e-46c5-8a3f-62d8e77ce794-en-US"> </a><p style="border: 1px #661aff solid; background-color: #e6e6ff; padding: 10px;">Anonymous Patient (no stated gender), DoB Unknown ( urn:oid:1.2.208.176.1.2#0505209996 (use: official, ))</p><hr/><table class="grid"><tr><td style="background-color: #f3f5da" title="Record is active">Active:</td><td colspan="3">true</td></tr><tr><td style="background-color: #f3f5da" title="Patient Links">Links:</td><td colspan="3"><ul><li>Managing Organization: Identifier: <code>urn:oid:1.2.208.176.1.1</code>/451000016003 (use: official, )</li></ul></td></tr></table></div>
        </text>
        <identifier>
          <use value="official"/>
          <system value="urn:oid:1.2.208.176.1.2"/>
          <value value="0505209996"/>
        </identifier>
        <active value="true"/>
        <managingOrganization>
          <identifier>
            <use value="official"/>
            <system value="urn:oid:1.2.208.176.1.1"/>
            <value value="451000016003"/>
          </identifier>
        </managingOrganization>
      </Patient>
    </resource>
  </entry>
  <entry>
    <fullUrl value="https://test.fhir.dk/Encounter/78742a92-91b1-489f-9fea-6901f6d0b34b"/>
    <resource>
      <Encounter>
        <id value="78742a92-91b1-489f-9fea-6901f6d0b34b"/>
        <meta>
          <profile value="http://fhir.kl.dk/children/StructureDefinition/klgateway-children-encounter"/>
        </meta>
        <text>
          <status value="generated"/><div xmlns="http://www.w3.org/1999/xhtml"><a name="Encounter_78742a92-91b1-489f-9fea-6901f6d0b34b"> </a><p class="res-header-id"><b>Generated Narrative: Encounter 78742a92-91b1-489f-9fea-6901f6d0b34b</b></p><a name="78742a92-91b1-489f-9fea-6901f6d0b34b"> </a><a name="hc78742a92-91b1-489f-9fea-6901f6d0b34b"> </a><a name="hc78742a92-91b1-489f-9fea-6901f6d0b34b-en-US"> </a><p><b>status</b>: Finished</p><p><b>class</b>: <a href="http://terminology.hl7.org/5.5.0/CodeSystem-v3-ActCode.html#v3-ActCode-HH">ActCode</a> HH: home health</p><p><b>type</b>: <span title="Codes:{http://fhir.kl.dk/term/CodeSystem/FBOE 563c4174-f451-4c87-8db8-8d5472ca7ff6}">Andet besøg inden første måned</span></p><p><b>subject</b>: <a href="Bundle-567a4d32-b3eb-46d6-8564-c7c2a1a1b903.html#Patient_e60106e2-413e-46c5-8a3f-62d8e77ce794">Bundle: type = collection; timestamp = 2020-07-07 23:25:12+0000</a></p><p><b>period</b>: 2020-06-01 --&gt; (ongoing)</p></div>
        </text>
        <status value="finished"/>
        <class>
          <system value="http://terminology.hl7.org/CodeSystem/v3-ActCode"/>
          <code value="HH"/>
        </class>
        <type>
          <coding>
            <system value="http://fhir.kl.dk/term/CodeSystem/FBOE"/>
            <code value="563c4174-f451-4c87-8db8-8d5472ca7ff6"/>
            <display value="Andet besøg inden første måned"/>
          </coding>
        </type>
        <subject>
          <reference value="Patient/e60106e2-413e-46c5-8a3f-62d8e77ce794"/>
        </subject>
        <period>
          <start value="2020-06-01"/>
        </period>
      </Encounter>
    </resource>
  </entry>
  <entry>
    <fullUrl value="https://test.fhir.dk/Observation/a85a7271-1838-4b93-ad2e-8a115a91fff7"/>
    <resource>
      <Observation>
        <id value="a85a7271-1838-4b93-ad2e-8a115a91fff7"/>
        <meta>
          <profile value="http://fhir.kl.dk/children/StructureDefinition/klgateway-children-bodyweight"/>
        </meta>
        <text>
          <status value="generated"/><div xmlns="http://www.w3.org/1999/xhtml"><a name="Observation_a85a7271-1838-4b93-ad2e-8a115a91fff7"> </a><p class="res-header-id"><b>Generated Narrative: Observation a85a7271-1838-4b93-ad2e-8a115a91fff7</b></p><a name="a85a7271-1838-4b93-ad2e-8a115a91fff7"> </a><a name="hca85a7271-1838-4b93-ad2e-8a115a91fff7"> </a><a name="hca85a7271-1838-4b93-ad2e-8a115a91fff7-en-US"> </a><p><b>status</b>: Final</p><p><b>category</b>: <span title="Codes:{http://terminology.hl7.org/CodeSystem/observation-category vital-signs}">Vital Signs</span></p><p><b>code</b>: <span title="Codes:{http://loinc.org 29463-7}, {http://snomed.info/sct 27113001}">Body weight</span></p><p><b>subject</b>: <a href="Bundle-567a4d32-b3eb-46d6-8564-c7c2a1a1b903.html#Patient_e60106e2-413e-46c5-8a3f-62d8e77ce794">Bundle: type = collection; timestamp = 2020-07-07 23:25:12+0000</a></p><p><b>encounter</b>: <a href="Bundle-84cf4f74-0cc7-47fe-8301-3bc8eb0ddd8f.html#Encounter_78742a92-91b1-489f-9fea-6901f6d0b34b">Bundle: type = collection; timestamp = 2020-06-02 23:25:12+0000</a></p><p><b>effective</b>: 2020-06-01</p><p><b>value</b>: 4150 g<span style="background: LightGoldenRodYellow"> (Details: UCUM  codeg = 'g')</span></p></div>
        </text>
        <status value="final"/>
        <category>
          <coding>
            <system value="http://terminology.hl7.org/CodeSystem/observation-category"/>
            <code value="vital-signs"/>
          </coding>
        </category>
        <code>
          <coding>
            <system value="http://loinc.org"/>
            <code value="29463-7"/>
          </coding>
          <coding>
            <system value="http://snomed.info/sct"/>
            <code value="27113001"/>
            <display value="Body weight"/>
          </coding>
        </code>
        <subject>
          <reference value="Patient/e60106e2-413e-46c5-8a3f-62d8e77ce794"/>
        </subject>
        <encounter>
          <reference value="Encounter/78742a92-91b1-489f-9fea-6901f6d0b34b"/>
        </encounter>
        <effectiveDateTime value="2020-06-01"/>
        <valueQuantity>
          <value value="4150"/>
          <unit value="g"/>
          <system value="http://unitsofmeasure.org"/>
          <code value="g"/>
        </valueQuantity>
      </Observation>
    </resource>
  </entry>
  <entry>
    <fullUrl value="https://test.fhir.dk/Observation/f1bc69fc-c059-4b3a-8277-e45e985f74d6"/>
    <resource>
      <Observation>
        <id value="f1bc69fc-c059-4b3a-8277-e45e985f74d6"/>
        <meta>
          <profile value="http://fhir.kl.dk/children/StructureDefinition/klgateway-children-bodyheight"/>
        </meta>
        <text>
          <status value="generated"/><div xmlns="http://www.w3.org/1999/xhtml"><a name="Observation_f1bc69fc-c059-4b3a-8277-e45e985f74d6"> </a><p class="res-header-id"><b>Generated Narrative: Observation f1bc69fc-c059-4b3a-8277-e45e985f74d6</b></p><a name="f1bc69fc-c059-4b3a-8277-e45e985f74d6"> </a><a name="hcf1bc69fc-c059-4b3a-8277-e45e985f74d6"> </a><a name="hcf1bc69fc-c059-4b3a-8277-e45e985f74d6-en-US"> </a><p><b>status</b>: Final</p><p><b>category</b>: <span title="Codes:{http://terminology.hl7.org/CodeSystem/observation-category vital-signs}">Vital Signs</span></p><p><b>code</b>: <span title="Codes:{http://loinc.org 8302-2}, {http://snomed.info/sct 1149101003}">Recumbent body height (observable entity)</span></p><p><b>subject</b>: <a href="Bundle-567a4d32-b3eb-46d6-8564-c7c2a1a1b903.html#Patient_e60106e2-413e-46c5-8a3f-62d8e77ce794">Bundle: type = collection; timestamp = 2020-07-07 23:25:12+0000</a></p><p><b>encounter</b>: <a href="Bundle-84cf4f74-0cc7-47fe-8301-3bc8eb0ddd8f.html#Encounter_78742a92-91b1-489f-9fea-6901f6d0b34b">Bundle: type = collection; timestamp = 2020-06-02 23:25:12+0000</a></p><p><b>effective</b>: 2020-06-01</p><p><b>value</b>: 53.5 cm<span style="background: LightGoldenRodYellow"> (Details: UCUM  codecm = 'cm')</span></p></div>
        </text>
        <status value="final"/>
        <category>
          <coding>
            <system value="http://terminology.hl7.org/CodeSystem/observation-category"/>
            <code value="vital-signs"/>
          </coding>
        </category>
        <code>
          <coding>
            <system value="http://loinc.org"/>
            <code value="8302-2"/>
          </coding>
          <coding>
            <system value="http://snomed.info/sct"/>
            <code value="1149101003"/>
            <display value="Recumbent body height (observable entity)"/>
          </coding>
        </code>
        <subject>
          <reference value="Patient/e60106e2-413e-46c5-8a3f-62d8e77ce794"/>
        </subject>
        <encounter>
          <reference value="Encounter/78742a92-91b1-489f-9fea-6901f6d0b34b"/>
        </encounter>
        <effectiveDateTime value="2020-06-01"/>
        <valueQuantity>
          <value value="53.5"/>
          <unit value="cm"/>
          <system value="http://unitsofmeasure.org"/>
          <code value="cm"/>
        </valueQuantity>
      </Observation>
    </resource>
  </entry>
  <entry>
    <fullUrl value="https://test.fhir.dk/Observation/f71f887e-cf4b-44fc-b211-76230e56f5cd"/>
    <resource>
      <Observation>
        <id value="f71f887e-cf4b-44fc-b211-76230e56f5cd"/>
        <meta>
          <profile value="http://fhir.kl.dk/children/StructureDefinition/klgateway-children-headcircum"/>
        </meta>
        <text>
          <status value="generated"/><div xmlns="http://www.w3.org/1999/xhtml"><a name="Observation_f71f887e-cf4b-44fc-b211-76230e56f5cd"> </a><p class="res-header-id"><b>Generated Narrative: Observation f71f887e-cf4b-44fc-b211-76230e56f5cd</b></p><a name="f71f887e-cf4b-44fc-b211-76230e56f5cd"> </a><a name="hcf71f887e-cf4b-44fc-b211-76230e56f5cd"> </a><a name="hcf71f887e-cf4b-44fc-b211-76230e56f5cd-en-US"> </a><p><b>status</b>: Final</p><p><b>category</b>: <span title="Codes:{http://terminology.hl7.org/CodeSystem/observation-category vital-signs}">Vital Signs</span></p><p><b>code</b>: <span title="Codes:{http://loinc.org 9843-4}, {http://snomed.info/sct 363812007}">Head Occipital-frontal circumference</span></p><p><b>subject</b>: <a href="Bundle-567a4d32-b3eb-46d6-8564-c7c2a1a1b903.html#Patient_e60106e2-413e-46c5-8a3f-62d8e77ce794">Bundle: type = collection; timestamp = 2020-07-07 23:25:12+0000</a></p><p><b>encounter</b>: <a href="Bundle-84cf4f74-0cc7-47fe-8301-3bc8eb0ddd8f.html#Encounter_78742a92-91b1-489f-9fea-6901f6d0b34b">Bundle: type = collection; timestamp = 2020-06-02 23:25:12+0000</a></p><p><b>effective</b>: 2020-06-01</p><p><b>value</b>: 36.5 cm<span style="background: LightGoldenRodYellow"> (Details: UCUM  codecm = 'cm')</span></p></div>
        </text>
        <status value="final"/>
        <category>
          <coding>
            <system value="http://terminology.hl7.org/CodeSystem/observation-category"/>
            <code value="vital-signs"/>
          </coding>
        </category>
        <code>
          <coding>
            <system value="http://loinc.org"/>
            <code value="9843-4"/>
            <display value="Head Occipital-frontal circumference"/>
          </coding>
          <coding>
            <system value="http://snomed.info/sct"/>
            <code value="363812007"/>
            <display value="Head circumference"/>
          </coding>
        </code>
        <subject>
          <reference value="Patient/e60106e2-413e-46c5-8a3f-62d8e77ce794"/>
        </subject>
        <encounter>
          <reference value="Encounter/78742a92-91b1-489f-9fea-6901f6d0b34b"/>
        </encounter>
        <effectiveDateTime value="2020-06-01"/>
        <valueQuantity>
          <value value="36.5"/>
          <unit value="cm"/>
          <system value="http://unitsofmeasure.org"/>
          <code value="cm"/>
        </valueQuantity>
      </Observation>
    </resource>
  </entry>
  <entry>
    <fullUrl value="https://test.fhir.dk/Observation/44655dde-e380-4df2-8bea-b3e64a18d49f"/>
    <resource>
      <Observation>
        <id value="44655dde-e380-4df2-8bea-b3e64a18d49f"/>
        <meta>
          <profile value="http://fhir.kl.dk/children/StructureDefinition/klgateway-children-feeding-observation"/>
        </meta>
        <text>
          <status value="generated"/><div xmlns="http://www.w3.org/1999/xhtml"><a name="Observation_44655dde-e380-4df2-8bea-b3e64a18d49f"> </a><p class="res-header-id"><b>Generated Narrative: Observation 44655dde-e380-4df2-8bea-b3e64a18d49f</b></p><a name="44655dde-e380-4df2-8bea-b3e64a18d49f"> </a><a name="hc44655dde-e380-4df2-8bea-b3e64a18d49f"> </a><a name="hc44655dde-e380-4df2-8bea-b3e64a18d49f-en-US"> </a><p><b>status</b>: Final</p><p><b>code</b>: <span title="Codes:{http://snomed.info/sct 169740003}, {http://fhir.kl.dk/term/CodeSystem/FBOE e61e4dab-54bb-4bf4-9b76-8d991cf4de08}">Infant feeding method</span></p><p><b>subject</b>: <a href="Bundle-567a4d32-b3eb-46d6-8564-c7c2a1a1b903.html#Patient_e60106e2-413e-46c5-8a3f-62d8e77ce794">Bundle: type = collection; timestamp = 2020-07-07 23:25:12+0000</a></p><p><b>encounter</b>: <a href="Bundle-84cf4f74-0cc7-47fe-8301-3bc8eb0ddd8f.html#Encounter_78742a92-91b1-489f-9fea-6901f6d0b34b">Bundle: type = collection; timestamp = 2020-06-02 23:25:12+0000</a></p><p><b>effective</b>: 2020-06-01</p><p><b>value</b>: <span title="Codes:{http://fhir.kl.dk/term/CodeSystem/FBOE 77a008dd-21cc-452f-a1ee-ac8d025b7817}">Fuldamning, inklusiv modermælk på flaske</span></p></div>
        </text>
        <status value="final"/>
        <code>
          <coding>
            <system value="http://snomed.info/sct"/>
            <code value="169740003"/>
            <display value="Infant feeding method"/>
          </coding>
          <coding>
            <system value="http://fhir.kl.dk/term/CodeSystem/FBOE"/>
            <code value="e61e4dab-54bb-4bf4-9b76-8d991cf4de08"/>
            <display value="Ernæring"/>
          </coding>
        </code>
        <subject>
          <reference value="Patient/e60106e2-413e-46c5-8a3f-62d8e77ce794"/>
        </subject>
        <encounter>
          <reference value="Encounter/78742a92-91b1-489f-9fea-6901f6d0b34b"/>
        </encounter>
        <effectiveDateTime value="2020-06-01"/>
        <valueCodeableConcept>
          <coding>
            <system value="http://fhir.kl.dk/term/CodeSystem/FBOE"/>
            <code value="77a008dd-21cc-452f-a1ee-ac8d025b7817"/>
            <display value="Fuldamning, inklusiv modermælk på flaske"/>
          </coding>
        </valueCodeableConcept>
      </Observation>
    </resource>
  </entry>
  <entry>
    <fullUrl value="https://test.fhir.dk/Observation/e10d5d17-9f63-41ca-96b9-f43caee79efb"/>
    <resource>
      <Observation>
        <id value="e10d5d17-9f63-41ca-96b9-f43caee79efb"/>
        <meta>
          <profile value="http://fhir.kl.dk/children/StructureDefinition/klgateway-children-parent-relationship"/>
        </meta>
        <text>
          <status value="generated"/><div xmlns="http://www.w3.org/1999/xhtml"><a name="Observation_e10d5d17-9f63-41ca-96b9-f43caee79efb"> </a><p class="res-header-id"><b>Generated Narrative: Observation e10d5d17-9f63-41ca-96b9-f43caee79efb</b></p><a name="e10d5d17-9f63-41ca-96b9-f43caee79efb"> </a><a name="hce10d5d17-9f63-41ca-96b9-f43caee79efb"> </a><a name="hce10d5d17-9f63-41ca-96b9-f43caee79efb-en-US"> </a><p><b>status</b>: Final</p><p><b>code</b>: <span title="Codes:{http://fhir.kl.dk/term/CodeSystem/FBOE 763c6f21-5467-4713-82fb-716c9d0a1fdf}">Forældre-barn-relation</span></p><p><b>subject</b>: <a href="Bundle-567a4d32-b3eb-46d6-8564-c7c2a1a1b903.html#Patient_e60106e2-413e-46c5-8a3f-62d8e77ce794">Bundle: type = collection; timestamp = 2020-07-07 23:25:12+0000</a></p><p><b>encounter</b>: <a href="Bundle-84cf4f74-0cc7-47fe-8301-3bc8eb0ddd8f.html#Encounter_78742a92-91b1-489f-9fea-6901f6d0b34b">Bundle: type = collection; timestamp = 2020-06-02 23:25:12+0000</a></p><p><b>effective</b>: 2020-06-01</p><p><b>value</b>: <span title="Codes:{http://fhir.kl.dk/term/CodeSystem/FBOE 7a107df6-8fb8-4744-8413-be10b4c5c1d9}">Velfungerende forældre-barn-relation</span></p></div>
        </text>
        <status value="final"/>
        <code>
          <coding>
            <system value="http://fhir.kl.dk/term/CodeSystem/FBOE"/>
            <code value="763c6f21-5467-4713-82fb-716c9d0a1fdf"/>
            <display value="Forældre-barn-relation"/>
          </coding>
        </code>
        <subject>
          <reference value="Patient/e60106e2-413e-46c5-8a3f-62d8e77ce794"/>
        </subject>
        <encounter>
          <reference value="Encounter/78742a92-91b1-489f-9fea-6901f6d0b34b"/>
        </encounter>
        <effectiveDateTime value="2020-06-01"/>
        <valueCodeableConcept>
          <coding>
            <system value="http://fhir.kl.dk/term/CodeSystem/FBOE"/>
            <code value="7a107df6-8fb8-4744-8413-be10b4c5c1d9"/>
            <display value="Velfungerende forældre-barn-relation"/>
          </coding>
        </valueCodeableConcept>
      </Observation>
    </resource>
  </entry>
  <entry>
    <fullUrl value="https://test.fhir.dk/Observation/0db05d8b-00b9-4125-8cb1-2edc064394a4"/>
    <resource>
      <Observation>
        <id value="0db05d8b-00b9-4125-8cb1-2edc064394a4"/>
        <meta>
          <profile value="http://fhir.kl.dk/children/StructureDefinition/klgateway-children-communication"/>
        </meta>
        <text>
          <status value="generated"/><div xmlns="http://www.w3.org/1999/xhtml"><a name="Observation_0db05d8b-00b9-4125-8cb1-2edc064394a4"> </a><p class="res-header-id"><b>Generated Narrative: Observation 0db05d8b-00b9-4125-8cb1-2edc064394a4</b></p><a name="0db05d8b-00b9-4125-8cb1-2edc064394a4"> </a><a name="hc0db05d8b-00b9-4125-8cb1-2edc064394a4"> </a><a name="hc0db05d8b-00b9-4125-8cb1-2edc064394a4-en-US"> </a><p><b>status</b>: Final</p><p><b>code</b>: <span title="Codes:{http://fhir.kl.dk/term/CodeSystem/FBOE 653c2b0b-bb64-4906-888b-aea6fef3c3f8}">Kommunikation</span></p><p><b>subject</b>: <a href="Bundle-567a4d32-b3eb-46d6-8564-c7c2a1a1b903.html#Patient_e60106e2-413e-46c5-8a3f-62d8e77ce794">Bundle: type = collection; timestamp = 2020-07-07 23:25:12+0000</a></p><p><b>encounter</b>: <a href="Bundle-84cf4f74-0cc7-47fe-8301-3bc8eb0ddd8f.html#Encounter_78742a92-91b1-489f-9fea-6901f6d0b34b">Bundle: type = collection; timestamp = 2020-06-02 23:25:12+0000</a></p><p><b>effective</b>: 2020-06-01</p><p><b>value</b>: <span title="Codes:{http://fhir.kl.dk/term/CodeSystem/FBOE 042d522d-0abe-46eb-a958-6e235b5d5408}">Kommunikerer alderssvarende</span></p></div>
        </text>
        <status value="final"/>
        <code>
          <coding>
            <system value="http://fhir.kl.dk/term/CodeSystem/FBOE"/>
            <code value="653c2b0b-bb64-4906-888b-aea6fef3c3f8"/>
            <display value="Kommunikation"/>
          </coding>
        </code>
        <subject>
          <reference value="Patient/e60106e2-413e-46c5-8a3f-62d8e77ce794"/>
        </subject>
        <encounter>
          <reference value="Encounter/78742a92-91b1-489f-9fea-6901f6d0b34b"/>
        </encounter>
        <effectiveDateTime value="2020-06-01"/>
        <valueCodeableConcept>
          <coding>
            <system value="http://fhir.kl.dk/term/CodeSystem/FBOE"/>
            <code value="042d522d-0abe-46eb-a958-6e235b5d5408"/>
            <display value="Kommunikerer alderssvarende"/>
          </coding>
        </valueCodeableConcept>
      </Observation>
    </resource>
  </entry>
</Bundle>