<?xml version="1.0" encoding="UTF-8"?>

<Encounter xmlns="http://hl7.org/fhir">
  <id value="2nd1mthEncounter"/>
  <meta>
    <profile value="http://fhir.kl.dk/children/StructureDefinition/klgateway-children-encounter"/>
  </meta>
  <text>
    <status value="generated"/><div xmlns="http://www.w3.org/1999/xhtml"><p class="res-header-id"><b>Generated Narrative: Encounter 2nd1mthEncounter</b></p><a name="2nd1mthEncounter"> </a><a name="hc2nd1mthEncounter"> </a><a name="hc2nd1mthEncounter-en-US"> </a><p><b>status</b>: Finished</p><p><b>class</b>: <a href="http://terminology.hl7.org/5.5.0/CodeSystem-v3-ActCode.html#v3-ActCode-HH">ActCode</a> HH: home health</p><p><b>type</b>: <span title="Codes:{http://fhir.kl.dk/term/CodeSystem/FBOE 563c4174-f451-4c87-8db8-8d5472ca7ff6}">Andet besøg inden første måned</span></p><p><b>subject</b>: <a href="Patient-Rikke.html">Anonymous Patient (no stated gender), DoB Unknown ( urn:oid:1.2.208.176.1.2#0505209996 (use: official, ))</a></p><p><b>period</b>: 2020-06-01 --&gt; (ongoing)</p></div>
  </text>
  <status value="finished"/>
  <class>
    <system value="http://terminology.hl7.org/CodeSystem/v3-ActCode"/>
    <code value="HH"/>
  </class>
  <type>
    <coding>
      <system value="http://fhir.kl.dk/term/CodeSystem/FBOE"/>
      <code value="563c4174-f451-4c87-8db8-8d5472ca7ff6"/>
      <display value="Andet besøg inden første måned"/>
    </coding>
  </type>
  <subject>
    <reference value="Patient/Rikke"/>
  </subject>
  <period>
    <start value="2020-06-01"/>
  </period>
</Encounter>