<?xml version="1.0" encoding="UTF-8"?>

<Observation xmlns="http://hl7.org/fhir">
  <id value="RikkeIndicatorSK"/>
  <meta>
    <profile value="http://fhir.kl.dk/children/StructureDefinition/klgateway-children-indicator"/>
  </meta>
  <text>
    <status value="generated"/><div xmlns="http://www.w3.org/1999/xhtml"><p><b>Generated Narrative: Observation</b><a name="RikkeIndicatorSK"> </a></p><div style="display: inline-block; background-color: #d9e0e7; padding: 6px; margin: 4px; border: 1px solid #8da1b4; border-radius: 5px; line-height: 60%"><p style="margin-bottom: 0px">Resource Observation &quot;RikkeIndicatorSK&quot; </p><p style="margin-bottom: 0px">Profile: <a href="StructureDefinition-klgateway-children-indicator.html">KLGatewayChildrenIndicator</a></p></div><p><b>status</b>: final</p><p><b>code</b>: Samvær, kontakt, forældre-barn relation <span style="background: LightGoldenRodYellow; margin: 4px; border: 1px solid khaki"> (<a href="http://fhir.kl.dk/term/1.1.0/CodeSystem-FBOE.html">FBOE</a>#bee30064-8436-4762-83ed-e47d65f23fc6)</span></p><p><b>subject</b>: <a href="Patient-Rikke.html">Patient/Rikke</a></p><p><b>encounter</b>: <a href="Encounter-2mthEncounter.html">Encounter/2mthEncounter</a></p><p><b>effective</b>: 2020-07-07 00:00:00+0000</p><p><b>value</b>: Problem/bemærkning <span style="background: LightGoldenRodYellow; margin: 4px; border: 1px solid khaki"> (<a href="http://fhir.kl.dk/term/1.1.0/CodeSystem-FBOE.html">FBOE</a>#96e3eda6-3eb7-4fbb-9850-fc6dfafadb4a)</span></p></div>
  </text>
  <status value="final"/>
  <code>
    <coding>
      <system value="http://fhir.kl.dk/term/CodeSystem/FBOE"/>
      <code value="bee30064-8436-4762-83ed-e47d65f23fc6"/>
      <display value="Samvær, kontakt, forældre-barn relation"/>
    </coding>
  </code>
  <subject>
    <reference value="Patient/Rikke"/>
  </subject>
  <encounter>
    <reference value="Encounter/2mthEncounter"/>
  </encounter>
  <effectiveDateTime value="2020-07-07T00:00:00.000Z"/>
  <valueCodeableConcept>
    <coding>
      <system value="http://fhir.kl.dk/term/CodeSystem/FBOE"/>
      <code value="96e3eda6-3eb7-4fbb-9850-fc6dfafadb4a"/>
      <display value="Problem/bemærkning"/>
    </coding>
  </valueCodeableConcept>
</Observation>