<?xml version="1.0" encoding="UTF-8"?>

<Observation xmlns="http://hl7.org/fhir">
  <id value="RikkeBodyHeight2mth"/>
  <meta>
    <profile value="http://fhir.kl.dk/children/StructureDefinition/klgateway-children-bodyheight"/>
  </meta>
  <text>
    <status value="generated"/><div xmlns="http://www.w3.org/1999/xhtml"><p><b>Generated Narrative: Observation </b><a name="RikkeBodyHeight2mth"> </a><a name="hcRikkeBodyHeight2mth"> </a></p><div style="display: inline-block; background-color: #d9e0e7; padding: 6px; margin: 4px; border: 1px solid #8da1b4; border-radius: 5px; line-height: 60%"><p style="margin-bottom: 0px">ResourceObservation &quot;RikkeBodyHeight2mth&quot; </p><p style="margin-bottom: 0px">Profile: <a href="StructureDefinition-klgateway-children-bodyheight.html">KLGatewayChildrenBodyHeight</a></p></div><p><b>status</b>: final</p><p><b>category</b>: Vital Signs <span style="background: LightGoldenRodYellow; margin: 4px; border: 1px solid khaki"> (<a href="http://terminology.hl7.org/5.5.0/CodeSystem-observation-category.html">Observation Category Codes</a>#vital-signs)</span></p><p><b>code</b>: Body height <span style="background: LightGoldenRodYellow; margin: 4px; border: 1px solid khaki"> (<a href="https://loinc.org/">LOINC</a>#8302-2; <a href="https://browser.ihtsdotools.org/">SNOMED CT</a>#1153637007)</span></p><p><b>subject</b>: <a href="Patient-Rikke.html">Patient/Rikke</a></p><p><b>encounter</b>: <a href="Encounter-2mthEncounter.html">Encounter/2mthEncounter</a></p><p><b>effective</b>: 2020-07-07</p><p><b>value</b>: 58 cm<span style="background: LightGoldenRodYellow"> (Details: UCUM  codecm = 'cm')</span></p></div>
  </text>
  <status value="final"/>
  <category>
    <coding>
      <system value="http://terminology.hl7.org/CodeSystem/observation-category"/>
      <code value="vital-signs"/>
    </coding>
  </category>
  <code>
    <coding>
      <system value="http://loinc.org"/>
      <code value="8302-2"/>
    </coding>
    <coding>
      <system value="http://snomed.info/sct"/>
      <code value="1153637007"/>
    </coding>
  </code>
  <subject>
    <reference value="Patient/Rikke"/>
  </subject>
  <encounter>
    <reference value="Encounter/2mthEncounter"/>
  </encounter>
  <effectiveDateTime value="2020-07-07"/>
  <valueQuantity>
    <value value="58"/>
    <unit value="cm"/>
    <system value="http://unitsofmeasure.org"/>
    <code value="cm"/>
  </valueQuantity>
</Observation>