<?xml version="1.0" encoding="UTF-8"?>

<Observation xmlns="http://hl7.org/fhir">
  <id value="RikkeEyeContact2mth"/>
  <meta>
    <profile value="http://fhir.kl.dk/children/StructureDefinition/klgateway-children-exam-result"/>
  </meta>
  <text>
    <status value="generated"/><div xmlns="http://www.w3.org/1999/xhtml"><p><b>Generated Narrative: Observation </b><a name="RikkeEyeContact2mth"> </a><a name="hcRikkeEyeContact2mth"> </a></p><div style="display: inline-block; background-color: #d9e0e7; padding: 6px; margin: 4px; border: 1px solid #8da1b4; border-radius: 5px; line-height: 60%"><p style="margin-bottom: 0px">ResourceObservation &quot;RikkeEyeContact2mth&quot; </p><p style="margin-bottom: 0px">Profile: <a href="StructureDefinition-klgateway-children-exam-result.html">KLGatewayChildrenExamResult</a></p></div><p><b>status</b>: final</p><p><b>code</b>: Clinical history/examination observable (observable entity) <span style="background: LightGoldenRodYellow; margin: 4px; border: 1px solid khaki"> (<a href="https://browser.ihtsdotools.org/">SNOMED CT</a>#363788007)</span></p><p><b>subject</b>: <a href="Patient-Rikke.html">Patient/Rikke</a></p><p><b>encounter</b>: <a href="Encounter-2mthEncounter.html">Encounter/2mthEncounter</a></p><p><b>effective</b>: 2020-07-07</p><p><b>value</b>: Afvigende øjenkontakt <span style="background: LightGoldenRodYellow; margin: 4px; border: 1px solid khaki"> (<a href="http://fhir.kl.dk/term/2.0.0/CodeSystem-FBOE.html">FBOE</a>#bfd18100-d007-4465-95ce-5bf2ac8bc091)</span></p></div>
  </text>
  <status value="final"/>
  <code>
    <coding>
      <system value="http://snomed.info/sct"/>
      <code value="363788007"/>
    </coding>
  </code>
  <subject>
    <reference value="Patient/Rikke"/>
  </subject>
  <encounter>
    <reference value="Encounter/2mthEncounter"/>
  </encounter>
  <effectiveDateTime value="2020-07-07"/>
  <valueCodeableConcept>
    <coding>
      <system value="http://fhir.kl.dk/term/CodeSystem/FBOE"/>
      <code value="bfd18100-d007-4465-95ce-5bf2ac8bc091"/>
      <display value="Afvigende øjenkontakt"/>
    </coding>
  </valueCodeableConcept>
</Observation>