<?xml version="1.0" encoding="UTF-8"?>

<Observation xmlns="http://hl7.org/fhir">
  <id value="RikkeFeedingObservationStatus"/>
  <meta>
    <profile value="http://fhir.kl.dk/children/StructureDefinition/klgateway-children-feeding-observation"/>
  </meta>
  <text>
    <status value="generated"/><div xmlns="http://www.w3.org/1999/xhtml"><p><b>Generated Narrative: Observation </b><a name="RikkeFeedingObservationStatus"> </a><a name="hcRikkeFeedingObservationStatus"> </a></p><div style="display: inline-block; background-color: #d9e0e7; padding: 6px; margin: 4px; border: 1px solid #8da1b4; border-radius: 5px; line-height: 60%"><p style="margin-bottom: 0px">ResourceObservation &quot;RikkeFeedingObservationStatus&quot; </p><p style="margin-bottom: 0px">Profile: <a href="StructureDefinition-klgateway-children-feeding-observation.html">KLGatewayChildrenFeedingObservation</a></p></div><p><b>status</b>: final</p><p><b>code</b>: Infant feeding method <span style="background: LightGoldenRodYellow; margin: 4px; border: 1px solid khaki"> (<a href="https://browser.ihtsdotools.org/">SNOMED CT</a>#169740003; <a href="http://fhir.kl.dk/term/2.1.0/CodeSystem-FBOE.html">FBOE</a>#e61e4dab-54bb-4bf4-9b76-8d991cf4de08 &quot;Ernæring&quot;)</span></p><p><b>subject</b>: <a href="Patient-Rikke.html">Patient/Rikke</a></p><p><b>encounter</b>: <a href="Encounter-2mthEncounter.html">Encounter/2mthEncounter</a></p><p><b>effective</b>: 2020-07-07 00:00:00+0000</p><p><b>value</b>: Ammes som supplement til anden kost <span style="background: LightGoldenRodYellow; margin: 4px; border: 1px solid khaki"> (<a href="http://fhir.kl.dk/term/2.1.0/CodeSystem-FBOE.html">FBOE</a>#3edc905c-2830-442a-98cc-463cc3701dd1)</span></p></div>
  </text>
  <status value="final"/>
  <code>
    <coding>
      <system value="http://snomed.info/sct"/>
      <code value="169740003"/>
      <display value="Infant feeding method"/>
    </coding>
    <coding>
      <system value="http://fhir.kl.dk/term/CodeSystem/FBOE"/>
      <code value="e61e4dab-54bb-4bf4-9b76-8d991cf4de08"/>
      <display value="Ernæring"/>
    </coding>
  </code>
  <subject>
    <reference value="Patient/Rikke"/>
  </subject>
  <encounter>
    <reference value="Encounter/2mthEncounter"/>
  </encounter>
  <effectiveDateTime value="2020-07-07T00:00:00.000Z"/>
  <valueCodeableConcept>
    <coding>
      <system value="http://fhir.kl.dk/term/CodeSystem/FBOE"/>
      <code value="3edc905c-2830-442a-98cc-463cc3701dd1"/>
      <display value="Ammes som supplement til anden kost"/>
    </coding>
  </valueCodeableConcept>
</Observation>