<?xml version="1.0" encoding="UTF-8"?>

<Observation xmlns="http://hl7.org/fhir">
  <id value="AndreasRevisitation"/>
  <meta>
    <profile value="http://fhir.kl.dk/core/StructureDefinition/KLCommonCareSocialFollowUp"/>
  </meta>
  <text>
    <status value="generated"/><div xmlns="http://www.w3.org/1999/xhtml"><p><b>Generated Narrative: Observation</b><a name="AndreasRevisitation"> </a></p><div style="display: inline-block; background-color: #d9e0e7; padding: 6px; margin: 4px; border: 1px solid #8da1b4; border-radius: 5px; line-height: 60%"><p style="margin-bottom: 0px">Resource Observation &quot;AndreasRevisitation&quot; </p><p style="margin-bottom: 0px">Profile: <a href="StructureDefinition-KLCommonCareSocialFollowUp.html">FollowUp</a></p></div><p><b>status</b>: final</p><p><b>code</b>: Evaluation of care plan (procedure) <span style="background: LightGoldenRodYellow; margin: 4px; border: 1px solid khaki"> (<a href="https://browser.ihtsdotools.org/">SNOMED CT</a>#712744002)</span></p><p><b>subject</b>: <a href="Patient-Andreas.html">Patient/Andreas</a> &quot; HANSEN&quot;</p><p><b>effective</b>: 2020-08-05</p><p><b>performer</b>: <a href="Practitioner-BirteFraVisitationenMorsoe.html">Practitioner/BirteFraVisitationenMorsoe</a> &quot; MATHIASSEN&quot;</p><p><b>value</b>: Det midlertidige botilbud har været godt for Andreas og hans mor. Andreas har udviklet sig positivt vedr. sociale relationer i perioden. Det vurderes at Andreas skal revisiteres mhp. at få tildelt alment botilbud <span style="background: LightGoldenRodYellow; margin: 4px; border: 1px solid khaki"> (<a href="http://fhir.kl.dk/term/1.0.0/CodeSystem-FFB.html">FFB</a>#b4c01aa8-82fd-44e4-83ff-ca19ec02c779)</span></p></div>
  </text>
  <status value="final"/>
  <code>
    <coding>
      <system value="http://snomed.info/sct"/>
      <code value="712744002"/>
    </coding>
  </code>
  <subject>
    <reference value="Patient/Andreas"/>
  </subject>
  <effectiveDateTime value="2020-08-05"/>
  <performer>
    <reference value="Practitioner/BirteFraVisitationenMorsoe"/>
  </performer>
  <valueCodeableConcept>
    <coding>
      <system value="urn:oid:1.2.208.176.2.22"/>
      <code value="b4c01aa8-82fd-44e4-83ff-ca19ec02c779"/>
    </coding>
    <text value="Det midlertidige botilbud har været godt for Andreas og hans mor. Andreas har udviklet sig positivt vedr. sociale relationer i perioden. Det vurderes at Andreas skal revisiteres mhp. at få tildelt alment botilbud"/>
  </valueCodeableConcept>
</Observation>