<?xml version="1.0" encoding="UTF-8"?>

<Organization xmlns="http://hl7.org/fhir">
  <id value="BotilbudetHvidbjerghus"/>
  <meta>
    <profile value="http://fhir.kl.dk/core/StructureDefinition/KLCommonOrganization"/>
  </meta>
  <text>
    <status value="generated"/><div xmlns="http://www.w3.org/1999/xhtml"><p><b>Generated Narrative: Organization</b><a name="BotilbudetHvidbjerghus"> </a></p><div style="display: inline-block; background-color: #d9e0e7; padding: 6px; margin: 4px; border: 1px solid #8da1b4; border-radius: 5px; line-height: 60%"><p style="margin-bottom: 0px">Resource Organization &quot;BotilbudetHvidbjerghus&quot; </p><p style="margin-bottom: 0px">Profile: <a href="StructureDefinition-KLCommonOrganization.html">Organization</a></p></div><p><b>identifier</b>: id: 699941000016001</p><p><b>name</b>: Fonden botilbudet Hvidbjerghus</p><p><b>telecom</b>: <a href="tel:+4597872525">+45 97872525</a></p></div>
  </text>
  <identifier>
    <system value="urn:oid:1.2.208.176.1"/>
    <value value="699941000016001"/>
  </identifier>
  <name value="Fonden botilbudet Hvidbjerghus"/>
  <telecom>
    <system value="phone"/>
    <value value="+45 97872525"/>
  </telecom>
</Organization>