<?xml version="1.0" encoding="UTF-8"?>

<ValueSet xmlns="http://hl7.org/fhir">
  <id value="KLEncounterTypes"/>
  <text>
    <status value="generated"/><div xmlns="http://www.w3.org/1999/xhtml"><ul><li>Import all the codes that are contained in <a href="http://fhir.kl.dk/term/1.0.0/ValueSet-KLEncounterTypes.html">KLKontaktTyper</a></li></ul></div>
  </text>
  <url value="http://fhir.kl.dk/core/ValueSet/KLEncounterTypes"/>
  <version value="1.2.0"/>
  <name value="KLEncounterTypes"/>
  <title value="KLKontaktTyper"/>
  <status value="active"/>
  <date value="2023-06-07T17:47:41+02:00"/>
  <publisher value="Kommunernes landsforening"/>
  <contact>
    <name value="Kommunernes landsforening"/>
    <telecom>
      <system value="url"/>
      <value value="http://kl.dk"/>
    </telecom>
  </contact>
  <description value="Encounter types in Danish municipality health, social and elderly care (note that these are specific to this model, they are not replicas of a municipality terminology service)"/>
  <compose>
    <include>
      <valueSet value="http://fhir.kl.dk/term/ValueSet/KLEncounterTypes"/>
    </include>
  </compose>
</ValueSet>