<?xml version="1.0" encoding="UTF-8"?><ImplementationGuide xmlns="http://hl7.org/fhir"><id value="kl.dk.fhir.rehab"/><text><status value="extensions"/><div xmlns="http://www.w3.org/1999/xhtml"><h2>KLGatewayRehab</h2><p>The official URL for this implementation guide is: </p><pre>http://fhir.kl.dk/rehab/ImplementationGuide/kl.dk.fhir.rehab</pre><div><p>Danish municipalities implementation guide for §140 rehabilitation reporting</p>
</div></div></text><url value="http://fhir.kl.dk/rehab/ImplementationGuide/kl.dk.fhir.rehab"/><version value="2.1.1"/><name value="KLGatewayRehab"/><status value="active"/><date value="2024-06-21T15:27:20+02:00"/><publisher value="Kommunernes Landsforening"/><contact><name value="Kommunernes Landsforening"/><telecom><system value="url"/><value value="http://kl.dk"/></telecom></contact><description value="Danish municipalities implementation guide for §140 rehabilitation reporting"/><packageId value="kl.dk.fhir.rehab"/><license value="CC0-1.0"/><fhirVersion value="4.0.1"/><dependsOn id="hl7tx"><extension url="http://hl7.org/fhir/tools/StructureDefinition/implementationguide-dependency-comment"><valueMarkdown value="Automatically added as a dependency - all IGs depend on HL7 Terminology"/></extension><uri value="http://terminology.hl7.org/ImplementationGuide/hl7.terminology"/><packageId value="hl7.terminology.r4"/><version value="5.5.0"/></dependsOn><dependsOn id="hl7ext"><extension url="http://hl7.org/fhir/tools/StructureDefinition/implementationguide-dependency-comment"><valueMarkdown value="Automatically added as a dependency - all IGs depend on the HL7 Extension Pack"/></extension><uri value="http://hl7.org/fhir/extensions/ImplementationGuide/hl7.fhir.uv.extensions"/><packageId value="hl7.fhir.uv.extensions.r4"/><version value="5.1.0"/></dependsOn><dependsOn id="hl7_fhir_dk_core"><uri value="http://hl7.dk/fhir/core/ImplementationGuide/hl7.fhir.dk.core"/><packageId value="hl7.fhir.dk.core"/><version value="3.2.0"/></dependsOn><dependsOn id="kl_dk_fhir_term"><uri value="http://fhir.kl.dk/term/ImplementationGuide/kl.dk.fhir.term"/><packageId value="kl.dk.fhir.term"/><version value="2.1.0"/></dependsOn><definition><extension url="http://hl7.org/fhir/tools/StructureDefinition/ig-parameter"><extension url="code"><valueString value="copyrightyear"/></extension><extension url="value"><valueString value="2023+"/></extension></extension><extension url="http://hl7.org/fhir/tools/StructureDefinition/ig-parameter"><extension url="code"><valueString value="releaselabel"/></extension><extension url="value"><valueString value="Release"/></extension></extension><extension url="http://hl7.org/fhir/tools/StructureDefinition/ig-parameter"><extension url="code"><valueString value="autoload-resources"/></extension><extension url="value"><valueString value="true"/></extension></extension><extension url="http://hl7.org/fhir/tools/StructureDefinition/ig-parameter"><extension url="code"><valueString value="path-liquid"/></extension><extension url="value"><valueString value="template/liquid"/></extension></extension><extension url="http://hl7.org/fhir/tools/StructureDefinition/ig-parameter"><extension url="code"><valueString value="path-liquid"/></extension><extension url="value"><valueString value="input/liquid"/></extension></extension><extension url="http://hl7.org/fhir/tools/StructureDefinition/ig-parameter"><extension url="code"><valueString value="path-qa"/></extension><extension url="value"><valueString value="temp/qa"/></extension></extension><extension url="http://hl7.org/fhir/tools/StructureDefinition/ig-parameter"><extension url="code"><valueString value="path-temp"/></extension><extension url="value"><valueString value="temp/pages"/></extension></extension><extension url="http://hl7.org/fhir/tools/StructureDefinition/ig-parameter"><extension url="code"><valueString value="path-output"/></extension><extension url="value"><valueString value="output"/></extension></extension><extension url="http://hl7.org/fhir/tools/StructureDefinition/ig-parameter"><extension url="code"><valueString value="path-suppressed-warnings"/></extension><extension url="value"><valueString value="input/ignoreWarnings.txt"/></extension></extension><extension url="http://hl7.org/fhir/tools/StructureDefinition/ig-parameter"><extension url="code"><valueString value="path-history"/></extension><extension url="value"><valueString value="http://fhir.kl.dk/rehab/history.html"/></extension></extension><extension url="http://hl7.org/fhir/tools/StructureDefinition/ig-parameter"><extension url="code"><valueString value="template-html"/></extension><extension url="value"><valueString value="template-page.html"/></extension></extension><extension url="http://hl7.org/fhir/tools/StructureDefinition/ig-parameter"><extension url="code"><valueString value="template-md"/></extension><extension url="value"><valueString value="template-page-md.html"/></extension></extension><extension url="http://hl7.org/fhir/tools/StructureDefinition/ig-parameter"><extension url="code"><valueString value="apply-contact"/></extension><extension url="value"><valueString value="true"/></extension></extension><extension url="http://hl7.org/fhir/tools/StructureDefinition/ig-parameter"><extension url="code"><valueString value="apply-context"/></extension><extension url="value"><valueString value="true"/></extension></extension><extension url="http://hl7.org/fhir/tools/StructureDefinition/ig-parameter"><extension url="code"><valueString value="apply-copyright"/></extension><extension url="value"><valueString value="true"/></extension></extension><extension url="http://hl7.org/fhir/tools/StructureDefinition/ig-parameter"><extension url="code"><valueString value="apply-jurisdiction"/></extension><extension url="value"><valueString value="true"/></extension></extension><extension url="http://hl7.org/fhir/tools/StructureDefinition/ig-parameter"><extension url="code"><valueString value="apply-license"/></extension><extension url="value"><valueString value="true"/></extension></extension><extension url="http://hl7.org/fhir/tools/StructureDefinition/ig-parameter"><extension url="code"><valueString value="apply-publisher"/></extension><extension url="value"><valueString value="true"/></extension></extension><extension url="http://hl7.org/fhir/tools/StructureDefinition/ig-parameter"><extension url="code"><valueString value="apply-version"/></extension><extension url="value"><valueString value="true"/></extension></extension><extension url="http://hl7.org/fhir/tools/StructureDefinition/ig-parameter"><extension url="code"><valueString value="apply-wg"/></extension><extension url="value"><valueString value="true"/></extension></extension><extension url="http://hl7.org/fhir/tools/StructureDefinition/ig-parameter"><extension url="code"><valueString value="active-tables"/></extension><extension url="value"><valueString value="true"/></extension></extension><extension url="http://hl7.org/fhir/tools/StructureDefinition/ig-parameter"><extension url="code"><valueString value="fmm-definition"/></extension><extension url="value"><valueString value="http://hl7.org/fhir/versions.html#maturity"/></extension></extension><extension url="http://hl7.org/fhir/tools/StructureDefinition/ig-parameter"><extension url="code"><valueString value="propagate-status"/></extension><extension url="value"><valueString value="true"/></extension></extension><extension url="http://hl7.org/fhir/tools/StructureDefinition/ig-parameter"><extension url="code"><valueString value="excludelogbinaryformat"/></extension><extension url="value"><valueString value="true"/></extension></extension><extension url="http://hl7.org/fhir/tools/StructureDefinition/ig-parameter"><extension url="code"><valueString value="tabbed-snapshots"/></extension><extension url="value"><valueString value="true"/></extension></extension><extension url="http://hl7.org/fhir/tools/StructureDefinition/ig-internal-dependency"><valueCode value="hl7.fhir.uv.tools#0.1.0"/></extension><extension url="http://hl7.org/fhir/tools/StructureDefinition/ig-parameter"><extension url="code"><valueCode value="copyrightyear"/></extension><extension url="value"><valueString value="2023+"/></extension></extension><extension url="http://hl7.org/fhir/tools/StructureDefinition/ig-parameter"><extension url="code"><valueCode value="releaselabel"/></extension><extension url="value"><valueString value="Release"/></extension></extension><extension url="http://hl7.org/fhir/tools/StructureDefinition/ig-parameter"><extension url="code"><valueCode value="autoload-resources"/></extension><extension url="value"><valueString value="true"/></extension></extension><extension url="http://hl7.org/fhir/tools/StructureDefinition/ig-parameter"><extension url="code"><valueCode value="path-liquid"/></extension><extension url="value"><valueString value="template/liquid"/></extension></extension><extension url="http://hl7.org/fhir/tools/StructureDefinition/ig-parameter"><extension url="code"><valueCode value="path-liquid"/></extension><extension url="value"><valueString value="input/liquid"/></extension></extension><extension url="http://hl7.org/fhir/tools/StructureDefinition/ig-parameter"><extension url="code"><valueCode value="path-qa"/></extension><extension url="value"><valueString value="temp/qa"/></extension></extension><extension url="http://hl7.org/fhir/tools/StructureDefinition/ig-parameter"><extension url="code"><valueCode value="path-temp"/></extension><extension url="value"><valueString value="temp/pages"/></extension></extension><extension url="http://hl7.org/fhir/tools/StructureDefinition/ig-parameter"><extension url="code"><valueCode value="path-output"/></extension><extension url="value"><valueString value="output"/></extension></extension><extension url="http://hl7.org/fhir/tools/StructureDefinition/ig-parameter"><extension url="code"><valueCode value="path-suppressed-warnings"/></extension><extension url="value"><valueString value="input/ignoreWarnings.txt"/></extension></extension><extension url="http://hl7.org/fhir/tools/StructureDefinition/ig-parameter"><extension url="code"><valueCode value="path-history"/></extension><extension url="value"><valueString value="http://fhir.kl.dk/rehab/history.html"/></extension></extension><extension url="http://hl7.org/fhir/tools/StructureDefinition/ig-parameter"><extension url="code"><valueCode value="template-html"/></extension><extension url="value"><valueString value="template-page.html"/></extension></extension><extension url="http://hl7.org/fhir/tools/StructureDefinition/ig-parameter"><extension url="code"><valueCode value="template-md"/></extension><extension url="value"><valueString value="template-page-md.html"/></extension></extension><extension url="http://hl7.org/fhir/tools/StructureDefinition/ig-parameter"><extension url="code"><valueCode value="apply-contact"/></extension><extension url="value"><valueString value="true"/></extension></extension><extension url="http://hl7.org/fhir/tools/StructureDefinition/ig-parameter"><extension url="code"><valueCode value="apply-context"/></extension><extension url="value"><valueString value="true"/></extension></extension><extension url="http://hl7.org/fhir/tools/StructureDefinition/ig-parameter"><extension url="code"><valueCode value="apply-copyright"/></extension><extension url="value"><valueString value="true"/></extension></extension><extension url="http://hl7.org/fhir/tools/StructureDefinition/ig-parameter"><extension url="code"><valueCode value="apply-jurisdiction"/></extension><extension url="value"><valueString value="true"/></extension></extension><extension url="http://hl7.org/fhir/tools/StructureDefinition/ig-parameter"><extension url="code"><valueCode value="apply-license"/></extension><extension url="value"><valueString value="true"/></extension></extension><extension url="http://hl7.org/fhir/tools/StructureDefinition/ig-parameter"><extension url="code"><valueCode value="apply-publisher"/></extension><extension url="value"><valueString value="true"/></extension></extension><extension url="http://hl7.org/fhir/tools/StructureDefinition/ig-parameter"><extension url="code"><valueCode value="apply-version"/></extension><extension url="value"><valueString value="true"/></extension></extension><extension url="http://hl7.org/fhir/tools/StructureDefinition/ig-parameter"><extension url="code"><valueCode value="apply-wg"/></extension><extension url="value"><valueString value="true"/></extension></extension><extension url="http://hl7.org/fhir/tools/StructureDefinition/ig-parameter"><extension url="code"><valueCode value="active-tables"/></extension><extension url="value"><valueString value="true"/></extension></extension><extension url="http://hl7.org/fhir/tools/StructureDefinition/ig-parameter"><extension url="code"><valueCode value="fmm-definition"/></extension><extension url="value"><valueString value="http://hl7.org/fhir/versions.html#maturity"/></extension></extension><extension url="http://hl7.org/fhir/tools/StructureDefinition/ig-parameter"><extension url="code"><valueCode value="propagate-status"/></extension><extension url="value"><valueString value="true"/></extension></extension><extension url="http://hl7.org/fhir/tools/StructureDefinition/ig-parameter"><extension url="code"><valueCode value="excludelogbinaryformat"/></extension><extension url="value"><valueString value="true"/></extension></extension><extension url="http://hl7.org/fhir/tools/StructureDefinition/ig-parameter"><extension url="code"><valueCode value="tabbed-snapshots"/></extension><extension url="value"><valueString value="true"/></extension></extension><extension url="http://hl7.org/fhir/tools/StructureDefinition/ig-parameter"><extension url="code"><valueCode value="copyrightyear"/></extension><extension url="value"><valueString value="2023+"/></extension></extension><extension url="http://hl7.org/fhir/tools/StructureDefinition/ig-parameter"><extension url="code"><valueCode value="releaselabel"/></extension><extension url="value"><valueString value="Release"/></extension></extension><extension url="http://hl7.org/fhir/tools/StructureDefinition/ig-parameter"><extension url="code"><valueCode value="autoload-resources"/></extension><extension url="value"><valueString value="true"/></extension></extension><extension url="http://hl7.org/fhir/tools/StructureDefinition/ig-parameter"><extension url="code"><valueCode value="path-liquid"/></extension><extension url="value"><valueString value="template/liquid"/></extension></extension><extension url="http://hl7.org/fhir/tools/StructureDefinition/ig-parameter"><extension url="code"><valueCode value="path-liquid"/></extension><extension url="value"><valueString value="input/liquid"/></extension></extension><extension url="http://hl7.org/fhir/tools/StructureDefinition/ig-parameter"><extension url="code"><valueCode value="path-qa"/></extension><extension url="value"><valueString value="temp/qa"/></extension></extension><extension url="http://hl7.org/fhir/tools/StructureDefinition/ig-parameter"><extension url="code"><valueCode value="path-temp"/></extension><extension url="value"><valueString value="temp/pages"/></extension></extension><extension url="http://hl7.org/fhir/tools/StructureDefinition/ig-parameter"><extension url="code"><valueCode value="path-output"/></extension><extension url="value"><valueString value="output"/></extension></extension><extension url="http://hl7.org/fhir/tools/StructureDefinition/ig-parameter"><extension url="code"><valueCode value="path-suppressed-warnings"/></extension><extension url="value"><valueString value="input/ignoreWarnings.txt"/></extension></extension><extension url="http://hl7.org/fhir/tools/StructureDefinition/ig-parameter"><extension url="code"><valueCode value="path-history"/></extension><extension url="value"><valueString value="http://fhir.kl.dk/rehab/history.html"/></extension></extension><extension url="http://hl7.org/fhir/tools/StructureDefinition/ig-parameter"><extension url="code"><valueCode value="template-html"/></extension><extension url="value"><valueString value="template-page.html"/></extension></extension><extension url="http://hl7.org/fhir/tools/StructureDefinition/ig-parameter"><extension url="code"><valueCode value="template-md"/></extension><extension url="value"><valueString value="template-page-md.html"/></extension></extension><extension url="http://hl7.org/fhir/tools/StructureDefinition/ig-parameter"><extension url="code"><valueCode value="apply-contact"/></extension><extension url="value"><valueString value="true"/></extension></extension><extension url="http://hl7.org/fhir/tools/StructureDefinition/ig-parameter"><extension url="code"><valueCode value="apply-context"/></extension><extension url="value"><valueString value="true"/></extension></extension><extension url="http://hl7.org/fhir/tools/StructureDefinition/ig-parameter"><extension url="code"><valueCode value="apply-copyright"/></extension><extension url="value"><valueString value="true"/></extension></extension><extension url="http://hl7.org/fhir/tools/StructureDefinition/ig-parameter"><extension url="code"><valueCode value="apply-jurisdiction"/></extension><extension url="value"><valueString value="true"/></extension></extension><extension url="http://hl7.org/fhir/tools/StructureDefinition/ig-parameter"><extension url="code"><valueCode value="apply-license"/></extension><extension url="value"><valueString value="true"/></extension></extension><extension url="http://hl7.org/fhir/tools/StructureDefinition/ig-parameter"><extension url="code"><valueCode value="apply-publisher"/></extension><extension url="value"><valueString value="true"/></extension></extension><extension url="http://hl7.org/fhir/tools/StructureDefinition/ig-parameter"><extension url="code"><valueCode value="apply-version"/></extension><extension url="value"><valueString value="true"/></extension></extension><extension url="http://hl7.org/fhir/tools/StructureDefinition/ig-parameter"><extension url="code"><valueCode value="apply-wg"/></extension><extension url="value"><valueString value="true"/></extension></extension><extension url="http://hl7.org/fhir/tools/StructureDefinition/ig-parameter"><extension url="code"><valueCode value="active-tables"/></extension><extension url="value"><valueString value="true"/></extension></extension><extension url="http://hl7.org/fhir/tools/StructureDefinition/ig-parameter"><extension url="code"><valueCode value="fmm-definition"/></extension><extension url="value"><valueString value="http://hl7.org/fhir/versions.html#maturity"/></extension></extension><extension url="http://hl7.org/fhir/tools/StructureDefinition/ig-parameter"><extension url="code"><valueCode value="propagate-status"/></extension><extension url="value"><valueString value="true"/></extension></extension><extension url="http://hl7.org/fhir/tools/StructureDefinition/ig-parameter"><extension url="code"><valueCode value="excludelogbinaryformat"/></extension><extension url="value"><valueString value="true"/></extension></extension><extension url="http://hl7.org/fhir/tools/StructureDefinition/ig-parameter"><extension url="code"><valueCode value="tabbed-snapshots"/></extension><extension url="value"><valueString value="true"/></extension></extension><grouping id="-str-profile"><name value="Structures: Resource Profiles"/><description value="These define constraints on FHIR resources for systems conforming to this implementation guide."/></grouping><grouping id="-str-extension"><name value="Structures: Extension Definitions"/><description value="These define constraints on FHIR data types for systems conforming to this implementation guide."/></grouping><grouping id="-term-valueset"><name value="Terminology: Value Sets"/><description value="These define sets of codes used by systems conforming to this implementation guide."/></grouping><grouping id="-ex-example"><name value="Example: Example Instances"/><description value="These are example instances that show what data produced and consumed by systems conforming with this implementation guide might look like."/></grouping><resource><extension url="http://hl7.org/fhir/tools/StructureDefinition/resource-sort"><valueInteger value="999999999"/></extension><extension url="http://hl7.org/fhir/StructureDefinition/implementationguide-page"><valueUri value="StructureDefinition-klgateway-140-citizen.html"/></extension><reference><reference value="StructureDefinition/klgateway-140-citizen"/></reference><name value="KLGateway140Citizen"/><description value="Administrative information about a citizen receiving care or care related services."/><exampleBoolean value="false"/><groupingId value="-str-profile"/></resource><resource><extension url="http://hl7.org/fhir/tools/StructureDefinition/resource-sort"><valueInteger value="999999999"/></extension><extension url="http://hl7.org/fhir/StructureDefinition/implementationguide-page"><valueUri value="StructureDefinition-klgateway-140-condition.html"/></extension><reference><reference value="StructureDefinition/klgateway-140-condition"/></reference><name value="KLGateway140Condition"/><description value="Detailed information about condition relating to §140 care pathways"/><exampleBoolean value="false"/><groupingId value="-str-profile"/></resource><resource><extension url="http://hl7.org/fhir/tools/StructureDefinition/resource-sort"><valueInteger value="999999999"/></extension><extension url="http://hl7.org/fhir/StructureDefinition/implementationguide-page"><valueUri value="StructureDefinition-klgateway-140-delivery-report.html"/></extension><reference><reference value="StructureDefinition/klgateway-140-delivery-report"/></reference><name value="KLGateway140DeliveryReport"/><description value="Delivery report to deliver data for each citizen."/><exampleBoolean value="false"/><groupingId value="-str-profile"/></resource><resource><extension url="http://hl7.org/fhir/tools/StructureDefinition/resource-sort"><valueInteger value="999999999"/></extension><extension url="http://hl7.org/fhir/StructureDefinition/implementationguide-page"><valueUri value="StructureDefinition-klgateway-140-encounter.html"/></extension><reference><reference value="StructureDefinition/klgateway-140-encounter"/></reference><name value="KLGateway140Encounter"/><description value="Encounter for first planned visits and all executed activities in a §140 care pathway"/><exampleBoolean value="false"/><groupingId value="-str-profile"/></resource><resource><extension url="http://hl7.org/fhir/tools/StructureDefinition/resource-sort"><valueInteger value="999999999"/></extension><extension url="http://hl7.org/fhir/StructureDefinition/implementationguide-page"><valueUri value="StructureDefinition-klgateway-140-focus-condition.html"/></extension><reference><reference value="StructureDefinition/klgateway-140-focus-condition"/></reference><name value="KLGateway140FocusCondition"/><description value="Conditions which may be used to express the problem of a citizen in Danish municipalities. Mostly used for cross sector use cases."/><exampleBoolean value="false"/><groupingId value="-str-profile"/></resource><resource><extension url="http://hl7.org/fhir/tools/StructureDefinition/resource-sort"><valueInteger value="999999999"/></extension><extension url="http://hl7.org/fhir/StructureDefinition/implementationguide-page"><valueUri value="StructureDefinition-klgateway-140-organization.html"/></extension><reference><reference value="StructureDefinition/klgateway-140-organization"/></reference><name value="KLGateway140Organization"/><description value="Organization as expressed in KLGateway for rehabilitation."/><exampleBoolean value="false"/><groupingId value="-str-profile"/></resource><resource><extension url="http://hl7.org/fhir/tools/StructureDefinition/resource-sort"><valueInteger value="999999999"/></extension><extension url="http://hl7.org/fhir/StructureDefinition/implementationguide-page"><valueUri value="StructureDefinition-klgateway-140-planned-intervention.html"/></extension><reference><reference value="StructureDefinition/klgateway-140-planned-intervention"/></reference><name value="KLGateway140PlannedIntervention"/><description value="Planned interventions for §140 rehabilitation in Danish Municipalities."/><exampleBoolean value="false"/><groupingId value="-str-profile"/></resource><resource><extension url="http://hl7.org/fhir/tools/StructureDefinition/resource-sort"><valueInteger value="999999999"/></extension><extension url="http://hl7.org/fhir/StructureDefinition/implementationguide-page"><valueUri value="StructureDefinition-klgateway-140-servicerequest.html"/></extension><reference><reference value="StructureDefinition/klgateway-140-servicerequest"/></reference><name value="KLGateway140ServiceRequest"/><description value="Referal used to represent information about the training-referal (GGOP) from a hospital to a Danish municipalities"/><exampleBoolean value="false"/><groupingId value="-str-profile"/></resource><resource><extension url="http://hl7.org/fhir/tools/StructureDefinition/resource-sort"><valueInteger value="999999999"/></extension><extension url="http://hl7.org/fhir/StructureDefinition/implementationguide-page"><valueUri value="StructureDefinition-klgateway-140-care-plan.html"/></extension><reference><reference value="StructureDefinition/klgateway-140-care-plan"/></reference><name value="KLGateway140care-plan"/><description value="Care plans for §140 rehabilitation in Danish Municipalities."/><exampleBoolean value="false"/><groupingId value="-str-profile"/></resource><resource><extension url="http://hl7.org/fhir/tools/StructureDefinition/resource-sort"><valueInteger value="999999999"/></extension><extension url="http://hl7.org/fhir/StructureDefinition/implementationguide-page"><valueUri value="StructureDefinition-DeliveryType.html"/></extension><reference><reference value="StructureDefinition/DeliveryType"/></reference><name value="DeliveryType"/><description value="Extension for a code that specifies some context of how a treatment-activity is delivered to a patient"/><exampleBoolean value="false"/><groupingId value="-str-extension"/></resource><resource><extension url="http://hl7.org/fhir/tools/StructureDefinition/resource-sort"><valueInteger value="999999999"/></extension><extension url="http://hl7.org/fhir/StructureDefinition/implementationguide-page"><valueUri value="StructureDefinition-PreconditionDate.html"/></extension><reference><reference value="StructureDefinition/PreconditionDate"/></reference><name value="PreconditionDate"/><description value="Extension for a date that needs to occur before the service requested can be performed"/><exampleBoolean value="false"/><groupingId value="-str-extension"/></resource><resource><extension url="http://hl7.org/fhir/tools/StructureDefinition/resource-sort"><valueInteger value="999999999"/></extension><extension url="http://hl7.org/fhir/StructureDefinition/implementationguide-page"><valueUri value="StructureDefinition-BasedOnCarePlanExtension.html"/></extension><reference><reference value="StructureDefinition/BasedOnCarePlanExtension"/></reference><name value="basedOnCarePlanExtension"/><description value="Extension for pointing to the careplan describing why this encounter is taking place, will be part of R5 without needing the extension"/><exampleBoolean value="false"/><groupingId value="-str-extension"/></resource><resource><extension url="http://hl7.org/fhir/tools/StructureDefinition/resource-sort"><valueInteger value="999999999"/></extension><extension url="http://hl7.org/fhir/StructureDefinition/implementationguide-page"><valueUri value="StructureDefinition-BasedOnServiceRequestExtension.html"/></extension><reference><reference value="StructureDefinition/BasedOnServiceRequestExtension"/></reference><name value="basedOnServiceRequestExtension"/><description value="Extension for pointing to the servicerequest, that started an intervention"/><exampleBoolean value="false"/><groupingId value="-str-extension"/></resource><resource><extension url="http://hl7.org/fhir/tools/StructureDefinition/resource-sort"><valueInteger value="999999999"/></extension><extension url="http://hl7.org/fhir/StructureDefinition/implementationguide-page"><valueUri value="ValueSet-CancellationTypes.html"/></extension><reference><reference value="ValueSet/CancellationTypes"/></reference><name value="CancellationTypes"/><description value="Cancellation valueset, to be implemented in KL-term or MedCom-term"/><exampleBoolean value="false"/><groupingId value="-term-valueset"/></resource><resource><extension url="http://hl7.org/fhir/tools/StructureDefinition/resource-sort"><valueInteger value="999999999"/></extension><extension url="http://hl7.org/fhir/StructureDefinition/implementationguide-page"><valueUri value="ValueSet-CarePlanCategories140.html"/></extension><reference><reference value="ValueSet/CarePlanCategories140"/></reference><name value="CarePlanCategories"/><description value="The care plan categories usefull for §140"/><exampleBoolean value="false"/><groupingId value="-term-valueset"/></resource><resource><extension url="http://hl7.org/fhir/tools/StructureDefinition/resource-sort"><valueInteger value="999999999"/></extension><extension url="http://hl7.org/fhir/StructureDefinition/implementationguide-page"><valueUri value="ValueSet-DeliveryTypes140.html"/></extension><reference><reference value="ValueSet/DeliveryTypes140"/></reference><name value="DeliveryTypes"/><description value="The delivery context types allowed in §140 rehabilitation"/><exampleBoolean value="false"/><groupingId value="-term-valueset"/></resource><resource><extension url="http://hl7.org/fhir/tools/StructureDefinition/resource-sort"><valueInteger value="999999999"/></extension><extension url="http://hl7.org/fhir/StructureDefinition/implementationguide-page"><valueUri value="ValueSet-EncounterClassCodes.html"/></extension><reference><reference value="ValueSet/EncounterClassCodes"/></reference><name value="KontaktKlasseKoder"/><description value="Codes to describe the mode of delivery of an encounter"/><exampleBoolean value="false"/><groupingId value="-term-valueset"/></resource><resource><extension url="http://hl7.org/fhir/tools/StructureDefinition/resource-sort"><valueInteger value="999999999"/></extension><extension url="http://hl7.org/fhir/StructureDefinition/implementationguide-page"><valueUri value="ValueSet-ServiceRequestStatusReasons140.html"/></extension><reference><reference value="ValueSet/ServiceRequestStatusReasons140"/></reference><name value="ServiceRequestStatusReasons"/><description value="Status Reason codes as used in §140 rehabilitation"/><exampleBoolean value="false"/><groupingId value="-term-valueset"/></resource><resource><extension url="http://hl7.org/fhir/tools/StructureDefinition/resource-sort"><valueInteger value="999999999"/></extension><extension url="http://hl7.org/fhir/StructureDefinition/implementationguide-page"><valueUri value="ValueSet-ServiceRequestTypes140.html"/></extension><reference><reference value="ValueSet/ServiceRequestTypes140"/></reference><name value="ServiceRequestTypes"/><description value="The type of ServicRequest (GGOP), as defined by MedCom, supplemented by the two municipality specific types"/><exampleBoolean value="false"/><groupingId value="-term-valueset"/></resource><resource><extension url="http://hl7.org/fhir/tools/StructureDefinition/resource-sort"><valueInteger value="999999999"/></extension><extension url="http://hl7.org/fhir/StructureDefinition/implementationguide-page"><valueUri value="ValueSet-ServiceTypes140.html"/></extension><reference><reference value="ValueSet/ServiceTypes140"/></reference><name value="ServiceTypes"/><description value="The service types allowed in §140"/><exampleBoolean value="false"/><groupingId value="-term-valueset"/></resource><resource><extension url="http://hl7.org/fhir/tools/StructureDefinition/resource-sort"><valueInteger value="999999999"/></extension><extension url="http://hl7.org/fhir/StructureDefinition/implementationguide-page"><valueUri value="ValueSet-Conditions140.html"/></extension><reference><reference value="ValueSet/Conditions140"/></reference><name value="§140 tilstande"/><description value="Danish municipality theraphy condition codes"/><exampleBoolean value="false"/><groupingId value="-term-valueset"/></resource><resource><extension url="http://hl7.org/fhir/tools/StructureDefinition/resource-sort"><valueInteger value="999999999"/></extension><extension url="http://hl7.org/fhir/StructureDefinition/implementationguide-page"><valueUri value="Bundle-4a391f69-a909-4a79-92bd-1b0f812dc52a.html"/></extension><reference><reference value="Bundle/4a391f69-a909-4a79-92bd-1b0f812dc52a"/></reference><name value="4a391f69-a909-4a79-92bd-1b0f812dc52a"/><description value="DeliveryReport-Ruddi-6"/><exampleCanonical value="http://fhir.kl.dk/rehab/StructureDefinition/klgateway-140-delivery-report"/><groupingId value="-ex-example"/></resource><resource><extension url="http://hl7.org/fhir/tools/StructureDefinition/resource-sort"><valueInteger value="999999999"/></extension><extension url="http://hl7.org/fhir/StructureDefinition/implementationguide-page"><valueUri value="Bundle-4b9443a2-7231-4387-8e3d-614bf193df49.html"/></extension><reference><reference value="Bundle/4b9443a2-7231-4387-8e3d-614bf193df49"/></reference><name value="4b9443a2-7231-4387-8e3d-614bf193df49"/><description value="DeliveryReport-Ruddi-2"/><exampleCanonical value="http://fhir.kl.dk/rehab/StructureDefinition/klgateway-140-delivery-report"/><groupingId value="-ex-example"/></resource><resource><extension url="http://hl7.org/fhir/tools/StructureDefinition/resource-sort"><valueInteger value="999999999"/></extension><extension url="http://hl7.org/fhir/StructureDefinition/implementationguide-page"><valueUri value="Bundle-9960b8dc-5ebf-4166-83d7-b042bcc6aca5.html"/></extension><reference><reference value="Bundle/9960b8dc-5ebf-4166-83d7-b042bcc6aca5"/></reference><name value="9960b8dc-5ebf-4166-83d7-b042bcc6aca5"/><description value="DeliveryReport-Ruddi-7"/><exampleCanonical value="http://fhir.kl.dk/rehab/StructureDefinition/klgateway-140-delivery-report"/><groupingId value="-ex-example"/></resource><resource><extension url="http://hl7.org/fhir/tools/StructureDefinition/resource-sort"><valueInteger value="999999999"/></extension><extension url="http://hl7.org/fhir/StructureDefinition/implementationguide-page"><valueUri value="Organization-AfsenderAfRuddisGGOP.html"/></extension><reference><reference value="Organization/AfsenderAfRuddisGGOP"/></reference><name value="AfsenderAfRuddisGGOP"/><description value="Ortopædkirurgisk afdeling Holbæk sygehus, der er afsender af Ruddis GGOP"/><exampleCanonical value="http://fhir.kl.dk/rehab/StructureDefinition/klgateway-140-organization"/><groupingId value="-ex-example"/></resource><resource><extension url="http://hl7.org/fhir/tools/StructureDefinition/resource-sort"><valueInteger value="999999999"/></extension><extension url="http://hl7.org/fhir/StructureDefinition/implementationguide-page"><valueUri value="Condition-RuddiAktionsdiagnoseGGOP.html"/></extension><reference><reference value="Condition/RuddiAktionsdiagnoseGGOP"/></reference><name value="RuddiAktionsdiagnoseGGOP"/><description value="Ruddis aktionsdiagnose fra GGOP, hvor man kan se, at han har haft en pertrokantær femurfraktur"/><exampleCanonical value="http://fhir.kl.dk/rehab/StructureDefinition/klgateway-140-focus-condition"/><groupingId value="-ex-example"/></resource><resource><extension url="http://hl7.org/fhir/tools/StructureDefinition/resource-sort"><valueInteger value="999999999"/></extension><extension url="http://hl7.org/fhir/StructureDefinition/implementationguide-page"><valueUri value="CarePlan-RuddiFunctionalTraening.html"/></extension><reference><reference value="CarePlan/RuddiFunctionalTraening"/></reference><name value="RuddiFundktionsTræning"/><description value="Ruddi's funktions-træningsindsats"/><exampleCanonical value="http://fhir.kl.dk/rehab/StructureDefinition/klgateway-140-planned-intervention"/><groupingId value="-ex-example"/></resource><resource><extension url="http://hl7.org/fhir/tools/StructureDefinition/resource-sort"><valueInteger value="999999999"/></extension><extension url="http://hl7.org/fhir/StructureDefinition/implementationguide-page"><valueUri value="ServiceRequest-RuddiGGOPInformation.html"/></extension><reference><reference value="ServiceRequest/RuddiGGOPInformation"/></reference><name value="RuddiGGOPInformation"/><description value="Information fra Ruddis GGOP, der er baggrunden for at igangsætte indsatsen i kommunen"/><exampleCanonical value="http://fhir.kl.dk/rehab/StructureDefinition/klgateway-140-servicerequest"/><groupingId value="-ex-example"/></resource><resource><extension url="http://hl7.org/fhir/tools/StructureDefinition/resource-sort"><valueInteger value="999999999"/></extension><extension url="http://hl7.org/fhir/StructureDefinition/implementationguide-page"><valueUri value="Bundle-RuddiIndberetningsrapport.html"/></extension><reference><reference value="Bundle/RuddiIndberetningsrapport"/></reference><name value="RuddiIndberetningsrapport"/><description value="Indberetning for Ruddi"/><exampleCanonical value="http://fhir.kl.dk/rehab/StructureDefinition/klgateway-140-delivery-report"/><groupingId value="-ex-example"/></resource><resource><extension url="http://hl7.org/fhir/tools/StructureDefinition/resource-sort"><valueInteger value="999999999"/></extension><extension url="http://hl7.org/fhir/StructureDefinition/implementationguide-page"><valueUri value="Encounter-RuddiKontakt1Traening.html"/></extension><reference><reference value="Encounter/RuddiKontakt1Traening"/></reference><name value="RuddiKontakt1Traening"/><description value="Ruddis kontakt, hvor han har første træningsgang, leveret som skærmbesøg"/><exampleCanonical value="http://fhir.kl.dk/rehab/StructureDefinition/klgateway-140-encounter"/><groupingId value="-ex-example"/></resource><resource><extension url="http://hl7.org/fhir/tools/StructureDefinition/resource-sort"><valueInteger value="999999999"/></extension><extension url="http://hl7.org/fhir/StructureDefinition/implementationguide-page"><valueUri value="Encounter-RuddiKontaktUndersoegelse.html"/></extension><reference><reference value="Encounter/RuddiKontaktUndersoegelse"/></reference><name value="RuddiKontaktUndersøgelse"/><description value="Ruddis kontakt, hvor der er udført en terapeutfaglig undersøgelse"/><exampleCanonical value="http://fhir.kl.dk/rehab/StructureDefinition/klgateway-140-encounter"/><groupingId value="-ex-example"/></resource><resource><extension url="http://hl7.org/fhir/tools/StructureDefinition/resource-sort"><valueInteger value="999999999"/></extension><extension url="http://hl7.org/fhir/StructureDefinition/implementationguide-page"><valueUri value="CarePlan-RuddiTerapeutfagligUndersoegelse.html"/></extension><reference><reference value="CarePlan/RuddiTerapeutfagligUndersoegelse"/></reference><name value="RuddiTerapeutfagligUndersøgelse"/><description value="Ruddi's terapeutfaglige undersøgelse"/><exampleCanonical value="http://fhir.kl.dk/rehab/StructureDefinition/klgateway-140-planned-intervention"/><groupingId value="-ex-example"/></resource><resource><extension url="http://hl7.org/fhir/tools/StructureDefinition/resource-sort"><valueInteger value="999999999"/></extension><extension url="http://hl7.org/fhir/StructureDefinition/implementationguide-page"><valueUri value="Patient-RuddiTestBerggren.html"/></extension><reference><reference value="Patient/RuddiTestBerggren"/></reference><name value="RuddiTestBerggren"/><description value="Test personen Ruddi, fra MedCom test-cprnumre. Holbæk kommune er journalførende organisation."/><exampleCanonical value="http://fhir.kl.dk/rehab/StructureDefinition/klgateway-140-citizen"/><groupingId value="-ex-example"/></resource><resource><extension url="http://hl7.org/fhir/tools/StructureDefinition/resource-sort"><valueInteger value="999999999"/></extension><extension url="http://hl7.org/fhir/StructureDefinition/implementationguide-page"><valueUri value="Condition-RuddiTilstand.html"/></extension><reference><reference value="Condition/RuddiTilstand"/></reference><name value="RuddiTilstand"/><description value="Ruddis Tilstand vedrørende mobilitet og bevægelse"/><exampleCanonical value="http://fhir.kl.dk/rehab/StructureDefinition/klgateway-140-condition"/><groupingId value="-ex-example"/></resource><resource><extension url="http://hl7.org/fhir/tools/StructureDefinition/resource-sort"><valueInteger value="999999999"/></extension><extension url="http://hl7.org/fhir/StructureDefinition/implementationguide-page"><valueUri value="CarePlan-RuddiTraening.html"/></extension><reference><reference value="CarePlan/RuddiTraening"/></reference><name value="RuddiTræning"/><description value="Ruddi's træningsindsats"/><exampleCanonical value="http://fhir.kl.dk/rehab/StructureDefinition/klgateway-140-planned-intervention"/><groupingId value="-ex-example"/></resource><resource><extension url="http://hl7.org/fhir/tools/StructureDefinition/resource-sort"><valueInteger value="999999999"/></extension><extension url="http://hl7.org/fhir/StructureDefinition/implementationguide-page"><valueUri value="CarePlan-RuddiTraeningsforloeb.html"/></extension><reference><reference value="CarePlan/RuddiTraeningsforloeb"/></reference><name value="RuddiTræningsforløb"/><description value="Ruddi's træningsforløb"/><exampleCanonical value="http://fhir.kl.dk/rehab/StructureDefinition/klgateway-140-care-plan"/><groupingId value="-ex-example"/></resource><resource><extension url="http://hl7.org/fhir/tools/StructureDefinition/resource-sort"><valueInteger value="999999999"/></extension><extension url="http://hl7.org/fhir/StructureDefinition/implementationguide-page"><valueUri value="Organization-7fdd6dc0-3f9f-4914-b34a-7c6495ba0880.html"/></extension><reference><reference value="Organization/7fdd6dc0-3f9f-4914-b34a-7c6495ba0880"/></reference><name value="UdførerAfRuddisGenoptræning"/><description value="Genoptræningscenteret Holbæk kommune, der er udfører af Ruddis genoptræning"/><exampleCanonical value="http://fhir.kl.dk/rehab/StructureDefinition/klgateway-140-organization"/><groupingId value="-ex-example"/></resource><resource><extension url="http://hl7.org/fhir/tools/StructureDefinition/resource-sort"><valueInteger value="999999999"/></extension><extension url="http://hl7.org/fhir/StructureDefinition/implementationguide-page"><valueUri value="Organization-UdfoererAfRuddisRehab.html"/></extension><reference><reference value="Organization/UdfoererAfRuddisRehab"/></reference><name value="UdførerAfRuddisGenoptræning"/><description value="Genoptræningscenteret Holbæk kommune, der er udfører af Ruddis genoptræning"/><exampleCanonical value="http://fhir.kl.dk/rehab/StructureDefinition/klgateway-140-organization"/><groupingId value="-ex-example"/></resource><resource><extension url="http://hl7.org/fhir/tools/StructureDefinition/resource-sort"><valueInteger value="999999999"/></extension><extension url="http://hl7.org/fhir/StructureDefinition/implementationguide-page"><valueUri value="Bundle-c2f75bbf-2027-41bf-b597-de5e242f2b3d.html"/></extension><reference><reference value="Bundle/c2f75bbf-2027-41bf-b597-de5e242f2b3d"/></reference><name value="c2f75bbf-2027-41bf-b597-de5e242f2b3d"/><description value="DeliveryReport-Ruddi-8"/><exampleCanonical value="http://fhir.kl.dk/rehab/StructureDefinition/klgateway-140-delivery-report"/><groupingId value="-ex-example"/></resource><resource><extension url="http://hl7.org/fhir/tools/StructureDefinition/resource-sort"><valueInteger value="999999999"/></extension><extension url="http://hl7.org/fhir/StructureDefinition/implementationguide-page"><valueUri value="Bundle-e87d5e68-e5f3-476f-988f-4efda86b0645.html"/></extension><reference><reference value="Bundle/e87d5e68-e5f3-476f-988f-4efda86b0645"/></reference><name value="e87d5e68-e5f3-476f-988f-4efda86b0645"/><description value="DeliveryReport-Ruddi-1"/><exampleCanonical value="http://fhir.kl.dk/rehab/StructureDefinition/klgateway-140-delivery-report"/><groupingId value="-ex-example"/></resource><page><extension url="http://hl7.org/fhir/tools/StructureDefinition/ig-page-name"><valueUrl value="toc.html"/></extension><nameUrl value="toc.html"/><title value="Table of Contents"/><generation value="html"/><page><extension url="http://hl7.org/fhir/tools/StructureDefinition/ig-page-name"><valueUrl value="index.html"/></extension><nameUrl value="index.html"/><title value="Home"/><generation value="markdown"/></page><page><extension url="http://hl7.org/fhir/tools/StructureDefinition/ig-page-name"><valueUrl value="example.html"/></extension><nameUrl value="example.html"/><title value="Example"/><generation value="markdown"/></page><page><extension url="http://hl7.org/fhir/tools/StructureDefinition/ig-page-name"><valueUrl value="artifacts.html"/></extension><nameUrl value="artifacts.html"/><title value="Artifacts Summary"/><generation value="html"/><page><extension url="http://hl7.org/fhir/tools/StructureDefinition/ig-page-name"><valueUrl value="StructureDefinition-klgateway-140-care-plan.html"/></extension><nameUrl value="StructureDefinition-klgateway-140-care-plan.html"/><title value="KLGateway140care-plan"/><generation value="generated"/></page><page><extension url="http://hl7.org/fhir/tools/StructureDefinition/ig-page-name"><valueUrl value="StructureDefinition-klgateway-140-citizen.html"/></extension><nameUrl value="StructureDefinition-klgateway-140-citizen.html"/><title value="KLGateway140Citizen"/><generation value="generated"/></page><page><extension url="http://hl7.org/fhir/tools/StructureDefinition/ig-page-name"><valueUrl value="StructureDefinition-klgateway-140-condition.html"/></extension><nameUrl value="StructureDefinition-klgateway-140-condition.html"/><title value="KLGateway140Condition"/><generation value="generated"/></page><page><extension url="http://hl7.org/fhir/tools/StructureDefinition/ig-page-name"><valueUrl value="StructureDefinition-klgateway-140-delivery-report.html"/></extension><nameUrl value="StructureDefinition-klgateway-140-delivery-report.html"/><title value="KLGateway140DeliveryReport"/><generation value="generated"/></page><page><extension url="http://hl7.org/fhir/tools/StructureDefinition/ig-page-name"><valueUrl value="StructureDefinition-klgateway-140-encounter.html"/></extension><nameUrl value="StructureDefinition-klgateway-140-encounter.html"/><title value="KLGateway140Encounter"/><generation value="generated"/></page><page><extension url="http://hl7.org/fhir/tools/StructureDefinition/ig-page-name"><valueUrl value="StructureDefinition-klgateway-140-focus-condition.html"/></extension><nameUrl value="StructureDefinition-klgateway-140-focus-condition.html"/><title value="KLGateway140FocusCondition"/><generation value="generated"/></page><page><extension url="http://hl7.org/fhir/tools/StructureDefinition/ig-page-name"><valueUrl value="StructureDefinition-klgateway-140-organization.html"/></extension><nameUrl value="StructureDefinition-klgateway-140-organization.html"/><title value="KLGateway140Organization"/><generation value="generated"/></page><page><extension url="http://hl7.org/fhir/tools/StructureDefinition/ig-page-name"><valueUrl value="StructureDefinition-klgateway-140-planned-intervention.html"/></extension><nameUrl value="StructureDefinition-klgateway-140-planned-intervention.html"/><title value="KLGateway140PlannedIntervention"/><generation value="generated"/></page><page><extension url="http://hl7.org/fhir/tools/StructureDefinition/ig-page-name"><valueUrl value="StructureDefinition-klgateway-140-servicerequest.html"/></extension><nameUrl value="StructureDefinition-klgateway-140-servicerequest.html"/><title value="KLGateway140ServiceRequest"/><generation value="generated"/></page><page><extension url="http://hl7.org/fhir/tools/StructureDefinition/ig-page-name"><valueUrl value="StructureDefinition-BasedOnCarePlanExtension.html"/></extension><nameUrl value="StructureDefinition-BasedOnCarePlanExtension.html"/><title value="basedOnCarePlanExtension"/><generation value="generated"/></page><page><extension url="http://hl7.org/fhir/tools/StructureDefinition/ig-page-name"><valueUrl value="StructureDefinition-BasedOnServiceRequestExtension.html"/></extension><nameUrl value="StructureDefinition-BasedOnServiceRequestExtension.html"/><title value="basedOnServiceRequestExtension"/><generation value="generated"/></page><page><extension url="http://hl7.org/fhir/tools/StructureDefinition/ig-page-name"><valueUrl value="StructureDefinition-DeliveryType.html"/></extension><nameUrl value="StructureDefinition-DeliveryType.html"/><title value="DeliveryType"/><generation value="generated"/></page><page><extension url="http://hl7.org/fhir/tools/StructureDefinition/ig-page-name"><valueUrl value="StructureDefinition-PreconditionDate.html"/></extension><nameUrl value="StructureDefinition-PreconditionDate.html"/><title value="PreconditionDate"/><generation value="generated"/></page><page><extension url="http://hl7.org/fhir/tools/StructureDefinition/ig-page-name"><valueUrl value="ValueSet-CancellationTypes.html"/></extension><nameUrl value="ValueSet-CancellationTypes.html"/><title value="CancellationTypes"/><generation value="generated"/></page><page><extension url="http://hl7.org/fhir/tools/StructureDefinition/ig-page-name"><valueUrl value="ValueSet-CarePlanCategories140.html"/></extension><nameUrl value="ValueSet-CarePlanCategories140.html"/><title value="CarePlanCategories"/><generation value="generated"/></page><page><extension url="http://hl7.org/fhir/tools/StructureDefinition/ig-page-name"><valueUrl value="ValueSet-DeliveryTypes140.html"/></extension><nameUrl value="ValueSet-DeliveryTypes140.html"/><title value="DeliveryTypes"/><generation value="generated"/></page><page><extension url="http://hl7.org/fhir/tools/StructureDefinition/ig-page-name"><valueUrl value="ValueSet-EncounterClassCodes.html"/></extension><nameUrl value="ValueSet-EncounterClassCodes.html"/><title value="KontaktKlasseKoder"/><generation value="generated"/></page><page><extension url="http://hl7.org/fhir/tools/StructureDefinition/ig-page-name"><valueUrl value="ValueSet-ServiceRequestStatusReasons140.html"/></extension><nameUrl value="ValueSet-ServiceRequestStatusReasons140.html"/><title value="ServiceRequestStatusReasons"/><generation value="generated"/></page><page><extension url="http://hl7.org/fhir/tools/StructureDefinition/ig-page-name"><valueUrl value="ValueSet-ServiceRequestTypes140.html"/></extension><nameUrl value="ValueSet-ServiceRequestTypes140.html"/><title value="ServiceRequestTypes"/><generation value="generated"/></page><page><extension url="http://hl7.org/fhir/tools/StructureDefinition/ig-page-name"><valueUrl value="ValueSet-ServiceTypes140.html"/></extension><nameUrl value="ValueSet-ServiceTypes140.html"/><title value="ServiceTypes"/><generation value="generated"/></page><page><extension url="http://hl7.org/fhir/tools/StructureDefinition/ig-page-name"><valueUrl value="ValueSet-Conditions140.html"/></extension><nameUrl value="ValueSet-Conditions140.html"/><title value="§140 tilstande"/><generation value="generated"/></page><page><extension url="http://hl7.org/fhir/tools/StructureDefinition/ig-page-name"><valueUrl value="Bundle-4a391f69-a909-4a79-92bd-1b0f812dc52a.html"/></extension><nameUrl value="Bundle-4a391f69-a909-4a79-92bd-1b0f812dc52a.html"/><title value="4a391f69-a909-4a79-92bd-1b0f812dc52a"/><generation value="generated"/></page><page><extension url="http://hl7.org/fhir/tools/StructureDefinition/ig-page-name"><valueUrl value="Bundle-4b9443a2-7231-4387-8e3d-614bf193df49.html"/></extension><nameUrl value="Bundle-4b9443a2-7231-4387-8e3d-614bf193df49.html"/><title value="4b9443a2-7231-4387-8e3d-614bf193df49"/><generation value="generated"/></page><page><extension url="http://hl7.org/fhir/tools/StructureDefinition/ig-page-name"><valueUrl value="Bundle-9960b8dc-5ebf-4166-83d7-b042bcc6aca5.html"/></extension><nameUrl value="Bundle-9960b8dc-5ebf-4166-83d7-b042bcc6aca5.html"/><title value="9960b8dc-5ebf-4166-83d7-b042bcc6aca5"/><generation value="generated"/></page><page><extension url="http://hl7.org/fhir/tools/StructureDefinition/ig-page-name"><valueUrl value="Organization-AfsenderAfRuddisGGOP.html"/></extension><nameUrl value="Organization-AfsenderAfRuddisGGOP.html"/><title value="AfsenderAfRuddisGGOP"/><generation value="generated"/></page><page><extension url="http://hl7.org/fhir/tools/StructureDefinition/ig-page-name"><valueUrl value="Bundle-c2f75bbf-2027-41bf-b597-de5e242f2b3d.html"/></extension><nameUrl value="Bundle-c2f75bbf-2027-41bf-b597-de5e242f2b3d.html"/><title value="c2f75bbf-2027-41bf-b597-de5e242f2b3d"/><generation value="generated"/></page><page><extension url="http://hl7.org/fhir/tools/StructureDefinition/ig-page-name"><valueUrl value="Bundle-e87d5e68-e5f3-476f-988f-4efda86b0645.html"/></extension><nameUrl value="Bundle-e87d5e68-e5f3-476f-988f-4efda86b0645.html"/><title value="e87d5e68-e5f3-476f-988f-4efda86b0645"/><generation value="generated"/></page><page><extension url="http://hl7.org/fhir/tools/StructureDefinition/ig-page-name"><valueUrl value="Condition-RuddiAktionsdiagnoseGGOP.html"/></extension><nameUrl value="Condition-RuddiAktionsdiagnoseGGOP.html"/><title value="RuddiAktionsdiagnoseGGOP"/><generation value="generated"/></page><page><extension url="http://hl7.org/fhir/tools/StructureDefinition/ig-page-name"><valueUrl value="CarePlan-RuddiFunctionalTraening.html"/></extension><nameUrl value="CarePlan-RuddiFunctionalTraening.html"/><title value="RuddiFundktionsTræning"/><generation value="generated"/></page><page><extension url="http://hl7.org/fhir/tools/StructureDefinition/ig-page-name"><valueUrl value="ServiceRequest-RuddiGGOPInformation.html"/></extension><nameUrl value="ServiceRequest-RuddiGGOPInformation.html"/><title value="RuddiGGOPInformation"/><generation value="generated"/></page><page><extension url="http://hl7.org/fhir/tools/StructureDefinition/ig-page-name"><valueUrl value="Bundle-RuddiIndberetningsrapport.html"/></extension><nameUrl value="Bundle-RuddiIndberetningsrapport.html"/><title value="RuddiIndberetningsrapport"/><generation value="generated"/></page><page><extension url="http://hl7.org/fhir/tools/StructureDefinition/ig-page-name"><valueUrl value="Encounter-RuddiKontakt1Traening.html"/></extension><nameUrl value="Encounter-RuddiKontakt1Traening.html"/><title value="RuddiKontakt1Traening"/><generation value="generated"/></page><page><extension url="http://hl7.org/fhir/tools/StructureDefinition/ig-page-name"><valueUrl value="Encounter-RuddiKontaktUndersoegelse.html"/></extension><nameUrl value="Encounter-RuddiKontaktUndersoegelse.html"/><title value="RuddiKontaktUndersøgelse"/><generation value="generated"/></page><page><extension url="http://hl7.org/fhir/tools/StructureDefinition/ig-page-name"><valueUrl value="CarePlan-RuddiTerapeutfagligUndersoegelse.html"/></extension><nameUrl value="CarePlan-RuddiTerapeutfagligUndersoegelse.html"/><title value="RuddiTerapeutfagligUndersøgelse"/><generation value="generated"/></page><page><extension url="http://hl7.org/fhir/tools/StructureDefinition/ig-page-name"><valueUrl value="Patient-RuddiTestBerggren.html"/></extension><nameUrl value="Patient-RuddiTestBerggren.html"/><title value="RuddiTestBerggren"/><generation value="generated"/></page><page><extension url="http://hl7.org/fhir/tools/StructureDefinition/ig-page-name"><valueUrl value="Condition-RuddiTilstand.html"/></extension><nameUrl value="Condition-RuddiTilstand.html"/><title value="RuddiTilstand"/><generation value="generated"/></page><page><extension url="http://hl7.org/fhir/tools/StructureDefinition/ig-page-name"><valueUrl value="CarePlan-RuddiTraening.html"/></extension><nameUrl value="CarePlan-RuddiTraening.html"/><title value="RuddiTræning"/><generation value="generated"/></page><page><extension url="http://hl7.org/fhir/tools/StructureDefinition/ig-page-name"><valueUrl value="CarePlan-RuddiTraeningsforloeb.html"/></extension><nameUrl value="CarePlan-RuddiTraeningsforloeb.html"/><title value="RuddiTræningsforløb"/><generation value="generated"/></page><page><extension url="http://hl7.org/fhir/tools/StructureDefinition/ig-page-name"><valueUrl value="Organization-UdfoererAfRuddisRehab.html"/></extension><nameUrl value="Organization-UdfoererAfRuddisRehab.html"/><title value="UdførerAfRuddisGenoptræning"/><generation value="generated"/></page><page><extension url="http://hl7.org/fhir/tools/StructureDefinition/ig-page-name"><valueUrl value="Organization-7fdd6dc0-3f9f-4914-b34a-7c6495ba0880.html"/></extension><nameUrl value="Organization-7fdd6dc0-3f9f-4914-b34a-7c6495ba0880.html"/><title value="UdførerAfRuddisGenoptræning"/><generation value="generated"/></page></page></page><parameter><code value="path-resource"/><value value="input/capabilities"/></parameter><parameter><code value="path-resource"/><value value="input/examples"/></parameter><parameter><code value="path-resource"/><value value="input/extensions"/></parameter><parameter><code value="path-resource"/><value value="input/models"/></parameter><parameter><code value="path-resource"/><value value="input/operations"/></parameter><parameter><code value="path-resource"/><value value="input/profiles"/></parameter><parameter><code value="path-resource"/><value value="input/resources"/></parameter><parameter><code value="path-resource"/><value value="input/vocabulary"/></parameter><parameter><code value="path-resource"/><value value="input/maps"/></parameter><parameter><code value="path-resource"/><value value="input/testing"/></parameter><parameter><code value="path-resource"/><value value="input/history"/></parameter><parameter><code value="path-resource"/><value value="fsh-generated/resources"/></parameter><parameter><code value="path-pages"/><value value="template/config"/></parameter><parameter><code value="path-pages"/><value value="input/images"/></parameter><parameter><code value="path-tx-cache"/><value value="input-cache/txcache"/></parameter></definition></ImplementationGuide>