{"resourceType":"ImplementationGuide","id":"kl.dk.fhir.ffinst","text":{"status":"extensions","div":"<div xmlns=\"http://www.w3.org/1999/xhtml\"><h2>KLFFinst</h2><p>The official URL for this implementation guide is: </p><pre>http://fhir.kl.dk/ffinst/ImplementationGuide/kl.dk.fhir.ffinst</pre><div><p>Danish municipalities implementation guide for FFInst</p>\n</div></div>"},"url":"http://fhir.kl.dk/ffinst/ImplementationGuide/kl.dk.fhir.ffinst","version":"1.0.0","name":"KLFFinst","title":"Implementation Guide for fælles faglige instrumenter (FFInst)","status":"active","date":"2023-08-26T16:24:28+02:00","publisher":"Kommunernes landsforening","contact":[{"name":"Kommunernes landsforening","telecom":[{"system":"url","value":"http://kl.dk"},{"system":"email","value":"kl@kl.dk"}]}],"description":"Danish municipalities implementation guide for FFInst","jurisdiction":[{"coding":[{"system":"urn:iso:std:iso:3166","code":"DNK","display":"Denmark"}]}],"packageId":"kl.dk.fhir.ffinst","license":"CC0-1.0","fhirVersion":["4.0.1"],"dependsOn":[{"id":"hl7tx","extension":[{"url":"http://hl7.org/fhir/tools/StructureDefinition/implementationguide-dependency-comment","valueMarkdown":"Automatically added as a dependency - all IGs depend on HL7 Terminology"}],"uri":"http://terminology.hl7.org/ImplementationGuide/hl7.terminology","packageId":"hl7.terminology.r4","version":"5.0.0"},{"id":"hl7ext","extension":[{"url":"http://hl7.org/fhir/tools/StructureDefinition/implementationguide-dependency-comment","valueMarkdown":"Automatically added as a dependency - all IGs depend on the HL7 Extension Pack"}],"uri":"http://hl7.org/fhir/extensions/ImplementationGuide/hl7.fhir.uv.extensions","packageId":"hl7.fhir.uv.extensions.r4","version":"1.0.0"},{"id":"hl7_fhir_dk_core","uri":"http://hl7.dk/fhir/core/ImplementationGuide/hl7.fhir.dk.core","packageId":"hl7.fhir.dk.core","version":"1.1.0"},{"id":"kl_dk_fhir_core","uri":"http://fhir.kl.dk/core/ImplementationGuide/kl.dk.fhir.core","packageId":"kl.dk.fhir.core","version":"1.2.0"},{"id":"kl_dk_fhir_term","uri":"http://fhir.kl.dk/term/ImplementationGuide/kl.dk.fhir.term","packageId":"kl.dk.fhir.term","version":"1.0.0"}],"definition":{"extension":[{"extension":[{"url":"code","valueString":"copyrightyear"},{"url":"value","valueString":"2020+"}],"url":"http://hl7.org/fhir/tools/StructureDefinition/ig-parameter"},{"extension":[{"url":"code","valueString":"releaselabel"},{"url":"value","valueString":"release"}],"url":"http://hl7.org/fhir/tools/StructureDefinition/ig-parameter"},{"extension":[{"url":"code","valueString":"autoload-resources"},{"url":"value","valueString":"true"}],"url":"http://hl7.org/fhir/tools/StructureDefinition/ig-parameter"},{"extension":[{"url":"code","valueString":"path-liquid"},{"url":"value","valueString":"template/liquid"}],"url":"http://hl7.org/fhir/tools/StructureDefinition/ig-parameter"},{"extension":[{"url":"code","valueString":"path-liquid"},{"url":"value","valueString":"input/liquid"}],"url":"http://hl7.org/fhir/tools/StructureDefinition/ig-parameter"},{"extension":[{"url":"code","valueString":"path-qa"},{"url":"value","valueString":"temp/qa"}],"url":"http://hl7.org/fhir/tools/StructureDefinition/ig-parameter"},{"extension":[{"url":"code","valueString":"path-temp"},{"url":"value","valueString":"temp/pages"}],"url":"http://hl7.org/fhir/tools/StructureDefinition/ig-parameter"},{"extension":[{"url":"code","valueString":"path-output"},{"url":"value","valueString":"output"}],"url":"http://hl7.org/fhir/tools/StructureDefinition/ig-parameter"},{"extension":[{"url":"code","valueString":"path-suppressed-warnings"},{"url":"value","valueString":"input/ignoreWarnings.txt"}],"url":"http://hl7.org/fhir/tools/StructureDefinition/ig-parameter"},{"extension":[{"url":"code","valueString":"path-history"},{"url":"value","valueString":"http://fhir.kl.dk/ffinst/history.html"}],"url":"http://hl7.org/fhir/tools/StructureDefinition/ig-parameter"},{"extension":[{"url":"code","valueString":"template-html"},{"url":"value","valueString":"template-page.html"}],"url":"http://hl7.org/fhir/tools/StructureDefinition/ig-parameter"},{"extension":[{"url":"code","valueString":"template-md"},{"url":"value","valueString":"template-page-md.html"}],"url":"http://hl7.org/fhir/tools/StructureDefinition/ig-parameter"},{"extension":[{"url":"code","valueString":"apply-contact"},{"url":"value","valueString":"true"}],"url":"http://hl7.org/fhir/tools/StructureDefinition/ig-parameter"},{"extension":[{"url":"code","valueString":"apply-context"},{"url":"value","valueString":"true"}],"url":"http://hl7.org/fhir/tools/StructureDefinition/ig-parameter"},{"extension":[{"url":"code","valueString":"apply-copyright"},{"url":"value","valueString":"true"}],"url":"http://hl7.org/fhir/tools/StructureDefinition/ig-parameter"},{"extension":[{"url":"code","valueString":"apply-jurisdiction"},{"url":"value","valueString":"true"}],"url":"http://hl7.org/fhir/tools/StructureDefinition/ig-parameter"},{"extension":[{"url":"code","valueString":"apply-license"},{"url":"value","valueString":"true"}],"url":"http://hl7.org/fhir/tools/StructureDefinition/ig-parameter"},{"extension":[{"url":"code","valueString":"apply-publisher"},{"url":"value","valueString":"true"}],"url":"http://hl7.org/fhir/tools/StructureDefinition/ig-parameter"},{"extension":[{"url":"code","valueString":"apply-version"},{"url":"value","valueString":"true"}],"url":"http://hl7.org/fhir/tools/StructureDefinition/ig-parameter"},{"extension":[{"url":"code","valueString":"active-tables"},{"url":"value","valueString":"true"}],"url":"http://hl7.org/fhir/tools/StructureDefinition/ig-parameter"},{"extension":[{"url":"code","valueString":"fmm-definition"},{"url":"value","valueString":"http://hl7.org/fhir/versions.html#maturity"}],"url":"http://hl7.org/fhir/tools/StructureDefinition/ig-parameter"},{"extension":[{"url":"code","valueString":"propagate-status"},{"url":"value","valueString":"true"}],"url":"http://hl7.org/fhir/tools/StructureDefinition/ig-parameter"},{"extension":[{"url":"code","valueString":"excludelogbinaryformat"},{"url":"value","valueString":"true"}],"url":"http://hl7.org/fhir/tools/StructureDefinition/ig-parameter"},{"extension":[{"url":"code","valueString":"tabbed-snapshots"},{"url":"value","valueString":"true"}],"url":"http://hl7.org/fhir/tools/StructureDefinition/ig-parameter"},{"url":"http://hl7.org/fhir/tools/StructureDefinition/ig-internal-dependency","valueCode":"hl7.fhir.uv.tools#current"},{"extension":[{"url":"code","valueCode":"copyrightyear"},{"url":"value","valueString":"2020+"}],"url":"http://hl7.org/fhir/tools/StructureDefinition/ig-parameter"},{"extension":[{"url":"code","valueCode":"releaselabel"},{"url":"value","valueString":"release"}],"url":"http://hl7.org/fhir/tools/StructureDefinition/ig-parameter"},{"extension":[{"url":"code","valueCode":"autoload-resources"},{"url":"value","valueString":"true"}],"url":"http://hl7.org/fhir/tools/StructureDefinition/ig-parameter"},{"extension":[{"url":"code","valueCode":"path-liquid"},{"url":"value","valueString":"template/liquid"}],"url":"http://hl7.org/fhir/tools/StructureDefinition/ig-parameter"},{"extension":[{"url":"code","valueCode":"path-liquid"},{"url":"value","valueString":"input/liquid"}],"url":"http://hl7.org/fhir/tools/StructureDefinition/ig-parameter"},{"extension":[{"url":"code","valueCode":"path-qa"},{"url":"value","valueString":"temp/qa"}],"url":"http://hl7.org/fhir/tools/StructureDefinition/ig-parameter"},{"extension":[{"url":"code","valueCode":"path-temp"},{"url":"value","valueString":"temp/pages"}],"url":"http://hl7.org/fhir/tools/StructureDefinition/ig-parameter"},{"extension":[{"url":"code","valueCode":"path-output"},{"url":"value","valueString":"output"}],"url":"http://hl7.org/fhir/tools/StructureDefinition/ig-parameter"},{"extension":[{"url":"code","valueCode":"path-suppressed-warnings"},{"url":"value","valueString":"input/ignoreWarnings.txt"}],"url":"http://hl7.org/fhir/tools/StructureDefinition/ig-parameter"},{"extension":[{"url":"code","valueCode":"path-history"},{"url":"value","valueString":"http://fhir.kl.dk/ffinst/history.html"}],"url":"http://hl7.org/fhir/tools/StructureDefinition/ig-parameter"},{"extension":[{"url":"code","valueCode":"template-html"},{"url":"value","valueString":"template-page.html"}],"url":"http://hl7.org/fhir/tools/StructureDefinition/ig-parameter"},{"extension":[{"url":"code","valueCode":"template-md"},{"url":"value","valueString":"template-page-md.html"}],"url":"http://hl7.org/fhir/tools/StructureDefinition/ig-parameter"},{"extension":[{"url":"code","valueCode":"apply-contact"},{"url":"value","valueString":"true"}],"url":"http://hl7.org/fhir/tools/StructureDefinition/ig-parameter"},{"extension":[{"url":"code","valueCode":"apply-context"},{"url":"value","valueString":"true"}],"url":"http://hl7.org/fhir/tools/StructureDefinition/ig-parameter"},{"extension":[{"url":"code","valueCode":"apply-copyright"},{"url":"value","valueString":"true"}],"url":"http://hl7.org/fhir/tools/StructureDefinition/ig-parameter"},{"extension":[{"url":"code","valueCode":"apply-jurisdiction"},{"url":"value","valueString":"true"}],"url":"http://hl7.org/fhir/tools/StructureDefinition/ig-parameter"},{"extension":[{"url":"code","valueCode":"apply-license"},{"url":"value","valueString":"true"}],"url":"http://hl7.org/fhir/tools/StructureDefinition/ig-parameter"},{"extension":[{"url":"code","valueCode":"apply-publisher"},{"url":"value","valueString":"true"}],"url":"http://hl7.org/fhir/tools/StructureDefinition/ig-parameter"},{"extension":[{"url":"code","valueCode":"apply-version"},{"url":"value","valueString":"true"}],"url":"http://hl7.org/fhir/tools/StructureDefinition/ig-parameter"},{"extension":[{"url":"code","valueCode":"active-tables"},{"url":"value","valueString":"true"}],"url":"http://hl7.org/fhir/tools/StructureDefinition/ig-parameter"},{"extension":[{"url":"code","valueCode":"fmm-definition"},{"url":"value","valueString":"http://hl7.org/fhir/versions.html#maturity"}],"url":"http://hl7.org/fhir/tools/StructureDefinition/ig-parameter"},{"extension":[{"url":"code","valueCode":"propagate-status"},{"url":"value","valueString":"true"}],"url":"http://hl7.org/fhir/tools/StructureDefinition/ig-parameter"},{"extension":[{"url":"code","valueCode":"excludelogbinaryformat"},{"url":"value","valueString":"true"}],"url":"http://hl7.org/fhir/tools/StructureDefinition/ig-parameter"},{"extension":[{"url":"code","valueCode":"tabbed-snapshots"},{"url":"value","valueString":"true"}],"url":"http://hl7.org/fhir/tools/StructureDefinition/ig-parameter"},{"extension":[{"url":"code","valueCode":"copyrightyear"},{"url":"value","valueString":"2020+"}],"url":"http://hl7.org/fhir/tools/StructureDefinition/ig-parameter"},{"extension":[{"url":"code","valueCode":"releaselabel"},{"url":"value","valueString":"release"}],"url":"http://hl7.org/fhir/tools/StructureDefinition/ig-parameter"},{"extension":[{"url":"code","valueCode":"autoload-resources"},{"url":"value","valueString":"true"}],"url":"http://hl7.org/fhir/tools/StructureDefinition/ig-parameter"},{"extension":[{"url":"code","valueCode":"path-liquid"},{"url":"value","valueString":"template/liquid"}],"url":"http://hl7.org/fhir/tools/StructureDefinition/ig-parameter"},{"extension":[{"url":"code","valueCode":"path-liquid"},{"url":"value","valueString":"input/liquid"}],"url":"http://hl7.org/fhir/tools/StructureDefinition/ig-parameter"},{"extension":[{"url":"code","valueCode":"path-qa"},{"url":"value","valueString":"temp/qa"}],"url":"http://hl7.org/fhir/tools/StructureDefinition/ig-parameter"},{"extension":[{"url":"code","valueCode":"path-temp"},{"url":"value","valueString":"temp/pages"}],"url":"http://hl7.org/fhir/tools/StructureDefinition/ig-parameter"},{"extension":[{"url":"code","valueCode":"path-output"},{"url":"value","valueString":"output"}],"url":"http://hl7.org/fhir/tools/StructureDefinition/ig-parameter"},{"extension":[{"url":"code","valueCode":"path-suppressed-warnings"},{"url":"value","valueString":"input/ignoreWarnings.txt"}],"url":"http://hl7.org/fhir/tools/StructureDefinition/ig-parameter"},{"extension":[{"url":"code","valueCode":"path-history"},{"url":"value","valueString":"http://fhir.kl.dk/ffinst/history.html"}],"url":"http://hl7.org/fhir/tools/StructureDefinition/ig-parameter"},{"extension":[{"url":"code","valueCode":"template-html"},{"url":"value","valueString":"template-page.html"}],"url":"http://hl7.org/fhir/tools/StructureDefinition/ig-parameter"},{"extension":[{"url":"code","valueCode":"template-md"},{"url":"value","valueString":"template-page-md.html"}],"url":"http://hl7.org/fhir/tools/StructureDefinition/ig-parameter"},{"extension":[{"url":"code","valueCode":"apply-contact"},{"url":"value","valueString":"true"}],"url":"http://hl7.org/fhir/tools/StructureDefinition/ig-parameter"},{"extension":[{"url":"code","valueCode":"apply-context"},{"url":"value","valueString":"true"}],"url":"http://hl7.org/fhir/tools/StructureDefinition/ig-parameter"},{"extension":[{"url":"code","valueCode":"apply-copyright"},{"url":"value","valueString":"true"}],"url":"http://hl7.org/fhir/tools/StructureDefinition/ig-parameter"},{"extension":[{"url":"code","valueCode":"apply-jurisdiction"},{"url":"value","valueString":"true"}],"url":"http://hl7.org/fhir/tools/StructureDefinition/ig-parameter"},{"extension":[{"url":"code","valueCode":"apply-license"},{"url":"value","valueString":"true"}],"url":"http://hl7.org/fhir/tools/StructureDefinition/ig-parameter"},{"extension":[{"url":"code","valueCode":"apply-publisher"},{"url":"value","valueString":"true"}],"url":"http://hl7.org/fhir/tools/StructureDefinition/ig-parameter"},{"extension":[{"url":"code","valueCode":"apply-version"},{"url":"value","valueString":"true"}],"url":"http://hl7.org/fhir/tools/StructureDefinition/ig-parameter"},{"extension":[{"url":"code","valueCode":"active-tables"},{"url":"value","valueString":"true"}],"url":"http://hl7.org/fhir/tools/StructureDefinition/ig-parameter"},{"extension":[{"url":"code","valueCode":"fmm-definition"},{"url":"value","valueString":"http://hl7.org/fhir/versions.html#maturity"}],"url":"http://hl7.org/fhir/tools/StructureDefinition/ig-parameter"},{"extension":[{"url":"code","valueCode":"propagate-status"},{"url":"value","valueString":"true"}],"url":"http://hl7.org/fhir/tools/StructureDefinition/ig-parameter"},{"extension":[{"url":"code","valueCode":"excludelogbinaryformat"},{"url":"value","valueString":"true"}],"url":"http://hl7.org/fhir/tools/StructureDefinition/ig-parameter"},{"extension":[{"url":"code","valueCode":"tabbed-snapshots"},{"url":"value","valueString":"true"}],"url":"http://hl7.org/fhir/tools/StructureDefinition/ig-parameter"}],"grouping":[{"id":"-str-profile","name":"Structures: Resource Profiles","description":"These define constraints on FHIR resources for systems conforming to this implementation guide."},{"id":"-str-extension","name":"Structures: Extension Definitions","description":"These define constraints on FHIR data types for systems conforming to this implementation guide."},{"id":"-term-valueset","name":"Terminology: Value Sets","description":"These define sets of codes used by systems conforming to this implementation guide."},{"id":"-term-codesystem","name":"Terminology: Code Systems","description":"These define new code systems used by systems conforming to this implementation guide."},{"id":"-ex-example","name":"Example: Example Instances","description":"These are example instances that show what data produced and consumed by systems conforming with this implementation guide might look like."}],"resource":[{"extension":[{"url":"http://hl7.org/fhir/tools/StructureDefinition/resource-sort","valueInteger":999999999},{"url":"http://hl7.org/fhir/StructureDefinition/implementationguide-page","valueUri":"StructureDefinition-KLToolsCare6minwalk.html"}],"reference":{"reference":"StructureDefinition/KLToolsCare6minwalk"},"name":"6 min walk","description":"6 minutes walking test, as performed in Danish municipalities","exampleBoolean":false,"groupingId":"-str-profile"},{"extension":[{"url":"http://hl7.org/fhir/tools/StructureDefinition/resource-sort","valueInteger":999999999},{"url":"http://hl7.org/fhir/StructureDefinition/implementationguide-page","valueUri":"StructureDefinition-KLToolsCareBloodPressure.html"}],"reference":{"reference":"StructureDefinition/KLToolsCareBloodPressure"},"name":"Blood pressure","description":"Profile of HL7 Blood pressure profile used in Danish Municipalities","exampleBoolean":false,"groupingId":"-str-profile"},{"extension":[{"url":"http://hl7.org/fhir/tools/StructureDefinition/resource-sort","valueInteger":999999999},{"url":"http://hl7.org/fhir/StructureDefinition/implementationguide-page","valueUri":"StructureDefinition-KLToolsCareBodyHeight.html"}],"reference":{"reference":"StructureDefinition/KLToolsCareBodyHeight"},"name":"Body height","description":"Body height profile used in Danish Municipalities, derived from HL7 standard profile","exampleBoolean":false,"groupingId":"-str-profile"},{"extension":[{"url":"http://hl7.org/fhir/tools/StructureDefinition/resource-sort","valueInteger":999999999},{"url":"http://hl7.org/fhir/StructureDefinition/implementationguide-page","valueUri":"StructureDefinition-KLToolsCareBodyTemperature.html"}],"reference":{"reference":"StructureDefinition/KLToolsCareBodyTemperature"},"name":"Body temperature","description":"Profile of HL7 body temeprature profile used in Danish Municipalities","exampleBoolean":false,"groupingId":"-str-profile"},{"extension":[{"url":"http://hl7.org/fhir/tools/StructureDefinition/resource-sort","valueInteger":999999999},{"url":"http://hl7.org/fhir/StructureDefinition/implementationguide-page","valueUri":"StructureDefinition-KLToolsCareBodyWeight.html"}],"reference":{"reference":"StructureDefinition/KLToolsCareBodyWeight"},"name":"Body weight","description":"Profile of HL7 body weight profile used in Danish Municipalities","exampleBoolean":false,"groupingId":"-str-profile"},{"extension":[{"url":"http://hl7.org/fhir/tools/StructureDefinition/resource-sort","valueInteger":999999999},{"url":"http://hl7.org/fhir/StructureDefinition/implementationguide-page","valueUri":"StructureDefinition-KLToolsCareRSS.html"}],"reference":{"reference":"StructureDefinition/KLToolsCareRSS"},"name":"Chair stand test (RSS)","description":"Thirty second chair stand test score, as performed in Danish municipalities","exampleBoolean":false,"groupingId":"-str-profile"},{"extension":[{"url":"http://hl7.org/fhir/tools/StructureDefinition/resource-sort","valueInteger":999999999},{"url":"http://hl7.org/fhir/StructureDefinition/implementationguide-page","valueUri":"StructureDefinition-KLToolsCareConsciousness.html"}],"reference":{"reference":"StructureDefinition/KLToolsCareConsciousness"},"name":"Consciousness assessment","description":"Level of consciousness assessment as defined by TOBS, as performed in Danish municipalities. TOBS is Danish for early disease detection","exampleBoolean":false,"groupingId":"-str-profile"},{"extension":[{"url":"http://hl7.org/fhir/tools/StructureDefinition/resource-sort","valueInteger":999999999},{"url":"http://hl7.org/fhir/StructureDefinition/implementationguide-page","valueUri":"StructureDefinition-KLToolsCareEQ5DObservationActivity.html"}],"reference":{"reference":"StructureDefinition/KLToolsCareEQ5DObservationActivity"},"name":"EQ-5D activity","description":"EQ-5D Activity observation, as performed in Danish municipalities","exampleBoolean":false,"groupingId":"-str-profile"},{"extension":[{"url":"http://hl7.org/fhir/tools/StructureDefinition/resource-sort","valueInteger":999999999},{"url":"http://hl7.org/fhir/StructureDefinition/implementationguide-page","valueUri":"StructureDefinition-KLToolsCareEQ5DObservationAnxiety.html"}],"reference":{"reference":"StructureDefinition/KLToolsCareEQ5DObservationAnxiety"},"name":"EQ-5D anxiety","description":"EQ5D Anxiety observation, as performed in Danish municipalities","exampleBoolean":false,"groupingId":"-str-profile"},{"extension":[{"url":"http://hl7.org/fhir/tools/StructureDefinition/resource-sort","valueInteger":999999999},{"url":"http://hl7.org/fhir/StructureDefinition/implementationguide-page","valueUri":"StructureDefinition-KLToolsCareEQ5DObservationHygiene.html"}],"reference":{"reference":"StructureDefinition/KLToolsCareEQ5DObservationHygiene"},"name":"EQ-5D hygiene","description":"EQ5D Hygiene observation, as performed in Danish municipalities","exampleBoolean":false,"groupingId":"-str-profile"},{"extension":[{"url":"http://hl7.org/fhir/tools/StructureDefinition/resource-sort","valueInteger":999999999},{"url":"http://hl7.org/fhir/StructureDefinition/implementationguide-page","valueUri":"StructureDefinition-KLToolsCareEQ5DObservationMobility.html"}],"reference":{"reference":"StructureDefinition/KLToolsCareEQ5DObservationMobility"},"name":"EQ-5D mobility","description":"EQ5D mobility observation, as performed in Danish municipalities","exampleBoolean":false,"groupingId":"-str-profile"},{"extension":[{"url":"http://hl7.org/fhir/tools/StructureDefinition/resource-sort","valueInteger":999999999},{"url":"http://hl7.org/fhir/StructureDefinition/implementationguide-page","valueUri":"StructureDefinition-KLToolsCareEQ5DObservationPain.html"}],"reference":{"reference":"StructureDefinition/KLToolsCareEQ5DObservationPain"},"name":"EQ-5D pain","description":"EQ5D Pain observation, as performed in Danish municipalities","exampleBoolean":false,"groupingId":"-str-profile"},{"extension":[{"url":"http://hl7.org/fhir/tools/StructureDefinition/resource-sort","valueInteger":999999999},{"url":"http://hl7.org/fhir/StructureDefinition/implementationguide-page","valueUri":"StructureDefinition-KLToolsQuestionnaire.html"}],"reference":{"reference":"StructureDefinition/KLToolsQuestionnaire"},"name":"General questionnaire","description":"Questionnaire profile, for all Questionaires in KLTools","exampleBoolean":false,"groupingId":"-str-profile"},{"extension":[{"url":"http://hl7.org/fhir/tools/StructureDefinition/resource-sort","valueInteger":999999999},{"url":"http://hl7.org/fhir/StructureDefinition/implementationguide-page","valueUri":"StructureDefinition-KLToolsCareHeartRate.html"}],"reference":{"reference":"StructureDefinition/KLToolsCareHeartRate"},"name":"Heart Rate","description":"Heart rate profile used in Danish Municipalities, derived from HL7 heart rate profile","exampleBoolean":false,"groupingId":"-str-profile"},{"extension":[{"url":"http://hl7.org/fhir/tools/StructureDefinition/resource-sort","valueInteger":999999999},{"url":"http://hl7.org/fhir/StructureDefinition/implementationguide-page","valueUri":"StructureDefinition-KLToolsCareOxygenSaturation.html"}],"reference":{"reference":"StructureDefinition/KLToolsCareOxygenSaturation"},"name":"Oxygen saturation","description":"Oxygen saturation profile as used in Danish Municipalities, derived from HL7 oxygen saturation profile","exampleBoolean":false,"groupingId":"-str-profile"},{"extension":[{"url":"http://hl7.org/fhir/tools/StructureDefinition/resource-sort","valueInteger":999999999},{"url":"http://hl7.org/fhir/StructureDefinition/implementationguide-page","valueUri":"StructureDefinition-KLToolsCarePainVRS.html"}],"reference":{"reference":"StructureDefinition/KLToolsCarePainVRS"},"name":"Pain VRS","description":"Pain intensity evaluation using a verbal rating scale, as performed in Danish municipalities","exampleBoolean":false,"groupingId":"-str-profile"},{"extension":[{"url":"http://hl7.org/fhir/tools/StructureDefinition/resource-sort","valueInteger":999999999},{"url":"http://hl7.org/fhir/StructureDefinition/implementationguide-page","valueUri":"StructureDefinition-KLToolsCarePainVAS.html"}],"reference":{"reference":"StructureDefinition/KLToolsCarePainVAS"},"name":"PainVAS","description":"Pain intensity evaluation using a visual analog scale, as performed in Danish municipalities","exampleBoolean":false,"groupingId":"-str-profile"},{"extension":[{"url":"http://hl7.org/fhir/tools/StructureDefinition/resource-sort","valueInteger":999999999},{"url":"http://hl7.org/fhir/StructureDefinition/implementationguide-page","valueUri":"StructureDefinition-KLToolsQuestionnaireResponse.html"}],"reference":{"reference":"StructureDefinition/KLToolsQuestionnaireResponse"},"name":"Questionnaire response","description":"Questionnaire response profile, for all Questionaires in KLTools","exampleBoolean":false,"groupingId":"-str-profile"},{"extension":[{"url":"http://hl7.org/fhir/tools/StructureDefinition/resource-sort","valueInteger":999999999},{"url":"http://hl7.org/fhir/StructureDefinition/implementationguide-page","valueUri":"StructureDefinition-KLToolsCareRespirationRate.html"}],"reference":{"reference":"StructureDefinition/KLToolsCareRespirationRate"},"name":"Respiration rate","description":"Respiration rate profile used in Danish Municipalities, derived from HL7 respiration rate profile","exampleBoolean":false,"groupingId":"-str-profile"},{"extension":[{"url":"http://hl7.org/fhir/tools/StructureDefinition/resource-sort","valueInteger":999999999},{"url":"http://hl7.org/fhir/StructureDefinition/implementationguide-page","valueUri":"StructureDefinition-KLToolsCareUrinStix.html"}],"reference":{"reference":"StructureDefinition/KLToolsCareUrinStix"},"name":"Urin Stix","description":"Urin stix result, as performed in Danish municipalities","exampleBoolean":false,"groupingId":"-str-profile"},{"extension":[{"url":"http://hl7.org/fhir/tools/StructureDefinition/resource-sort","valueInteger":999999999},{"url":"http://hl7.org/fhir/StructureDefinition/implementationguide-page","valueUri":"StructureDefinition-KLToolsWHO5ObservationInterest5.html"}],"reference":{"reference":"StructureDefinition/KLToolsWHO5ObservationInterest5"},"name":"WHO-5 Interest (5)","description":"WHO5 observation, for the fifth question about being interested","exampleBoolean":false,"groupingId":"-str-profile"},{"extension":[{"url":"http://hl7.org/fhir/tools/StructureDefinition/resource-sort","valueInteger":999999999},{"url":"http://hl7.org/fhir/StructureDefinition/implementationguide-page","valueUri":"StructureDefinition-KLToolsWHO5ObservationActive3.html"}],"reference":{"reference":"StructureDefinition/KLToolsWHO5ObservationActive3"},"name":"WHO-5 active (3)","description":"WHO5 observation, for the third question about being active","exampleBoolean":false,"groupingId":"-str-profile"},{"extension":[{"url":"http://hl7.org/fhir/tools/StructureDefinition/resource-sort","valueInteger":999999999},{"url":"http://hl7.org/fhir/StructureDefinition/implementationguide-page","valueUri":"StructureDefinition-KLToolsWHO5ObservationCalm2.html"}],"reference":{"reference":"StructureDefinition/KLToolsWHO5ObservationCalm2"},"name":"WHO-5 calm (2)","description":"WHO5 observation, for the second question about feeling calm","exampleBoolean":false,"groupingId":"-str-profile"},{"extension":[{"url":"http://hl7.org/fhir/tools/StructureDefinition/resource-sort","valueInteger":999999999},{"url":"http://hl7.org/fhir/StructureDefinition/implementationguide-page","valueUri":"StructureDefinition-KLToolsWHO5ObservationHappy1.html"}],"reference":{"reference":"StructureDefinition/KLToolsWHO5ObservationHappy1"},"name":"WHO-5 happy (1)","description":"WHO5 observation, for the first question about feeling happy","exampleBoolean":false,"groupingId":"-str-profile"},{"extension":[{"url":"http://hl7.org/fhir/tools/StructureDefinition/resource-sort","valueInteger":999999999},{"url":"http://hl7.org/fhir/StructureDefinition/implementationguide-page","valueUri":"StructureDefinition-KLToolsWHO5ObservationRested4.html"}],"reference":{"reference":"StructureDefinition/KLToolsWHO5ObservationRested4"},"name":"WHO-5 rested (4)","description":"WHO5 observation, for the fourth question about being rested","exampleBoolean":false,"groupingId":"-str-profile"},{"extension":[{"url":"http://hl7.org/fhir/tools/StructureDefinition/resource-sort","valueInteger":999999999},{"url":"http://hl7.org/fhir/StructureDefinition/implementationguide-page","valueUri":"StructureDefinition-AssociatedConditions.html"}],"reference":{"reference":"StructureDefinition/AssociatedConditions"},"name":"AssociatedConditions","description":"Extension for pointing to Condition codes, for which the observation might be usefull","exampleBoolean":false,"groupingId":"-str-extension"},{"extension":[{"url":"http://hl7.org/fhir/tools/StructureDefinition/resource-sort","valueInteger":999999999},{"url":"http://hl7.org/fhir/StructureDefinition/implementationguide-page","valueUri":"StructureDefinition-FindingInformer.html"}],"reference":{"reference":"StructureDefinition/FindingInformer"},"name":"FindingInformer","description":"Extension for pointing to who the source of information is","exampleBoolean":false,"groupingId":"-str-extension"},{"extension":[{"url":"http://hl7.org/fhir/tools/StructureDefinition/resource-sort","valueInteger":999999999},{"url":"http://hl7.org/fhir/StructureDefinition/implementationguide-page","valueUri":"StructureDefinition-Technique.html"}],"reference":{"reference":"StructureDefinition/Technique"},"name":"Technique","description":"Extension for pointing to the techniqe used to obtain the result of a questionaire","exampleBoolean":false,"groupingId":"-str-extension"},{"extension":[{"url":"http://hl7.org/fhir/tools/StructureDefinition/resource-sort","valueInteger":999999999},{"url":"http://hl7.org/fhir/StructureDefinition/implementationguide-page","valueUri":"ValueSet-BodyheightSCTobservables.html"}],"reference":{"reference":"ValueSet/BodyheightSCTobservables"},"name":"BodyheightSCTobservables","description":"SNOMED CT observables for height","exampleBoolean":false,"groupingId":"-term-valueset"},{"extension":[{"url":"http://hl7.org/fhir/tools/StructureDefinition/resource-sort","valueInteger":999999999},{"url":"http://hl7.org/fhir/StructureDefinition/implementationguide-page","valueUri":"ValueSet-BodyweightSCTobservables.html"}],"reference":{"reference":"ValueSet/BodyweightSCTobservables"},"name":"BodyweightSCTobservables","description":"SNOMED CT observables for weight","exampleBoolean":false,"groupingId":"-term-valueset"},{"extension":[{"url":"http://hl7.org/fhir/tools/StructureDefinition/resource-sort","valueInteger":999999999},{"url":"http://hl7.org/fhir/StructureDefinition/implementationguide-page","valueUri":"ValueSet-ConsciousnessCodes.html"}],"reference":{"reference":"ValueSet/ConsciousnessCodes"},"name":"ConsciousnessCodes","description":"Findings for Counsciousness","exampleBoolean":false,"groupingId":"-term-valueset"},{"extension":[{"url":"http://hl7.org/fhir/tools/StructureDefinition/resource-sort","valueInteger":999999999},{"url":"http://hl7.org/fhir/StructureDefinition/implementationguide-page","valueUri":"ValueSet-ConsciousnessSCTFindings.html"}],"reference":{"reference":"ValueSet/ConsciousnessSCTFindings"},"name":"ConsciousnessSCTFindings","description":"SNOMED CT findings for consciousness","exampleBoolean":false,"groupingId":"-term-valueset"},{"extension":[{"url":"http://hl7.org/fhir/tools/StructureDefinition/resource-sort","valueInteger":999999999},{"url":"http://hl7.org/fhir/StructureDefinition/implementationguide-page","valueUri":"ValueSet-DiastolicBloodPressureSCTObservables.html"}],"reference":{"reference":"ValueSet/DiastolicBloodPressureSCTObservables"},"name":"DiastolicBloodPressureSCTObservables","description":"SNOMED CT observables for diastolic blood pressure","exampleBoolean":false,"groupingId":"-term-valueset"},{"extension":[{"url":"http://hl7.org/fhir/tools/StructureDefinition/resource-sort","valueInteger":999999999},{"url":"http://hl7.org/fhir/StructureDefinition/implementationguide-page","valueUri":"ValueSet-EQ5DSCTfindingsActivity.html"}],"reference":{"reference":"ValueSet/EQ5DSCTfindingsActivity"},"name":"EQ5DSCTfindingsActivity","description":"SNOMED CT Findings for EQ-5D activity","exampleBoolean":false,"groupingId":"-term-valueset"},{"extension":[{"url":"http://hl7.org/fhir/tools/StructureDefinition/resource-sort","valueInteger":999999999},{"url":"http://hl7.org/fhir/StructureDefinition/implementationguide-page","valueUri":"ValueSet-EQ5DSCTfindingsAnxiety.html"}],"reference":{"reference":"ValueSet/EQ5DSCTfindingsAnxiety"},"name":"EQ5DSCTfindingsAnxiety","description":"SNOMED CT findings for EQ-5D Anxiety","exampleBoolean":false,"groupingId":"-term-valueset"},{"extension":[{"url":"http://hl7.org/fhir/tools/StructureDefinition/resource-sort","valueInteger":999999999},{"url":"http://hl7.org/fhir/StructureDefinition/implementationguide-page","valueUri":"ValueSet-EQ5DSCTfindingsHygiene.html"}],"reference":{"reference":"ValueSet/EQ5DSCTfindingsHygiene"},"name":"EQ5DSCTfindingsHygiene","description":"SNOMED CT findings for EQ-5D hygiene","exampleBoolean":false,"groupingId":"-term-valueset"},{"extension":[{"url":"http://hl7.org/fhir/tools/StructureDefinition/resource-sort","valueInteger":999999999},{"url":"http://hl7.org/fhir/StructureDefinition/implementationguide-page","valueUri":"ValueSet-EQ5DSCTfindingsMobility.html"}],"reference":{"reference":"ValueSet/EQ5DSCTfindingsMobility"},"name":"EQ5DSCTfindingsMobility","description":"SNOMED CT findings for EQ-5D mobility","exampleBoolean":false,"groupingId":"-term-valueset"},{"extension":[{"url":"http://hl7.org/fhir/tools/StructureDefinition/resource-sort","valueInteger":999999999},{"url":"http://hl7.org/fhir/StructureDefinition/implementationguide-page","valueUri":"ValueSet-EQ5DSCTfindingsPain.html"}],"reference":{"reference":"ValueSet/EQ5DSCTfindingsPain"},"name":"EQ5DSCTfindingsPain","description":"SNOMED CT findings for EQ-5D pain","exampleBoolean":false,"groupingId":"-term-valueset"},{"extension":[{"url":"http://hl7.org/fhir/tools/StructureDefinition/resource-sort","valueInteger":999999999},{"url":"http://hl7.org/fhir/StructureDefinition/implementationguide-page","valueUri":"ValueSet-EQ5Dactivity.html"}],"reference":{"reference":"ValueSet/EQ5Dactivity"},"name":"EQ5Dactivity","description":"Findings for EQ-5D activity","exampleBoolean":false,"groupingId":"-term-valueset"},{"extension":[{"url":"http://hl7.org/fhir/tools/StructureDefinition/resource-sort","valueInteger":999999999},{"url":"http://hl7.org/fhir/StructureDefinition/implementationguide-page","valueUri":"ValueSet-EQ5Danxiety.html"}],"reference":{"reference":"ValueSet/EQ5Danxiety"},"name":"EQ5Danxiety","description":"Findings for EQ-5D anxiety","exampleBoolean":false,"groupingId":"-term-valueset"},{"extension":[{"url":"http://hl7.org/fhir/tools/StructureDefinition/resource-sort","valueInteger":999999999},{"url":"http://hl7.org/fhir/StructureDefinition/implementationguide-page","valueUri":"ValueSet-EQ5Dhygiene.html"}],"reference":{"reference":"ValueSet/EQ5Dhygiene"},"name":"EQ5Dhygiene","description":"Findings for EQ-5D hygiene","exampleBoolean":false,"groupingId":"-term-valueset"},{"extension":[{"url":"http://hl7.org/fhir/tools/StructureDefinition/resource-sort","valueInteger":999999999},{"url":"http://hl7.org/fhir/StructureDefinition/implementationguide-page","valueUri":"ValueSet-EQ5Dmobility.html"}],"reference":{"reference":"ValueSet/EQ5Dmobility"},"name":"EQ5Dmobility","description":"Findings for EQ-5D mobility","exampleBoolean":false,"groupingId":"-term-valueset"},{"extension":[{"url":"http://hl7.org/fhir/tools/StructureDefinition/resource-sort","valueInteger":999999999},{"url":"http://hl7.org/fhir/StructureDefinition/implementationguide-page","valueUri":"ValueSet-EQ5Dpain.html"}],"reference":{"reference":"ValueSet/EQ5Dpain"},"name":"EQ5Dpain","description":"Findings for EQ-5D pain","exampleBoolean":false,"groupingId":"-term-valueset"},{"extension":[{"url":"http://hl7.org/fhir/tools/StructureDefinition/resource-sort","valueInteger":999999999},{"url":"http://hl7.org/fhir/StructureDefinition/implementationguide-page","valueUri":"ValueSet-FindingInformerCodes.html"}],"reference":{"reference":"ValueSet/FindingInformerCodes"},"name":"FindingInformerCodes","description":"Codes for who informed the findings","exampleBoolean":false,"groupingId":"-term-valueset"},{"extension":[{"url":"http://hl7.org/fhir/tools/StructureDefinition/resource-sort","valueInteger":999999999},{"url":"http://hl7.org/fhir/StructureDefinition/implementationguide-page","valueUri":"ValueSet-HeartRateSCTobservables.html"}],"reference":{"reference":"ValueSet/HeartRateSCTobservables"},"name":"HeartRateSCTobservables","description":"SNOMED CT observables for heart rate","exampleBoolean":false,"groupingId":"-term-valueset"},{"extension":[{"url":"http://hl7.org/fhir/tools/StructureDefinition/resource-sort","valueInteger":999999999},{"url":"http://hl7.org/fhir/StructureDefinition/implementationguide-page","valueUri":"ValueSet-KLtechniquesCodes.html"}],"reference":{"reference":"ValueSet/KLtechniquesCodes"},"name":"KLtechniquesCodes","description":"Codes for the techniqe used when obtaining an observation","exampleBoolean":false,"groupingId":"-term-valueset"},{"extension":[{"url":"http://hl7.org/fhir/tools/StructureDefinition/resource-sort","valueInteger":999999999},{"url":"http://hl7.org/fhir/StructureDefinition/implementationguide-page","valueUri":"ValueSet-NPUUrinStix.html"}],"reference":{"reference":"ValueSet/NPUUrinStix"},"name":"NPUUrinStix","description":"NPU observables for urin stix","exampleBoolean":false,"groupingId":"-term-valueset"},{"extension":[{"url":"http://hl7.org/fhir/tools/StructureDefinition/resource-sort","valueInteger":999999999},{"url":"http://hl7.org/fhir/StructureDefinition/implementationguide-page","valueUri":"ValueSet-OxygenSaturationSCTobservables.html"}],"reference":{"reference":"ValueSet/OxygenSaturationSCTobservables"},"name":"OxygenSaturationSCTobservables","description":"SNOMED CT observables for oxygen saturation","exampleBoolean":false,"groupingId":"-term-valueset"},{"extension":[{"url":"http://hl7.org/fhir/tools/StructureDefinition/resource-sort","valueInteger":999999999},{"url":"http://hl7.org/fhir/StructureDefinition/implementationguide-page","valueUri":"ValueSet-RespirationRateSCTObservables.html"}],"reference":{"reference":"ValueSet/RespirationRateSCTObservables"},"name":"RespirationRateSCTObservables","description":"SNOMED CT observables for respiratory rate","exampleBoolean":false,"groupingId":"-term-valueset"},{"extension":[{"url":"http://hl7.org/fhir/tools/StructureDefinition/resource-sort","valueInteger":999999999},{"url":"http://hl7.org/fhir/StructureDefinition/implementationguide-page","valueUri":"ValueSet-SCTUrinStix.html"}],"reference":{"reference":"ValueSet/SCTUrinStix"},"name":"SCTUrinStix","description":"SNOMED CT evaluation procedure codes for urin stix","exampleBoolean":false,"groupingId":"-term-valueset"},{"extension":[{"url":"http://hl7.org/fhir/tools/StructureDefinition/resource-sort","valueInteger":999999999},{"url":"http://hl7.org/fhir/StructureDefinition/implementationguide-page","valueUri":"ValueSet-SystolicBloodPressureSCTObservables.html"}],"reference":{"reference":"ValueSet/SystolicBloodPressureSCTObservables"},"name":"SystolicBloodPressureSCTObservables","description":"SNOMED CT observables for systolic blood pressure","exampleBoolean":false,"groupingId":"-term-valueset"},{"extension":[{"url":"http://hl7.org/fhir/tools/StructureDefinition/resource-sort","valueInteger":999999999},{"url":"http://hl7.org/fhir/StructureDefinition/implementationguide-page","valueUri":"ValueSet-TechniqesSCTCodes.html"}],"reference":{"reference":"ValueSet/TechniqesSCTCodes"},"name":"TechniqesSCTCodes","description":"SNOMED CT Codes for the techniqe used when obtaining an observation","exampleBoolean":false,"groupingId":"-term-valueset"},{"extension":[{"url":"http://hl7.org/fhir/tools/StructureDefinition/resource-sort","valueInteger":999999999},{"url":"http://hl7.org/fhir/StructureDefinition/implementationguide-page","valueUri":"ValueSet-BodyTemperatureSCTObservables.html"}],"reference":{"reference":"ValueSet/BodyTemperatureSCTObservables"},"name":"TemperatureSCTObservables","description":"SNOMED CT observables for temperature","exampleBoolean":false,"groupingId":"-term-valueset"},{"extension":[{"url":"http://hl7.org/fhir/tools/StructureDefinition/resource-sort","valueInteger":999999999},{"url":"http://hl7.org/fhir/StructureDefinition/implementationguide-page","valueUri":"ValueSet-VRSSCTfindingsPain.html"}],"reference":{"reference":"ValueSet/VRSSCTfindingsPain"},"name":"VRSSCTfindingsPain","description":"SNOMED CT findings for VRS pain","exampleBoolean":false,"groupingId":"-term-valueset"},{"extension":[{"url":"http://hl7.org/fhir/tools/StructureDefinition/resource-sort","valueInteger":999999999},{"url":"http://hl7.org/fhir/StructureDefinition/implementationguide-page","valueUri":"ValueSet-VRSpain.html"}],"reference":{"reference":"ValueSet/VRSpain"},"name":"VRSpain","description":"Findings for VRS pain","exampleBoolean":false,"groupingId":"-term-valueset"},{"extension":[{"url":"http://hl7.org/fhir/tools/StructureDefinition/resource-sort","valueInteger":999999999},{"url":"http://hl7.org/fhir/StructureDefinition/implementationguide-page","valueUri":"ValueSet-WHO5AnswerCodesActive.html"}],"reference":{"reference":"ValueSet/WHO5AnswerCodesActive"},"name":"WHO5AnswerCodesActive","description":"Codes used to specify WHO-5 answers to the third question about being active","exampleBoolean":false,"groupingId":"-term-valueset"},{"extension":[{"url":"http://hl7.org/fhir/tools/StructureDefinition/resource-sort","valueInteger":999999999},{"url":"http://hl7.org/fhir/StructureDefinition/implementationguide-page","valueUri":"ValueSet-WHO5AnswerCodesCalm.html"}],"reference":{"reference":"ValueSet/WHO5AnswerCodesCalm"},"name":"WHO5AnswerCodesCalm","description":"Codes used to specify WHO-5 answers to the second question about being calm","exampleBoolean":false,"groupingId":"-term-valueset"},{"extension":[{"url":"http://hl7.org/fhir/tools/StructureDefinition/resource-sort","valueInteger":999999999},{"url":"http://hl7.org/fhir/StructureDefinition/implementationguide-page","valueUri":"ValueSet-WHO5AnswerCodesHappy.html"}],"reference":{"reference":"ValueSet/WHO5AnswerCodesHappy"},"name":"WHO5AnswerCodesHappy","description":"Codes used to specify WHO-5 answers to the first question about being happy","exampleBoolean":false,"groupingId":"-term-valueset"},{"extension":[{"url":"http://hl7.org/fhir/tools/StructureDefinition/resource-sort","valueInteger":999999999},{"url":"http://hl7.org/fhir/StructureDefinition/implementationguide-page","valueUri":"ValueSet-WHO5AnswerCodesInterest.html"}],"reference":{"reference":"ValueSet/WHO5AnswerCodesInterest"},"name":"WHO5AnswerCodesInterest","description":"Codes used to specify WHO-5 answers to the fifth question about being interested","exampleBoolean":false,"groupingId":"-term-valueset"},{"extension":[{"url":"http://hl7.org/fhir/tools/StructureDefinition/resource-sort","valueInteger":999999999},{"url":"http://hl7.org/fhir/StructureDefinition/implementationguide-page","valueUri":"ValueSet-WHO5AnswerCodesRested.html"}],"reference":{"reference":"ValueSet/WHO5AnswerCodesRested"},"name":"WHO5AnswerCodesRested","description":"Codes used to specify WHO-5 answers to the fourth question about being rested","exampleBoolean":false,"groupingId":"-term-valueset"},{"extension":[{"url":"http://hl7.org/fhir/tools/StructureDefinition/resource-sort","valueInteger":999999999},{"url":"http://hl7.org/fhir/StructureDefinition/implementationguide-page","valueUri":"ValueSet-WHO5SCTfindingsActive3.html"}],"reference":{"reference":"ValueSet/WHO5SCTfindingsActive3"},"name":"WHO5SCTfindingsActive3","description":"SNOMED CT findings when conducting WHO-5 questionaires, question 3","exampleBoolean":false,"groupingId":"-term-valueset"},{"extension":[{"url":"http://hl7.org/fhir/tools/StructureDefinition/resource-sort","valueInteger":999999999},{"url":"http://hl7.org/fhir/StructureDefinition/implementationguide-page","valueUri":"ValueSet-WHO5SCTfindingsCalm2.html"}],"reference":{"reference":"ValueSet/WHO5SCTfindingsCalm2"},"name":"WHO5SCTfindingsCalm2","description":"SNOMED CT findings when conducting WHO-5 questionaires, question 2","exampleBoolean":false,"groupingId":"-term-valueset"},{"extension":[{"url":"http://hl7.org/fhir/tools/StructureDefinition/resource-sort","valueInteger":999999999},{"url":"http://hl7.org/fhir/StructureDefinition/implementationguide-page","valueUri":"ValueSet-WHO5SCTfindingsHappy1.html"}],"reference":{"reference":"ValueSet/WHO5SCTfindingsHappy1"},"name":"WHO5SCTfindingsHappy1","description":"SNOMED CT findings when conducting WHO-5 questionaires, question 1","exampleBoolean":false,"groupingId":"-term-valueset"},{"extension":[{"url":"http://hl7.org/fhir/tools/StructureDefinition/resource-sort","valueInteger":999999999},{"url":"http://hl7.org/fhir/StructureDefinition/implementationguide-page","valueUri":"ValueSet-WHO5SCTfindingsInterest5.html"}],"reference":{"reference":"ValueSet/WHO5SCTfindingsInterest5"},"name":"WHO5SCTfindingsInterest5","description":"SNOMED CT findings when conducting WHO-5 questionaires, question 5","exampleBoolean":false,"groupingId":"-term-valueset"},{"extension":[{"url":"http://hl7.org/fhir/tools/StructureDefinition/resource-sort","valueInteger":999999999},{"url":"http://hl7.org/fhir/StructureDefinition/implementationguide-page","valueUri":"ValueSet-WHO5SCTfindingsRested4.html"}],"reference":{"reference":"ValueSet/WHO5SCTfindingsRested4"},"name":"WHO5SCTfindingsRested4","description":"SNOMED CT findings when conducting WHO-5 questionaires, question 4","exampleBoolean":false,"groupingId":"-term-valueset"},{"extension":[{"url":"http://hl7.org/fhir/tools/StructureDefinition/resource-sort","valueInteger":999999999},{"url":"http://hl7.org/fhir/StructureDefinition/implementationguide-page","valueUri":"CodeSystem-KLToolsCodes.html"}],"reference":{"reference":"CodeSystem/KLToolsCodes"},"name":"KLToolsCodes","description":"Codes associated with KLTools, which is not part of KLCommonCareSocial, or international terminologies","exampleBoolean":false,"groupingId":"-term-codesystem"},{"extension":[{"url":"http://hl7.org/fhir/tools/StructureDefinition/resource-sort","valueInteger":999999999},{"url":"http://hl7.org/fhir/StructureDefinition/implementationguide-page","valueUri":"Practitioner-AbrahamFraAkutSygeplejen.html"}],"reference":{"reference":"Practitioner/AbrahamFraAkutSygeplejen"},"name":"AbrahamFraAkutSygeplejen","description":"Eksempel på medarbejderen Abraham fra akutsygeplejen","exampleBoolean":true,"groupingId":"-ex-example"},{"extension":[{"url":"http://hl7.org/fhir/tools/StructureDefinition/resource-sort","valueInteger":999999999},{"url":"http://hl7.org/fhir/StructureDefinition/implementationguide-page","valueUri":"Questionnaire-KLToolsCareEQ5D.html"}],"reference":{"reference":"Questionnaire/KLToolsCareEQ5D"},"name":"EQ-5D questionnaire","description":"Ikke-sygdomsspecifikt spørgeskema til at vurdere helbredsrelateret livskvalitet. Tidsrammen for borgers vurdering er borgers aktuelle tilstand (i dag).","exampleCanonical":"http://fhir.kl.dk/ffinst/StructureDefinition/KLToolsQuestionnaire","groupingId":"-ex-example"},{"extension":[{"url":"http://hl7.org/fhir/tools/StructureDefinition/resource-sort","valueInteger":999999999},{"url":"http://hl7.org/fhir/StructureDefinition/implementationguide-page","valueUri":"QuestionnaireResponse-EQ5DAnswerHelene.html"}],"reference":{"reference":"QuestionnaireResponse/EQ5DAnswerHelene"},"name":"EQ5DAnswersHelene","description":"EQ5D BesvarelseHelene","exampleCanonical":"http://fhir.kl.dk/ffinst/StructureDefinition/KLToolsQuestionnaireResponse","groupingId":"-ex-example"},{"extension":[{"url":"http://hl7.org/fhir/tools/StructureDefinition/resource-sort","valueInteger":999999999},{"url":"http://hl7.org/fhir/StructureDefinition/implementationguide-page","valueUri":"Patient-Helene.html"}],"reference":{"reference":"Patient/Helene"},"name":"Helene","description":"Borgeren Helene","exampleBoolean":true,"groupingId":"-ex-example"},{"extension":[{"url":"http://hl7.org/fhir/tools/StructureDefinition/resource-sort","valueInteger":999999999},{"url":"http://hl7.org/fhir/StructureDefinition/implementationguide-page","valueUri":"Observation-Helene6minwalk.html"}],"reference":{"reference":"Observation/Helene6minwalk"},"name":"Helene6minwalk","description":"Helenes 6minutters gangtest","exampleCanonical":"http://fhir.kl.dk/ffinst/StructureDefinition/KLToolsCare6minwalk","groupingId":"-ex-example"},{"extension":[{"url":"http://hl7.org/fhir/tools/StructureDefinition/resource-sort","valueInteger":999999999},{"url":"http://hl7.org/fhir/StructureDefinition/implementationguide-page","valueUri":"Observation-HeleneConsciousness.html"}],"reference":{"reference":"Observation/HeleneConsciousness"},"name":"HeleneBevidsthed","description":"Helene bevidsthedsniveau","exampleCanonical":"http://fhir.kl.dk/ffinst/StructureDefinition/KLToolsCareConsciousness","groupingId":"-ex-example"},{"extension":[{"url":"http://hl7.org/fhir/tools/StructureDefinition/resource-sort","valueInteger":999999999},{"url":"http://hl7.org/fhir/StructureDefinition/implementationguide-page","valueUri":"Observation-HeleneBloodPressure.html"}],"reference":{"reference":"Observation/HeleneBloodPressure"},"name":"HeleneBloodPressure","description":"Helenes blodtryk","exampleCanonical":"http://fhir.kl.dk/ffinst/StructureDefinition/KLToolsCareBloodPressure","groupingId":"-ex-example"},{"extension":[{"url":"http://hl7.org/fhir/tools/StructureDefinition/resource-sort","valueInteger":999999999},{"url":"http://hl7.org/fhir/StructureDefinition/implementationguide-page","valueUri":"Observation-HeleneBodyHeight.html"}],"reference":{"reference":"Observation/HeleneBodyHeight"},"name":"HeleneBodyHeight","description":"Helenes kropshøjde","exampleCanonical":"http://fhir.kl.dk/ffinst/StructureDefinition/KLToolsCareBodyHeight","groupingId":"-ex-example"},{"extension":[{"url":"http://hl7.org/fhir/tools/StructureDefinition/resource-sort","valueInteger":999999999},{"url":"http://hl7.org/fhir/StructureDefinition/implementationguide-page","valueUri":"Observation-HeleneBodyTemperature.html"}],"reference":{"reference":"Observation/HeleneBodyTemperature"},"name":"HeleneBodyTemperature","description":"Helenes temperatur","exampleCanonical":"http://fhir.kl.dk/ffinst/StructureDefinition/KLToolsCareBodyTemperature","groupingId":"-ex-example"},{"extension":[{"url":"http://hl7.org/fhir/tools/StructureDefinition/resource-sort","valueInteger":999999999},{"url":"http://hl7.org/fhir/StructureDefinition/implementationguide-page","valueUri":"Observation-HeleneBodyWeight.html"}],"reference":{"reference":"Observation/HeleneBodyWeight"},"name":"HeleneBodyWeight","description":"Helenes vægt","exampleCanonical":"http://fhir.kl.dk/ffinst/StructureDefinition/KLToolsCareBodyWeight","groupingId":"-ex-example"},{"extension":[{"url":"http://hl7.org/fhir/tools/StructureDefinition/resource-sort","valueInteger":999999999},{"url":"http://hl7.org/fhir/StructureDefinition/implementationguide-page","valueUri":"Observation-HeleneEQ5Dmobility.html"}],"reference":{"reference":"Observation/HeleneEQ5Dmobility"},"name":"HeleneEQ5D-mobilitet","description":"Observation af Helenes mobilitet, som udtrykt i EQ5D spørgeskema","exampleCanonical":"http://fhir.kl.dk/ffinst/StructureDefinition/KLToolsCareEQ5DObservationMobility","groupingId":"-ex-example"},{"extension":[{"url":"http://hl7.org/fhir/tools/StructureDefinition/resource-sort","valueInteger":999999999},{"url":"http://hl7.org/fhir/StructureDefinition/implementationguide-page","valueUri":"Observation-HeleneHeartRate.html"}],"reference":{"reference":"Observation/HeleneHeartRate"},"name":"HeleneHeartRate","description":"Helenes puls","exampleCanonical":"http://fhir.kl.dk/ffinst/StructureDefinition/KLToolsCareHeartRate","groupingId":"-ex-example"},{"extension":[{"url":"http://hl7.org/fhir/tools/StructureDefinition/resource-sort","valueInteger":999999999},{"url":"http://hl7.org/fhir/StructureDefinition/implementationguide-page","valueUri":"Observation-HeleneOxygenSaturation.html"}],"reference":{"reference":"Observation/HeleneOxygenSaturation"},"name":"HeleneOxygenSaturation","description":"Helenes oxygenmætning","exampleCanonical":"http://fhir.kl.dk/ffinst/StructureDefinition/KLToolsCareOxygenSaturation","groupingId":"-ex-example"},{"extension":[{"url":"http://hl7.org/fhir/tools/StructureDefinition/resource-sort","valueInteger":999999999},{"url":"http://hl7.org/fhir/StructureDefinition/implementationguide-page","valueUri":"Observation-HelenePainVAS.html"}],"reference":{"reference":"Observation/HelenePainVAS"},"name":"HelenePainVAS","description":"Helenes smerte målt med VAS","exampleCanonical":"http://fhir.kl.dk/ffinst/StructureDefinition/KLToolsCarePainVAS","groupingId":"-ex-example"},{"extension":[{"url":"http://hl7.org/fhir/tools/StructureDefinition/resource-sort","valueInteger":999999999},{"url":"http://hl7.org/fhir/StructureDefinition/implementationguide-page","valueUri":"Observation-HelenePainVRS.html"}],"reference":{"reference":"Observation/HelenePainVRS"},"name":"HelenePainVRS","description":"Helenes smerte målt med VRS","exampleCanonical":"http://fhir.kl.dk/ffinst/StructureDefinition/KLToolsCarePainVRS","groupingId":"-ex-example"},{"extension":[{"url":"http://hl7.org/fhir/tools/StructureDefinition/resource-sort","valueInteger":999999999},{"url":"http://hl7.org/fhir/StructureDefinition/implementationguide-page","valueUri":"Observation-HeleneRSS.html"}],"reference":{"reference":"Observation/HeleneRSS"},"name":"HeleneRSS","description":"Helenes rejse-sætte-sig test","exampleCanonical":"http://fhir.kl.dk/ffinst/StructureDefinition/KLToolsCareRSS","groupingId":"-ex-example"},{"extension":[{"url":"http://hl7.org/fhir/tools/StructureDefinition/resource-sort","valueInteger":999999999},{"url":"http://hl7.org/fhir/StructureDefinition/implementationguide-page","valueUri":"Observation-HeleneRespirationRate.html"}],"reference":{"reference":"Observation/HeleneRespirationRate"},"name":"HeleneRespirationRate","description":"Helenes respirationsfrekvens","exampleCanonical":"http://fhir.kl.dk/ffinst/StructureDefinition/KLToolsCareRespirationRate","groupingId":"-ex-example"},{"extension":[{"url":"http://hl7.org/fhir/tools/StructureDefinition/resource-sort","valueInteger":999999999},{"url":"http://hl7.org/fhir/StructureDefinition/implementationguide-page","valueUri":"Observation-HeleneUrinStix.html"}],"reference":{"reference":"Observation/HeleneUrinStix"},"name":"HeleneUrinStix leukocytter","description":"Helenes urinstix","exampleCanonical":"http://fhir.kl.dk/ffinst/StructureDefinition/KLToolsCareUrinStix","groupingId":"-ex-example"},{"extension":[{"url":"http://hl7.org/fhir/tools/StructureDefinition/resource-sort","valueInteger":999999999},{"url":"http://hl7.org/fhir/StructureDefinition/implementationguide-page","valueUri":"Patient-Mark.html"}],"reference":{"reference":"Patient/Mark"},"name":"Mark","description":"Borgeren Mark","exampleBoolean":true,"groupingId":"-ex-example"},{"extension":[{"url":"http://hl7.org/fhir/tools/StructureDefinition/resource-sort","valueInteger":999999999},{"url":"http://hl7.org/fhir/StructureDefinition/implementationguide-page","valueUri":"Observation-MarksWHO5-2.html"}],"reference":{"reference":"Observation/MarksWHO5-2"},"name":"MarksWHO5-2","description":"Observation af Marks humør, som udtrykt i WHO5 spørgeskema","exampleCanonical":"http://fhir.kl.dk/ffinst/StructureDefinition/KLToolsWHO5ObservationCalm2","groupingId":"-ex-example"},{"extension":[{"url":"http://hl7.org/fhir/tools/StructureDefinition/resource-sort","valueInteger":999999999},{"url":"http://hl7.org/fhir/StructureDefinition/implementationguide-page","valueUri":"Questionnaire-KLToolsCareWHO5.html"}],"reference":{"reference":"Questionnaire/KLToolsCareWHO5"},"name":"WHO-5 questionnaire","description":"Instrument til at måle graden af positive oplevelser, og som kan anvendes som et mål for personers generelle trivsel eller velbefindende. Tidsrammen er de seneste to uger.","exampleCanonical":"http://fhir.kl.dk/ffinst/StructureDefinition/KLToolsQuestionnaire","groupingId":"-ex-example"},{"extension":[{"url":"http://hl7.org/fhir/tools/StructureDefinition/resource-sort","valueInteger":999999999},{"url":"http://hl7.org/fhir/StructureDefinition/implementationguide-page","valueUri":"QuestionnaireResponse-WHO-5AnswerMark.html"}],"reference":{"reference":"QuestionnaireResponse/WHO-5AnswerMark"},"name":"WHO-5AnswersMark","description":"WHO-5 besvarelse Mark","exampleCanonical":"http://fhir.kl.dk/ffinst/StructureDefinition/KLToolsQuestionnaireResponse","groupingId":"-ex-example"}],"page":{"extension":[{"url":"http://hl7.org/fhir/tools/StructureDefinition/ig-page-name","valueUrl":"toc.html"}],"nameUrl":"toc.html","title":"Table of Contents","generation":"html","page":[{"extension":[{"url":"http://hl7.org/fhir/tools/StructureDefinition/ig-page-name","valueUrl":"index.html"}],"nameUrl":"index.html","title":"Home","generation":"markdown"},{"extension":[{"url":"http://hl7.org/fhir/tools/StructureDefinition/ig-page-name","valueUrl":"artifacts.html"}],"nameUrl":"artifacts.html","title":"Artifacts Summary","generation":"html","page":[{"extension":[{"url":"http://hl7.org/fhir/tools/StructureDefinition/ig-page-name","valueUrl":"StructureDefinition-KLToolsCare6minwalk.html"}],"nameUrl":"StructureDefinition-KLToolsCare6minwalk.html","title":"6 min walk","generation":"generated"},{"extension":[{"url":"http://hl7.org/fhir/tools/StructureDefinition/ig-page-name","valueUrl":"StructureDefinition-KLToolsCareBloodPressure.html"}],"nameUrl":"StructureDefinition-KLToolsCareBloodPressure.html","title":"Blood pressure","generation":"generated"},{"extension":[{"url":"http://hl7.org/fhir/tools/StructureDefinition/ig-page-name","valueUrl":"StructureDefinition-KLToolsCareBodyHeight.html"}],"nameUrl":"StructureDefinition-KLToolsCareBodyHeight.html","title":"Body height","generation":"generated"},{"extension":[{"url":"http://hl7.org/fhir/tools/StructureDefinition/ig-page-name","valueUrl":"StructureDefinition-KLToolsCareBodyTemperature.html"}],"nameUrl":"StructureDefinition-KLToolsCareBodyTemperature.html","title":"Body temperature","generation":"generated"},{"extension":[{"url":"http://hl7.org/fhir/tools/StructureDefinition/ig-page-name","valueUrl":"StructureDefinition-KLToolsCareBodyWeight.html"}],"nameUrl":"StructureDefinition-KLToolsCareBodyWeight.html","title":"Body weight","generation":"generated"},{"extension":[{"url":"http://hl7.org/fhir/tools/StructureDefinition/ig-page-name","valueUrl":"StructureDefinition-KLToolsCareRSS.html"}],"nameUrl":"StructureDefinition-KLToolsCareRSS.html","title":"Chair stand test (RSS)","generation":"generated"},{"extension":[{"url":"http://hl7.org/fhir/tools/StructureDefinition/ig-page-name","valueUrl":"StructureDefinition-KLToolsCareConsciousness.html"}],"nameUrl":"StructureDefinition-KLToolsCareConsciousness.html","title":"Consciousness assessment","generation":"generated"},{"extension":[{"url":"http://hl7.org/fhir/tools/StructureDefinition/ig-page-name","valueUrl":"StructureDefinition-KLToolsCareEQ5DObservationActivity.html"}],"nameUrl":"StructureDefinition-KLToolsCareEQ5DObservationActivity.html","title":"EQ-5D activity","generation":"generated"},{"extension":[{"url":"http://hl7.org/fhir/tools/StructureDefinition/ig-page-name","valueUrl":"StructureDefinition-KLToolsCareEQ5DObservationAnxiety.html"}],"nameUrl":"StructureDefinition-KLToolsCareEQ5DObservationAnxiety.html","title":"EQ-5D anxiety","generation":"generated"},{"extension":[{"url":"http://hl7.org/fhir/tools/StructureDefinition/ig-page-name","valueUrl":"StructureDefinition-KLToolsCareEQ5DObservationHygiene.html"}],"nameUrl":"StructureDefinition-KLToolsCareEQ5DObservationHygiene.html","title":"EQ-5D hygiene","generation":"generated"},{"extension":[{"url":"http://hl7.org/fhir/tools/StructureDefinition/ig-page-name","valueUrl":"StructureDefinition-KLToolsCareEQ5DObservationMobility.html"}],"nameUrl":"StructureDefinition-KLToolsCareEQ5DObservationMobility.html","title":"EQ-5D mobility","generation":"generated"},{"extension":[{"url":"http://hl7.org/fhir/tools/StructureDefinition/ig-page-name","valueUrl":"StructureDefinition-KLToolsCareEQ5DObservationPain.html"}],"nameUrl":"StructureDefinition-KLToolsCareEQ5DObservationPain.html","title":"EQ-5D pain","generation":"generated"},{"extension":[{"url":"http://hl7.org/fhir/tools/StructureDefinition/ig-page-name","valueUrl":"StructureDefinition-KLToolsQuestionnaire.html"}],"nameUrl":"StructureDefinition-KLToolsQuestionnaire.html","title":"General questionnaire","generation":"generated"},{"extension":[{"url":"http://hl7.org/fhir/tools/StructureDefinition/ig-page-name","valueUrl":"StructureDefinition-KLToolsCareHeartRate.html"}],"nameUrl":"StructureDefinition-KLToolsCareHeartRate.html","title":"Heart Rate","generation":"generated"},{"extension":[{"url":"http://hl7.org/fhir/tools/StructureDefinition/ig-page-name","valueUrl":"StructureDefinition-KLToolsCareOxygenSaturation.html"}],"nameUrl":"StructureDefinition-KLToolsCareOxygenSaturation.html","title":"Oxygen saturation","generation":"generated"},{"extension":[{"url":"http://hl7.org/fhir/tools/StructureDefinition/ig-page-name","valueUrl":"StructureDefinition-KLToolsCarePainVRS.html"}],"nameUrl":"StructureDefinition-KLToolsCarePainVRS.html","title":"Pain VRS","generation":"generated"},{"extension":[{"url":"http://hl7.org/fhir/tools/StructureDefinition/ig-page-name","valueUrl":"StructureDefinition-KLToolsCarePainVAS.html"}],"nameUrl":"StructureDefinition-KLToolsCarePainVAS.html","title":"PainVAS","generation":"generated"},{"extension":[{"url":"http://hl7.org/fhir/tools/StructureDefinition/ig-page-name","valueUrl":"StructureDefinition-KLToolsQuestionnaireResponse.html"}],"nameUrl":"StructureDefinition-KLToolsQuestionnaireResponse.html","title":"Questionnaire response","generation":"generated"},{"extension":[{"url":"http://hl7.org/fhir/tools/StructureDefinition/ig-page-name","valueUrl":"StructureDefinition-KLToolsCareRespirationRate.html"}],"nameUrl":"StructureDefinition-KLToolsCareRespirationRate.html","title":"Respiration rate","generation":"generated"},{"extension":[{"url":"http://hl7.org/fhir/tools/StructureDefinition/ig-page-name","valueUrl":"StructureDefinition-KLToolsCareUrinStix.html"}],"nameUrl":"StructureDefinition-KLToolsCareUrinStix.html","title":"Urin Stix","generation":"generated"},{"extension":[{"url":"http://hl7.org/fhir/tools/StructureDefinition/ig-page-name","valueUrl":"StructureDefinition-KLToolsWHO5ObservationActive3.html"}],"nameUrl":"StructureDefinition-KLToolsWHO5ObservationActive3.html","title":"WHO-5 active (3)","generation":"generated"},{"extension":[{"url":"http://hl7.org/fhir/tools/StructureDefinition/ig-page-name","valueUrl":"StructureDefinition-KLToolsWHO5ObservationCalm2.html"}],"nameUrl":"StructureDefinition-KLToolsWHO5ObservationCalm2.html","title":"WHO-5 calm (2)","generation":"generated"},{"extension":[{"url":"http://hl7.org/fhir/tools/StructureDefinition/ig-page-name","valueUrl":"StructureDefinition-KLToolsWHO5ObservationHappy1.html"}],"nameUrl":"StructureDefinition-KLToolsWHO5ObservationHappy1.html","title":"WHO-5 happy (1)","generation":"generated"},{"extension":[{"url":"http://hl7.org/fhir/tools/StructureDefinition/ig-page-name","valueUrl":"StructureDefinition-KLToolsWHO5ObservationInterest5.html"}],"nameUrl":"StructureDefinition-KLToolsWHO5ObservationInterest5.html","title":"WHO-5 Interest (5)","generation":"generated"},{"extension":[{"url":"http://hl7.org/fhir/tools/StructureDefinition/ig-page-name","valueUrl":"StructureDefinition-KLToolsWHO5ObservationRested4.html"}],"nameUrl":"StructureDefinition-KLToolsWHO5ObservationRested4.html","title":"WHO-5 rested (4)","generation":"generated"},{"extension":[{"url":"http://hl7.org/fhir/tools/StructureDefinition/ig-page-name","valueUrl":"StructureDefinition-AssociatedConditions.html"}],"nameUrl":"StructureDefinition-AssociatedConditions.html","title":"AssociatedConditions","generation":"generated"},{"extension":[{"url":"http://hl7.org/fhir/tools/StructureDefinition/ig-page-name","valueUrl":"StructureDefinition-FindingInformer.html"}],"nameUrl":"StructureDefinition-FindingInformer.html","title":"FindingInformer","generation":"generated"},{"extension":[{"url":"http://hl7.org/fhir/tools/StructureDefinition/ig-page-name","valueUrl":"StructureDefinition-Technique.html"}],"nameUrl":"StructureDefinition-Technique.html","title":"Technique","generation":"generated"},{"extension":[{"url":"http://hl7.org/fhir/tools/StructureDefinition/ig-page-name","valueUrl":"ValueSet-BodyheightSCTobservables.html"}],"nameUrl":"ValueSet-BodyheightSCTobservables.html","title":"BodyheightSCTobservables","generation":"generated"},{"extension":[{"url":"http://hl7.org/fhir/tools/StructureDefinition/ig-page-name","valueUrl":"ValueSet-BodyweightSCTobservables.html"}],"nameUrl":"ValueSet-BodyweightSCTobservables.html","title":"BodyweightSCTobservables","generation":"generated"},{"extension":[{"url":"http://hl7.org/fhir/tools/StructureDefinition/ig-page-name","valueUrl":"ValueSet-ConsciousnessCodes.html"}],"nameUrl":"ValueSet-ConsciousnessCodes.html","title":"ConsciousnessCodes","generation":"generated"},{"extension":[{"url":"http://hl7.org/fhir/tools/StructureDefinition/ig-page-name","valueUrl":"ValueSet-ConsciousnessSCTFindings.html"}],"nameUrl":"ValueSet-ConsciousnessSCTFindings.html","title":"ConsciousnessSCTFindings","generation":"generated"},{"extension":[{"url":"http://hl7.org/fhir/tools/StructureDefinition/ig-page-name","valueUrl":"ValueSet-DiastolicBloodPressureSCTObservables.html"}],"nameUrl":"ValueSet-DiastolicBloodPressureSCTObservables.html","title":"DiastolicBloodPressureSCTObservables","generation":"generated"},{"extension":[{"url":"http://hl7.org/fhir/tools/StructureDefinition/ig-page-name","valueUrl":"ValueSet-EQ5Dactivity.html"}],"nameUrl":"ValueSet-EQ5Dactivity.html","title":"EQ5Dactivity","generation":"generated"},{"extension":[{"url":"http://hl7.org/fhir/tools/StructureDefinition/ig-page-name","valueUrl":"ValueSet-EQ5Danxiety.html"}],"nameUrl":"ValueSet-EQ5Danxiety.html","title":"EQ5Danxiety","generation":"generated"},{"extension":[{"url":"http://hl7.org/fhir/tools/StructureDefinition/ig-page-name","valueUrl":"ValueSet-EQ5Dhygiene.html"}],"nameUrl":"ValueSet-EQ5Dhygiene.html","title":"EQ5Dhygiene","generation":"generated"},{"extension":[{"url":"http://hl7.org/fhir/tools/StructureDefinition/ig-page-name","valueUrl":"ValueSet-EQ5Dmobility.html"}],"nameUrl":"ValueSet-EQ5Dmobility.html","title":"EQ5Dmobility","generation":"generated"},{"extension":[{"url":"http://hl7.org/fhir/tools/StructureDefinition/ig-page-name","valueUrl":"ValueSet-EQ5Dpain.html"}],"nameUrl":"ValueSet-EQ5Dpain.html","title":"EQ5Dpain","generation":"generated"},{"extension":[{"url":"http://hl7.org/fhir/tools/StructureDefinition/ig-page-name","valueUrl":"ValueSet-EQ5DSCTfindingsActivity.html"}],"nameUrl":"ValueSet-EQ5DSCTfindingsActivity.html","title":"EQ5DSCTfindingsActivity","generation":"generated"},{"extension":[{"url":"http://hl7.org/fhir/tools/StructureDefinition/ig-page-name","valueUrl":"ValueSet-EQ5DSCTfindingsAnxiety.html"}],"nameUrl":"ValueSet-EQ5DSCTfindingsAnxiety.html","title":"EQ5DSCTfindingsAnxiety","generation":"generated"},{"extension":[{"url":"http://hl7.org/fhir/tools/StructureDefinition/ig-page-name","valueUrl":"ValueSet-EQ5DSCTfindingsHygiene.html"}],"nameUrl":"ValueSet-EQ5DSCTfindingsHygiene.html","title":"EQ5DSCTfindingsHygiene","generation":"generated"},{"extension":[{"url":"http://hl7.org/fhir/tools/StructureDefinition/ig-page-name","valueUrl":"ValueSet-EQ5DSCTfindingsMobility.html"}],"nameUrl":"ValueSet-EQ5DSCTfindingsMobility.html","title":"EQ5DSCTfindingsMobility","generation":"generated"},{"extension":[{"url":"http://hl7.org/fhir/tools/StructureDefinition/ig-page-name","valueUrl":"ValueSet-EQ5DSCTfindingsPain.html"}],"nameUrl":"ValueSet-EQ5DSCTfindingsPain.html","title":"EQ5DSCTfindingsPain","generation":"generated"},{"extension":[{"url":"http://hl7.org/fhir/tools/StructureDefinition/ig-page-name","valueUrl":"ValueSet-FindingInformerCodes.html"}],"nameUrl":"ValueSet-FindingInformerCodes.html","title":"FindingInformerCodes","generation":"generated"},{"extension":[{"url":"http://hl7.org/fhir/tools/StructureDefinition/ig-page-name","valueUrl":"ValueSet-HeartRateSCTobservables.html"}],"nameUrl":"ValueSet-HeartRateSCTobservables.html","title":"HeartRateSCTobservables","generation":"generated"},{"extension":[{"url":"http://hl7.org/fhir/tools/StructureDefinition/ig-page-name","valueUrl":"ValueSet-KLtechniquesCodes.html"}],"nameUrl":"ValueSet-KLtechniquesCodes.html","title":"KLtechniquesCodes","generation":"generated"},{"extension":[{"url":"http://hl7.org/fhir/tools/StructureDefinition/ig-page-name","valueUrl":"ValueSet-NPUUrinStix.html"}],"nameUrl":"ValueSet-NPUUrinStix.html","title":"NPUUrinStix","generation":"generated"},{"extension":[{"url":"http://hl7.org/fhir/tools/StructureDefinition/ig-page-name","valueUrl":"ValueSet-OxygenSaturationSCTobservables.html"}],"nameUrl":"ValueSet-OxygenSaturationSCTobservables.html","title":"OxygenSaturationSCTobservables","generation":"generated"},{"extension":[{"url":"http://hl7.org/fhir/tools/StructureDefinition/ig-page-name","valueUrl":"ValueSet-RespirationRateSCTObservables.html"}],"nameUrl":"ValueSet-RespirationRateSCTObservables.html","title":"RespirationRateSCTObservables","generation":"generated"},{"extension":[{"url":"http://hl7.org/fhir/tools/StructureDefinition/ig-page-name","valueUrl":"ValueSet-SCTUrinStix.html"}],"nameUrl":"ValueSet-SCTUrinStix.html","title":"SCTUrinStix","generation":"generated"},{"extension":[{"url":"http://hl7.org/fhir/tools/StructureDefinition/ig-page-name","valueUrl":"ValueSet-SystolicBloodPressureSCTObservables.html"}],"nameUrl":"ValueSet-SystolicBloodPressureSCTObservables.html","title":"SystolicBloodPressureSCTObservables","generation":"generated"},{"extension":[{"url":"http://hl7.org/fhir/tools/StructureDefinition/ig-page-name","valueUrl":"ValueSet-TechniqesSCTCodes.html"}],"nameUrl":"ValueSet-TechniqesSCTCodes.html","title":"TechniqesSCTCodes","generation":"generated"},{"extension":[{"url":"http://hl7.org/fhir/tools/StructureDefinition/ig-page-name","valueUrl":"ValueSet-BodyTemperatureSCTObservables.html"}],"nameUrl":"ValueSet-BodyTemperatureSCTObservables.html","title":"TemperatureSCTObservables","generation":"generated"},{"extension":[{"url":"http://hl7.org/fhir/tools/StructureDefinition/ig-page-name","valueUrl":"ValueSet-VRSpain.html"}],"nameUrl":"ValueSet-VRSpain.html","title":"VRSpain","generation":"generated"},{"extension":[{"url":"http://hl7.org/fhir/tools/StructureDefinition/ig-page-name","valueUrl":"ValueSet-VRSSCTfindingsPain.html"}],"nameUrl":"ValueSet-VRSSCTfindingsPain.html","title":"VRSSCTfindingsPain","generation":"generated"},{"extension":[{"url":"http://hl7.org/fhir/tools/StructureDefinition/ig-page-name","valueUrl":"ValueSet-WHO5AnswerCodesActive.html"}],"nameUrl":"ValueSet-WHO5AnswerCodesActive.html","title":"WHO5AnswerCodesActive","generation":"generated"},{"extension":[{"url":"http://hl7.org/fhir/tools/StructureDefinition/ig-page-name","valueUrl":"ValueSet-WHO5AnswerCodesCalm.html"}],"nameUrl":"ValueSet-WHO5AnswerCodesCalm.html","title":"WHO5AnswerCodesCalm","generation":"generated"},{"extension":[{"url":"http://hl7.org/fhir/tools/StructureDefinition/ig-page-name","valueUrl":"ValueSet-WHO5AnswerCodesHappy.html"}],"nameUrl":"ValueSet-WHO5AnswerCodesHappy.html","title":"WHO5AnswerCodesHappy","generation":"generated"},{"extension":[{"url":"http://hl7.org/fhir/tools/StructureDefinition/ig-page-name","valueUrl":"ValueSet-WHO5AnswerCodesInterest.html"}],"nameUrl":"ValueSet-WHO5AnswerCodesInterest.html","title":"WHO5AnswerCodesInterest","generation":"generated"},{"extension":[{"url":"http://hl7.org/fhir/tools/StructureDefinition/ig-page-name","valueUrl":"ValueSet-WHO5AnswerCodesRested.html"}],"nameUrl":"ValueSet-WHO5AnswerCodesRested.html","title":"WHO5AnswerCodesRested","generation":"generated"},{"extension":[{"url":"http://hl7.org/fhir/tools/StructureDefinition/ig-page-name","valueUrl":"ValueSet-WHO5SCTfindingsActive3.html"}],"nameUrl":"ValueSet-WHO5SCTfindingsActive3.html","title":"WHO5SCTfindingsActive3","generation":"generated"},{"extension":[{"url":"http://hl7.org/fhir/tools/StructureDefinition/ig-page-name","valueUrl":"ValueSet-WHO5SCTfindingsCalm2.html"}],"nameUrl":"ValueSet-WHO5SCTfindingsCalm2.html","title":"WHO5SCTfindingsCalm2","generation":"generated"},{"extension":[{"url":"http://hl7.org/fhir/tools/StructureDefinition/ig-page-name","valueUrl":"ValueSet-WHO5SCTfindingsHappy1.html"}],"nameUrl":"ValueSet-WHO5SCTfindingsHappy1.html","title":"WHO5SCTfindingsHappy1","generation":"generated"},{"extension":[{"url":"http://hl7.org/fhir/tools/StructureDefinition/ig-page-name","valueUrl":"ValueSet-WHO5SCTfindingsInterest5.html"}],"nameUrl":"ValueSet-WHO5SCTfindingsInterest5.html","title":"WHO5SCTfindingsInterest5","generation":"generated"},{"extension":[{"url":"http://hl7.org/fhir/tools/StructureDefinition/ig-page-name","valueUrl":"ValueSet-WHO5SCTfindingsRested4.html"}],"nameUrl":"ValueSet-WHO5SCTfindingsRested4.html","title":"WHO5SCTfindingsRested4","generation":"generated"},{"extension":[{"url":"http://hl7.org/fhir/tools/StructureDefinition/ig-page-name","valueUrl":"CodeSystem-KLToolsCodes.html"}],"nameUrl":"CodeSystem-KLToolsCodes.html","title":"KLToolsCodes","generation":"generated"},{"extension":[{"url":"http://hl7.org/fhir/tools/StructureDefinition/ig-page-name","valueUrl":"Practitioner-AbrahamFraAkutSygeplejen.html"}],"nameUrl":"Practitioner-AbrahamFraAkutSygeplejen.html","title":"AbrahamFraAkutSygeplejen","generation":"generated"},{"extension":[{"url":"http://hl7.org/fhir/tools/StructureDefinition/ig-page-name","valueUrl":"Questionnaire-KLToolsCareEQ5D.html"}],"nameUrl":"Questionnaire-KLToolsCareEQ5D.html","title":"EQ-5D questionnaire","generation":"generated"},{"extension":[{"url":"http://hl7.org/fhir/tools/StructureDefinition/ig-page-name","valueUrl":"QuestionnaireResponse-EQ5DAnswerHelene.html"}],"nameUrl":"QuestionnaireResponse-EQ5DAnswerHelene.html","title":"EQ5DAnswersHelene","generation":"generated"},{"extension":[{"url":"http://hl7.org/fhir/tools/StructureDefinition/ig-page-name","valueUrl":"Patient-Helene.html"}],"nameUrl":"Patient-Helene.html","title":"Helene","generation":"generated"},{"extension":[{"url":"http://hl7.org/fhir/tools/StructureDefinition/ig-page-name","valueUrl":"Observation-Helene6minwalk.html"}],"nameUrl":"Observation-Helene6minwalk.html","title":"Helene6minwalk","generation":"generated"},{"extension":[{"url":"http://hl7.org/fhir/tools/StructureDefinition/ig-page-name","valueUrl":"Observation-HeleneConsciousness.html"}],"nameUrl":"Observation-HeleneConsciousness.html","title":"HeleneBevidsthed","generation":"generated"},{"extension":[{"url":"http://hl7.org/fhir/tools/StructureDefinition/ig-page-name","valueUrl":"Observation-HeleneBloodPressure.html"}],"nameUrl":"Observation-HeleneBloodPressure.html","title":"HeleneBloodPressure","generation":"generated"},{"extension":[{"url":"http://hl7.org/fhir/tools/StructureDefinition/ig-page-name","valueUrl":"Observation-HeleneBodyHeight.html"}],"nameUrl":"Observation-HeleneBodyHeight.html","title":"HeleneBodyHeight","generation":"generated"},{"extension":[{"url":"http://hl7.org/fhir/tools/StructureDefinition/ig-page-name","valueUrl":"Observation-HeleneBodyTemperature.html"}],"nameUrl":"Observation-HeleneBodyTemperature.html","title":"HeleneBodyTemperature","generation":"generated"},{"extension":[{"url":"http://hl7.org/fhir/tools/StructureDefinition/ig-page-name","valueUrl":"Observation-HeleneBodyWeight.html"}],"nameUrl":"Observation-HeleneBodyWeight.html","title":"HeleneBodyWeight","generation":"generated"},{"extension":[{"url":"http://hl7.org/fhir/tools/StructureDefinition/ig-page-name","valueUrl":"Observation-HeleneEQ5Dmobility.html"}],"nameUrl":"Observation-HeleneEQ5Dmobility.html","title":"HeleneEQ5D-mobilitet","generation":"generated"},{"extension":[{"url":"http://hl7.org/fhir/tools/StructureDefinition/ig-page-name","valueUrl":"Observation-HeleneHeartRate.html"}],"nameUrl":"Observation-HeleneHeartRate.html","title":"HeleneHeartRate","generation":"generated"},{"extension":[{"url":"http://hl7.org/fhir/tools/StructureDefinition/ig-page-name","valueUrl":"Observation-HeleneOxygenSaturation.html"}],"nameUrl":"Observation-HeleneOxygenSaturation.html","title":"HeleneOxygenSaturation","generation":"generated"},{"extension":[{"url":"http://hl7.org/fhir/tools/StructureDefinition/ig-page-name","valueUrl":"Observation-HelenePainVAS.html"}],"nameUrl":"Observation-HelenePainVAS.html","title":"HelenePainVAS","generation":"generated"},{"extension":[{"url":"http://hl7.org/fhir/tools/StructureDefinition/ig-page-name","valueUrl":"Observation-HelenePainVRS.html"}],"nameUrl":"Observation-HelenePainVRS.html","title":"HelenePainVRS","generation":"generated"},{"extension":[{"url":"http://hl7.org/fhir/tools/StructureDefinition/ig-page-name","valueUrl":"Observation-HeleneRespirationRate.html"}],"nameUrl":"Observation-HeleneRespirationRate.html","title":"HeleneRespirationRate","generation":"generated"},{"extension":[{"url":"http://hl7.org/fhir/tools/StructureDefinition/ig-page-name","valueUrl":"Observation-HeleneRSS.html"}],"nameUrl":"Observation-HeleneRSS.html","title":"HeleneRSS","generation":"generated"},{"extension":[{"url":"http://hl7.org/fhir/tools/StructureDefinition/ig-page-name","valueUrl":"Observation-HeleneUrinStix.html"}],"nameUrl":"Observation-HeleneUrinStix.html","title":"HeleneUrinStix leukocytter","generation":"generated"},{"extension":[{"url":"http://hl7.org/fhir/tools/StructureDefinition/ig-page-name","valueUrl":"Patient-Mark.html"}],"nameUrl":"Patient-Mark.html","title":"Mark","generation":"generated"},{"extension":[{"url":"http://hl7.org/fhir/tools/StructureDefinition/ig-page-name","valueUrl":"Observation-MarksWHO5-2.html"}],"nameUrl":"Observation-MarksWHO5-2.html","title":"MarksWHO5-2","generation":"generated"},{"extension":[{"url":"http://hl7.org/fhir/tools/StructureDefinition/ig-page-name","valueUrl":"Questionnaire-KLToolsCareWHO5.html"}],"nameUrl":"Questionnaire-KLToolsCareWHO5.html","title":"WHO-5 questionnaire","generation":"generated"},{"extension":[{"url":"http://hl7.org/fhir/tools/StructureDefinition/ig-page-name","valueUrl":"QuestionnaireResponse-WHO-5AnswerMark.html"}],"nameUrl":"QuestionnaireResponse-WHO-5AnswerMark.html","title":"WHO-5AnswersMark","generation":"generated"}]}]},"parameter":[{"code":"path-resource","value":"input/capabilities"},{"code":"path-resource","value":"input/examples"},{"code":"path-resource","value":"input/extensions"},{"code":"path-resource","value":"input/models"},{"code":"path-resource","value":"input/operations"},{"code":"path-resource","value":"input/profiles"},{"code":"path-resource","value":"input/resources"},{"code":"path-resource","value":"input/vocabulary"},{"code":"path-resource","value":"input/maps"},{"code":"path-resource","value":"input/testing"},{"code":"path-resource","value":"input/history"},{"code":"path-resource","value":"fsh-generated/resources"},{"code":"path-pages","value":"template/config"},{"code":"path-pages","value":"input/images"},{"code":"path-tx-cache","value":"input-cache/txcache"}]}}