{"resourceType":"ValueSet","id":"TechniqesSCTCodes","text":{"status":"generated","div":"<div xmlns=\"http://www.w3.org/1999/xhtml\"><ul><li>Include these codes as defined in <a href=\"http://www.snomed.org/\"><code>http://snomed.info/sct</code></a><table class=\"none\"><tr><td style=\"white-space:nowrap\"><b>Code</b></td><td><b>Display</b></td></tr><tr><td><a href=\"http://snomed.info/id/761996005\">761996005</a></td><td style=\"color: #cccccc\">Estimation technique</td></tr><tr><td><a href=\"http://snomed.info/id/733985002\">733985002</a></td><td style=\"color: #cccccc\">Reported (qualifier value)</td></tr><tr><td><a href=\"http://snomed.info/id/272391002\">272391002</a></td><td style=\"color: #cccccc\">Measurement</td></tr></table></li></ul></div>"},"url":"http://fhir.kl.dk/ffinst/ValueSet/TechniqesSCTCodes","version":"1.0.0","name":"TechniqesSCTCodes","title":"TechniqesSCTCodes","status":"active","experimental":false,"date":"2023-08-27T11:00:49+02:00","publisher":"Kommunernes landsforening","contact":[{"name":"Kommunernes landsforening","telecom":[{"system":"url","value":"http://kl.dk"},{"system":"email","value":"kl@kl.dk"}]}],"description":"SNOMED CT Codes for the techniqe used when obtaining an observation","jurisdiction":[{"coding":[{"system":"urn:iso:std:iso:3166","code":"DNK","display":"Denmark"}]}],"compose":{"include":[{"system":"http://snomed.info/sct","concept":[{"code":"761996005"},{"code":"733985002"},{"code":"272391002"}]}]}}