{"resourceType":"ValueSet","id":"HeartRateSCTobservables","text":{"status":"generated","div":"<div xmlns=\"http://www.w3.org/1999/xhtml\"><ul><li>Include these codes as defined in <a href=\"http://www.snomed.org/\"><code>http://snomed.info/sct</code></a><table class=\"none\"><tr><td style=\"white-space:nowrap\"><b>Code</b></td><td><b>Display</b></td></tr><tr><td><a href=\"http://snomed.info/id/422119006\">422119006</a></td><td style=\"color: #cccccc\">Brachial pulse rate</td></tr><tr><td><a href=\"http://snomed.info/id/429614003\">429614003</a></td><td style=\"color: #cccccc\">Posterior tibial pulse rate</td></tr><tr><td><a href=\"http://snomed.info/id/429525003\">429525003</a></td><td style=\"color: #cccccc\">Dorsalis pedis pulse rate</td></tr><tr><td><a href=\"http://snomed.info/id/399017001\">399017001</a></td><td style=\"color: #cccccc\">Heart rate on admission (observable entity)</td></tr><tr><td><a href=\"http://snomed.info/id/78564009\">78564009</a></td><td style=\"color: #cccccc\">Pulse rate</td></tr><tr><td><a href=\"http://snomed.info/id/444981005\">444981005</a></td><td style=\"color: #cccccc\">Resting heart rate (observable entity)</td></tr><tr><td><a href=\"http://snomed.info/id/364075005\">364075005</a></td><td style=\"color: #cccccc\">Heart rate</td></tr></table></li></ul></div>"},"url":"http://fhir.kl.dk/ffinst/ValueSet/HeartRateSCTobservables","version":"1.0.0","name":"HeartRateSCTobservables","title":"HeartRateSCTobservables","status":"active","experimental":false,"date":"2023-08-27T11:00:49+02:00","publisher":"Kommunernes landsforening","contact":[{"name":"Kommunernes landsforening","telecom":[{"system":"url","value":"http://kl.dk"},{"system":"email","value":"kl@kl.dk"}]}],"description":"SNOMED CT observables for heart rate","jurisdiction":[{"coding":[{"system":"urn:iso:std:iso:3166","code":"DNK","display":"Denmark"}]}],"compose":{"include":[{"system":"http://snomed.info/sct","concept":[{"code":"422119006"},{"code":"429614003"},{"code":"429525003"},{"code":"399017001"},{"code":"78564009"},{"code":"444981005"},{"code":"364075005"}]}]}}