{"resourceType":"ValueSet","id":"ConsciousnessCodes","text":{"status":"generated","div":"<div xmlns=\"http://www.w3.org/1999/xhtml\"><ul><li>Include these codes as defined in <a href=\"CodeSystem-KLToolsCodes.html\"><code>http://fhir.kl.dk/ffinst/CodeSystem/KLToolsCodes</code></a><table class=\"none\"><tr><td style=\"white-space:nowrap\"><b>Code</b></td><td><b>Display</b></td></tr><tr><td><a href=\"CodeSystem-KLToolsCodes.html#KLToolsCodes-4d5eeb61-a9b4-40cc-af45-4e8e2caa6db0\">4d5eeb61-a9b4-40cc-af45-4e8e2caa6db0</a></td><td style=\"color: #cccccc\">Agiteret (1)</td></tr><tr><td><a href=\"CodeSystem-KLToolsCodes.html#KLToolsCodes-fc025609-8d3c-4d36-aa44-19fe839d548f\">fc025609-8d3c-4d36-aa44-19fe839d548f</a></td><td style=\"color: #cccccc\">Habituel (0)</td></tr><tr><td><a href=\"CodeSystem-KLToolsCodes.html#KLToolsCodes-916b3530-23e2-4c11-8973-52a90bc9ec31\">916b3530-23e2-4c11-8973-52a90bc9ec31</a></td><td style=\"color: #cccccc\">Reagerer kun på tiltale (1)</td></tr><tr><td><a href=\"CodeSystem-KLToolsCodes.html#KLToolsCodes-0000e850-a51d-4867-a901-dd4c6a2a46a1\">0000e850-a51d-4867-a901-dd4c6a2a46a1</a></td><td style=\"color: #cccccc\">Reagerer kun på smerte (2)</td></tr><tr><td><a href=\"CodeSystem-KLToolsCodes.html#KLToolsCodes-55da9922-c22b-4bd2-b842-e200048bfb20\">55da9922-c22b-4bd2-b842-e200048bfb20</a></td><td style=\"color: #cccccc\">Ingen reaktion (3)</td></tr></table></li></ul></div>"},"url":"http://fhir.kl.dk/ffinst/ValueSet/ConsciousnessCodes","version":"1.0.0","name":"ConsciousnessCodes","title":"ConsciousnessCodes","status":"active","experimental":false,"date":"2023-08-27T11:00:49+02:00","publisher":"Kommunernes landsforening","contact":[{"name":"Kommunernes landsforening","telecom":[{"system":"url","value":"http://kl.dk"},{"system":"email","value":"kl@kl.dk"}]}],"description":"Findings for Counsciousness","jurisdiction":[{"coding":[{"system":"urn:iso:std:iso:3166","code":"DNK","display":"Denmark"}]}],"compose":{"include":[{"system":"http://fhir.kl.dk/ffinst/CodeSystem/KLToolsCodes","concept":[{"code":"4d5eeb61-a9b4-40cc-af45-4e8e2caa6db0"},{"code":"fc025609-8d3c-4d36-aa44-19fe839d548f"},{"code":"916b3530-23e2-4c11-8973-52a90bc9ec31"},{"code":"0000e850-a51d-4867-a901-dd4c6a2a46a1"},{"code":"55da9922-c22b-4bd2-b842-e200048bfb20"}]}]}}