{"resourceType":"ValueSet","id":"KLtechniquesCodes","text":{"status":"extensions","div":"<div xmlns=\"http://www.w3.org/1999/xhtml\"><ul><li>Include these codes as defined in <a href=\"CodeSystem-KLToolsCodes.html\"><code>http://fhir.kl.dk/ffinst/CodeSystem/KLToolsCodes</code></a><table class=\"none\"><tr><td style=\"white-space:nowrap\"><b>Code</b></td><td><b>Display</b></td><td><b>Definition</b></td></tr><tr><td><a href=\"CodeSystem-KLToolsCodes.html#KLToolsCodes-4a069078-c3c3-4c67-899d-4e8876026f48Ja\">4a069078-c3c3-4c67-899d-4e8876026f48Ja</a></td><td style=\"color: #cccccc\">Ingen problemer med test-setup og borgers udførelse</td><td>Proceduren for observationen, som beskrevet af KL under test-setup og borgers udførelse, er fulgt</td></tr><tr><td><a href=\"CodeSystem-KLToolsCodes.html#KLToolsCodes-17772b27-bc9d-4d62-9515-d268a98a3a27\">17772b27-bc9d-4d62-9515-d268a98a3a27</a></td><td style=\"color: #cccccc\">Afvigelse i borgers udførelse</td><td>Proceduren for observationen, som beskrevet af KL, er ikke fulgt pga. afvigelser i borgers udførelse</td></tr><tr><td><a href=\"CodeSystem-KLToolsCodes.html#KLToolsCodes-a3231c9a-5569-49c4-8760-4fffbf0b2b80\">a3231c9a-5569-49c4-8760-4fffbf0b2b80</a></td><td style=\"color: #cccccc\">Afvigelse i test-setup</td><td>Proceduren for observationen, som beskrevet af KL, er ikke fulgt pga. afvigelse i test-setup</td></tr><tr><td><a href=\"CodeSystem-KLToolsCodes.html#KLToolsCodes-6713249a-433e-4b93-8975-0214a473dab5\">6713249a-433e-4b93-8975-0214a473dab5</a></td><td style=\"color: #cccccc\">Afvigelse i borgers udførelse og test-setup</td><td>Proceduren for observationen, som beskrevet af KL, er ikke fulgt pga. afvigelse i borgers udførelse og test-setup</td></tr></table></li></ul></div>"},"url":"http://fhir.kl.dk/ffinst/ValueSet/KLtechniquesCodes","version":"1.0.0","name":"KLtechniquesCodes","title":"KLtechniquesCodes","status":"active","experimental":false,"date":"2023-08-26T16:24:28+02:00","publisher":"Kommunernes landsforening","contact":[{"name":"Kommunernes landsforening","telecom":[{"system":"url","value":"http://kl.dk"},{"system":"email","value":"kl@kl.dk"}]}],"description":"Codes for the techniqe used when obtaining an observation","jurisdiction":[{"coding":[{"system":"urn:iso:std:iso:3166","code":"DNK","display":"Denmark"}]}],"compose":{"include":[{"system":"http://fhir.kl.dk/ffinst/CodeSystem/KLToolsCodes","concept":[{"code":"4a069078-c3c3-4c67-899d-4e8876026f48Ja"},{"code":"17772b27-bc9d-4d62-9515-d268a98a3a27"},{"code":"a3231c9a-5569-49c4-8760-4fffbf0b2b80"},{"code":"6713249a-433e-4b93-8975-0214a473dab5"}]}]}}