{"resourceType":"ValueSet","id":"SystolicBloodPressureSCTObservables","text":{"status":"generated","div":"<div xmlns=\"http://www.w3.org/1999/xhtml\"><ul><li>Include these codes as defined in <a href=\"http://www.snomed.org/\"><code>http://snomed.info/sct</code></a><table class=\"none\"><tr><td style=\"white-space:nowrap\"><b>Code</b></td><td><b>Display</b></td></tr><tr><td><a href=\"http://snomed.info/id/72313002\">72313002</a></td><td style=\"color: #cccccc\">Systolic arterial pressure</td></tr><tr><td><a href=\"http://snomed.info/id/400974009\">400974009</a></td><td style=\"color: #cccccc\">Standing systolic blood pressure (observable entity)</td></tr><tr><td><a href=\"http://snomed.info/id/399304008\">399304008</a></td><td style=\"color: #cccccc\">Systolic blood pressure on admission (observable entity)</td></tr><tr><td><a href=\"http://snomed.info/id/407556006\">407556006</a></td><td style=\"color: #cccccc\">Lying systolic blood pressure (observable entity)</td></tr><tr><td><a href=\"http://snomed.info/id/407554009\">407554009</a></td><td style=\"color: #cccccc\">Sitting systolic blood pressure (observable entity)</td></tr><tr><td><a href=\"http://snomed.info/id/271649006\">271649006</a></td><td style=\"color: #cccccc\">Systolic blood pressure</td></tr></table></li></ul></div>"},"url":"http://fhir.kl.dk/ffinst/ValueSet/SystolicBloodPressureSCTObservables","version":"1.0.0","name":"SystolicBloodPressureSCTObservables","title":"SystolicBloodPressureSCTObservables","status":"active","experimental":false,"date":"2023-08-26T16:24:28+02:00","publisher":"Kommunernes landsforening","contact":[{"name":"Kommunernes landsforening","telecom":[{"system":"url","value":"http://kl.dk"},{"system":"email","value":"kl@kl.dk"}]}],"description":"SNOMED CT observables for systolic blood pressure","jurisdiction":[{"coding":[{"system":"urn:iso:std:iso:3166","code":"DNK","display":"Denmark"}]}],"compose":{"include":[{"system":"http://snomed.info/sct","concept":[{"code":"72313002"},{"code":"400974009"},{"code":"399304008"},{"code":"407556006"},{"code":"407554009"},{"code":"271649006"}]}]}}