{"resourceType":"ValueSet","id":"EQ5Dactivity","text":{"status":"generated","div":"<div xmlns=\"http://www.w3.org/1999/xhtml\"><ul><li>Include these codes as defined in <a href=\"CodeSystem-KLToolsCodes.html\"><code>http://fhir.kl.dk/ffinst/CodeSystem/KLToolsCodes</code></a><table class=\"none\"><tr><td style=\"white-space:nowrap\"><b>Code</b></td><td><b>Display</b></td></tr><tr><td><a href=\"CodeSystem-KLToolsCodes.html#KLToolsCodes-815b8b40-e2f6-4f55-a328-17c886e41490\">815b8b40-e2f6-4f55-a328-17c886e41490</a></td><td style=\"color: #cccccc\">Jeg har ingen problemer med at udføre mine sædvanlige aktiviteter (1)</td></tr><tr><td><a href=\"CodeSystem-KLToolsCodes.html#KLToolsCodes-b80a1898-aac7-4d20-88c5-80124691e9d9\">b80a1898-aac7-4d20-88c5-80124691e9d9</a></td><td style=\"color: #cccccc\">Jeg har nogle problemer med at udføre mine sædvanlige aktiviteter (2)</td></tr><tr><td><a href=\"CodeSystem-KLToolsCodes.html#KLToolsCodes-3334936f-efe1-456b-8b45-ce965d6f559e\">3334936f-efe1-456b-8b45-ce965d6f559e</a></td><td style=\"color: #cccccc\">Jeg kan ikke udføre mine sædvanlige aktiviteter (3)</td></tr></table></li></ul></div>"},"url":"http://fhir.kl.dk/ffinst/ValueSet/EQ5Dactivity","version":"1.0.0","name":"EQ5Dactivity","title":"EQ5Dactivity","status":"active","experimental":false,"date":"2023-08-27T11:00:49+02:00","publisher":"Kommunernes landsforening","contact":[{"name":"Kommunernes landsforening","telecom":[{"system":"url","value":"http://kl.dk"},{"system":"email","value":"kl@kl.dk"}]}],"description":"Findings for EQ-5D activity","jurisdiction":[{"coding":[{"system":"urn:iso:std:iso:3166","code":"DNK","display":"Denmark"}]}],"compose":{"include":[{"system":"http://fhir.kl.dk/ffinst/CodeSystem/KLToolsCodes","concept":[{"code":"815b8b40-e2f6-4f55-a328-17c886e41490"},{"code":"b80a1898-aac7-4d20-88c5-80124691e9d9"},{"code":"3334936f-efe1-456b-8b45-ce965d6f559e"}]}]}}