{"resourceType":"ValueSet","id":"EQ5DSCTfindingsPain","text":{"status":"generated","div":"<div xmlns=\"http://www.w3.org/1999/xhtml\"><ul><li>Include these codes as defined in <a href=\"http://www.snomed.org/\"><code>http://snomed.info/sct</code></a><table class=\"none\"><tr><td style=\"white-space:nowrap\"><b>Code</b></td><td><b>Display</b></td></tr><tr><td><a href=\"http://snomed.info/id/160245001\">160245001</a></td><td style=\"color: #cccccc\">No current problems or disability</td></tr><tr><td><a href=\"http://snomed.info/id/50415004\">50415004</a></td><td style=\"color: #cccccc\">Moderate pain</td></tr><tr><td><a href=\"http://snomed.info/id/67849003\">67849003</a></td><td style=\"color: #cccccc\">Excruciating pain</td></tr></table></li></ul></div>"},"url":"http://fhir.kl.dk/ffinst/ValueSet/EQ5DSCTfindingsPain","version":"1.0.0","name":"EQ5DSCTfindingsPain","title":"EQ5DSCTfindingsPain","status":"active","experimental":false,"date":"2023-08-27T11:00:49+02:00","publisher":"Kommunernes landsforening","contact":[{"name":"Kommunernes landsforening","telecom":[{"system":"url","value":"http://kl.dk"},{"system":"email","value":"kl@kl.dk"}]}],"description":"SNOMED CT findings for EQ-5D pain","jurisdiction":[{"coding":[{"system":"urn:iso:std:iso:3166","code":"DNK","display":"Denmark"}]}],"compose":{"include":[{"system":"http://snomed.info/sct","concept":[{"code":"160245001"},{"code":"50415004"},{"code":"67849003"}]}]}}