{"resourceType":"ValueSet","id":"BodyheightSCTobservables","text":{"status":"generated","div":"<div xmlns=\"http://www.w3.org/1999/xhtml\"><ul><li>Include these codes as defined in <a href=\"http://www.snomed.org/\"><code>http://snomed.info/sct</code></a><table class=\"none\"><tr><td style=\"white-space:nowrap\"><b>Code</b></td><td><b>Display</b></td></tr><tr><td><a href=\"http://snomed.info/id/248334005\">248334005</a></td><td style=\"color: #cccccc\">Length of body</td></tr><tr><td><a href=\"http://snomed.info/id/276351002\">276351002</a></td><td style=\"color: #cccccc\">Infant length</td></tr><tr><td><a href=\"http://snomed.info/id/276353004\">276353004</a></td><td style=\"color: #cccccc\">Crown heel length</td></tr><tr><td><a href=\"http://snomed.info/id/248333004\">248333004</a></td><td style=\"color: #cccccc\">Standing height</td></tr></table></li></ul></div>"},"url":"http://fhir.kl.dk/ffinst/ValueSet/BodyheightSCTobservables","version":"1.0.0","name":"BodyheightSCTobservables","title":"BodyheightSCTobservables","status":"active","experimental":false,"date":"2023-08-27T11:00:49+02:00","publisher":"Kommunernes landsforening","contact":[{"name":"Kommunernes landsforening","telecom":[{"system":"url","value":"http://kl.dk"},{"system":"email","value":"kl@kl.dk"}]}],"description":"SNOMED CT observables for height","jurisdiction":[{"coding":[{"system":"urn:iso:std:iso:3166","code":"DNK","display":"Denmark"}]}],"compose":{"include":[{"system":"http://snomed.info/sct","concept":[{"code":"248334005"},{"code":"276351002"},{"code":"276353004"},{"code":"248333004"}]}]}}