{"resourceType":"ValueSet","id":"WHO5AnswerCodesActive","text":{"status":"generated","div":"<div xmlns=\"http://www.w3.org/1999/xhtml\"><ul><li>Include these codes as defined in <a href=\"CodeSystem-KLToolsCodes.html\"><code>http://fhir.kl.dk/ffinst/CodeSystem/KLToolsCodes</code></a><table class=\"none\"><tr><td style=\"white-space:nowrap\"><b>Code</b></td><td><b>Display</b></td></tr><tr><td><a href=\"CodeSystem-KLToolsCodes.html#KLToolsCodes-3d3c13a6-befa-4a52-aef0-7e775ca11fdd\">3d3c13a6-befa-4a52-aef0-7e775ca11fdd</a></td><td style=\"color: #cccccc\">WHO-5 Hele tiden - 5 (aktiv)</td></tr><tr><td><a href=\"CodeSystem-KLToolsCodes.html#KLToolsCodes-60da44d3-815e-426f-8c8a-0ae34d85863a\">60da44d3-815e-426f-8c8a-0ae34d85863a</a></td><td style=\"color: #cccccc\">WHO-5 Det meste af tiden - 4 (aktiv)</td></tr><tr><td><a href=\"CodeSystem-KLToolsCodes.html#KLToolsCodes-f573ad27-7d00-4505-99ac-f0f35cd16e6a\">f573ad27-7d00-4505-99ac-f0f35cd16e6a</a></td><td style=\"color: #cccccc\">WHO-5 Lidt mere end halvdelen af tiden - 3 (aktiv)</td></tr><tr><td><a href=\"CodeSystem-KLToolsCodes.html#KLToolsCodes-d9d031d9-3185-4f59-a125-ea5a3503011a\">d9d031d9-3185-4f59-a125-ea5a3503011a</a></td><td style=\"color: #cccccc\">WHO-5 Lidt mindre end halvdelen af tiden - 2 (aktiv)</td></tr><tr><td><a href=\"CodeSystem-KLToolsCodes.html#KLToolsCodes-08c8a19c-d135-4e05-a8d4-70c6da6f4842\">08c8a19c-d135-4e05-a8d4-70c6da6f4842</a></td><td style=\"color: #cccccc\">WHO-5 Lidt af tiden - 1 (aktiv)</td></tr><tr><td><a href=\"CodeSystem-KLToolsCodes.html#KLToolsCodes-ccc3ecb4-3249-4c82-9c2b-dca72f4ba374\">ccc3ecb4-3249-4c82-9c2b-dca72f4ba374</a></td><td style=\"color: #cccccc\">WHO-5 På intet tidspunkt - 0 (aktiv)</td></tr></table></li></ul></div>"},"url":"http://fhir.kl.dk/ffinst/ValueSet/WHO5AnswerCodesActive","version":"1.0.0","name":"WHO5AnswerCodesActive","title":"WHO5AnswerCodesActive","status":"active","experimental":false,"date":"2023-08-26T16:24:28+02:00","publisher":"Kommunernes landsforening","contact":[{"name":"Kommunernes landsforening","telecom":[{"system":"url","value":"http://kl.dk"},{"system":"email","value":"kl@kl.dk"}]}],"description":"Codes used to specify WHO-5 answers to the third question about being active","jurisdiction":[{"coding":[{"system":"urn:iso:std:iso:3166","code":"DNK","display":"Denmark"}]}],"compose":{"include":[{"system":"http://fhir.kl.dk/ffinst/CodeSystem/KLToolsCodes","concept":[{"code":"3d3c13a6-befa-4a52-aef0-7e775ca11fdd"},{"code":"60da44d3-815e-426f-8c8a-0ae34d85863a"},{"code":"f573ad27-7d00-4505-99ac-f0f35cd16e6a"},{"code":"d9d031d9-3185-4f59-a125-ea5a3503011a"},{"code":"08c8a19c-d135-4e05-a8d4-70c6da6f4842"},{"code":"ccc3ecb4-3249-4c82-9c2b-dca72f4ba374"}]}]}}