{"resourceType":"ValueSet","id":"WHO5SCTfindingsHappy1","text":{"status":"generated","div":"<div xmlns=\"http://www.w3.org/1999/xhtml\"><ul><li>Include these codes as defined in <a href=\"http://www.snomed.org/\"><code>http://snomed.info/sct</code></a><table class=\"none\"><tr><td style=\"white-space:nowrap\"><b>Code</b></td><td><b>Display</b></td></tr><tr><td><a href=\"http://snomed.info/id/160245001\">160245001</a></td><td style=\"color: #cccccc\">No current problems or disability</td></tr><tr><td><a href=\"http://snomed.info/id/366979004\">366979004</a></td><td style=\"color: #cccccc\">Depressed mood</td></tr></table></li></ul></div>"},"url":"http://fhir.kl.dk/ffinst/ValueSet/WHO5SCTfindingsHappy1","version":"1.0.0","name":"WHO5SCTfindingsHappy1","title":"WHO5SCTfindingsHappy1","status":"active","experimental":false,"date":"2023-08-27T11:00:49+02:00","publisher":"Kommunernes landsforening","contact":[{"name":"Kommunernes landsforening","telecom":[{"system":"url","value":"http://kl.dk"},{"system":"email","value":"kl@kl.dk"}]}],"description":"SNOMED CT findings when conducting WHO-5 questionaires, question 1","jurisdiction":[{"coding":[{"system":"urn:iso:std:iso:3166","code":"DNK","display":"Denmark"}]}],"compose":{"include":[{"system":"http://snomed.info/sct","concept":[{"code":"160245001"},{"code":"366979004"}]}]}}