{"resourceType":"ValueSet","id":"VRSpain","text":{"status":"generated","div":"<div xmlns=\"http://www.w3.org/1999/xhtml\"><ul><li>Include these codes as defined in <a href=\"CodeSystem-KLToolsCodes.html\"><code>http://fhir.kl.dk/ffinst/CodeSystem/KLToolsCodes</code></a><table class=\"none\"><tr><td style=\"white-space:nowrap\"><b>Code</b></td><td><b>Display</b></td></tr><tr><td><a href=\"CodeSystem-KLToolsCodes.html#KLToolsCodes-51b9ff3a-604c-4a45-a8a2-5d9191b2056e\">51b9ff3a-604c-4a45-a8a2-5d9191b2056e</a></td><td style=\"color: #cccccc\">Ingen smerter (0)</td></tr><tr><td><a href=\"CodeSystem-KLToolsCodes.html#KLToolsCodes-42b540bd-88bc-406c-b47d-ee0bae50b98e\">42b540bd-88bc-406c-b47d-ee0bae50b98e</a></td><td style=\"color: #cccccc\">Lette smerter (1)</td></tr><tr><td><a href=\"CodeSystem-KLToolsCodes.html#KLToolsCodes-f3207523-d9f8-4e0b-8636-9e8b057b6971\">f3207523-d9f8-4e0b-8636-9e8b057b6971</a></td><td style=\"color: #cccccc\">Moderate smerter (2)</td></tr><tr><td><a href=\"CodeSystem-KLToolsCodes.html#KLToolsCodes-d253770d-ce0b-4320-9806-b8fbe9e5af8a\">d253770d-ce0b-4320-9806-b8fbe9e5af8a</a></td><td style=\"color: #cccccc\">Kraftige/svære smerter (3)</td></tr><tr><td><a href=\"CodeSystem-KLToolsCodes.html#KLToolsCodes-a3f25054-9f1d-4256-afa2-c1035b0bdd41\">a3f25054-9f1d-4256-afa2-c1035b0bdd41</a></td><td style=\"color: #cccccc\">Uudholdelige/værst tænkelige smerter (4)</td></tr></table></li></ul></div>"},"url":"http://fhir.kl.dk/ffinst/ValueSet/VRSpain","version":"1.0.0","name":"VRSpain","title":"VRSpain","status":"active","experimental":false,"date":"2023-08-26T16:24:28+02:00","publisher":"Kommunernes landsforening","contact":[{"name":"Kommunernes landsforening","telecom":[{"system":"url","value":"http://kl.dk"},{"system":"email","value":"kl@kl.dk"}]}],"description":"Findings for VRS pain","jurisdiction":[{"coding":[{"system":"urn:iso:std:iso:3166","code":"DNK","display":"Denmark"}]}],"compose":{"include":[{"system":"http://fhir.kl.dk/ffinst/CodeSystem/KLToolsCodes","concept":[{"code":"51b9ff3a-604c-4a45-a8a2-5d9191b2056e"},{"code":"42b540bd-88bc-406c-b47d-ee0bae50b98e"},{"code":"f3207523-d9f8-4e0b-8636-9e8b057b6971"},{"code":"d253770d-ce0b-4320-9806-b8fbe9e5af8a"},{"code":"a3f25054-9f1d-4256-afa2-c1035b0bdd41"}]}]}}