{"resourceType":"ValueSet","id":"SCTUrinStix","text":{"status":"generated","div":"<div xmlns=\"http://www.w3.org/1999/xhtml\"><ul><li>Include these codes as defined in <a href=\"http://www.snomed.org/\"><code>http://snomed.info/sct</code></a><table class=\"none\"><tr><td style=\"white-space:nowrap\"><b>Code</b></td><td><b>Display</b></td></tr><tr><td><a href=\"http://snomed.info/id/271000000\">271000000</a></td><td style=\"color: #cccccc\">Urine albumin measurement</td></tr><tr><td><a href=\"http://snomed.info/id/313668003\">313668003</a></td><td style=\"color: #cccccc\">Urine vitamin C measurement</td></tr><tr><td><a href=\"http://snomed.info/id/252384001\">252384001</a></td><td style=\"color: #cccccc\">Urine dipstick for bilirubin</td></tr><tr><td><a href=\"http://snomed.info/id/271260009\">271260009</a></td><td style=\"color: #cccccc\">Urine creatinine measurement</td></tr><tr><td><a href=\"http://snomed.info/id/270894005\">270894005</a></td><td style=\"color: #cccccc\">Urine dipstick for blood</td></tr><tr><td><a href=\"http://snomed.info/id/269879003\">269879003</a></td><td style=\"color: #cccccc\">Urine dipstick for glucose</td></tr><tr><td><a href=\"http://snomed.info/id/275714003\">275714003</a></td><td style=\"color: #cccccc\">Urine dipstick for haemoglobin</td></tr><tr><td><a href=\"http://snomed.info/id/271347000\">271347000</a></td><td style=\"color: #cccccc\">Measurement of ketones in urine using dipstick (procedure)</td></tr><tr><td><a href=\"http://snomed.info/id/252385000\">252385000</a></td><td style=\"color: #cccccc\">Urine dipstick for leucocyte esterase</td></tr><tr><td><a href=\"http://snomed.info/id/302791006\">302791006</a></td><td style=\"color: #cccccc\">Urine dipstick for nitrite</td></tr><tr><td><a href=\"http://snomed.info/id/271348005\">271348005</a></td><td style=\"color: #cccccc\">Urine dipstick for pH</td></tr><tr><td><a href=\"http://snomed.info/id/271346009\">271346009</a></td><td style=\"color: #cccccc\">Urine dipstick for protein</td></tr><tr><td><a href=\"http://snomed.info/id/252386004\">252386004</a></td><td style=\"color: #cccccc\">Urine dipstick for specific gravity</td></tr><tr><td><a href=\"http://snomed.info/id/167321001\">167321001</a></td><td style=\"color: #cccccc\">Urine dipstick for urobilinogen</td></tr><tr><td><a href=\"http://snomed.info/id/167381004\">167381004</a></td><td style=\"color: #cccccc\">Urine luteinizing hormone measurement</td></tr></table></li></ul></div>"},"url":"http://fhir.kl.dk/ffinst/ValueSet/SCTUrinStix","version":"1.0.0","name":"SCTUrinStix","title":"SCTUrinStix","status":"active","experimental":false,"date":"2023-08-26T16:24:28+02:00","publisher":"Kommunernes landsforening","contact":[{"name":"Kommunernes landsforening","telecom":[{"system":"url","value":"http://kl.dk"},{"system":"email","value":"kl@kl.dk"}]}],"description":"SNOMED CT evaluation procedure codes for urin stix","jurisdiction":[{"coding":[{"system":"urn:iso:std:iso:3166","code":"DNK","display":"Denmark"}]}],"compose":{"include":[{"system":"http://snomed.info/sct","concept":[{"code":"271000000"},{"code":"313668003"},{"code":"252384001"},{"code":"271260009"},{"code":"270894005"},{"code":"269879003"},{"code":"275714003"},{"code":"271347000"},{"code":"252385000"},{"code":"302791006"},{"code":"271348005"},{"code":"271346009"},{"code":"252386004"},{"code":"167321001"},{"code":"167381004"}]}]}}