{"resourceType":"ValueSet","id":"EQ5DSCTfindingsMobility","text":{"status":"generated","div":"<div xmlns=\"http://www.w3.org/1999/xhtml\"><ul><li>Include these codes as defined in <a href=\"http://www.snomed.org/\"><code>http://snomed.info/sct</code></a><table class=\"none\"><tr><td style=\"white-space:nowrap\"><b>Code</b></td><td><b>Display</b></td></tr><tr><td><a href=\"http://snomed.info/id/160245001\">160245001</a></td><td style=\"color: #cccccc\">No current problems or disability</td></tr><tr><td><a href=\"http://snomed.info/id/719232003\">719232003</a></td><td style=\"color: #cccccc\">Difficulty walking (finding)</td></tr><tr><td><a href=\"http://snomed.info/id/160685001\">160685001</a></td><td style=\"color: #cccccc\">Bed-ridden</td></tr></table></li></ul></div>"},"url":"http://fhir.kl.dk/ffinst/ValueSet/EQ5DSCTfindingsMobility","version":"1.0.0","name":"EQ5DSCTfindingsMobility","title":"EQ5DSCTfindingsMobility","status":"active","experimental":false,"date":"2023-08-26T16:24:28+02:00","publisher":"Kommunernes landsforening","contact":[{"name":"Kommunernes landsforening","telecom":[{"system":"url","value":"http://kl.dk"},{"system":"email","value":"kl@kl.dk"}]}],"description":"SNOMED CT findings for EQ-5D mobility","jurisdiction":[{"coding":[{"system":"urn:iso:std:iso:3166","code":"DNK","display":"Denmark"}]}],"compose":{"include":[{"system":"http://snomed.info/sct","concept":[{"code":"160245001"},{"code":"719232003"},{"code":"160685001"}]}]}}