{
  "resourceType" : "CodeSystem",
  "id" : "KLCommonproprietary",
  "text" : {
    "status" : "generated",
    "div" : "<div xmlns=\"http://www.w3.org/1999/xhtml\"><p>This code system <code>http://kl.dk/fhir/common/caresocial/CodeSystem/KLCommonproprietary</code> defines the following codes:</p><table class=\"codes\"><tr><td style=\"white-space:nowrap\"><b>Code</b></td></tr></table></div>"
  },
  "url" : "http://kl.dk/fhir/common/caresocial/CodeSystem/KLCommonproprietary",
  "version" : "0.7.0",
  "name" : "KLCommonproprietary",
  "title" : "KLLokaleKoder",
  "status" : "draft",
  "date" : "2023-07-06T08:45:08+02:00",
  "publisher" : "Kommunernes landsforening",
  "contact" : [{
    "name" : "Kommunernes landsforening",
    "telecom" : [{
      "system" : "url",
      "value" : "http://kl.dk"
    },
    {
      "system" : "email",
      "value" : "kl@kl.dk"
    }]
  }],
  "description" : "Proprietary codes associated with KLCommonCareSocial, partial list, ID's likely to change.",
  "jurisdiction" : [{
    "coding" : [{
      "system" : "urn:iso:std:iso:3166",
      "code" : "DNK",
      "display" : "Denmark"
    }]
  }],
  "content" : "complete"
}