{
  "resourceType" : "Goal",
  "id" : "MarkForventetTilstand",
  "meta" : {
    "profile" : ["http://kl.dk/fhir/common/caresocial/StructureDefinition/KLCommonCareSocialGoal"]
  },
  "text" : {
    "status" : "generated",
    "div" : "<div xmlns=\"http://www.w3.org/1999/xhtml\"><p><b>Generated Narrative: Goal</b><a name=\"MarkForventetTilstand\"> </a></p><div style=\"display: inline-block; background-color: #d9e0e7; padding: 6px; margin: 4px; border: 1px solid #8da1b4; border-radius: 5px; line-height: 60%\"><p style=\"margin-bottom: 0px\">Resource Goal &quot;MarkForventetTilstand&quot; </p><p style=\"margin-bottom: 0px\">Profile: <a href=\"StructureDefinition-KLCommonCareSocialGoal.html\">Goal</a></p></div><p><b>lifecycleStatus</b>: active</p><p><b>category</b>: FSIII tilstandsmål <span style=\"background: LightGoldenRodYellow; margin: 4px; border: 1px solid khaki\"> (<a href=\"CodeSystem-KLCommonCareSocialCodes.html\">KLCommonCareSocialCodes</a>#ca552020-6ed1-4cdc-b0d4-32697f1f27ad)</span></p><p><b>description</b>: Tryksåret er helet <span style=\"background: LightGoldenRodYellow; margin: 4px; border: 1px solid khaki\"> ()</span></p><p><b>subject</b>: <a href=\"Patient-Mark.html\">Patient/Mark</a> &quot; JENSEN&quot;</p><h3>Targets</h3><table class=\"grid\"><tr><td>-</td><td><b>Measure</b></td><td><b>Detail[x]</b></td></tr><tr><td>*</td><td>måltype <span style=\"background: LightGoldenRodYellow; margin: 4px; border: 1px solid khaki\"> (<a href=\"CodeSystem-KLCommonCareSocialCodes.html\">KLCommonCareSocialCodes</a>#90c48f03-f194-4b2f-ad7d-6cba1069ae48)</span></td><td>Tilstand forsvinder <span style=\"background: LightGoldenRodYellow; margin: 4px; border: 1px solid khaki\"> (<a href=\"CodeSystem-FSIII.html\">FSIII</a>#81c827de-ef31-4410-aa57-0d1d1bc6c264)</span></td></tr></table><p><b>expressedBy</b>: <a href=\"Practitioner-HanneFraVisitationenAalborg.html\">Practitioner/HanneFraVisitationenAalborg</a> &quot; SIMONSEN&quot;</p><p><b>addresses</b>: <a href=\"Condition-ConditionPressureUlcer.html\">Condition/ConditionPressureUlcer</a></p></div>"
  },
  "lifecycleStatus" : "active",
  "category" : [{
    "coding" : [{
      "system" : "http://kl.dk/fhir/common/caresocial/CodeSystem/KLCommonCareSocialCodes",
      "code" : "ca552020-6ed1-4cdc-b0d4-32697f1f27ad",
      "display" : "FSIII tilstandsmål"
    }]
  }],
  "description" : {
    "text" : "Tryksåret er helet"
  },
  "subject" : {
    "reference" : "Patient/Mark"
  },
  "target" : [{
    "measure" : {
      "coding" : [{
        "system" : "http://kl.dk/fhir/common/caresocial/CodeSystem/KLCommonCareSocialCodes",
        "code" : "90c48f03-f194-4b2f-ad7d-6cba1069ae48"
      }]
    },
    "detailCodeableConcept" : {
      "coding" : [{
        "system" : "http://kl.dk/fhir/common/caresocial/CodeSystem/FSIII",
        "code" : "81c827de-ef31-4410-aa57-0d1d1bc6c264",
        "display" : "Tilstand forsvinder"
      }]
    }
  }],
  "expressedBy" : {
    "reference" : "Practitioner/HanneFraVisitationenAalborg"
  },
  "addresses" : [{
    "reference" : "Condition/ConditionPressureUlcer"
  }]
}