{
  "resourceType" : "Observation",
  "id" : "MarksDiastoliske",
  "meta" : {
    "profile" : ["http://kl.dk/fhir/common/caresocial/StructureDefinition/KLCommonCareSocialObservation"]
  },
  "text" : {
    "status" : "generated",
    "div" : "<div xmlns=\"http://www.w3.org/1999/xhtml\"><p><b>Generated Narrative: Observation</b><a name=\"MarksDiastoliske\"> </a></p><div style=\"display: inline-block; background-color: #d9e0e7; padding: 6px; margin: 4px; border: 1px solid #8da1b4; border-radius: 5px; line-height: 60%\"><p style=\"margin-bottom: 0px\">Resource Observation &quot;MarksDiastoliske&quot; </p><p style=\"margin-bottom: 0px\">Profile: <a href=\"StructureDefinition-KLCommonCareSocialObservation.html\">Observation</a></p></div><p><b>basedOn</b>: <a href=\"ServiceRequest-HenvisningFraLageVedrAkutSygepleje.html\">ServiceRequest/HenvisningFraLageVedrAkutSygepleje</a></p><p><b>status</b>: final</p><p><b>code</b>: Diastolic blood pressure <span style=\"background: LightGoldenRodYellow; margin: 4px; border: 1px solid khaki\"> (<a href=\"https://browser.ihtsdotools.org/\">SNOMED CT</a>#271650006)</span></p><p><b>subject</b>: <a href=\"Patient-Mark.html\">Patient/Mark</a> &quot; JENSEN&quot;</p><p><b>effective</b>: 2020-06-21</p><p><b>performer</b>: <a href=\"Practitioner-AbrahamFraAkutSygeplejen.html\">Practitioner/AbrahamFraAkutSygeplejen</a> &quot; MURAKAMI&quot;</p><p><b>value</b>: 120 Millimeter kviksølv<span style=\"background: LightGoldenRodYellow\"> (Details: UCUM code mm[Hg] = 'mm[Hg]')</span></p></div>"
  },
  "basedOn" : [{
    "reference" : "ServiceRequest/HenvisningFraLageVedrAkutSygepleje"
  }],
  "status" : "final",
  "code" : {
    "coding" : [{
      "system" : "http://snomed.info/sct",
      "code" : "271650006",
      "display" : "Diastolic blood pressure"
    }]
  },
  "subject" : {
    "reference" : "Patient/Mark"
  },
  "effectiveDateTime" : "2020-06-21",
  "performer" : [{
    "reference" : "Practitioner/AbrahamFraAkutSygeplejen"
  }],
  "valueQuantity" : {
    "value" : 120,
    "unit" : "Millimeter kviksølv",
    "system" : "http://unitsofmeasure.org",
    "code" : "mm[Hg]"
  }
}