{
  "resourceType" : "Observation",
  "id" : "MobilityInformationJudith",
  "meta" : {
    "profile" : ["http://kl.dk/fhir/common/caresocial/StructureDefinition/KLCommonCareSocialMatterOfInterest"]
  },
  "text" : {
    "status" : "generated",
    "div" : "<div xmlns=\"http://www.w3.org/1999/xhtml\"><p><b>Generated Narrative: Observation</b><a name=\"MobilityInformationJudith\"> </a></p><div style=\"display: inline-block; background-color: #d9e0e7; padding: 6px; margin: 4px; border: 1px solid #8da1b4; border-radius: 5px; line-height: 60%\"><p style=\"margin-bottom: 0px\">Resource Observation &quot;MobilityInformationJudith&quot; </p><p style=\"margin-bottom: 0px\">Profile: <a href=\"StructureDefinition-KLCommonCareSocialMatterOfInterest.html\">MatterOfInterest</a></p></div><p><b>status</b>: final</p><p><b>code</b>: Mobilitet <span style=\"background: LightGoldenRodYellow; margin: 4px; border: 1px solid khaki\"> (<a href=\"CodeSystem-FSIII.html\">FSIII</a>#J3)</span></p><p><b>subject</b>: <a href=\"Patient-Judith.html\">Patient/Judith</a> &quot; NIELSEN&quot;</p><p><b>effective</b>: 2020-08-11 15:28:17-0100</p><p><b>performer</b>: <a href=\"Practitioner-HanneFraVisitationenAalborg.html\">Practitioner/HanneFraVisitationenAalborg</a> &quot; SIMONSEN&quot;</p><p><b>value</b>: Judith har faldtendens, men er meget dedikeret ift. at lære at bruge sin rollator indendørs og udendørs, og desuden går hun en tur på 30min hver dag <span style=\"background: LightGoldenRodYellow; margin: 4px; border: 1px solid khaki\"> ()</span></p></div>"
  },
  "status" : "final",
  "code" : {
    "coding" : [{
      "system" : "http://kl.dk/fhir/common/caresocial/CodeSystem/FSIII",
      "code" : "J3",
      "display" : "Mobilitet"
    }]
  },
  "subject" : {
    "reference" : "Patient/Judith"
  },
  "effectiveDateTime" : "2020-08-11T15:28:17-01:00",
  "performer" : [{
    "reference" : "Practitioner/HanneFraVisitationenAalborg"
  }],
  "valueCodeableConcept" : {
    "text" : "Judith har faldtendens, men er meget dedikeret ift. at lære at bruge sin rollator indendørs og udendørs, og desuden går hun en tur på 30min hver dag"
  }
}