{
  "resourceType" : "Organization",
  "id" : "BotilbudetHvidbjerghus",
  "meta" : {
    "profile" : ["http://kl.dk/fhir/common/caresocial/StructureDefinition/KLCommonOrganization"]
  },
  "text" : {
    "status" : "generated",
    "div" : "<div xmlns=\"http://www.w3.org/1999/xhtml\"><p><b>Generated Narrative: Organization</b><a name=\"BotilbudetHvidbjerghus\"> </a></p><div style=\"display: inline-block; background-color: #d9e0e7; padding: 6px; margin: 4px; border: 1px solid #8da1b4; border-radius: 5px; line-height: 60%\"><p style=\"margin-bottom: 0px\">Resource Organization &quot;BotilbudetHvidbjerghus&quot; </p><p style=\"margin-bottom: 0px\">Profile: <a href=\"StructureDefinition-KLCommonOrganization.html\">Organization</a></p></div><p><b>identifier</b>: id:\u00a0699941000016001</p><p><b>name</b>: Fonden botilbudet Hvidbjerghus</p><p><b>telecom</b>: <a href=\"tel:+4597872525\">+45 97872525</a></p></div>"
  },
  "identifier" : [{
    "system" : "urn:oid:1.2.208.176.1",
    "value" : "699941000016001"
  }],
  "name" : "Fonden botilbudet Hvidbjerghus",
  "telecom" : [{
    "system" : "phone",
    "value" : "+45 97872525"
  }]
}