{
  "resourceType" : "Organization",
  "id" : "LaegerneHasserisBymidte",
  "meta" : {
    "profile" : ["http://kl.dk/fhir/common/caresocial/StructureDefinition/KLCommonOrganization"]
  },
  "text" : {
    "status" : "generated",
    "div" : "<div xmlns=\"http://www.w3.org/1999/xhtml\"><p><b>Generated Narrative: Organization</b><a name=\"LaegerneHasserisBymidte\"> </a></p><div style=\"display: inline-block; background-color: #d9e0e7; padding: 6px; margin: 4px; border: 1px solid #8da1b4; border-radius: 5px; line-height: 60%\"><p style=\"margin-bottom: 0px\">Resource Organization &quot;LaegerneHasserisBymidte&quot; </p><p style=\"margin-bottom: 0px\">Profile: <a href=\"StructureDefinition-KLCommonOrganization.html\">Organization</a></p></div><p><b>identifier</b>: id:\u00a061731000016000</p><p><b>name</b>: Lægerne Hasseris Bymidte</p><p><b>telecom</b>: ph: 98182233</p></div>"
  },
  "identifier" : [{
    "system" : "urn:oid:1.2.208.176.1",
    "value" : "61731000016000"
  }],
  "name" : "Lægerne Hasseris Bymidte",
  "telecom" : [{
    "system" : "phone",
    "value" : "98182233"
  }]
}