{
  "resourceType" : "ValueSet",
  "id" : "KLMatterOfInterestValues",
  "text" : {
    "status" : "generated",
    "div" : "<div xmlns=\"http://www.w3.org/1999/xhtml\"><p>This value set includes codes based on the following rules:</p><ul><li>Include these codes as defined in <a href=\"CodeSystem-FSIII.html\"><code>http://kl.dk/fhir/common/caresocial/CodeSystem/FSIII</code></a><table class=\"none\"><tr><td style=\"white-space:nowrap\"><b>Code</b></td><td><b>Display</b></td></tr><tr><td><a href=\"CodeSystem-FSIII.html#FSIII-B6\">B6</a></td><td>Ikke relevant</td></tr></table></li><li>Include these codes as defined in <a href=\"CodeSystem-FFB.html\"><code>http://kl.dk/fhir/common/caresocial/CodeSystem/FFB</code></a><table class=\"none\"><tr><td style=\"white-space:nowrap\"><b>Code</b></td><td><b>Display</b></td></tr><tr><td><a href=\"CodeSystem-FFB.html#FFB-2254dac8-8aa3-4334-8502-9720194f49ad\">2254dac8-8aa3-4334-8502-9720194f49ad</a></td><td>Ikke vurderet</td></tr></table></li></ul></div>"
  },
  "url" : "http://kl.dk/fhir/common/caresocial/ValueSet/KLMatterOfInterestValues",
  "version" : "0.7.0",
  "name" : "KLMatterOfInterestValues",
  "title" : "KLOplysningKoder",
  "status" : "draft",
  "date" : "2023-07-06T08:45:08+02:00",
  "publisher" : "Kommunernes landsforening",
  "contact" : [{
    "name" : "Kommunernes landsforening",
    "telecom" : [{
      "system" : "url",
      "value" : "http://kl.dk"
    },
    {
      "system" : "email",
      "value" : "kl@kl.dk"
    }]
  }],
  "description" : "Matter of interes values to support when no observations have been made",
  "jurisdiction" : [{
    "coding" : [{
      "system" : "urn:iso:std:iso:3166",
      "code" : "DNK",
      "display" : "Denmark"
    }]
  }],
  "compose" : {
    "include" : [{
      "system" : "http://kl.dk/fhir/common/caresocial/CodeSystem/FSIII",
      "concept" : [{
        "code" : "B6"
      }]
    },
    {
      "system" : "http://kl.dk/fhir/common/caresocial/CodeSystem/FFB",
      "concept" : [{
        "code" : "2254dac8-8aa3-4334-8502-9720194f49ad"
      }]
    }]
  }
}