{
  "resourceType" : "ValueSet",
  "id" : "KLRequestFromFSIII",
  "text" : {
    "status" : "generated",
    "div" : "<div xmlns=\"http://www.w3.org/1999/xhtml\"><ul><li>Include these codes as defined in <a href=\"CodeSystem-FSIII.html\"><code>http://kl.dk/fhir/common/caresocial/CodeSystem/FSIII</code></a><table class=\"none\"><tr><td style=\"white-space:nowrap\"><b>Code</b></td><td><b>Display</b></td></tr><tr><td><a href=\"CodeSystem-FSIII.html#FSIII-A15\">A15</a></td><td>Andre</td></tr><tr><td><a href=\"CodeSystem-FSIII.html#FSIII-A3\">A3</a></td><td>Sagsbehandler, anden forvaltning</td></tr><tr><td><a href=\"CodeSystem-FSIII.html#FSIII-A1\">A1</a></td><td>Borger</td></tr><tr><td><a href=\"CodeSystem-FSIII.html#FSIII-A13\">A13</a></td><td>Sygehus - psykiatrisk</td></tr><tr><td><a href=\"CodeSystem-FSIII.html#FSIII-A12\">A12</a></td><td>Sygehus - medicinsk</td></tr><tr><td><a href=\"CodeSystem-FSIII.html#FSIII-A10\">A10</a></td><td>Speciallæge</td></tr><tr><td><a href=\"CodeSystem-FSIII.html#FSIII-A9\">A9</a></td><td>Egen læge/vagtlæge</td></tr><tr><td><a href=\"CodeSystem-FSIII.html#FSIII-A8\">A8</a></td><td>Anden kommune</td></tr><tr><td><a href=\"CodeSystem-FSIII.html#FSIII-A4\">A4</a></td><td>Hjemmeplejen</td></tr><tr><td><a href=\"CodeSystem-FSIII.html#FSIII-A11\">A11</a></td><td>Sygehus - kirurgisk</td></tr><tr><td><a href=\"CodeSystem-FSIII.html#FSIII-A6\">A6</a></td><td>Træning</td></tr><tr><td><a href=\"CodeSystem-FSIII.html#FSIII-A5\">A5</a></td><td>Hjemmesygeplejen</td></tr><tr><td><a href=\"CodeSystem-FSIII.html#FSIII-A7\">A7</a></td><td>Sundhedsfremme og forebyggelse</td></tr><tr><td><a href=\"CodeSystem-FSIII.html#FSIII-A14\">A14</a></td><td>Sygehus - akutmodtagelse</td></tr><tr><td><a href=\"CodeSystem-FSIII.html#FSIII-A2\">A2</a></td><td>Pårørende</td></tr></table></li></ul></div>"
  },
  "url" : "http://kl.dk/fhir/common/caresocial/ValueSet/KLRequestFromFSIII",
  "version" : "0.7.0",
  "name" : "KLRequestFromFSIII",
  "title" : "KLHenvendelseHenvisningFraFSIII",
  "status" : "draft",
  "date" : "2023-07-06T08:45:08+02:00",
  "publisher" : "Kommunernes landsforening",
  "contact" : [{
    "name" : "Kommunernes landsforening",
    "telecom" : [{
      "system" : "url",
      "value" : "http://kl.dk"
    },
    {
      "system" : "email",
      "value" : "kl@kl.dk"
    }]
  }],
  "description" : "Type of service requesters as defined by FSIII",
  "jurisdiction" : [{
    "coding" : [{
      "system" : "urn:iso:std:iso:3166",
      "code" : "DNK",
      "display" : "Denmark"
    }]
  }],
  "compose" : {
    "include" : [{
      "system" : "http://kl.dk/fhir/common/caresocial/CodeSystem/FSIII",
      "concept" : [{
        "code" : "A15"
      },
      {
        "code" : "A3"
      },
      {
        "code" : "A1"
      },
      {
        "code" : "A13"
      },
      {
        "code" : "A12"
      },
      {
        "code" : "A10"
      },
      {
        "code" : "A9"
      },
      {
        "code" : "A8"
      },
      {
        "code" : "A4"
      },
      {
        "code" : "A11"
      },
      {
        "code" : "A6"
      },
      {
        "code" : "A5"
      },
      {
        "code" : "A7"
      },
      {
        "code" : "A14"
      },
      {
        "code" : "A2"
      }]
    }]
  }
}