{
  "resourceType" : "ValueSet",
  "id" : "KLInformationGatheringInvestigationCodes",
  "text" : {
    "status" : "generated",
    "div" : "<div xmlns=\"http://www.w3.org/1999/xhtml\"><p>This value set includes codes based on the following rules:</p><ul><li>Import all the codes that are contained in <a href=\"ValueSet-KLEvaluationTypeCodes.html\">KLVurderingTypekoder</a></li><li>Import all the codes that are contained in <a href=\"ValueSet-KLInformationCodes.html\">KLOplysningKoder</a></li></ul></div>"
  },
  "url" : "http://kl.dk/fhir/common/caresocial/ValueSet/KLInformationGatheringInvestigationCodes",
  "version" : "0.7.0",
  "name" : "KLInformationGatheringInvestigationCodes",
  "title" : "KLOplysningsaktivitetsOgVurderingskoder",
  "status" : "draft",
  "date" : "2023-07-06T08:45:08+02:00",
  "publisher" : "Kommunernes landsforening",
  "contact" : [{
    "name" : "Kommunernes landsforening",
    "telecom" : [{
      "system" : "url",
      "value" : "http://kl.dk"
    },
    {
      "system" : "email",
      "value" : "kl@kl.dk"
    }]
  }],
  "description" : "Codes that identify valid items in an investigation in Danish municipalities",
  "jurisdiction" : [{
    "coding" : [{
      "system" : "urn:iso:std:iso:3166",
      "code" : "DNK",
      "display" : "Denmark"
    }]
  }],
  "compose" : {
    "include" : [{
      "valueSet" : ["http://kl.dk/fhir/common/caresocial/ValueSet/KLEvaluationTypeCodes"]
    },
    {
      "valueSet" : ["http://kl.dk/fhir/common/caresocial/ValueSet/KLInformationCodes"]
    }]
  }
}