{
  "resourceType" : "ValueSet",
  "id" : "KLNeedsAssessmentCodesFFB",
  "text" : {
    "status" : "generated",
    "div" : "<div xmlns=\"http://www.w3.org/1999/xhtml\"><ul><li>Include these codes as defined in <a href=\"CodeSystem-FFB.html\"><code>http://kl.dk/fhir/common/caresocial/CodeSystem/FFB</code></a><table class=\"none\"><tr><td style=\"white-space:nowrap\"><b>Code</b></td><td><b>Display</b></td></tr><tr><td><a href=\"CodeSystem-FFB.html#FFB-dd628e73-d6c9-4837-a2b8-aa62d73bd6ae\">dd628e73-d6c9-4837-a2b8-aa62d73bd6ae</a></td><td>Let støttebehov</td></tr><tr><td><a href=\"CodeSystem-FFB.html#FFB-401a397b-b3aa-4ca3-8b23-bd8f99dd3f76\">401a397b-b3aa-4ca3-8b23-bd8f99dd3f76</a></td><td>Moderat støttebehov</td></tr><tr><td><a href=\"CodeSystem-FFB.html#FFB-ae9f388a-91c3-46cf-af55-f81952f2977c\">ae9f388a-91c3-46cf-af55-f81952f2977c</a></td><td>Intet støttebehov</td></tr><tr><td><a href=\"CodeSystem-FFB.html#FFB-b99a0790-4d70-4152-b149-3fe58b745583\">b99a0790-4d70-4152-b149-3fe58b745583</a></td><td>Højt støttebehov</td></tr><tr><td><a href=\"CodeSystem-FFB.html#FFB-e99763d6-6c43-4969-ad52-2b1a7055f9dc\">e99763d6-6c43-4969-ad52-2b1a7055f9dc</a></td><td>Fuldstændigt støttebehov</td></tr><tr><td><a href=\"CodeSystem-FFB.html#FFB-2254dac8-8aa3-4334-8502-9720194f49ad\">2254dac8-8aa3-4334-8502-9720194f49ad</a></td><td>Ikke vurderet</td></tr></table></li></ul></div>"
  },
  "url" : "http://kl.dk/fhir/common/caresocial/ValueSet/KLNeedsAssessmentCodesFFB",
  "version" : "0.7.0",
  "name" : "KLNeedsAssessmentCodesFFB",
  "title" : "KLStøttebehovsvurderingskoderFFB",
  "status" : "draft",
  "date" : "2023-07-06T08:45:08+02:00",
  "publisher" : "Kommunernes landsforening",
  "contact" : [{
    "name" : "Kommunernes landsforening",
    "telecom" : [{
      "system" : "url",
      "value" : "http://kl.dk"
    },
    {
      "system" : "email",
      "value" : "kl@kl.dk"
    }]
  }],
  "description" : "Needs assesment codes as defined in FFB",
  "jurisdiction" : [{
    "coding" : [{
      "system" : "urn:iso:std:iso:3166",
      "code" : "DNK",
      "display" : "Denmark"
    }]
  }],
  "compose" : {
    "include" : [{
      "system" : "http://kl.dk/fhir/common/caresocial/CodeSystem/FFB",
      "concept" : [{
        "code" : "dd628e73-d6c9-4837-a2b8-aa62d73bd6ae"
      },
      {
        "code" : "401a397b-b3aa-4ca3-8b23-bd8f99dd3f76"
      },
      {
        "code" : "ae9f388a-91c3-46cf-af55-f81952f2977c"
      },
      {
        "code" : "b99a0790-4d70-4152-b149-3fe58b745583"
      },
      {
        "code" : "e99763d6-6c43-4969-ad52-2b1a7055f9dc"
      },
      {
        "code" : "2254dac8-8aa3-4334-8502-9720194f49ad"
      }]
    }]
  }
}