{
  "resourceType" : "ValueSet",
  "id" : "KLImportanceLevelCodesFSIII",
  "text" : {
    "status" : "generated",
    "div" : "<div xmlns=\"http://www.w3.org/1999/xhtml\"><ul><li>Include these codes as defined in <a href=\"CodeSystem-FSIII.html\"><code>http://kl.dk/fhir/common/caresocial/CodeSystem/FSIII</code></a><table class=\"none\"><tr><td style=\"white-space:nowrap\"><b>Code</b></td><td><b>Display</b></td></tr><tr><td><a href=\"CodeSystem-FSIII.html#FSIII-D1\">D1</a></td><td>Oplever ikke begrænsninger</td></tr><tr><td><a href=\"CodeSystem-FSIII.html#FSIII-D2\">D2</a></td><td>Oplever begrænsninger</td></tr></table></li></ul></div>"
  },
  "url" : "http://kl.dk/fhir/common/caresocial/ValueSet/KLImportanceLevelCodesFSIII",
  "version" : "0.7.0",
  "name" : "KLImportanceLevelCodesFSIII",
  "title" : "KLBetydningKoderFSIII",
  "status" : "draft",
  "date" : "2023-07-06T08:45:08+02:00",
  "publisher" : "Kommunernes landsforening",
  "contact" : [{
    "name" : "Kommunernes landsforening",
    "telecom" : [{
      "system" : "url",
      "value" : "http://kl.dk"
    },
    {
      "system" : "email",
      "value" : "kl@kl.dk"
    }]
  }],
  "description" : "Importance level codes (Betydning), as evaluated by the citizen",
  "jurisdiction" : [{
    "coding" : [{
      "system" : "urn:iso:std:iso:3166",
      "code" : "DNK",
      "display" : "Denmark"
    }]
  }],
  "compose" : {
    "include" : [{
      "system" : "http://kl.dk/fhir/common/caresocial/CodeSystem/FSIII",
      "concept" : [{
        "code" : "D1"
      },
      {
        "code" : "D2"
      }]
    }]
  }
}