{
  "resourceType" : "ValueSet",
  "id" : "KLPreventionInterventionsFSIII",
  "text" : {
    "status" : "extensions",
    "div" : "<div xmlns=\"http://www.w3.org/1999/xhtml\"><ul><li>Include these codes as defined in <a href=\"CodeSystem-FSIII.html\"><code>http://kl.dk/fhir/common/caresocial/CodeSystem/FSIII</code></a><table class=\"none\"><tr><td style=\"white-space:nowrap\"><b>Code</b></td><td><b>Display</b></td><td><b>Definition</b></td></tr><tr><td><a href=\"CodeSystem-FSIII.html#FSIII-f30cab6d-2a42-4358-99d7-811127fb6e05\">f30cab6d-2a42-4358-99d7-811127fb6e05</a></td><td>Mental håndtering</td><td>Vejledning eller undervisning i øvelser og teknikker, der fremmer mentalt velbefindende.</td></tr><tr><td><a href=\"CodeSystem-FSIII.html#FSIII-e71b7d85-5c78-49c2-8624-8499d162317b\">e71b7d85-5c78-49c2-8624-8499d162317b</a></td><td>Sygdomshåndtering</td><td>Støtte til at forstå og håndtere livet med kronisk sygdom.</td></tr><tr><td><a href=\"CodeSystem-FSIII.html#FSIII-6eddbaf7-2a73-49d4-91e7-6138d419f58c\">6eddbaf7-2a73-49d4-91e7-6138d419f58c</a></td><td>Afklarende samtale</td><td/></tr><tr><td><a href=\"CodeSystem-FSIII.html#FSIII-ee5606ac-1bed-487e-aa3c-72dcc30ec037\">ee5606ac-1bed-487e-aa3c-72dcc30ec037</a></td><td>Behovssamtale</td><td>Samtale der bidrager til at afstemme borgerens motivation, ønsker og behov under igangværende forløb.</td></tr><tr><td><a href=\"CodeSystem-FSIII.html#FSIII-924e9828-84cf-4689-9551-0ebb6dc71b98\">924e9828-84cf-4689-9551-0ebb6dc71b98</a></td><td>Samtale om alkohol</td><td>Rådgivning om og støtte til hensigtsmæssig alkoholadfærd.</td></tr><tr><td><a href=\"CodeSystem-FSIII.html#FSIII-01a500f6-c221-4fd0-b518-cd361218b60d\">01a500f6-c221-4fd0-b518-cd361218b60d</a></td><td>Madlavning i praksis</td><td>Aktiviteter hvor kostråd, ernæringsanbefalinger samt hensigtsmæssige mad- og måltidsvaner omsættes til praksis.</td></tr><tr><td><a href=\"CodeSystem-FSIII.html#FSIII-c203c6b5-3be0-40a8-8204-e93751deabf5\">c203c6b5-3be0-40a8-8204-e93751deabf5</a></td><td>Tobaksafvænning</td><td>Rådgivning om og støtte til forandring af vaner i relation til tobaksanvendelse.</td></tr><tr><td><a href=\"CodeSystem-FSIII.html#FSIII-cf7a55c2-7061-47ed-b7c5-e29620fe93bf\">cf7a55c2-7061-47ed-b7c5-e29620fe93bf</a></td><td>Diætbehandling</td><td>En intervention i forhold til et ernæringsproblem, der er opstået som følge af sygdom eller behandling.</td></tr><tr><td><a href=\"CodeSystem-FSIII.html#FSIII-c9a99304-1788-43b7-b7be-e187b092ae9c\">c9a99304-1788-43b7-b7be-e187b092ae9c</a></td><td>Kostvejledning</td><td>Vejledning om de officielle (generelle) kostråd suppleret af relevante ernæringsanbefalinger.</td></tr><tr><td><a href=\"CodeSystem-FSIII.html#FSIII-ab87c0b5-40be-4e0a-b749-d9f833bfed2d\">ab87c0b5-40be-4e0a-b749-d9f833bfed2d</a></td><td>Fysisk træning</td><td>Superviserede aktiviteter der bidrager til øget muskelstyrke og/eller øget kondition.</td></tr><tr><td><a href=\"CodeSystem-FSIII.html#FSIII-61692d91-69b8-4830-9453-3d58454e49d3\">61692d91-69b8-4830-9453-3d58454e49d3</a></td><td>Færdighedstræning</td><td>Vejledning, introduktion og igangsætning af aktiviteter, der bidrager til øget selvhjulpenhed i hverdagslivet</td></tr><tr><td><a href=\"CodeSystem-FSIII.html#FSIII-abe847e0-1ce0-44dc-a675-ce05b66f47e6\">abe847e0-1ce0-44dc-a675-ce05b66f47e6</a></td><td>Vejledning og introduktion til fysiske aktiviteter</td><td>Vejledning og støtte til at være fysisk aktiv &quot;på egen hånd&quot; og introduktion til fysiske aktiviteter.</td></tr><tr><td><a href=\"CodeSystem-FSIII.html#FSIII-03a3ebdb-9e2d-4be1-b32b-42f0bd2a3362\">03a3ebdb-9e2d-4be1-b32b-42f0bd2a3362</a></td><td>Afsluttende samtale</td><td>Samtale der afslutter en eller flere indsatser.</td></tr><tr><td><a href=\"CodeSystem-FSIII.html#FSIII-d1e016b5-150a-4ac4-97ba-d3e19e28471e\">d1e016b5-150a-4ac4-97ba-d3e19e28471e</a></td><td>Opfølgning</td><td>Aktivitet der følger op på borgerens fastholdelse af ændringer i hverdagslivet efter afsluttede indsatser.</td></tr></table></li></ul></div>"
  },
  "url" : "http://kl.dk/fhir/common/caresocial/ValueSet/KLPreventionInterventionsFSIII",
  "version" : "0.7.0",
  "name" : "KLPreventionInterventionsFSIII",
  "title" : "KLForebyggelseIndsatserFSIII",
  "status" : "draft",
  "date" : "2023-07-06T08:45:08+02:00",
  "publisher" : "Kommunernes landsforening",
  "contact" : [{
    "name" : "Kommunernes landsforening",
    "telecom" : [{
      "system" : "url",
      "value" : "http://kl.dk"
    },
    {
      "system" : "email",
      "value" : "kl@kl.dk"
    }]
  }],
  "description" : "Prevention and health promotion interventions as defined by FSIII",
  "jurisdiction" : [{
    "coding" : [{
      "system" : "urn:iso:std:iso:3166",
      "code" : "DNK",
      "display" : "Denmark"
    }]
  }],
  "compose" : {
    "include" : [{
      "system" : "http://kl.dk/fhir/common/caresocial/CodeSystem/FSIII",
      "concept" : [{
        "code" : "f30cab6d-2a42-4358-99d7-811127fb6e05"
      },
      {
        "code" : "e71b7d85-5c78-49c2-8624-8499d162317b"
      },
      {
        "code" : "6eddbaf7-2a73-49d4-91e7-6138d419f58c"
      },
      {
        "code" : "ee5606ac-1bed-487e-aa3c-72dcc30ec037"
      },
      {
        "code" : "924e9828-84cf-4689-9551-0ebb6dc71b98"
      },
      {
        "code" : "01a500f6-c221-4fd0-b518-cd361218b60d"
      },
      {
        "code" : "c203c6b5-3be0-40a8-8204-e93751deabf5"
      },
      {
        "code" : "cf7a55c2-7061-47ed-b7c5-e29620fe93bf"
      },
      {
        "code" : "c9a99304-1788-43b7-b7be-e187b092ae9c"
      },
      {
        "code" : "ab87c0b5-40be-4e0a-b749-d9f833bfed2d"
      },
      {
        "code" : "61692d91-69b8-4830-9453-3d58454e49d3"
      },
      {
        "code" : "abe847e0-1ce0-44dc-a675-ce05b66f47e6"
      },
      {
        "code" : "03a3ebdb-9e2d-4be1-b32b-42f0bd2a3362"
      },
      {
        "code" : "d1e016b5-150a-4ac4-97ba-d3e19e28471e"
      }]
    }]
  }
}