{
  "resourceType" : "ValueSet",
  "id" : "KLConditionCodesTheraphy",
  "text" : {
    "status" : "extensions",
    "div" : "<div xmlns=\"http://www.w3.org/1999/xhtml\"><ul><li>Include these codes as defined in <a href=\"CodeSystem-FSIII.html\"><code>http://kl.dk/fhir/common/caresocial/CodeSystem/FSIII</code></a><table class=\"none\"><tr><td style=\"white-space:nowrap\"><b>Code</b></td><td><b>Display</b></td><td><b>Definition</b></td></tr><tr><td><a href=\"CodeSystem-FSIII.html#FSIII-1e199483-7201-43ef-a685-7fee7f4398ce\">1e199483-7201-43ef-a685-7fee7f4398ce</a></td><td>Af- og påklædning</td><td>Tage tøj og sko af og på i rækkefølge og i overensstemmelse med den sociale sammenhæng og de klimatiske forhold</td></tr><tr><td><a href=\"CodeSystem-FSIII.html#FSIII-1b5ad154-d22c-4949-a5db-c01ccefd64d9\">1b5ad154-d22c-4949-a5db-c01ccefd64d9</a></td><td>Balance</td><td>Funktioner relateret til kroppens balance</td></tr><tr><td><a href=\"CodeSystem-FSIII.html#FSIII-a2253dcc-4806-4491-af3a-373344a70ccc\">a2253dcc-4806-4491-af3a-373344a70ccc</a></td><td>Cirkulation</td><td>Funktioner relateret til det kardiovaskulære system</td></tr><tr><td><a href=\"CodeSystem-FSIII.html#FSIII-9c2c29fb-4df7-4be4-a72f-383b488d575d\">9c2c29fb-4df7-4be4-a72f-383b488d575d</a></td><td>Deltage i fritidsaktiviteter og fællesskaber</td><td>Deltage i enhver form for leg, forlystelses-, fælles- eller fritidsaktiviteter</td></tr><tr><td><a href=\"CodeSystem-FSIII.html#FSIII-1d9759c6-6526-4d07-994a-5dee3fa65177\">1d9759c6-6526-4d07-994a-5dee3fa65177</a></td><td>Energi og handlekraft</td><td>Mentale funktioner af fysiologisk og psykologisk art, som får personen til at opnå tilfredsstillelse af specifikke behov og overordnede mål på en vedholdende måde</td></tr><tr><td><a href=\"CodeSystem-FSIII.html#FSIII-271c791c-7b6e-4a43-bf2f-d2a815386749\">271c791c-7b6e-4a43-bf2f-d2a815386749</a></td><td>Færden med transportmidler</td><td>Bruge transportmidler som passager eller chauffør til at komme omkring</td></tr><tr><td><a href=\"CodeSystem-FSIII.html#FSIII-c0624874-bdd4-4879-99c5-3a7330f83cc9\">c0624874-bdd4-4879-99c5-3a7330f83cc9</a></td><td>Fødeindtagelse</td><td>Indtagelse og bearbejdning af føde og væske gennem munden</td></tr><tr><td><a href=\"CodeSystem-FSIII.html#FSIII-d377b371-64f5-416c-93f3-852e437ae1cb\">d377b371-64f5-416c-93f3-852e437ae1cb</a></td><td>Følelsesfunktioner</td><td>Mentale funktioner forbundet med følelser og affektive komponenter i sindet</td></tr><tr><td><a href=\"CodeSystem-FSIII.html#FSIII-3f27a7bc-790d-444e-bcf4-6e22a6b1da7e\">3f27a7bc-790d-444e-bcf4-6e22a6b1da7e</a></td><td>Gang og bevægelse</td><td>Bevæge sig fra et sted til et andet i forskellige omgivelser</td></tr><tr><td><a href=\"CodeSystem-FSIII.html#FSIII-cffd4ef7-0282-4a68-a542-bae128172047\">cffd4ef7-0282-4a68-a542-bae128172047</a></td><td>Gå på toilet</td><td>Planlægge og udføre toiletbesøg til udskillelse af affaldsstoffer og efterfølgende rengøring</td></tr><tr><td><a href=\"CodeSystem-FSIII.html#FSIII-56860429-eabe-4d48-b8ad-d7f7b28f6df5\">56860429-eabe-4d48-b8ad-d7f7b28f6df5</a></td><td>Hukommelse</td><td>Mentale funktioner bestemmende for registrering, lagring og genkaldelse af informationer efter behov</td></tr><tr><td><a href=\"CodeSystem-FSIII.html#FSIII-713fcbca-3776-4fb5-b423-2b82fcab7865\">713fcbca-3776-4fb5-b423-2b82fcab7865</a></td><td>Håndtere genstande</td><td>Bære, flytte og håndtere genstande med hænder og arme</td></tr><tr><td><a href=\"CodeSystem-FSIII.html#FSIII-bd088375-65fc-4e1d-9a8b-78dc918e6581\">bd088375-65fc-4e1d-9a8b-78dc918e6581</a></td><td>Indkøb</td><td>Planlægge og foretage indkøb der er nødvendige i dagligdagen</td></tr><tr><td><a href=\"CodeSystem-FSIII.html#FSIII-064f983b-5ec5-40a3-bc90-c3fcec6b6ef5\">064f983b-5ec5-40a3-bc90-c3fcec6b6ef5</a></td><td>Kommunikation</td><td>Forstå og fremstille meddelelser samt anvende udstyr til kommunikationsformål</td></tr><tr><td><a href=\"CodeSystem-FSIII.html#FSIII-d6a26f74-bff7-40e0-95d5-0b382119ad6d\">d6a26f74-bff7-40e0-95d5-0b382119ad6d</a></td><td>Koordination</td><td>Kontrol over og koordinering af viljebestemte bevægelser</td></tr><tr><td><a href=\"CodeSystem-FSIII.html#FSIII-dc2691db-fcc5-406f-a790-3c1f2f91c6b9\">dc2691db-fcc5-406f-a790-3c1f2f91c6b9</a></td><td>Kropspleje</td><td>Pleje af de dele af kroppen, som behøver anden pleje end vask og tørring</td></tr><tr><td><a href=\"CodeSystem-FSIII.html#FSIII-b53bca74-fd3f-4127-89ae-1a39d7836b93\">b53bca74-fd3f-4127-89ae-1a39d7836b93</a></td><td>Lave husligt arbejde</td><td>Planlægge og udføre aktiviteter i hjemmet mhp at passe de fysiske omgivelser og holde rent og hygiejnisk</td></tr><tr><td><a href=\"CodeSystem-FSIII.html#FSIII-2bd07f7c-e6bb-424b-ab8f-f7c1de2afe80\">2bd07f7c-e6bb-424b-ab8f-f7c1de2afe80</a></td><td>Lave mad</td><td>Planlægge, tilberede og servere enkle eller sammensatte måltider til sig selv og andre</td></tr><tr><td><a href=\"CodeSystem-FSIII.html#FSIII-3c366bd0-0c87-4f2d-a755-0fba564c7a9d\">3c366bd0-0c87-4f2d-a755-0fba564c7a9d</a></td><td>Ledfunktion</td><td>Funktioner relateret til ledbevægelighed og -stabilitet</td></tr><tr><td><a href=\"CodeSystem-FSIII.html#FSIII-3bba13c9-c429-408e-b82c-3f2bf25b8d39\">3bba13c9-c429-408e-b82c-3f2bf25b8d39</a></td><td>Læring og anvendelse af viden</td><td>Udvikle og anvende viden mhp problemløsning og beslutningstagen</td></tr><tr><td><a href=\"CodeSystem-FSIII.html#FSIII-396c3048-410b-46a8-89e6-ba89cd0e8fda\">396c3048-410b-46a8-89e6-ba89cd0e8fda</a></td><td>Muskelfunktion</td><td>Funktioner relateret til muskelstyrke, -udholdenhed og -tonus</td></tr><tr><td><a href=\"CodeSystem-FSIII.html#FSIII-eec8fc0a-7a30-49ea-ba3d-1c1d3cb50bfb\">eec8fc0a-7a30-49ea-ba3d-1c1d3cb50bfb</a></td><td>Oplevelse af egen krop</td><td>Mentale funktioner bestemmende for repræsentation og bevidsthed om egen krop</td></tr><tr><td><a href=\"CodeSystem-FSIII.html#FSIII-36248229-67ac-4f5a-9446-b72c7208e34d\">36248229-67ac-4f5a-9446-b72c7208e34d</a></td><td>Opmærksomhed</td><td>Mentale funktioner bestemmende for fokusering på eksterne stimuli eller indre oplevelser så længe som nødvendigt</td></tr><tr><td><a href=\"CodeSystem-FSIII.html#FSIII-95fbdaed-00a4-461e-961d-629322c89914\">95fbdaed-00a4-461e-961d-629322c89914</a></td><td>Orienteringsevne</td><td>Mentale funktioner bestemmende for kendskab til og konstatering af relationerne til en selv, til andre, til tid, sted og andre omgivelser</td></tr><tr><td><a href=\"CodeSystem-FSIII.html#FSIII-2c99f93c-4459-471d-a6b8-303d32c15ed6\">2c99f93c-4459-471d-a6b8-303d32c15ed6</a></td><td>Overordnede kognitive funktioner</td><td>Mentale funktioner omfattende kompleks målrettet adfærd, såkaldte eksekutive funktioner</td></tr><tr><td><a href=\"CodeSystem-FSIII.html#FSIII-87a689e9-fe3b-4696-a15f-07b7be8fecf4\">87a689e9-fe3b-4696-a15f-07b7be8fecf4</a></td><td>Psykomotoriske funktioner</td><td>Mentale funktioner som styrer motoriske og psykologiske forhold på det kropslige plan</td></tr><tr><td><a href=\"CodeSystem-FSIII.html#FSIII-fa0028ca-72c5-4180-aefe-7b696698b196\">fa0028ca-72c5-4180-aefe-7b696698b196</a></td><td>Respiration</td><td>Funktioner relateret til vejrtrækning</td></tr><tr><td><a href=\"CodeSystem-FSIII.html#FSIII-04d9580e-669a-42d5-b20f-3c651ad5b8bf\">04d9580e-669a-42d5-b20f-3c651ad5b8bf</a></td><td>Samspil og kontakt</td><td>Indgå i relationer og samspil med andre mennesker på en kontekstuelt og socialt passende måde</td></tr><tr><td><a href=\"CodeSystem-FSIII.html#FSIII-2d3a12d0-c0d9-4702-a96e-1d7824c80c6c\">2d3a12d0-c0d9-4702-a96e-1d7824c80c6c</a></td><td>Sanser</td><td>Fund og funktioner relateret til det sensoriske nervesystem</td></tr><tr><td><a href=\"CodeSystem-FSIII.html#FSIII-40cbf3ef-9ec0-4795-bb3b-ea7c788b49e2\">40cbf3ef-9ec0-4795-bb3b-ea7c788b49e2</a></td><td>Smerter</td><td>Fund relateret til smerter</td></tr><tr><td><a href=\"CodeSystem-FSIII.html#FSIII-a05628c5-0128-42f7-844c-0f8261041328\">a05628c5-0128-42f7-844c-0f8261041328</a></td><td>Spise og drikke</td><td>Tage mad og drikke fra bord og føre til mund og spise og drikke på en kulturelt acceptabel måde</td></tr><tr><td><a href=\"CodeSystem-FSIII.html#FSIII-263a2c2f-7ae2-4264-8808-7e8216b1a118\">263a2c2f-7ae2-4264-8808-7e8216b1a118</a></td><td>Sår og cicatriser</td><td>Fund relateret til cicatriser og sår herunder tryksår</td></tr><tr><td><a href=\"CodeSystem-FSIII.html#FSIII-a2e013fb-7c91-4c5a-90c6-d119ff3e0ce8\">a2e013fb-7c91-4c5a-90c6-d119ff3e0ce8</a></td><td>Udføre daglige rutiner</td><td>Udføre simple, komplekse og sammensatte handlinger til planlægning, styring og gennemførelse af dagligt tilbagevendende rutiner eller pligter</td></tr><tr><td><a href=\"CodeSystem-FSIII.html#FSIII-acb817ea-63aa-4d7e-aa67-f557c73f7c8a\">acb817ea-63aa-4d7e-aa67-f557c73f7c8a</a></td><td>Udholdenhed</td><td>Funktioner bestemmende for respiratorisk og kardiovaskulær kapacitet, som er nødvendig ved fysisk anstrengelse</td></tr><tr><td><a href=\"CodeSystem-FSIII.html#FSIII-5f2310b3-cad1-43f6-9dc7-d982da141860\">5f2310b3-cad1-43f6-9dc7-d982da141860</a></td><td>Varetage beskæftigelse</td><td>Deltage i alle aspekter af beskæftigelse</td></tr><tr><td><a href=\"CodeSystem-FSIII.html#FSIII-91fbebf5-9cd2-4a95-ab7f-3e94e635253e\">91fbebf5-9cd2-4a95-ab7f-3e94e635253e</a></td><td>Varetage egen sundhed</td><td>Sikre sit velvære, helbred og fysiske og psykiske velbefindende</td></tr><tr><td><a href=\"CodeSystem-FSIII.html#FSIII-73642409-bcd7-41b7-a2ed-50ae37352167\">73642409-bcd7-41b7-a2ed-50ae37352167</a></td><td>Varetage uddannelse</td><td>Deltage i grundlæggende læring, skole eller uddannelse</td></tr><tr><td><a href=\"CodeSystem-FSIII.html#FSIII-0c126894-60e1-4781-96b7-9b227677bfb6\">0c126894-60e1-4781-96b7-9b227677bfb6</a></td><td>Vaske sig</td><td>Vaske og tørre sig på kroppen og kropsdele med anvendelse af vand og passende rensemidler</td></tr><tr><td><a href=\"CodeSystem-FSIII.html#FSIII-2a641de6-1017-4647-a0fb-c3c8b7b1f43e\">2a641de6-1017-4647-a0fb-c3c8b7b1f43e</a></td><td>Ændre og opretholde kropsstilling</td><td>Ændre kropsstilling og forflytte sig fra et sted til et andet</td></tr><tr><td><a href=\"CodeSystem-FSIII.html#FSIII-65ca1484-390b-4f1e-ba14-86a170ba75b9\">65ca1484-390b-4f1e-ba14-86a170ba75b9</a></td><td>Ødem</td><td>Fund relateret til hævelser</td></tr></table></li></ul></div>"
  },
  "url" : "http://kl.dk/fhir/common/caresocial/ValueSet/KLConditionCodesTheraphy",
  "version" : "0.7.0",
  "name" : "KLConditionCodesTheraphy",
  "title" : "KLTilstandKoderTræning",
  "status" : "draft",
  "date" : "2023-07-06T08:45:08+02:00",
  "publisher" : "Kommunernes landsforening",
  "contact" : [{
    "name" : "Kommunernes landsforening",
    "telecom" : [{
      "system" : "url",
      "value" : "http://kl.dk"
    },
    {
      "system" : "email",
      "value" : "kl@kl.dk"
    }]
  }],
  "description" : "Danish municipality theraphy condition codes",
  "jurisdiction" : [{
    "coding" : [{
      "system" : "urn:iso:std:iso:3166",
      "code" : "DNK",
      "display" : "Denmark"
    }]
  }],
  "compose" : {
    "include" : [{
      "system" : "http://kl.dk/fhir/common/caresocial/CodeSystem/FSIII",
      "concept" : [{
        "code" : "1e199483-7201-43ef-a685-7fee7f4398ce"
      },
      {
        "code" : "1b5ad154-d22c-4949-a5db-c01ccefd64d9"
      },
      {
        "code" : "a2253dcc-4806-4491-af3a-373344a70ccc"
      },
      {
        "code" : "9c2c29fb-4df7-4be4-a72f-383b488d575d"
      },
      {
        "code" : "1d9759c6-6526-4d07-994a-5dee3fa65177"
      },
      {
        "code" : "271c791c-7b6e-4a43-bf2f-d2a815386749"
      },
      {
        "code" : "c0624874-bdd4-4879-99c5-3a7330f83cc9"
      },
      {
        "code" : "d377b371-64f5-416c-93f3-852e437ae1cb"
      },
      {
        "code" : "3f27a7bc-790d-444e-bcf4-6e22a6b1da7e"
      },
      {
        "code" : "cffd4ef7-0282-4a68-a542-bae128172047"
      },
      {
        "code" : "56860429-eabe-4d48-b8ad-d7f7b28f6df5"
      },
      {
        "code" : "713fcbca-3776-4fb5-b423-2b82fcab7865"
      },
      {
        "code" : "bd088375-65fc-4e1d-9a8b-78dc918e6581"
      },
      {
        "code" : "064f983b-5ec5-40a3-bc90-c3fcec6b6ef5"
      },
      {
        "code" : "d6a26f74-bff7-40e0-95d5-0b382119ad6d"
      },
      {
        "code" : "dc2691db-fcc5-406f-a790-3c1f2f91c6b9"
      },
      {
        "code" : "b53bca74-fd3f-4127-89ae-1a39d7836b93"
      },
      {
        "code" : "2bd07f7c-e6bb-424b-ab8f-f7c1de2afe80"
      },
      {
        "code" : "3c366bd0-0c87-4f2d-a755-0fba564c7a9d"
      },
      {
        "code" : "3bba13c9-c429-408e-b82c-3f2bf25b8d39"
      },
      {
        "code" : "396c3048-410b-46a8-89e6-ba89cd0e8fda"
      },
      {
        "code" : "eec8fc0a-7a30-49ea-ba3d-1c1d3cb50bfb"
      },
      {
        "code" : "36248229-67ac-4f5a-9446-b72c7208e34d"
      },
      {
        "code" : "95fbdaed-00a4-461e-961d-629322c89914"
      },
      {
        "code" : "2c99f93c-4459-471d-a6b8-303d32c15ed6"
      },
      {
        "code" : "87a689e9-fe3b-4696-a15f-07b7be8fecf4"
      },
      {
        "code" : "fa0028ca-72c5-4180-aefe-7b696698b196"
      },
      {
        "code" : "04d9580e-669a-42d5-b20f-3c651ad5b8bf"
      },
      {
        "code" : "2d3a12d0-c0d9-4702-a96e-1d7824c80c6c"
      },
      {
        "code" : "40cbf3ef-9ec0-4795-bb3b-ea7c788b49e2"
      },
      {
        "code" : "a05628c5-0128-42f7-844c-0f8261041328"
      },
      {
        "code" : "263a2c2f-7ae2-4264-8808-7e8216b1a118"
      },
      {
        "code" : "a2e013fb-7c91-4c5a-90c6-d119ff3e0ce8"
      },
      {
        "code" : "acb817ea-63aa-4d7e-aa67-f557c73f7c8a"
      },
      {
        "code" : "5f2310b3-cad1-43f6-9dc7-d982da141860"
      },
      {
        "code" : "91fbebf5-9cd2-4a95-ab7f-3e94e635253e"
      },
      {
        "code" : "73642409-bcd7-41b7-a2ed-50ae37352167"
      },
      {
        "code" : "0c126894-60e1-4781-96b7-9b227677bfb6"
      },
      {
        "code" : "2a641de6-1017-4647-a0fb-c3c8b7b1f43e"
      },
      {
        "code" : "65ca1484-390b-4f1e-ba14-86a170ba75b9"
      }]
    }]
  }
}