{
  "resourceType" : "ValueSet",
  "id" : "KLGeneralInformationFSIII",
  "text" : {
    "status" : "extensions",
    "div" : "<div xmlns=\"http://www.w3.org/1999/xhtml\"><ul><li>Include these codes as defined in <a href=\"CodeSystem-FSIII.html\"><code>http://kl.dk/fhir/common/caresocial/CodeSystem/FSIII</code></a><table class=\"none\"><tr><td style=\"white-space:nowrap\"><b>Code</b></td><td><b>Display</b></td><td><b>Definition</b></td></tr><tr><td><a href=\"CodeSystem-FSIII.html#FSIII-F12\">F12</a></td><td>Boligens indretning</td><td>En beskrivelse af boligens fysiske rammer og omgivelser, der har betydning for borgerens hverdagsliv og funktionsevne.</td></tr><tr><td><a href=\"CodeSystem-FSIII.html#FSIII-F2\">F2</a></td><td>Motivation</td><td>Drivkraften bag at borgeren handler på en bestemt måde eller går i gang med/opretholder en opgave/indsats.</td></tr><tr><td><a href=\"CodeSystem-FSIII.html#FSIII-F6\">F6</a></td><td>Uddannelse og job</td><td>Nuværende eller tidligere uddannelsesog/eller erhvervsmæssig baggrund. Fx folkeskole, erhvervsuddannelse og videregående uddannelse.</td></tr><tr><td><a href=\"CodeSystem-FSIII.html#FSIII-F8\">F8</a></td><td>Netværk</td><td>Personer som er tæt på borgeren, og som giver praktisk og/eller følelsesmæssigt støtte og omsorg overfor borgeren. Netværk kan være offentligt eller privat. Et offentligt netværk består af personlige hjælpere, sundhedspersonale og andre professionelle primært omsorgsgivere. Privat netværk er familie, slægtning, venner og bekendtskaber.</td></tr><tr><td><a href=\"CodeSystem-FSIII.html#FSIII-F7\">F7</a></td><td>Livshistorie</td><td>En beskrivelse af borgerens oplevelse af væsentlige begivenheder, interesser og gøremål igennem livet.</td></tr><tr><td><a href=\"CodeSystem-FSIII.html#FSIII-F5\">F5</a></td><td>Vaner</td><td>Regelmæssig adfærd som borgeren har tillært gennem stadig gentagelse og udførelse helt eller delvist ubevidst.Vaner er fx døgnrytmen, måden at blive tiltalt på, kontakt med medmennesker og relationer, måde at anskue verden på.</td></tr><tr><td><a href=\"CodeSystem-FSIII.html#FSIII-F4\">F4</a></td><td>Roller</td><td>De roller som er særligt vigtige for borgeren i forhold til familie, arbejde og samfund.</td></tr><tr><td><a href=\"CodeSystem-FSIII.html#FSIII-F3\">F3</a></td><td>Ressourcer</td><td>De fysiske eller mentale kræfter, som borgerenen i et vist omfang har til rådighed og kan udnytte. Fysiske kræfter kan fx være i form af fysisk sundhed og styrke. Mentale kræfter kan fx være i form af psykisk sundhed og styrke, herunder tanker og måder at forholde sig til situationer og andre mennesker på.</td></tr><tr><td><a href=\"CodeSystem-FSIII.html#FSIII-F9\">F9</a></td><td>Helbredsoplysninger</td><td>Helbredsoplysninger: Aktuelle eller tidligere sygdomme og handicap der har betydning for borgerens situation. Sundhedsfaglige kontakter: Medarbejder eller enheder indenfor sundhedsvæsenet borgeren er tilknyttet, fx øjenlæge, tandlæge, fodterapeut eller afdeling/ambulatorium.</td></tr><tr><td><a href=\"CodeSystem-FSIII.html#FSIII-F1\">F1</a></td><td>Mestring</td><td>Borgerens bevidste eller ubevidste håndtering af livet/sygdommen – både udfordringer og muligheder.</td></tr><tr><td><a href=\"CodeSystem-FSIII.html#FSIII-F10\">F10</a></td><td>Hjælpemidler</td><td>Udstyr, produkter og teknologi som anvendes af borgeren i daglige aktiviteter, inkl. sådanne som er tilpasset eller særligt fremstillet til, implanteret i, placeret på eller nær personen, som anvender dem. (Inkl. almindelige genstande og hjælpemidler og teknologi til personlig anvendelse).</td></tr></table></li></ul></div>"
  },
  "url" : "http://kl.dk/fhir/common/caresocial/ValueSet/KLGeneralInformationFSIII",
  "version" : "0.7.0",
  "name" : "KLGeneralInformationFSIII",
  "title" : "KLGenerelInformationFSIII",
  "status" : "draft",
  "date" : "2023-07-06T08:45:08+02:00",
  "publisher" : "Kommunernes landsforening",
  "contact" : [{
    "name" : "Kommunernes landsforening",
    "telecom" : [{
      "system" : "url",
      "value" : "http://kl.dk"
    },
    {
      "system" : "email",
      "value" : "kl@kl.dk"
    }]
  }],
  "description" : "Generel information codes (observations) as defined by FSIII",
  "jurisdiction" : [{
    "coding" : [{
      "system" : "urn:iso:std:iso:3166",
      "code" : "DNK",
      "display" : "Denmark"
    }]
  }],
  "compose" : {
    "include" : [{
      "system" : "http://kl.dk/fhir/common/caresocial/CodeSystem/FSIII",
      "concept" : [{
        "code" : "F12"
      },
      {
        "code" : "F2"
      },
      {
        "code" : "F6"
      },
      {
        "code" : "F8"
      },
      {
        "code" : "F7"
      },
      {
        "code" : "F5"
      },
      {
        "code" : "F4"
      },
      {
        "code" : "F3"
      },
      {
        "code" : "F9"
      },
      {
        "code" : "F1"
      },
      {
        "code" : "F10"
      }]
    }]
  }
}