{
  "resourceType" : "ValueSet",
  "id" : "KLFollowUpCodesFFB",
  "text" : {
    "status" : "generated",
    "div" : "<div xmlns=\"http://www.w3.org/1999/xhtml\"><ul><li>Include these codes as defined in <a href=\"CodeSystem-FFB.html\"><code>http://kl.dk/fhir/common/caresocial/CodeSystem/FFB</code></a><table class=\"none\"><tr><td style=\"white-space:nowrap\"><b>Code</b></td><td><b>Display</b></td></tr><tr><td><a href=\"CodeSystem-FFB.html#FFB-1e971d84-10a4-4ef8-a8b3-0daa4c7d088a\">1e971d84-10a4-4ef8-a8b3-0daa4c7d088a</a></td><td>Træf afgørelse om fortsættelse af indsats</td></tr><tr><td><a href=\"CodeSystem-FFB.html#FFB-b4c01aa8-82fd-44e4-83ff-ca19ec02c779\">b4c01aa8-82fd-44e4-83ff-ca19ec02c779</a></td><td>Træf afgørelse om afslutning af indsats og visiter til ny</td></tr><tr><td><a href=\"CodeSystem-FFB.html#FFB-d7d03656-4c87-4e67-9146-aa5990460f16\">d7d03656-4c87-4e67-9146-aa5990460f16</a></td><td>Træf afgørelse om afslutning af indsats</td></tr></table></li></ul></div>"
  },
  "url" : "http://kl.dk/fhir/common/caresocial/ValueSet/KLFollowUpCodesFFB",
  "version" : "0.7.0",
  "name" : "KLFollowUpCodesFFB",
  "title" : "KLOpfølgningKoderFFB",
  "status" : "draft",
  "date" : "2023-07-06T08:45:08+02:00",
  "publisher" : "Kommunernes landsforening",
  "contact" : [{
    "name" : "Kommunernes landsforening",
    "telecom" : [{
      "system" : "url",
      "value" : "http://kl.dk"
    },
    {
      "system" : "email",
      "value" : "kl@kl.dk"
    }]
  }],
  "description" : "Follow-up codes used in FFB",
  "jurisdiction" : [{
    "coding" : [{
      "system" : "urn:iso:std:iso:3166",
      "code" : "DNK",
      "display" : "Denmark"
    }]
  }],
  "compose" : {
    "include" : [{
      "system" : "http://kl.dk/fhir/common/caresocial/CodeSystem/FFB",
      "concept" : [{
        "code" : "1e971d84-10a4-4ef8-a8b3-0daa4c7d088a"
      },
      {
        "code" : "b4c01aa8-82fd-44e4-83ff-ca19ec02c779"
      },
      {
        "code" : "d7d03656-4c87-4e67-9146-aa5990460f16"
      }]
    }]
  }
}