{
  "resourceType" : "ValueSet",
  "id" : "KLHomeCareAreasFSIII",
  "text" : {
    "status" : "generated",
    "div" : "<div xmlns=\"http://www.w3.org/1999/xhtml\"><ul><li>Include these codes as defined in <a href=\"CodeSystem-FSIII.html\"><code>http://kl.dk/fhir/common/caresocial/CodeSystem/FSIII</code></a><table class=\"none\"><tr><td style=\"white-space:nowrap\"><b>Code</b></td><td><b>Display</b></td></tr><tr><td><a href=\"CodeSystem-FSIII.html#FSIII-J1\">J1</a></td><td>Egenomsorg</td></tr><tr><td><a href=\"CodeSystem-FSIII.html#FSIII-J5\">J5</a></td><td>Samfundsliv</td></tr><tr><td><a href=\"CodeSystem-FSIII.html#FSIII-J2\">J2</a></td><td>Praktiske opgaver</td></tr><tr><td><a href=\"CodeSystem-FSIII.html#FSIII-J3\">J3</a></td><td>Mobilitet</td></tr><tr><td><a href=\"CodeSystem-FSIII.html#FSIII-J4\">J4</a></td><td>Mentale funktioner</td></tr></table></li></ul></div>"
  },
  "url" : "http://kl.dk/fhir/common/caresocial/ValueSet/KLHomeCareAreasFSIII",
  "version" : "0.7.0",
  "name" : "KLHomeCareAreasFSIII",
  "title" : "KLHjemmeplejeOmråderFSIII",
  "status" : "draft",
  "date" : "2023-07-06T08:45:08+02:00",
  "publisher" : "Kommunernes landsforening",
  "contact" : [{
    "name" : "Kommunernes landsforening",
    "telecom" : [{
      "system" : "url",
      "value" : "http://kl.dk"
    },
    {
      "system" : "email",
      "value" : "kl@kl.dk"
    }]
  }],
  "description" : "Observation codes for the five home care areas as defined by FSIII",
  "jurisdiction" : [{
    "coding" : [{
      "system" : "urn:iso:std:iso:3166",
      "code" : "DNK",
      "display" : "Denmark"
    }]
  }],
  "compose" : {
    "include" : [{
      "system" : "http://kl.dk/fhir/common/caresocial/CodeSystem/FSIII",
      "concept" : [{
        "code" : "J1"
      },
      {
        "code" : "J5"
      },
      {
        "code" : "J2"
      },
      {
        "code" : "J3"
      },
      {
        "code" : "J4"
      }]
    }]
  }
}