[
  {
    "id" : "CareSocialCodes",
    "type" : "CodeSystem",
    "url" : "http://fhir.kl.dk/term/CodeSystem/CareSocialCodes",
    "version" : "2.1.0",
    "name" : "CareSocialCodes"
  },
  {
    "id" : "FBOE",
    "type" : "CodeSystem",
    "url" : "http://fhir.kl.dk/term/CodeSystem/FBOE",
    "version" : "2.1.0",
    "name" : "FBOE"
  },
  {
    "id" : "KLCommonproprietary",
    "type" : "CodeSystem",
    "url" : "http://fhir.kl.dk/term/CodeSystem/KLCommonproprietary",
    "version" : "2.1.0",
    "name" : "KLCommonproprietary"
  },
  {
    "id" : "kl.dk.fhir.term",
    "type" : "ImplementationGuide",
    "url" : "http://fhir.kl.dk/term/ImplementationGuide/kl.dk.fhir.term",
    "version" : "2.1.0",
    "name" : "KLTerm"
  },
  {
    "id" : "CancellationTypes",
    "type" : "ValueSet",
    "url" : "http://fhir.kl.dk/term/ValueSet/CancellationTypes",
    "version" : "2.1.0",
    "name" : "CancellationTypes"
  },
  {
    "id" : "KLCarePlanCategoryCodes",
    "type" : "ValueSet",
    "url" : "http://fhir.kl.dk/term/ValueSet/KLCarePlanCategoryCodes",
    "version" : "2.1.0",
    "name" : "KLCarePlanCategoryCodes"
  },
  {
    "id" : "KLChangeValueCodes",
    "type" : "ValueSet",
    "url" : "http://fhir.kl.dk/term/ValueSet/KLChangeValueCodes",
    "version" : "2.1.0",
    "name" : "KLChangeValueCodes"
  },
  {
    "id" : "KLChangeValueCodesFFB",
    "type" : "ValueSet",
    "url" : "http://fhir.kl.dk/term/ValueSet/KLChangeValueCodesFFB",
    "version" : "2.1.0",
    "name" : "KLChangeValueCodesFFB"
  },
  {
    "id" : "KLChangeValueCodesFSIII",
    "type" : "ValueSet",
    "url" : "http://fhir.kl.dk/term/ValueSet/KLChangeValueCodesFSIII",
    "version" : "2.1.0",
    "name" : "KLChangeValueCodesFSIII"
  },
  {
    "id" : "KLCitizenObservationCodesFSIII",
    "type" : "ValueSet",
    "url" : "http://fhir.kl.dk/term/ValueSet/KLCitizenObservationCodesFSIII",
    "version" : "2.1.0",
    "name" : "KLCitizenObservationCodesFSIII"
  },
  {
    "id" : "KLCitizenObservationResultCodesFSIII",
    "type" : "ValueSet",
    "url" : "http://fhir.kl.dk/term/ValueSet/KLCitizenObservationResultCodesFSIII",
    "version" : "2.1.0",
    "name" : "KLCitizenObservationResultCodesFSIII"
  },
  {
    "id" : "KLComplicationCodesSCT",
    "type" : "ValueSet",
    "url" : "http://fhir.kl.dk/term/ValueSet/KLComplicationCodesSCT",
    "version" : "2.1.0",
    "name" : "KLComplicationCodesSCT"
  },
  {
    "id" : "KLConditionADCodesFFB",
    "type" : "ValueSet",
    "url" : "http://fhir.kl.dk/term/ValueSet/KLConditionADCodesFFB",
    "version" : "2.1.0",
    "name" : "KLConditionADCodesFFB"
  },
  {
    "id" : "KLConditionCodes",
    "type" : "ValueSet",
    "url" : "http://fhir.kl.dk/term/ValueSet/KLConditionCodes",
    "version" : "2.1.0",
    "name" : "KLConditionCodes"
  },
  {
    "id" : "KLConditionCodesFFB",
    "type" : "ValueSet",
    "url" : "http://fhir.kl.dk/term/ValueSet/KLConditionCodesFFB",
    "version" : "2.1.0",
    "name" : "KLConditionCodesFFB"
  },
  {
    "id" : "KLConditionCodesFSIII",
    "type" : "ValueSet",
    "url" : "http://fhir.kl.dk/term/ValueSet/KLConditionCodesFSIII",
    "version" : "2.1.0",
    "name" : "KLConditionCodesFSIII"
  },
  {
    "id" : "KLConditionCodesHomeCare",
    "type" : "ValueSet",
    "url" : "http://fhir.kl.dk/term/ValueSet/KLConditionCodesHomeCare",
    "version" : "2.1.0",
    "name" : "KLConditionCodesHomeCare"
  },
  {
    "id" : "KLConditionCodesNursing",
    "type" : "ValueSet",
    "url" : "http://fhir.kl.dk/term/ValueSet/KLConditionCodesNursing",
    "version" : "2.1.0",
    "name" : "KLConditionCodesNursing"
  },
  {
    "id" : "KLConditionCodesPrevention",
    "type" : "ValueSet",
    "url" : "http://fhir.kl.dk/term/ValueSet/KLConditionCodesPrevention",
    "version" : "2.1.0",
    "name" : "KLConditionCodesPrevention"
  },
  {
    "id" : "KLConditionCodesTheraphy",
    "type" : "ValueSet",
    "url" : "http://fhir.kl.dk/term/ValueSet/KLConditionCodesTheraphy",
    "version" : "2.1.0",
    "name" : "KLConditionCodesTheraphy"
  },
  {
    "id" : "KLConditionFFCodesFFB",
    "type" : "ValueSet",
    "url" : "http://fhir.kl.dk/term/ValueSet/KLConditionFFCodesFFB",
    "version" : "2.1.0",
    "name" : "KLConditionFFCodesFFB"
  },
  {
    "id" : "KLConditionOCodesFFB",
    "type" : "ValueSet",
    "url" : "http://fhir.kl.dk/term/ValueSet/KLConditionOCodesFFB",
    "version" : "2.1.0",
    "name" : "KLConditionOCodesFFB"
  },
  {
    "id" : "KLConditionsAndTargetGroupsFFB",
    "type" : "ValueSet",
    "url" : "http://fhir.kl.dk/term/ValueSet/KLConditionsAndTargetGroupsFFB",
    "version" : "2.1.0",
    "name" : "KLConditionsAndTargetGroupsFFB"
  },
  {
    "id" : "KLConsentToLiasing",
    "type" : "ValueSet",
    "url" : "http://fhir.kl.dk/term/ValueSet/KLConsentToLiasing",
    "version" : "2.1.0",
    "name" : "KLConsentToLiasing"
  },
  {
    "id" : "KLEncounterTypes",
    "type" : "ValueSet",
    "url" : "http://fhir.kl.dk/term/ValueSet/KLEncounterTypes",
    "version" : "2.1.0",
    "name" : "KLEncounterTypes"
  },
  {
    "id" : "KLEvaluationTypeCodes",
    "type" : "ValueSet",
    "url" : "http://fhir.kl.dk/term/ValueSet/KLEvaluationTypeCodes",
    "version" : "2.1.0",
    "name" : "KLEvaluationTypeCodes"
  },
  {
    "id" : "KLEvaluationTypeCodesSCT",
    "type" : "ValueSet",
    "url" : "http://fhir.kl.dk/term/ValueSet/KLEvaluationTypeCodesSCT",
    "version" : "2.1.0",
    "name" : "KLEvaluationTypeCodesSCT"
  },
  {
    "id" : "KLFollowUpCodes",
    "type" : "ValueSet",
    "url" : "http://fhir.kl.dk/term/ValueSet/KLFollowUpCodes",
    "version" : "2.1.0",
    "name" : "KLFollowUpCodes"
  },
  {
    "id" : "KLFollowUpCodesFFB",
    "type" : "ValueSet",
    "url" : "http://fhir.kl.dk/term/ValueSet/KLFollowUpCodesFFB",
    "version" : "2.1.0",
    "name" : "KLFollowUpCodesFFB"
  },
  {
    "id" : "KLFollowUpCodesFSIII",
    "type" : "ValueSet",
    "url" : "http://fhir.kl.dk/term/ValueSet/KLFollowUpCodesFSIII",
    "version" : "2.1.0",
    "name" : "KLFollowUpCodesFSIII"
  },
  {
    "id" : "KLGeneralInformationFSIII",
    "type" : "ValueSet",
    "url" : "http://fhir.kl.dk/term/ValueSet/KLGeneralInformationFSIII",
    "version" : "2.1.0",
    "name" : "KLGeneralInformationFSIII"
  },
  {
    "id" : "KLGoalTypeCodes",
    "type" : "ValueSet",
    "url" : "http://fhir.kl.dk/term/ValueSet/KLGoalTypeCodes",
    "version" : "2.1.0",
    "name" : "KLGoalTypeCodes"
  },
  {
    "id" : "KLHomeCareAreasFSIII",
    "type" : "ValueSet",
    "url" : "http://fhir.kl.dk/term/ValueSet/KLHomeCareAreasFSIII",
    "version" : "2.1.0",
    "name" : "KLHomeCareAreasFSIII"
  },
  {
    "id" : "KLHomeCareInterventionsFSIII",
    "type" : "ValueSet",
    "url" : "http://fhir.kl.dk/term/ValueSet/KLHomeCareInterventionsFSIII",
    "version" : "2.1.0",
    "name" : "KLHomeCareInterventionsFSIII"
  },
  {
    "id" : "KLImportanceLevelCodesFSIII",
    "type" : "ValueSet",
    "url" : "http://fhir.kl.dk/term/ValueSet/KLImportanceLevelCodesFSIII",
    "version" : "2.1.0",
    "name" : "KLImportanceLevelCodesFSIII"
  },
  {
    "id" : "KLInformationCodes",
    "type" : "ValueSet",
    "url" : "http://fhir.kl.dk/term/ValueSet/KLInformationCodes",
    "version" : "2.1.0",
    "name" : "KLInformationCodes"
  },
  {
    "id" : "KLInformationGatheringInvestigationCodes",
    "type" : "ValueSet",
    "url" : "http://fhir.kl.dk/term/ValueSet/KLInformationGatheringInvestigationCodes",
    "version" : "2.1.0",
    "name" : "KLInformationGatheringInvestigationCodes"
  },
  {
    "id" : "KLInformationGatheringTypeCodes",
    "type" : "ValueSet",
    "url" : "http://fhir.kl.dk/term/ValueSet/KLInformationGatheringTypeCodes",
    "version" : "2.1.0",
    "name" : "KLInformationGatheringTypeCodes"
  },
  {
    "id" : "KLInterventions",
    "type" : "ValueSet",
    "url" : "http://fhir.kl.dk/term/ValueSet/KLInterventions",
    "version" : "2.1.0",
    "name" : "KLInterventions"
  },
  {
    "id" : "KLInterventionsFFB",
    "type" : "ValueSet",
    "url" : "http://fhir.kl.dk/term/ValueSet/KLInterventionsFFB",
    "version" : "2.1.0",
    "name" : "KLInterventionsFFB"
  },
  {
    "id" : "KLInterventionsFSIII",
    "type" : "ValueSet",
    "url" : "http://fhir.kl.dk/term/ValueSet/KLInterventionsFSIII",
    "version" : "2.1.0",
    "name" : "KLInterventionsFSIII"
  },
  {
    "id" : "KLMatterOfInterestInformerFFB",
    "type" : "ValueSet",
    "url" : "http://fhir.kl.dk/term/ValueSet/KLMatterOfInterestInformerFFB",
    "version" : "2.1.0",
    "name" : "KLMatterOfInterestInformerFFB"
  },
  {
    "id" : "KLMatterOfInterestValues",
    "type" : "ValueSet",
    "url" : "http://fhir.kl.dk/term/ValueSet/KLMatterOfInterestValues",
    "version" : "2.1.0",
    "name" : "KLMatterOfInterestValues"
  },
  {
    "id" : "KLNeedsAssessmentCodesFFB",
    "type" : "ValueSet",
    "url" : "http://fhir.kl.dk/term/ValueSet/KLNeedsAssessmentCodesFFB",
    "version" : "2.1.0",
    "name" : "KLNeedsAssessmentCodesFFB"
  },
  {
    "id" : "KLNursingAreasFSIII",
    "type" : "ValueSet",
    "url" : "http://fhir.kl.dk/term/ValueSet/KLNursingAreasFSIII",
    "version" : "2.1.0",
    "name" : "KLNursingAreasFSIII"
  },
  {
    "id" : "KLNursingInterventionsFSIII",
    "type" : "ValueSet",
    "url" : "http://fhir.kl.dk/term/ValueSet/KLNursingInterventionsFSIII",
    "version" : "2.1.0",
    "name" : "KLNursingInterventionsFSIII"
  },
  {
    "id" : "KLObservationCodes",
    "type" : "ValueSet",
    "url" : "http://fhir.kl.dk/term/ValueSet/KLObservationCodes",
    "version" : "2.1.0",
    "name" : "KLObservationCodes"
  },
  {
    "id" : "KLPerformanceLevelCodesFSIII",
    "type" : "ValueSet",
    "url" : "http://fhir.kl.dk/term/ValueSet/KLPerformanceLevelCodesFSIII",
    "version" : "2.1.0",
    "name" : "KLPerformanceLevelCodesFSIII"
  },
  {
    "id" : "KLPreventionAreasFSIII",
    "type" : "ValueSet",
    "url" : "http://fhir.kl.dk/term/ValueSet/KLPreventionAreasFSIII",
    "version" : "2.1.0",
    "name" : "KLPreventionAreasFSIII"
  },
  {
    "id" : "KLPreventionInterventionsFSIII",
    "type" : "ValueSet",
    "url" : "http://fhir.kl.dk/term/ValueSet/KLPreventionInterventionsFSIII",
    "version" : "2.1.0",
    "name" : "KLPreventionInterventionsFSIII"
  },
  {
    "id" : "KLRequestFromFSIII",
    "type" : "ValueSet",
    "url" : "http://fhir.kl.dk/term/ValueSet/KLRequestFromFSIII",
    "version" : "2.1.0",
    "name" : "KLRequestFromFSIII"
  },
  {
    "id" : "KLServiceCodesFFB",
    "type" : "ValueSet",
    "url" : "http://fhir.kl.dk/term/ValueSet/KLServiceCodesFFB",
    "version" : "2.1.0",
    "name" : "KLServiceCodesFFB"
  },
  {
    "id" : "KLServicesTypes",
    "type" : "ValueSet",
    "url" : "http://fhir.kl.dk/term/ValueSet/KLServicesTypes",
    "version" : "2.1.0",
    "name" : "KLServicesTypes"
  },
  {
    "id" : "KLSeverities",
    "type" : "ValueSet",
    "url" : "http://fhir.kl.dk/term/ValueSet/KLSeverities",
    "version" : "2.1.0",
    "name" : "KLSeverities"
  },
  {
    "id" : "KLSeveritiesFFB",
    "type" : "ValueSet",
    "url" : "http://fhir.kl.dk/term/ValueSet/KLSeveritiesFFB",
    "version" : "2.1.0",
    "name" : "KLSeveritiesFFB"
  },
  {
    "id" : "KLSeveritiesFSIII",
    "type" : "ValueSet",
    "url" : "http://fhir.kl.dk/term/ValueSet/KLSeveritiesFSIII",
    "version" : "2.1.0",
    "name" : "KLSeveritiesFSIII"
  },
  {
    "id" : "KLTargetGroupsFFB",
    "type" : "ValueSet",
    "url" : "http://fhir.kl.dk/term/ValueSet/KLTargetGroupsFFB",
    "version" : "2.1.0",
    "name" : "KLTargetGroupsFFB"
  },
  {
    "id" : "KLTargetMeasureCodes",
    "type" : "ValueSet",
    "url" : "http://fhir.kl.dk/term/ValueSet/KLTargetMeasureCodes",
    "version" : "2.1.0",
    "name" : "KLTargetMeasureCodes"
  },
  {
    "id" : "KLThemesFFB",
    "type" : "ValueSet",
    "url" : "http://fhir.kl.dk/term/ValueSet/KLThemesFFB",
    "version" : "2.1.0",
    "name" : "KLThemesFFB"
  },
  {
    "id" : "KLTheraphyAreasFSIII",
    "type" : "ValueSet",
    "url" : "http://fhir.kl.dk/term/ValueSet/KLTheraphyAreasFSIII",
    "version" : "2.1.0",
    "name" : "KLTheraphyAreasFSIII"
  },
  {
    "id" : "KLTrainingInterventionsFSIII",
    "type" : "ValueSet",
    "url" : "http://fhir.kl.dk/term/ValueSet/KLTrainingInterventionsFSIII",
    "version" : "2.1.0",
    "name" : "KLTrainingInterventionsFSIII"
  },
  {
    "id" : "NPU",
    "type" : "CodeSystem",
    "url" : "urn:oid:1.2.208.176.2.1",
    "version" : "2.1.0",
    "name" : "NPU"
  },
  {
    "id" : "FSIII",
    "type" : "CodeSystem",
    "url" : "urn:oid:1.2.208.176.2.21",
    "version" : "2.1.0",
    "name" : "FSIII"
  },
  {
    "id" : "FFB",
    "type" : "CodeSystem",
    "url" : "urn:oid:1.2.208.176.2.22",
    "version" : "2.1.0",
    "name" : "FFB"
  }
]
