{
  "codeSystems" : [
    {
      "url" : "http://fhir.kl.dk/term/CodeSystem/CareSocialCodes",
      "version" : "2.1.0",
      "status" : "active",
      "name" : "CareSocialCodes",
      "title" : "CareSocialCodes",
      "description" : "Administrative/technical codes in Local Govenment Denmark (KL), associated with common use cases across areas or kl-core"
    },
    {
      "url" : "http://fhir.kl.dk/term/CodeSystem/FBOE",
      "version" : "2.1.0",
      "status" : "active",
      "name" : "FBOE",
      "title" : "FBOE",
      "description" : "Concepts used for standardizing documentation for Danish postpartum nursing/childrens health promotion program in schools (Da: Sundhedsplejen). The concepts are utilized in the National Database for Children and Youth (LDBU)."
    },
    {
      "url" : "http://fhir.kl.dk/term/CodeSystem/KLCommonproprietary",
      "version" : "2.1.0",
      "status" : "active",
      "name" : "KLCommonproprietary",
      "title" : "KLLokaleKoder",
      "description" : "Proprietary codes associated with KLCommonCareSocial, partial list, ID's likely to change."
    },
    {
      "url" : "urn:oid:1.2.208.176.2.1",
      "version" : "2.1.0",
      "status" : "active",
      "name" : "NPU",
      "title" : "NPU",
      "description" : "NPUcodes used in Danish municipalities",
      "oids" : ["1.2.208.176.2.1"]
    },
    {
      "url" : "urn:oid:1.2.208.176.2.21",
      "version" : "2.1.0",
      "status" : "active",
      "name" : "FSIII",
      "title" : "FSIII",
      "description" : "Codes from FSIII",
      "oids" : ["1.2.208.176.2.21"]
    },
    {
      "url" : "urn:oid:1.2.208.176.2.22",
      "version" : "2.1.0",
      "status" : "active",
      "name" : "FFB",
      "title" : "FFB",
      "description" : "Codes from FFB",
      "oids" : ["1.2.208.176.2.22"]
    }
  ]
}
