{
  "codeSystems" : [
    {
      "url" : "http://fhir.kl.dk/term/CodeSystem/CareSocialCodes",
      "version" : "2.2.0",
      "status" : "active",
      "name" : "CareSocialCodes",
      "title" : "CareSocialCodes",
      "description" : "Administrative/technical codes in Local Govenment Denmark (KL), associated with common use cases across areas or kl-core",
      "uses" : {
      },
      "ValueSet-KLEncounterTypes.html" : "KLKontaktTyper",
      "ValueSet-KLGoalTypeCodes.html" : "KLMålKategoriKoder",
      "ValueSet-KLTargetMeasureCodes.html" : "KLTypeAfObservationPåMål",
      "ValueSet-CancellationTypes.html" : "CancellationTypes",
      "ValueSet-KLCarePlanCategoryCodes.html" : "KLIndsatsforløbTypekoder",
      "ValueSet-KLInformationGatheringTypeCodes.html" : "KLOplysningsaktivitetsTypeKoder",
      "ValueSet-KLServicesTypes.html" : "KLServiceTyper",
      "ValueSet-KLEvaluationTypeCodes.html" : "KLVurderingTypekoder",
      "ValueSet-KLConsentToLiasing.html" : "KLBorgerIndforståetMedHenvendelseKoder",
      "ValueSet-KLMatterOfInterestInformerFFB.html" : "KLKildeTilOplysningFFB"
    },
    {
      "url" : "http://snomed.info/sct",
      "version" : null,
      "status" : "active",
      "name" : "SNOMED_CT",
      "title" : "SNOMED CT (all versions)",
      "description" : "SNOMED CT is the most comprehensive and precise clinical health terminology product in the world, owned and distributed around the world by The International Health Terminology Standards Development Organisation (IHTSDO).",
      "oids" : ["2.16.840.1.113883.6.96"],
      "uses" : {
      },
      "ValueSet-KLComplicationCodesSCT.html" : "KLKomplikationskoderSCT",
      "ValueSet-KLEvaluationTypeCodesSCT.html" : "KLVurderingTypekoderSCT",
      "ValueSet-KLObservationCodes.html" : "KLObservationskoder"
    },
    {
      "url" : "urn:oid:1.2.208.176.2.1",
      "version" : "2.2.0",
      "status" : "active",
      "name" : "NPU",
      "title" : "NPU",
      "description" : "NPUcodes used in Danish municipalities",
      "oids" : ["1.2.208.176.2.1"],
      "uses" : {
      },
      "ValueSet-KLObservationCodes.html" : "KLObservationskoder"
    },
    {
      "url" : "urn:oid:1.2.208.176.2.21",
      "version" : "2.2.0",
      "status" : "active",
      "name" : "FSIII",
      "title" : "FSIII",
      "description" : "Codes from FSIII",
      "oids" : ["1.2.208.176.2.21"],
      "uses" : {
      },
      "ValueSet-KLTheraphyAreasFSIII.html" : "KLTræningOmråderFSIII",
      "ValueSet-KLTrainingInterventionsFSIII.html" : "KLTræningIndsatserFSIII",
      "ValueSet-KLGeneralInformationFSIII.html" : "KLGenerelInformationFSIII",
      "ValueSet-KLRequestFromFSIII.html" : "KLHenvendelseHenvisningFraFSIII",
      "ValueSet-KLConditionCodesNursing.html" : "KLTilstandeKoderSygepleje",
      "ValueSet-KLHomeCareInterventionsFSIII.html" : "KLHjemmeplejeIndsatserFSIII",
      "ValueSet-KLConditionCodesPrevention.html" : "KLTilstandKoderForebyggelse",
      "ValueSet-KLFollowUpCodesFSIII.html" : "KLOpfølgningKoderFSIII",
      "ValueSet-KLNursingAreasFSIII.html" : "KLSygeplejeOmråderFSIII",
      "ValueSet-KLCitizenObservationCodesFSIII.html" : "KLBorgervurderingsObservationskoderFSIII",
      "ValueSet-KLPreventionAreasFSIII.html" : "KLForebyggelseOmråderFSIII",
      "ValueSet-KLSeveritiesFSIII.html" : "KLFunktionsevneniveauFSIII",
      "ValueSet-KLHomeCareAreasFSIII.html" : "KLHjemmeplejeOmråderFSIII",
      "ValueSet-KLMatterOfInterestValues.html" : "KLIngenOplysningerKoder",
      "ValueSet-KLNursingInterventionsFSIII.html" : "KLSygeplejeIndsatserFSIII",
      "ValueSet-KLPerformanceLevelCodesFSIII.html" : "KLUdførelsesKoderFSIII",
      "ValueSet-KLConditionCodesTheraphy.html" : "KLTilstandKoderTræning",
      "ValueSet-KLChangeValueCodesFSIII.html" : "KLMåltypeKoderFSIII",
      "ValueSet-KLImportanceLevelCodesFSIII.html" : "KLBetydningKoderFSIII",
      "ValueSet-KLPreventionInterventionsFSIII.html" : "KLForebyggelseIndsatserFSIII",
      "ValueSet-KLConditionCodesHomeCare.html" : "KLTilstandeKoderHjemmepleje"
    },
    {
      "url" : "urn:oid:1.2.208.176.2.22",
      "version" : "2.2.0",
      "status" : "active",
      "name" : "FFB",
      "title" : "FFB",
      "description" : "Codes from FFB",
      "oids" : ["1.2.208.176.2.22"],
      "uses" : {
      },
      "ValueSet-KLChangeValueCodesFFB.html" : "KLMåltypekoderFFB",
      "ValueSet-KLMatterOfInterestValues.html" : "KLIngenOplysningerKoder",
      "ValueSet-KLTargetGroupsFFB.html" : "KLMålgrupperFFB",
      "ValueSet-KLNeedsAssessmentCodesFFB.html" : "KLStøttebehovsvurderingskoderFFB",
      "ValueSet-KLServiceCodesFFB.html" : "KLTilbudsKoderFFB",
      "ValueSet-KLThemesFFB.html" : "KLTemaerFFB",
      "ValueSet-KLInterventionsFFB.html" : "KLYdelserFFB",
      "ValueSet-KLConditionOCodesFFB.html" : "KLTilstandOKoderFFB",
      "ValueSet-KLConditionADCodesFFB.html" : "KLTilstandADKoderFFB",
      "ValueSet-KLConditionFFCodesFFB.html" : "KLTilstandFFKoderFFB",
      "ValueSet-KLSeveritiesFFB.html" : "KLFunktionsevneniveauFFB",
      "ValueSet-KLFollowUpCodesFFB.html" : "KLOpfølgningKoderFFB"
    }
  ]
}
