{
  "resourceType" : "CodeSystem",
  "id" : "NPU",
  "text" : {
    "status" : "generated",
    "div" : "<div xmlns=\"http://www.w3.org/1999/xhtml\"><p>This case-sensitive code system <code>urn:oid:1.2.208.176.2.1</code> provides <b>a fragment</b> that includes following codes:</p><table class=\"codes\"><tr><td style=\"white-space:nowrap\"><b>Code</b></td><td><b>Display</b></td></tr><tr><td style=\"white-space:nowrap\">NPU14924<a name=\"NPU-NPU14924\"> </a></td><td>U—Urin; egenskabsart(liste; stix; proc.)</td></tr><tr><td style=\"white-space:nowrap\">NPU10504<a name=\"NPU-NPU10504\"> </a></td><td>U—Acetoacetat; arb.k.(proc.) = ?</td></tr><tr><td style=\"white-space:nowrap\">NPU17997<a name=\"NPU-NPU17997\"> </a></td><td>U—Albumin; arb.k.(proc.) = ?</td></tr><tr><td style=\"white-space:nowrap\">NPU10506<a name=\"NPU-NPU10506\"> </a></td><td>U—Bacterium, nitrit-producerende; arb.k.(proc.) = ?</td></tr><tr><td style=\"white-space:nowrap\">NPU01372<a name=\"NPU-NPU01372\"> </a></td><td>U—Bilirubiner; arb.k.(proc.) = ?</td></tr><tr><td style=\"white-space:nowrap\">NPU03963<a name=\"NPU-NPU03963\"> </a></td><td>U—Erythrocytter; arb.k.(proc.) = ?</td></tr><tr><td style=\"white-space:nowrap\">NPU04207<a name=\"NPU-NPU04207\"> </a></td><td>U—Glucose; arb.k.(proc.) = ?</td></tr><tr><td style=\"white-space:nowrap\">NPU02415<a name=\"NPU-NPU02415\"> </a></td><td>U—Hydrogen-ion; pH(proc.) = ?</td></tr><tr><td style=\"white-space:nowrap\">NPU04208<a name=\"NPU-NPU04208\"> </a></td><td>U—Hæmoglobin; arb.k.(proc.) = ?</td></tr><tr><td style=\"white-space:nowrap\">NPU03987<a name=\"NPU-NPU03987\"> </a></td><td>U—Leukocytter; arb.k.(proc.) = ?</td></tr><tr><td style=\"white-space:nowrap\">NPU21578<a name=\"NPU-NPU21578\"> </a></td><td>U—Nitrit; arb.k.(proc.) = ?</td></tr><tr><td style=\"white-space:nowrap\">NPU04864<a name=\"NPU-NPU04864\"> </a></td><td>U—Porphobilinogen; arb.k.(proc.) = ?</td></tr><tr><td style=\"white-space:nowrap\">NPU04206<a name=\"NPU-NPU04206\"> </a></td><td>U—Protein; arb.k.(proc.) = ?</td></tr><tr><td style=\"white-space:nowrap\">NPU03694<a name=\"NPU-NPU03694\"> </a></td><td>Pt—Urin; rel.massetæthed(20 °C/vand, 20 °C; proc.) = ?</td></tr><tr><td style=\"white-space:nowrap\">NPU03697<a name=\"NPU-NPU03697\"> </a></td><td>U—Urobilinogen; arb.k.(proc.) = ?</td></tr><tr><td style=\"white-space:nowrap\">NPU02195<a name=\"NPU-NPU02195\"> </a></td><td>P(vB; fPt)—Glucose; stofk. = ? mmol/L</td></tr></table></div>"
  },
  "url" : "urn:oid:1.2.208.176.2.1",
  "version" : "2.0.0",
  "name" : "NPU",
  "title" : "NPU",
  "status" : "active",
  "experimental" : false,
  "date" : "2024-06-04T14:59:10+02:00",
  "publisher" : "Kommunernes Landsforening",
  "contact" : [{
    "name" : "Kommunernes Landsforening",
    "telecom" : [{
      "system" : "url",
      "value" : "http://kl.dk"
    }]
  }],
  "description" : "NPUcodes used in Danish municipalities",
  "caseSensitive" : true,
  "content" : "fragment",
  "concept" : [{
    "code" : "NPU14924",
    "display" : "U—Urin; egenskabsart(liste; stix; proc.)"
  },
  {
    "code" : "NPU10504",
    "display" : "U—Acetoacetat; arb.k.(proc.) = ?"
  },
  {
    "code" : "NPU17997",
    "display" : "U—Albumin; arb.k.(proc.) = ?"
  },
  {
    "code" : "NPU10506",
    "display" : "U—Bacterium, nitrit-producerende; arb.k.(proc.) = ?"
  },
  {
    "code" : "NPU01372",
    "display" : "U—Bilirubiner; arb.k.(proc.) = ?"
  },
  {
    "code" : "NPU03963",
    "display" : "U—Erythrocytter; arb.k.(proc.) = ?"
  },
  {
    "code" : "NPU04207",
    "display" : "U—Glucose; arb.k.(proc.) = ?"
  },
  {
    "code" : "NPU02415",
    "display" : "U—Hydrogen-ion; pH(proc.) = ?"
  },
  {
    "code" : "NPU04208",
    "display" : "U—Hæmoglobin; arb.k.(proc.) = ?"
  },
  {
    "code" : "NPU03987",
    "display" : "U—Leukocytter; arb.k.(proc.) = ?"
  },
  {
    "code" : "NPU21578",
    "display" : "U—Nitrit; arb.k.(proc.) = ?"
  },
  {
    "code" : "NPU04864",
    "display" : "U—Porphobilinogen; arb.k.(proc.) = ?"
  },
  {
    "code" : "NPU04206",
    "display" : "U—Protein; arb.k.(proc.) = ?"
  },
  {
    "code" : "NPU03694",
    "display" : "Pt—Urin; rel.massetæthed(20 °C/vand, 20 °C; proc.) = ?"
  },
  {
    "code" : "NPU03697",
    "display" : "U—Urobilinogen; arb.k.(proc.) = ?"
  },
  {
    "code" : "NPU02195",
    "display" : "P(vB; fPt)—Glucose; stofk. = ? mmol/L"
  }]
}