<?xml version="1.0" encoding="UTF-8"?>

<ValueSet xmlns="http://hl7.org/fhir">
  <id value="KLConditionCodesTheraphy"/>
  <text>
    <status value="generated"/><div xmlns="http://www.w3.org/1999/xhtml"><p>This value set includes codes based on the following rules:</p><ul><li>Include codes from <a href="CodeSystem-FSIII.html"><code>urn:oid:1.2.208.176.2.21</code></a> where concept  descends from  <a href="CodeSystem-FSIII.html#FSIII-7e608d37-3f3c-4374-bbc8-e317505d8bc2">7e608d37-3f3c-4374-bbc8-e317505d8bc2</a></li><li>Include codes from <a href="CodeSystem-FSIII.html"><code>urn:oid:1.2.208.176.2.21</code></a> where concept  descends from  <a href="CodeSystem-FSIII.html#FSIII-ebd91b5e-114a-48a5-90b8-d3c1fd50b72b">ebd91b5e-114a-48a5-90b8-d3c1fd50b72b</a></li><li>Include codes from <a href="CodeSystem-FSIII.html"><code>urn:oid:1.2.208.176.2.21</code></a> where concept  descends from  <a href="CodeSystem-FSIII.html#FSIII-ecb5e72d-40a2-4af3-9135-25974026bf02">ecb5e72d-40a2-4af3-9135-25974026bf02</a></li><li>Include codes from <a href="CodeSystem-FSIII.html"><code>urn:oid:1.2.208.176.2.21</code></a> where concept  descends from  <a href="CodeSystem-FSIII.html#FSIII-b9c4561d-20bc-48c9-a727-fea719424a86">b9c4561d-20bc-48c9-a727-fea719424a86</a></li><li>Include codes from <a href="CodeSystem-FSIII.html"><code>urn:oid:1.2.208.176.2.21</code></a> where concept  descends from  <a href="CodeSystem-FSIII.html#FSIII-ddbd7477-9579-4a83-a3e7-74ed716a0451">ddbd7477-9579-4a83-a3e7-74ed716a0451</a></li><li>Include codes from <a href="CodeSystem-FSIII.html"><code>urn:oid:1.2.208.176.2.21</code></a> where concept  descends from  <a href="CodeSystem-FSIII.html#FSIII-e3242303-2506-4a09-ac65-59dfd06cb489">e3242303-2506-4a09-ac65-59dfd06cb489</a></li><li>Include codes from <a href="CodeSystem-FSIII.html"><code>urn:oid:1.2.208.176.2.21</code></a> where concept  descends from  <a href="CodeSystem-FSIII.html#FSIII-df62498e-7ad1-4f01-93ce-a0441f879a2c">df62498e-7ad1-4f01-93ce-a0441f879a2c</a></li><li>Include codes from <a href="CodeSystem-FSIII.html"><code>urn:oid:1.2.208.176.2.21</code></a> where concept  descends from  <a href="CodeSystem-FSIII.html#FSIII-99b18761-88d7-44b2-915d-c64aa0b3b562">99b18761-88d7-44b2-915d-c64aa0b3b562</a></li><li>Include codes from <a href="CodeSystem-FSIII.html"><code>urn:oid:1.2.208.176.2.21</code></a> where concept  descends from  <a href="CodeSystem-FSIII.html#FSIII-2b11e7a0-1faf-4b45-a653-4c347f019266">2b11e7a0-1faf-4b45-a653-4c347f019266</a></li><li>Include codes from <a href="CodeSystem-FSIII.html"><code>urn:oid:1.2.208.176.2.21</code></a> where concept  descends from  <a href="CodeSystem-FSIII.html#FSIII-1dae1e1e-306e-48f2-b9e1-2a180301d8dd">1dae1e1e-306e-48f2-b9e1-2a180301d8dd</a></li><li>Include codes from <a href="CodeSystem-FSIII.html"><code>urn:oid:1.2.208.176.2.21</code></a> where concept  descends from  <a href="CodeSystem-FSIII.html#FSIII-0337193a-b5cc-43e1-a324-fa28944bfc3b">0337193a-b5cc-43e1-a324-fa28944bfc3b</a></li></ul></div>
  </text>
  <url value="http://fhir.kl.dk/term/ValueSet/KLConditionCodesTheraphy"/>
  <version value="1.0.0"/>
  <name value="KLConditionCodesTheraphy"/>
  <title value="KLTilstandKoderTræning"/>
  <status value="active"/>
  <experimental value="false"/>
  <date value="2023-04-28T21:13:26+02:00"/>
  <publisher value="Kommunernes Landsforening"/>
  <contact>
    <name value="Kommunernes Landsforening"/>
    <telecom>
      <system value="url"/>
      <value value="http://kl.dk"/>
    </telecom>
  </contact>
  <description value="Danish municipality theraphy condition codes"/>
  <compose>
    <include>
      <system value="urn:oid:1.2.208.176.2.21"/>
      <filter>
        <property value="concept"/>
        <op value="descendent-of"/>
        <value value="7e608d37-3f3c-4374-bbc8-e317505d8bc2"/>
      </filter>
    </include>
    <include>
      <system value="urn:oid:1.2.208.176.2.21"/>
      <filter>
        <property value="concept"/>
        <op value="descendent-of"/>
        <value value="ebd91b5e-114a-48a5-90b8-d3c1fd50b72b"/>
      </filter>
    </include>
    <include>
      <system value="urn:oid:1.2.208.176.2.21"/>
      <filter>
        <property value="concept"/>
        <op value="descendent-of"/>
        <value value="ecb5e72d-40a2-4af3-9135-25974026bf02"/>
      </filter>
    </include>
    <include>
      <system value="urn:oid:1.2.208.176.2.21"/>
      <filter>
        <property value="concept"/>
        <op value="descendent-of"/>
        <value value="b9c4561d-20bc-48c9-a727-fea719424a86"/>
      </filter>
    </include>
    <include>
      <system value="urn:oid:1.2.208.176.2.21"/>
      <filter>
        <property value="concept"/>
        <op value="descendent-of"/>
        <value value="ddbd7477-9579-4a83-a3e7-74ed716a0451"/>
      </filter>
    </include>
    <include>
      <system value="urn:oid:1.2.208.176.2.21"/>
      <filter>
        <property value="concept"/>
        <op value="descendent-of"/>
        <value value="e3242303-2506-4a09-ac65-59dfd06cb489"/>
      </filter>
    </include>
    <include>
      <system value="urn:oid:1.2.208.176.2.21"/>
      <filter>
        <property value="concept"/>
        <op value="descendent-of"/>
        <value value="df62498e-7ad1-4f01-93ce-a0441f879a2c"/>
      </filter>
    </include>
    <include>
      <system value="urn:oid:1.2.208.176.2.21"/>
      <filter>
        <property value="concept"/>
        <op value="descendent-of"/>
        <value value="99b18761-88d7-44b2-915d-c64aa0b3b562"/>
      </filter>
    </include>
    <include>
      <system value="urn:oid:1.2.208.176.2.21"/>
      <filter>
        <property value="concept"/>
        <op value="descendent-of"/>
        <value value="2b11e7a0-1faf-4b45-a653-4c347f019266"/>
      </filter>
    </include>
    <include>
      <system value="urn:oid:1.2.208.176.2.21"/>
      <filter>
        <property value="concept"/>
        <op value="descendent-of"/>
        <value value="1dae1e1e-306e-48f2-b9e1-2a180301d8dd"/>
      </filter>
    </include>
    <include>
      <system value="urn:oid:1.2.208.176.2.21"/>
      <filter>
        <property value="concept"/>
        <op value="descendent-of"/>
        <value value="0337193a-b5cc-43e1-a324-fa28944bfc3b"/>
      </filter>
    </include>
  </compose>
</ValueSet>