<?xml version="1.0" encoding="UTF-8"?>

<ValueSet xmlns="http://hl7.org/fhir">
  <id value="KLConditionOCodesFFB"/>
  <text>
    <status value="generated"/><div xmlns="http://www.w3.org/1999/xhtml"><ul><li>Include codes from<a href="CodeSystem-FFB.html"><code>urn:oid:1.2.208.176.2.22</code></a> where concept  descends from <a href="CodeSystem-FFB.html#FFB-7445fb2b-0009-43d9-b49b-1b9782f2fcd9">7445fb2b-0009-43d9-b49b-1b9782f2fcd9</a></li></ul></div>
  </text>
  <url value="http://fhir.kl.dk/term/ValueSet/KLConditionOCodesFFB"/>
  <version value="2.0.0"/>
  <name value="KLConditionOCodesFFB"/>
  <title value="KLTilstandOKoderFFB"/>
  <status value="active"/>
  <experimental value="false"/>
  <date value="2024-06-04T14:59:10+02:00"/>
  <publisher value="Kommunernes Landsforening"/>
  <contact>
    <name value="Kommunernes Landsforening"/>
    <telecom>
      <system value="url"/>
      <value value="http://kl.dk"/>
    </telecom>
  </contact>
  <description value="Danish municipality FFB condition codes for Environmental Factors"/>
  <compose>
    <include>
      <system value="urn:oid:1.2.208.176.2.22"/>
      <filter>
        <property value="concept"/>
        <op value="descendent-of"/>
        <value value="7445fb2b-0009-43d9-b49b-1b9782f2fcd9"/>
      </filter>
    </include>
  </compose>
</ValueSet>