<?xml version="1.0" encoding="UTF-8"?>

<ValueSet xmlns="http://hl7.org/fhir">
  <id value="KLInformationGatheringTypeCodes"/>
  <text>
    <status value="generated"/><div xmlns="http://www.w3.org/1999/xhtml"><ul><li>Include codes from <a href="CodeSystem-CareSocialCodes.html"><code>http://fhir.kl.dk/term/CodeSystem/CareSocialCodes</code></a> where concept  descends from  <a href="CodeSystem-CareSocialCodes.html#CareSocialCodes-940f37e6-8a3d-483b-adac-be8af3268a5b">940f37e6-8a3d-483b-adac-be8af3268a5b</a></li></ul></div>
  </text>
  <url value="http://fhir.kl.dk/term/ValueSet/KLInformationGatheringTypeCodes"/>
  <version value="1.0.0"/>
  <name value="KLInformationGatheringTypeCodes"/>
  <title value="KLOplysningsaktivitetsTypeKoder"/>
  <status value="active"/>
  <experimental value="false"/>
  <date value="2023-05-07T23:02:44+02:00"/>
  <publisher value="Kommunernes Landsforening"/>
  <contact>
    <name value="Kommunernes Landsforening"/>
    <telecom>
      <system value="url"/>
      <value value="http://kl.dk"/>
    </telecom>
  </contact>
  <description value="Codes used to specify which kind of information gathering is conducted"/>
  <compose>
    <include>
      <system value="http://fhir.kl.dk/term/CodeSystem/CareSocialCodes"/>
      <filter>
        <property value="concept"/>
        <op value="descendent-of"/>
        <value value="940f37e6-8a3d-483b-adac-be8af3268a5b"/>
      </filter>
    </include>
  </compose>
</ValueSet>