<?xml version="1.0" encoding="UTF-8"?>

<ValueSet xmlns="http://hl7.org/fhir">
  <id value="KLCitizenObservationResultCodesFSIII"/>
  <text>
    <status value="generated"/><div xmlns="http://www.w3.org/1999/xhtml"><p>This value set includes codes based on the following rules:</p><ul><li>Import all the codes that are contained in <a href="ValueSet-KLPerformanceLevelCodesFSIII.html">KLUdførelsesKoderFSIII</a></li><li>Import all the codes that are contained in <a href="ValueSet-KLImportanceLevelCodesFSIII.html">KLBetydningKoderFSIII</a></li></ul></div>
  </text>
  <url value="http://fhir.kl.dk/term/ValueSet/KLCitizenObservationResultCodesFSIII"/>
  <version value="1.0.0"/>
  <name value="KLCitizenObservationResultCodesFSIII"/>
  <title value="KLBorgervurderingsResultatkoderFSIII"/>
  <status value="active"/>
  <experimental value="false"/>
  <date value="2023-05-07T23:02:44+02:00"/>
  <publisher value="Kommunernes Landsforening"/>
  <contact>
    <name value="Kommunernes Landsforening"/>
    <telecom>
      <system value="url"/>
      <value value="http://kl.dk"/>
    </telecom>
  </contact>
  <description value="Performance and Importance level codes, as evaluated by the citizen"/>
  <compose>
    <include>
      <valueSet value="http://fhir.kl.dk/term/ValueSet/KLPerformanceLevelCodesFSIII"/>
    </include>
    <include>
      <valueSet value="http://fhir.kl.dk/term/ValueSet/KLImportanceLevelCodesFSIII"/>
    </include>
  </compose>
</ValueSet>