<?xml version="1.0" encoding="UTF-8"?>

<Bundle xmlns="http://hl7.org/fhir">
  <id value="643c3e42-ab90-4354-9b98-f01b4740d3d9"/>
  <meta>
    <profile value="http://fhir.kl.dk/gateway/StructureDefinition/klgateway-care-delivery-report"/>
  </meta>
  <type value="collection"/>
  <timestamp value="2021-02-24T08:46:36Z"/>
  <entry>
    <fullUrl value="https://test.fhir.dk/Patient/eec9e8e9-221d-4eae-a54d-cdd403661def"/>
    <resource>
      <Patient>
        <id value="eec9e8e9-221d-4eae-a54d-cdd403661def"/>
        <meta>
          <profile value="http://fhir.kl.dk/gateway/StructureDefinition/klgateway-care-citizen"/>
        </meta>
        <text>
          <status value="generated"/><div xmlns="http://www.w3.org/1999/xhtml"><a name="Patient_eec9e8e9-221d-4eae-a54d-cdd403661def"> </a><p class="res-header-id"><b>Generated Narrative: Patient eec9e8e9-221d-4eae-a54d-cdd403661def</b></p><a name="eec9e8e9-221d-4eae-a54d-cdd403661def"> </a><a name="hceec9e8e9-221d-4eae-a54d-cdd403661def"> </a><a name="eec9e8e9-221d-4eae-a54d-cdd403661def-en-US"> </a><p style="border: 1px #661aff solid; background-color: #e6e6ff; padding: 10px;">Anonymous Patient (no stated gender), DoB Unknown ( urn:oid:1.2.208.176.1.2#0101410001 (use: official, ))</p><hr/><table class="grid"><tr><td style="background-color: #f3f5da" title="Patient Links">Links:</td><td colspan="3"><ul><li>Managing Organization: Identifier: <code>urn:oid:1.2.208.176.1.1</code>/123456789012345 (use: official, )</li></ul></td></tr></table></div>
        </text>
        <identifier>
          <use value="official"/>
          <system value="urn:oid:1.2.208.176.1.2"/>
          <value value="0101410001"/>
        </identifier>
        <managingOrganization>
          <identifier>
            <use value="official"/>
            <system value="urn:oid:1.2.208.176.1.1"/>
            <value value="123456789012345"/>
          </identifier>
        </managingOrganization>
      </Patient>
    </resource>
  </entry>
  <entry>
    <fullUrl value="https://test.fhir.dk/Condition/d45b02d1-be76-4968-812b-6b32338ad8ad"/>
    <resource>
      <Condition>
        <id value="d45b02d1-be76-4968-812b-6b32338ad8ad"/>
        <meta>
          <profile value="http://fhir.kl.dk/gateway/StructureDefinition/klgateway-care-condition"/>
        </meta>
        <text>
          <status value="extensions"/><div xmlns="http://www.w3.org/1999/xhtml"><a name="Condition_d45b02d1-be76-4968-812b-6b32338ad8ad"> </a><p class="res-header-id"><b>Generated Narrative: Condition d45b02d1-be76-4968-812b-6b32338ad8ad</b></p><a name="d45b02d1-be76-4968-812b-6b32338ad8ad"> </a><a name="hcd45b02d1-be76-4968-812b-6b32338ad8ad"> </a><a name="d45b02d1-be76-4968-812b-6b32338ad8ad-en-US"> </a><p><b>CareFollowUpEncounterExtension</b>: <a href="Bundle-643c3e42-ab90-4354-9b98-f01b4740d3d9.html#Encounter_fbf243bb-9d70-489d-875d-87e14c980d7c">Bundle: type = collection; timestamp = 2021-02-24 08:46:36+0000</a></p><p><b>clinicalStatus</b>: <span title="Codes:{http://terminology.hl7.org/CodeSystem/condition-clinical active}">Active</span></p><p><b>category</b>: <span title="Codes:{http://terminology.hl7.org/CodeSystem/condition-category problem-list-item}">Problem List Item</span></p><p><b>severity</b>: <span title="Codes:{urn:oid:1.2.208.176.2.21 B3}">2</span></p><p><b>code</b>: <span title="Codes:{urn:oid:1.2.208.176.2.21 J1.3}">Af- og påklædning</span></p><p><b>subject</b>: <a href="Bundle-3304e5f8-4b3f-4c19-8c68-e36c573f3f98.html#Patient_eec9e8e9-221d-4eae-a54d-cdd403661def">Bundle: type = collection; timestamp = 2021-02-10 11:14:09+0000</a></p><p><b>recordedDate</b>: 2021-02-10</p></div>
        </text>
        <extension url="http://fhir.kl.dk/gateway/StructureDefinition/klgateway-care-follow-up-encounter-extension">
          <valueReference>
            <reference value="Encounter/fbf243bb-9d70-489d-875d-87e14c980d7c"/>
          </valueReference>
        </extension>
        <clinicalStatus>
          <coding>
            <system value="http://terminology.hl7.org/CodeSystem/condition-clinical"/>
            <code value="active"/>
          </coding>
        </clinicalStatus>
        <category>
          <coding>
            <system value="http://terminology.hl7.org/CodeSystem/condition-category"/>
            <code value="problem-list-item"/>
          </coding>
        </category>
        <severity>
          <coding>
            <system value="urn:oid:1.2.208.176.2.21"/>
            <code value="B3"/>
          </coding>
        </severity>
        <code>
          <coding>
            <system value="urn:oid:1.2.208.176.2.21"/>
            <code value="J1.3"/>
          </coding>
        </code>
        <subject>
          <reference value="Patient/eec9e8e9-221d-4eae-a54d-cdd403661def"/>
        </subject>
        <recordedDate value="2021-02-10"/>
      </Condition>
    </resource>
  </entry>
  <entry>
    <fullUrl value="https://test.fhir.dk/Condition/34665f6d-7573-46fb-8b4d-72f30641284b"/>
    <resource>
      <Condition>
        <id value="34665f6d-7573-46fb-8b4d-72f30641284b"/>
        <meta>
          <profile value="http://fhir.kl.dk/gateway/StructureDefinition/klgateway-care-condition"/>
        </meta>
        <text>
          <status value="extensions"/><div xmlns="http://www.w3.org/1999/xhtml"><a name="Condition_34665f6d-7573-46fb-8b4d-72f30641284b"> </a><p class="res-header-id"><b>Generated Narrative: Condition 34665f6d-7573-46fb-8b4d-72f30641284b</b></p><a name="34665f6d-7573-46fb-8b4d-72f30641284b"> </a><a name="hc34665f6d-7573-46fb-8b4d-72f30641284b"> </a><a name="34665f6d-7573-46fb-8b4d-72f30641284b-en-US"> </a><p><b>CareFollowUpEncounterExtension</b>: <a href="Bundle-643c3e42-ab90-4354-9b98-f01b4740d3d9.html#Encounter_fbf243bb-9d70-489d-875d-87e14c980d7c">Bundle: type = collection; timestamp = 2021-02-24 08:46:36+0000</a></p><p><b>clinicalStatus</b>: <span title="Codes:{http://terminology.hl7.org/CodeSystem/condition-clinical active}">Active</span></p><p><b>category</b>: <span title="Codes:{http://terminology.hl7.org/CodeSystem/condition-category problem-list-item}">Problem List Item</span></p><p><b>severity</b>: <span title="Codes:{urn:oid:1.2.208.176.2.21 B3}">2</span></p><p><b>code</b>: <span title="Codes:{urn:oid:1.2.208.176.2.21 J2.3}">Udføre daglige rutiner</span></p><p><b>subject</b>: <a href="Bundle-3304e5f8-4b3f-4c19-8c68-e36c573f3f98.html#Patient_eec9e8e9-221d-4eae-a54d-cdd403661def">Bundle: type = collection; timestamp = 2021-02-10 11:14:09+0000</a></p><p><b>recordedDate</b>: 2021-02-10</p></div>
        </text>
        <extension url="http://fhir.kl.dk/gateway/StructureDefinition/klgateway-care-follow-up-encounter-extension">
          <valueReference>
            <reference value="Encounter/fbf243bb-9d70-489d-875d-87e14c980d7c"/>
          </valueReference>
        </extension>
        <clinicalStatus>
          <coding>
            <system value="http://terminology.hl7.org/CodeSystem/condition-clinical"/>
            <code value="active"/>
          </coding>
        </clinicalStatus>
        <category>
          <coding>
            <system value="http://terminology.hl7.org/CodeSystem/condition-category"/>
            <code value="problem-list-item"/>
          </coding>
        </category>
        <severity>
          <coding>
            <system value="urn:oid:1.2.208.176.2.21"/>
            <code value="B3"/>
          </coding>
        </severity>
        <code>
          <coding>
            <system value="urn:oid:1.2.208.176.2.21"/>
            <code value="J2.3"/>
          </coding>
        </code>
        <subject>
          <reference value="Patient/eec9e8e9-221d-4eae-a54d-cdd403661def"/>
        </subject>
        <recordedDate value="2021-02-10"/>
      </Condition>
    </resource>
  </entry>
  <entry>
    <fullUrl value="https://test.fhir.dk/Condition/067e0542-1d8a-404d-b6db-f2bfa6a03c2e"/>
    <resource>
      <Condition>
        <id value="067e0542-1d8a-404d-b6db-f2bfa6a03c2e"/>
        <meta>
          <profile value="http://fhir.kl.dk/gateway/StructureDefinition/klgateway-care-condition"/>
        </meta>
        <text>
          <status value="extensions"/><div xmlns="http://www.w3.org/1999/xhtml"><a name="Condition_067e0542-1d8a-404d-b6db-f2bfa6a03c2e"> </a><p class="res-header-id"><b>Generated Narrative: Condition 067e0542-1d8a-404d-b6db-f2bfa6a03c2e</b></p><a name="067e0542-1d8a-404d-b6db-f2bfa6a03c2e"> </a><a name="hc067e0542-1d8a-404d-b6db-f2bfa6a03c2e"> </a><a name="067e0542-1d8a-404d-b6db-f2bfa6a03c2e-en-US"> </a><p><b>CareFollowUpEncounterExtension</b>: <a href="Bundle-643c3e42-ab90-4354-9b98-f01b4740d3d9.html#Encounter_fbf243bb-9d70-489d-875d-87e14c980d7c">Bundle: type = collection; timestamp = 2021-02-24 08:46:36+0000</a></p><p><b>clinicalStatus</b>: <span title="Codes:{http://terminology.hl7.org/CodeSystem/condition-clinical active}">Active</span></p><p><b>category</b>: <span title="Codes:{http://terminology.hl7.org/CodeSystem/condition-category problem-list-item}">Problem List Item</span></p><p><b>severity</b>: <span title="Codes:{urn:oid:1.2.208.176.2.21 B3}">2</span></p><p><b>code</b>: <span title="Codes:{urn:oid:1.2.208.176.2.21 J2.2}">Lave mad</span></p><p><b>subject</b>: <a href="Bundle-3304e5f8-4b3f-4c19-8c68-e36c573f3f98.html#Patient_eec9e8e9-221d-4eae-a54d-cdd403661def">Bundle: type = collection; timestamp = 2021-02-10 11:14:09+0000</a></p><p><b>recordedDate</b>: 2021-02-10</p></div>
        </text>
        <extension url="http://fhir.kl.dk/gateway/StructureDefinition/klgateway-care-follow-up-encounter-extension">
          <valueReference>
            <reference value="Encounter/fbf243bb-9d70-489d-875d-87e14c980d7c"/>
          </valueReference>
        </extension>
        <clinicalStatus>
          <coding>
            <system value="http://terminology.hl7.org/CodeSystem/condition-clinical"/>
            <code value="active"/>
          </coding>
        </clinicalStatus>
        <category>
          <coding>
            <system value="http://terminology.hl7.org/CodeSystem/condition-category"/>
            <code value="problem-list-item"/>
          </coding>
        </category>
        <severity>
          <coding>
            <system value="urn:oid:1.2.208.176.2.21"/>
            <code value="B3"/>
          </coding>
        </severity>
        <code>
          <coding>
            <system value="urn:oid:1.2.208.176.2.21"/>
            <code value="J2.2"/>
          </coding>
        </code>
        <subject>
          <reference value="Patient/eec9e8e9-221d-4eae-a54d-cdd403661def"/>
        </subject>
        <recordedDate value="2021-02-10"/>
      </Condition>
    </resource>
  </entry>
  <entry>
    <fullUrl value="https://test.fhir.dk/Condition/cd8643fd-8a42-4ef8-81b4-bf5ec2253f14"/>
    <resource>
      <Condition>
        <id value="cd8643fd-8a42-4ef8-81b4-bf5ec2253f14"/>
        <meta>
          <profile value="http://fhir.kl.dk/gateway/StructureDefinition/klgateway-care-condition"/>
        </meta>
        <text>
          <status value="extensions"/><div xmlns="http://www.w3.org/1999/xhtml"><a name="Condition_cd8643fd-8a42-4ef8-81b4-bf5ec2253f14"> </a><p class="res-header-id"><b>Generated Narrative: Condition cd8643fd-8a42-4ef8-81b4-bf5ec2253f14</b></p><a name="cd8643fd-8a42-4ef8-81b4-bf5ec2253f14"> </a><a name="hccd8643fd-8a42-4ef8-81b4-bf5ec2253f14"> </a><a name="cd8643fd-8a42-4ef8-81b4-bf5ec2253f14-en-US"> </a><p><b>CareFollowUpEncounterExtension</b>: <a href="Bundle-643c3e42-ab90-4354-9b98-f01b4740d3d9.html#Encounter_fbf243bb-9d70-489d-875d-87e14c980d7c">Bundle: type = collection; timestamp = 2021-02-24 08:46:36+0000</a></p><p><b>clinicalStatus</b>: <span title="Codes:{http://terminology.hl7.org/CodeSystem/condition-clinical active}">Active</span></p><p><b>category</b>: <span title="Codes:{http://terminology.hl7.org/CodeSystem/condition-category problem-list-item}">Problem List Item</span></p><p><b>severity</b>: <span title="Codes:{urn:oid:1.2.208.176.2.21 B3}">2</span></p><p><b>code</b>: <span title="Codes:{urn:oid:1.2.208.176.2.21 J2.1}">Lave husligt arbejde</span></p><p><b>subject</b>: <a href="Bundle-3304e5f8-4b3f-4c19-8c68-e36c573f3f98.html#Patient_eec9e8e9-221d-4eae-a54d-cdd403661def">Bundle: type = collection; timestamp = 2021-02-10 11:14:09+0000</a></p><p><b>recordedDate</b>: 2021-02-10</p></div>
        </text>
        <extension url="http://fhir.kl.dk/gateway/StructureDefinition/klgateway-care-follow-up-encounter-extension">
          <valueReference>
            <reference value="Encounter/fbf243bb-9d70-489d-875d-87e14c980d7c"/>
          </valueReference>
        </extension>
        <clinicalStatus>
          <coding>
            <system value="http://terminology.hl7.org/CodeSystem/condition-clinical"/>
            <code value="active"/>
          </coding>
        </clinicalStatus>
        <category>
          <coding>
            <system value="http://terminology.hl7.org/CodeSystem/condition-category"/>
            <code value="problem-list-item"/>
          </coding>
        </category>
        <severity>
          <coding>
            <system value="urn:oid:1.2.208.176.2.21"/>
            <code value="B3"/>
          </coding>
        </severity>
        <code>
          <coding>
            <system value="urn:oid:1.2.208.176.2.21"/>
            <code value="J2.1"/>
          </coding>
        </code>
        <subject>
          <reference value="Patient/eec9e8e9-221d-4eae-a54d-cdd403661def"/>
        </subject>
        <recordedDate value="2021-02-10"/>
      </Condition>
    </resource>
  </entry>
  <entry>
    <fullUrl value="https://test.fhir.dk/Condition/806d1cf8-5a4a-4c0d-a020-8a3bb3eacebd"/>
    <resource>
      <Condition>
        <id value="806d1cf8-5a4a-4c0d-a020-8a3bb3eacebd"/>
        <meta>
          <profile value="http://fhir.kl.dk/gateway/StructureDefinition/klgateway-care-condition"/>
        </meta>
        <text>
          <status value="extensions"/><div xmlns="http://www.w3.org/1999/xhtml"><a name="Condition_806d1cf8-5a4a-4c0d-a020-8a3bb3eacebd"> </a><p class="res-header-id"><b>Generated Narrative: Condition 806d1cf8-5a4a-4c0d-a020-8a3bb3eacebd</b></p><a name="806d1cf8-5a4a-4c0d-a020-8a3bb3eacebd"> </a><a name="hc806d1cf8-5a4a-4c0d-a020-8a3bb3eacebd"> </a><a name="806d1cf8-5a4a-4c0d-a020-8a3bb3eacebd-en-US"> </a><p><b>CareFollowUpEncounterExtension</b>: <a href="Bundle-643c3e42-ab90-4354-9b98-f01b4740d3d9.html#Encounter_fbf243bb-9d70-489d-875d-87e14c980d7c">Bundle: type = collection; timestamp = 2021-02-24 08:46:36+0000</a></p><p><b>clinicalStatus</b>: <span title="Codes:{http://terminology.hl7.org/CodeSystem/condition-clinical active}">Active</span></p><p><b>category</b>: <span title="Codes:{http://terminology.hl7.org/CodeSystem/condition-category problem-list-item}">Problem List Item</span></p><p><b>severity</b>: <span title="Codes:{urn:oid:1.2.208.176.2.21 B3}">2</span></p><p><b>code</b>: <span title="Codes:{urn:oid:1.2.208.176.2.21 J3.8}">Gå</span></p><p><b>subject</b>: <a href="Bundle-3304e5f8-4b3f-4c19-8c68-e36c573f3f98.html#Patient_eec9e8e9-221d-4eae-a54d-cdd403661def">Bundle: type = collection; timestamp = 2021-02-10 11:14:09+0000</a></p><p><b>recordedDate</b>: 2021-02-10</p></div>
        </text>
        <extension url="http://fhir.kl.dk/gateway/StructureDefinition/klgateway-care-follow-up-encounter-extension">
          <valueReference>
            <reference value="Encounter/fbf243bb-9d70-489d-875d-87e14c980d7c"/>
          </valueReference>
        </extension>
        <clinicalStatus>
          <coding>
            <system value="http://terminology.hl7.org/CodeSystem/condition-clinical"/>
            <code value="active"/>
          </coding>
        </clinicalStatus>
        <category>
          <coding>
            <system value="http://terminology.hl7.org/CodeSystem/condition-category"/>
            <code value="problem-list-item"/>
          </coding>
        </category>
        <severity>
          <coding>
            <system value="urn:oid:1.2.208.176.2.21"/>
            <code value="B3"/>
          </coding>
        </severity>
        <code>
          <coding>
            <system value="urn:oid:1.2.208.176.2.21"/>
            <code value="J3.8"/>
          </coding>
        </code>
        <subject>
          <reference value="Patient/eec9e8e9-221d-4eae-a54d-cdd403661def"/>
        </subject>
        <recordedDate value="2021-02-10"/>
      </Condition>
    </resource>
  </entry>
  <entry>
    <fullUrl value="https://test.fhir.dk/Condition/5ad5649a-6317-41de-8cc4-364b9bafd298"/>
    <resource>
      <Condition>
        <id value="5ad5649a-6317-41de-8cc4-364b9bafd298"/>
        <meta>
          <profile value="http://fhir.kl.dk/gateway/StructureDefinition/klgateway-care-condition"/>
        </meta>
        <text>
          <status value="extensions"/><div xmlns="http://www.w3.org/1999/xhtml"><a name="Condition_5ad5649a-6317-41de-8cc4-364b9bafd298"> </a><p class="res-header-id"><b>Generated Narrative: Condition 5ad5649a-6317-41de-8cc4-364b9bafd298</b></p><a name="5ad5649a-6317-41de-8cc4-364b9bafd298"> </a><a name="hc5ad5649a-6317-41de-8cc4-364b9bafd298"> </a><a name="5ad5649a-6317-41de-8cc4-364b9bafd298-en-US"> </a><p><b>CareFollowUpEncounterExtension</b>: <a href="Bundle-643c3e42-ab90-4354-9b98-f01b4740d3d9.html#Encounter_fbf243bb-9d70-489d-875d-87e14c980d7c">Bundle: type = collection; timestamp = 2021-02-24 08:46:36+0000</a></p><p><b>clinicalStatus</b>: <span title="Codes:{http://terminology.hl7.org/CodeSystem/condition-clinical active}">Active</span></p><p><b>category</b>: <span title="Codes:{http://terminology.hl7.org/CodeSystem/condition-category problem-list-item}">Problem List Item</span></p><p><b>severity</b>: <span title="Codes:{urn:oid:1.2.208.176.2.21 B3}">2</span></p><p><b>code</b>: <span title="Codes:{urn:oid:1.2.208.176.2.21 J3.2}">Bevæge sig omkring</span></p><p><b>subject</b>: <a href="Bundle-3304e5f8-4b3f-4c19-8c68-e36c573f3f98.html#Patient_eec9e8e9-221d-4eae-a54d-cdd403661def">Bundle: type = collection; timestamp = 2021-02-10 11:14:09+0000</a></p><p><b>recordedDate</b>: 2021-02-10</p></div>
        </text>
        <extension url="http://fhir.kl.dk/gateway/StructureDefinition/klgateway-care-follow-up-encounter-extension">
          <valueReference>
            <reference value="Encounter/fbf243bb-9d70-489d-875d-87e14c980d7c"/>
          </valueReference>
        </extension>
        <clinicalStatus>
          <coding>
            <system value="http://terminology.hl7.org/CodeSystem/condition-clinical"/>
            <code value="active"/>
          </coding>
        </clinicalStatus>
        <category>
          <coding>
            <system value="http://terminology.hl7.org/CodeSystem/condition-category"/>
            <code value="problem-list-item"/>
          </coding>
        </category>
        <severity>
          <coding>
            <system value="urn:oid:1.2.208.176.2.21"/>
            <code value="B3"/>
          </coding>
        </severity>
        <code>
          <coding>
            <system value="urn:oid:1.2.208.176.2.21"/>
            <code value="J3.2"/>
          </coding>
        </code>
        <subject>
          <reference value="Patient/eec9e8e9-221d-4eae-a54d-cdd403661def"/>
        </subject>
        <recordedDate value="2021-02-10"/>
      </Condition>
    </resource>
  </entry>
  <entry>
    <fullUrl value="https://test.fhir.dk/Condition/fcc4040a-1803-434f-b633-8b354c5fbfb4"/>
    <resource>
      <Condition>
        <id value="fcc4040a-1803-434f-b633-8b354c5fbfb4"/>
        <meta>
          <profile value="http://fhir.kl.dk/gateway/StructureDefinition/klgateway-care-condition"/>
        </meta>
        <text>
          <status value="extensions"/><div xmlns="http://www.w3.org/1999/xhtml"><a name="Condition_fcc4040a-1803-434f-b633-8b354c5fbfb4"> </a><p class="res-header-id"><b>Generated Narrative: Condition fcc4040a-1803-434f-b633-8b354c5fbfb4</b></p><a name="fcc4040a-1803-434f-b633-8b354c5fbfb4"> </a><a name="hcfcc4040a-1803-434f-b633-8b354c5fbfb4"> </a><a name="fcc4040a-1803-434f-b633-8b354c5fbfb4-en-US"> </a><p><b>CareFollowUpEncounterExtension</b>: <a href="Bundle-643c3e42-ab90-4354-9b98-f01b4740d3d9.html#Encounter_fbf243bb-9d70-489d-875d-87e14c980d7c">Bundle: type = collection; timestamp = 2021-02-24 08:46:36+0000</a></p><p><b>clinicalStatus</b>: <span title="Codes:{http://terminology.hl7.org/CodeSystem/condition-clinical active}">Active</span></p><p><b>category</b>: <span title="Codes:{http://terminology.hl7.org/CodeSystem/condition-category problem-list-item}">Problem List Item</span></p><p><b>severity</b>: <span title="Codes:{urn:oid:1.2.208.176.2.21 B3}">2</span></p><p><b>code</b>: <span title="Codes:{urn:oid:1.2.208.176.2.21 J3.7}">Muskelstyrke</span></p><p><b>subject</b>: <a href="Bundle-3304e5f8-4b3f-4c19-8c68-e36c573f3f98.html#Patient_eec9e8e9-221d-4eae-a54d-cdd403661def">Bundle: type = collection; timestamp = 2021-02-10 11:14:09+0000</a></p><p><b>recordedDate</b>: 2021-02-10</p></div>
        </text>
        <extension url="http://fhir.kl.dk/gateway/StructureDefinition/klgateway-care-follow-up-encounter-extension">
          <valueReference>
            <reference value="Encounter/fbf243bb-9d70-489d-875d-87e14c980d7c"/>
          </valueReference>
        </extension>
        <clinicalStatus>
          <coding>
            <system value="http://terminology.hl7.org/CodeSystem/condition-clinical"/>
            <code value="active"/>
          </coding>
        </clinicalStatus>
        <category>
          <coding>
            <system value="http://terminology.hl7.org/CodeSystem/condition-category"/>
            <code value="problem-list-item"/>
          </coding>
        </category>
        <severity>
          <coding>
            <system value="urn:oid:1.2.208.176.2.21"/>
            <code value="B3"/>
          </coding>
        </severity>
        <code>
          <coding>
            <system value="urn:oid:1.2.208.176.2.21"/>
            <code value="J3.7"/>
          </coding>
        </code>
        <subject>
          <reference value="Patient/eec9e8e9-221d-4eae-a54d-cdd403661def"/>
        </subject>
        <recordedDate value="2021-02-10"/>
      </Condition>
    </resource>
  </entry>
  <entry>
    <fullUrl value="https://test.fhir.dk/Goal/91bed89f-4365-4878-849c-61554de55248"/>
    <resource>
      <Goal>
        <id value="91bed89f-4365-4878-849c-61554de55248"/>
        <meta>
          <profile value="http://fhir.kl.dk/gateway/StructureDefinition/klgateway-care-goal"/>
        </meta>
        <text>
          <status value="generated"/><div xmlns="http://www.w3.org/1999/xhtml"><a name="Goal_91bed89f-4365-4878-849c-61554de55248"> </a><p class="res-header-id"><b>Generated Narrative: Goal 91bed89f-4365-4878-849c-61554de55248</b></p><a name="91bed89f-4365-4878-849c-61554de55248"> </a><a name="hc91bed89f-4365-4878-849c-61554de55248"> </a><a name="91bed89f-4365-4878-849c-61554de55248-en-US"> </a><p><b>lifecycleStatus</b>: Planned</p><p><b>category</b>: <span title="Codes:{http://fhir.kl.dk/term/CodeSystem/CareSocialCodes ca552020-6ed1-4cdc-b0d4-32697f1f27ad}">FSIII tilstandsmål</span></p><p><b>description</b>: <span title="Codes:{urn:oid:1.2.208.176.2.21 e182c5dc-9f91-474a-92e8-f62be3d498f4}">Tilstand forsvinder, mindskes eller forbliver uændret</span></p><p><b>subject</b>: <a href="Bundle-3304e5f8-4b3f-4c19-8c68-e36c573f3f98.html#Patient_eec9e8e9-221d-4eae-a54d-cdd403661def">Bundle: type = collection; timestamp = 2021-02-10 11:14:09+0000</a></p><p><b>start</b>: 2021-02-10</p><h3>Targets</h3><table class="grid"><tr><td style="display: none">-</td><td><b>Measure</b></td><td><b>Detail[x]</b></td></tr><tr><td style="display: none">*</td><td><span title="Codes:{http://fhir.kl.dk/term/CodeSystem/CareSocialCodes 66959f77-6e2a-4574-8423-3ff097f8b9fa}">funktionsevneniveau</span></td><td><span title="Codes:{urn:oid:1.2.208.176.2.21 B1}">0</span></td></tr></table><p><b>addresses</b>: <a href="Bundle-3304e5f8-4b3f-4c19-8c68-e36c573f3f98.html#Condition_d45b02d1-be76-4968-812b-6b32338ad8ad">Bundle: type = collection; timestamp = 2021-02-10 11:14:09+0000</a></p></div>
        </text>
        <lifecycleStatus value="planned"/>
        <category>
          <coding>
            <system value="http://fhir.kl.dk/term/CodeSystem/CareSocialCodes"/>
            <code value="ca552020-6ed1-4cdc-b0d4-32697f1f27ad"/>
          </coding>
        </category>
        <description>
          <coding>
            <system value="urn:oid:1.2.208.176.2.21"/>
            <code value="e182c5dc-9f91-474a-92e8-f62be3d498f4"/>
          </coding>
        </description>
        <subject>
          <reference value="Patient/eec9e8e9-221d-4eae-a54d-cdd403661def"/>
        </subject>
        <startDate value="2021-02-10"/>
        <target>
          <measure>
            <coding>
              <system value="http://fhir.kl.dk/term/CodeSystem/CareSocialCodes"/>
              <code value="66959f77-6e2a-4574-8423-3ff097f8b9fa"/>
            </coding>
          </measure>
          <detailCodeableConcept>
            <coding>
              <system value="urn:oid:1.2.208.176.2.21"/>
              <code value="B1"/>
            </coding>
          </detailCodeableConcept>
        </target>
        <addresses>
          <reference value="Condition/d45b02d1-be76-4968-812b-6b32338ad8ad"/>
        </addresses>
      </Goal>
    </resource>
  </entry>
  <entry>
    <fullUrl value="https://test.fhir.dk/Goal/33cd1262-c00f-440a-9e30-620166ff6b7a"/>
    <resource>
      <Goal>
        <id value="33cd1262-c00f-440a-9e30-620166ff6b7a"/>
        <meta>
          <profile value="http://fhir.kl.dk/gateway/StructureDefinition/klgateway-care-goal"/>
        </meta>
        <text>
          <status value="generated"/><div xmlns="http://www.w3.org/1999/xhtml"><a name="Goal_33cd1262-c00f-440a-9e30-620166ff6b7a"> </a><p class="res-header-id"><b>Generated Narrative: Goal 33cd1262-c00f-440a-9e30-620166ff6b7a</b></p><a name="33cd1262-c00f-440a-9e30-620166ff6b7a"> </a><a name="hc33cd1262-c00f-440a-9e30-620166ff6b7a"> </a><a name="33cd1262-c00f-440a-9e30-620166ff6b7a-en-US"> </a><p><b>lifecycleStatus</b>: Planned</p><p><b>category</b>: <span title="Codes:{http://fhir.kl.dk/term/CodeSystem/CareSocialCodes ca552020-6ed1-4cdc-b0d4-32697f1f27ad}">FSIII tilstandsmål</span></p><p><b>description</b>: <span title="Codes:{urn:oid:1.2.208.176.2.21 e182c5dc-9f91-474a-92e8-f62be3d498f4}">Tilstand forsvinder, mindskes eller forbliver uændret</span></p><p><b>subject</b>: <a href="Bundle-3304e5f8-4b3f-4c19-8c68-e36c573f3f98.html#Patient_eec9e8e9-221d-4eae-a54d-cdd403661def">Bundle: type = collection; timestamp = 2021-02-10 11:14:09+0000</a></p><p><b>start</b>: 2021-02-10</p><h3>Targets</h3><table class="grid"><tr><td style="display: none">-</td><td><b>Measure</b></td><td><b>Detail[x]</b></td></tr><tr><td style="display: none">*</td><td><span title="Codes:{http://fhir.kl.dk/term/CodeSystem/CareSocialCodes 66959f77-6e2a-4574-8423-3ff097f8b9fa}">funktionsevneniveau</span></td><td><span title="Codes:{urn:oid:1.2.208.176.2.21 B1}">0</span></td></tr></table><p><b>addresses</b>: <a href="Bundle-3304e5f8-4b3f-4c19-8c68-e36c573f3f98.html#Condition_34665f6d-7573-46fb-8b4d-72f30641284b">Bundle: type = collection; timestamp = 2021-02-10 11:14:09+0000</a></p></div>
        </text>
        <lifecycleStatus value="planned"/>
        <category>
          <coding>
            <system value="http://fhir.kl.dk/term/CodeSystem/CareSocialCodes"/>
            <code value="ca552020-6ed1-4cdc-b0d4-32697f1f27ad"/>
          </coding>
        </category>
        <description>
          <coding>
            <system value="urn:oid:1.2.208.176.2.21"/>
            <code value="e182c5dc-9f91-474a-92e8-f62be3d498f4"/>
          </coding>
        </description>
        <subject>
          <reference value="Patient/eec9e8e9-221d-4eae-a54d-cdd403661def"/>
        </subject>
        <startDate value="2021-02-10"/>
        <target>
          <measure>
            <coding>
              <system value="http://fhir.kl.dk/term/CodeSystem/CareSocialCodes"/>
              <code value="66959f77-6e2a-4574-8423-3ff097f8b9fa"/>
            </coding>
          </measure>
          <detailCodeableConcept>
            <coding>
              <system value="urn:oid:1.2.208.176.2.21"/>
              <code value="B1"/>
            </coding>
          </detailCodeableConcept>
        </target>
        <addresses>
          <reference value="Condition/34665f6d-7573-46fb-8b4d-72f30641284b"/>
        </addresses>
      </Goal>
    </resource>
  </entry>
  <entry>
    <fullUrl value="https://test.fhir.dk/Goal/a638744a-c6a9-49c5-940e-e16f94e806b9"/>
    <resource>
      <Goal>
        <id value="a638744a-c6a9-49c5-940e-e16f94e806b9"/>
        <meta>
          <profile value="http://fhir.kl.dk/gateway/StructureDefinition/klgateway-care-goal"/>
        </meta>
        <text>
          <status value="generated"/><div xmlns="http://www.w3.org/1999/xhtml"><a name="Goal_a638744a-c6a9-49c5-940e-e16f94e806b9"> </a><p class="res-header-id"><b>Generated Narrative: Goal a638744a-c6a9-49c5-940e-e16f94e806b9</b></p><a name="a638744a-c6a9-49c5-940e-e16f94e806b9"> </a><a name="hca638744a-c6a9-49c5-940e-e16f94e806b9"> </a><a name="a638744a-c6a9-49c5-940e-e16f94e806b9-en-US"> </a><p><b>lifecycleStatus</b>: Planned</p><p><b>category</b>: <span title="Codes:{http://fhir.kl.dk/term/CodeSystem/CareSocialCodes ca552020-6ed1-4cdc-b0d4-32697f1f27ad}">FSIII tilstandsmål</span></p><p><b>description</b>: <span title="Codes:{urn:oid:1.2.208.176.2.21 e182c5dc-9f91-474a-92e8-f62be3d498f4}">Tilstand forsvinder, mindskes eller forbliver uændret</span></p><p><b>subject</b>: <a href="Bundle-3304e5f8-4b3f-4c19-8c68-e36c573f3f98.html#Patient_eec9e8e9-221d-4eae-a54d-cdd403661def">Bundle: type = collection; timestamp = 2021-02-10 11:14:09+0000</a></p><p><b>start</b>: 2021-02-10</p><h3>Targets</h3><table class="grid"><tr><td style="display: none">-</td><td><b>Measure</b></td><td><b>Detail[x]</b></td></tr><tr><td style="display: none">*</td><td><span title="Codes:{http://fhir.kl.dk/term/CodeSystem/CareSocialCodes 66959f77-6e2a-4574-8423-3ff097f8b9fa}">funktionsevneniveau</span></td><td><span title="Codes:{urn:oid:1.2.208.176.2.21 B2}">1</span></td></tr></table><p><b>addresses</b>: <a href="Bundle-3304e5f8-4b3f-4c19-8c68-e36c573f3f98.html#Condition_067e0542-1d8a-404d-b6db-f2bfa6a03c2e">Bundle: type = collection; timestamp = 2021-02-10 11:14:09+0000</a></p></div>
        </text>
        <lifecycleStatus value="planned"/>
        <category>
          <coding>
            <system value="http://fhir.kl.dk/term/CodeSystem/CareSocialCodes"/>
            <code value="ca552020-6ed1-4cdc-b0d4-32697f1f27ad"/>
          </coding>
        </category>
        <description>
          <coding>
            <system value="urn:oid:1.2.208.176.2.21"/>
            <code value="e182c5dc-9f91-474a-92e8-f62be3d498f4"/>
          </coding>
        </description>
        <subject>
          <reference value="Patient/eec9e8e9-221d-4eae-a54d-cdd403661def"/>
        </subject>
        <startDate value="2021-02-10"/>
        <target>
          <measure>
            <coding>
              <system value="http://fhir.kl.dk/term/CodeSystem/CareSocialCodes"/>
              <code value="66959f77-6e2a-4574-8423-3ff097f8b9fa"/>
            </coding>
          </measure>
          <detailCodeableConcept>
            <coding>
              <system value="urn:oid:1.2.208.176.2.21"/>
              <code value="B2"/>
            </coding>
          </detailCodeableConcept>
        </target>
        <addresses>
          <reference value="Condition/067e0542-1d8a-404d-b6db-f2bfa6a03c2e"/>
        </addresses>
      </Goal>
    </resource>
  </entry>
  <entry>
    <fullUrl value="https://test.fhir.dk/Goal/1c62dbc4-91f7-4ad8-86be-783b7158c475"/>
    <resource>
      <Goal>
        <id value="1c62dbc4-91f7-4ad8-86be-783b7158c475"/>
        <meta>
          <profile value="http://fhir.kl.dk/gateway/StructureDefinition/klgateway-care-goal"/>
        </meta>
        <text>
          <status value="generated"/><div xmlns="http://www.w3.org/1999/xhtml"><a name="Goal_1c62dbc4-91f7-4ad8-86be-783b7158c475"> </a><p class="res-header-id"><b>Generated Narrative: Goal 1c62dbc4-91f7-4ad8-86be-783b7158c475</b></p><a name="1c62dbc4-91f7-4ad8-86be-783b7158c475"> </a><a name="hc1c62dbc4-91f7-4ad8-86be-783b7158c475"> </a><a name="1c62dbc4-91f7-4ad8-86be-783b7158c475-en-US"> </a><p><b>lifecycleStatus</b>: Planned</p><p><b>category</b>: <span title="Codes:{http://fhir.kl.dk/term/CodeSystem/CareSocialCodes ca552020-6ed1-4cdc-b0d4-32697f1f27ad}">FSIII tilstandsmål</span></p><p><b>description</b>: <span title="Codes:{urn:oid:1.2.208.176.2.21 e182c5dc-9f91-474a-92e8-f62be3d498f4}">Tilstand forsvinder, mindskes eller forbliver uændret</span></p><p><b>subject</b>: <a href="Bundle-3304e5f8-4b3f-4c19-8c68-e36c573f3f98.html#Patient_eec9e8e9-221d-4eae-a54d-cdd403661def">Bundle: type = collection; timestamp = 2021-02-10 11:14:09+0000</a></p><p><b>start</b>: 2021-02-10</p><h3>Targets</h3><table class="grid"><tr><td style="display: none">-</td><td><b>Measure</b></td><td><b>Detail[x]</b></td></tr><tr><td style="display: none">*</td><td><span title="Codes:{http://fhir.kl.dk/term/CodeSystem/CareSocialCodes 66959f77-6e2a-4574-8423-3ff097f8b9fa}">funktionsevneniveau</span></td><td><span title="Codes:{urn:oid:1.2.208.176.2.21 B2}">1</span></td></tr></table><p><b>addresses</b>: <a href="Bundle-3304e5f8-4b3f-4c19-8c68-e36c573f3f98.html#Condition_cd8643fd-8a42-4ef8-81b4-bf5ec2253f14">Bundle: type = collection; timestamp = 2021-02-10 11:14:09+0000</a></p></div>
        </text>
        <lifecycleStatus value="planned"/>
        <category>
          <coding>
            <system value="http://fhir.kl.dk/term/CodeSystem/CareSocialCodes"/>
            <code value="ca552020-6ed1-4cdc-b0d4-32697f1f27ad"/>
          </coding>
        </category>
        <description>
          <coding>
            <system value="urn:oid:1.2.208.176.2.21"/>
            <code value="e182c5dc-9f91-474a-92e8-f62be3d498f4"/>
          </coding>
        </description>
        <subject>
          <reference value="Patient/eec9e8e9-221d-4eae-a54d-cdd403661def"/>
        </subject>
        <startDate value="2021-02-10"/>
        <target>
          <measure>
            <coding>
              <system value="http://fhir.kl.dk/term/CodeSystem/CareSocialCodes"/>
              <code value="66959f77-6e2a-4574-8423-3ff097f8b9fa"/>
            </coding>
          </measure>
          <detailCodeableConcept>
            <coding>
              <system value="urn:oid:1.2.208.176.2.21"/>
              <code value="B2"/>
            </coding>
          </detailCodeableConcept>
        </target>
        <addresses>
          <reference value="Condition/cd8643fd-8a42-4ef8-81b4-bf5ec2253f14"/>
        </addresses>
      </Goal>
    </resource>
  </entry>
  <entry>
    <fullUrl value="https://test.fhir.dk/Goal/cc6288f9-48d4-4aac-b640-b750a2dfeb0d"/>
    <resource>
      <Goal>
        <id value="cc6288f9-48d4-4aac-b640-b750a2dfeb0d"/>
        <meta>
          <profile value="http://fhir.kl.dk/gateway/StructureDefinition/klgateway-care-goal"/>
        </meta>
        <text>
          <status value="generated"/><div xmlns="http://www.w3.org/1999/xhtml"><a name="Goal_cc6288f9-48d4-4aac-b640-b750a2dfeb0d"> </a><p class="res-header-id"><b>Generated Narrative: Goal cc6288f9-48d4-4aac-b640-b750a2dfeb0d</b></p><a name="cc6288f9-48d4-4aac-b640-b750a2dfeb0d"> </a><a name="hccc6288f9-48d4-4aac-b640-b750a2dfeb0d"> </a><a name="cc6288f9-48d4-4aac-b640-b750a2dfeb0d-en-US"> </a><p><b>lifecycleStatus</b>: Planned</p><p><b>category</b>: <span title="Codes:{http://fhir.kl.dk/term/CodeSystem/CareSocialCodes ca552020-6ed1-4cdc-b0d4-32697f1f27ad}">FSIII tilstandsmål</span></p><p><b>description</b>: <span title="Codes:{urn:oid:1.2.208.176.2.21 e182c5dc-9f91-474a-92e8-f62be3d498f4}">Tilstand forsvinder, mindskes eller forbliver uændret</span></p><p><b>subject</b>: <a href="Bundle-3304e5f8-4b3f-4c19-8c68-e36c573f3f98.html#Patient_eec9e8e9-221d-4eae-a54d-cdd403661def">Bundle: type = collection; timestamp = 2021-02-10 11:14:09+0000</a></p><p><b>start</b>: 2021-02-10</p><h3>Targets</h3><table class="grid"><tr><td style="display: none">-</td><td><b>Measure</b></td><td><b>Detail[x]</b></td></tr><tr><td style="display: none">*</td><td><span title="Codes:{http://fhir.kl.dk/term/CodeSystem/CareSocialCodes 66959f77-6e2a-4574-8423-3ff097f8b9fa}">funktionsevneniveau</span></td><td><span title="Codes:{urn:oid:1.2.208.176.2.21 B1}">0</span></td></tr></table><p><b>addresses</b>: <a href="Bundle-3304e5f8-4b3f-4c19-8c68-e36c573f3f98.html#Condition_806d1cf8-5a4a-4c0d-a020-8a3bb3eacebd">Bundle: type = collection; timestamp = 2021-02-10 11:14:09+0000</a></p></div>
        </text>
        <lifecycleStatus value="planned"/>
        <category>
          <coding>
            <system value="http://fhir.kl.dk/term/CodeSystem/CareSocialCodes"/>
            <code value="ca552020-6ed1-4cdc-b0d4-32697f1f27ad"/>
          </coding>
        </category>
        <description>
          <coding>
            <system value="urn:oid:1.2.208.176.2.21"/>
            <code value="e182c5dc-9f91-474a-92e8-f62be3d498f4"/>
          </coding>
        </description>
        <subject>
          <reference value="Patient/eec9e8e9-221d-4eae-a54d-cdd403661def"/>
        </subject>
        <startDate value="2021-02-10"/>
        <target>
          <measure>
            <coding>
              <system value="http://fhir.kl.dk/term/CodeSystem/CareSocialCodes"/>
              <code value="66959f77-6e2a-4574-8423-3ff097f8b9fa"/>
            </coding>
          </measure>
          <detailCodeableConcept>
            <coding>
              <system value="urn:oid:1.2.208.176.2.21"/>
              <code value="B1"/>
            </coding>
          </detailCodeableConcept>
        </target>
        <addresses>
          <reference value="Condition/806d1cf8-5a4a-4c0d-a020-8a3bb3eacebd"/>
        </addresses>
      </Goal>
    </resource>
  </entry>
  <entry>
    <fullUrl value="https://test.fhir.dk/Goal/dc40bf0d-4411-4317-b424-9bad5045836e"/>
    <resource>
      <Goal>
        <id value="dc40bf0d-4411-4317-b424-9bad5045836e"/>
        <meta>
          <profile value="http://fhir.kl.dk/gateway/StructureDefinition/klgateway-care-goal"/>
        </meta>
        <text>
          <status value="generated"/><div xmlns="http://www.w3.org/1999/xhtml"><a name="Goal_dc40bf0d-4411-4317-b424-9bad5045836e"> </a><p class="res-header-id"><b>Generated Narrative: Goal dc40bf0d-4411-4317-b424-9bad5045836e</b></p><a name="dc40bf0d-4411-4317-b424-9bad5045836e"> </a><a name="hcdc40bf0d-4411-4317-b424-9bad5045836e"> </a><a name="dc40bf0d-4411-4317-b424-9bad5045836e-en-US"> </a><p><b>lifecycleStatus</b>: Planned</p><p><b>category</b>: <span title="Codes:{http://fhir.kl.dk/term/CodeSystem/CareSocialCodes ca552020-6ed1-4cdc-b0d4-32697f1f27ad}">FSIII tilstandsmål</span></p><p><b>description</b>: <span title="Codes:{urn:oid:1.2.208.176.2.21 e182c5dc-9f91-474a-92e8-f62be3d498f4}">Tilstand forsvinder, mindskes eller forbliver uændret</span></p><p><b>subject</b>: <a href="Bundle-3304e5f8-4b3f-4c19-8c68-e36c573f3f98.html#Patient_eec9e8e9-221d-4eae-a54d-cdd403661def">Bundle: type = collection; timestamp = 2021-02-10 11:14:09+0000</a></p><p><b>start</b>: 2021-02-10</p><h3>Targets</h3><table class="grid"><tr><td style="display: none">-</td><td><b>Measure</b></td><td><b>Detail[x]</b></td></tr><tr><td style="display: none">*</td><td><span title="Codes:{http://fhir.kl.dk/term/CodeSystem/CareSocialCodes 66959f77-6e2a-4574-8423-3ff097f8b9fa}">funktionsevneniveau</span></td><td><span title="Codes:{urn:oid:1.2.208.176.2.21 B1}">0</span></td></tr></table><p><b>addresses</b>: <a href="Bundle-3304e5f8-4b3f-4c19-8c68-e36c573f3f98.html#Condition_5ad5649a-6317-41de-8cc4-364b9bafd298">Bundle: type = collection; timestamp = 2021-02-10 11:14:09+0000</a></p></div>
        </text>
        <lifecycleStatus value="planned"/>
        <category>
          <coding>
            <system value="http://fhir.kl.dk/term/CodeSystem/CareSocialCodes"/>
            <code value="ca552020-6ed1-4cdc-b0d4-32697f1f27ad"/>
          </coding>
        </category>
        <description>
          <coding>
            <system value="urn:oid:1.2.208.176.2.21"/>
            <code value="e182c5dc-9f91-474a-92e8-f62be3d498f4"/>
          </coding>
        </description>
        <subject>
          <reference value="Patient/eec9e8e9-221d-4eae-a54d-cdd403661def"/>
        </subject>
        <startDate value="2021-02-10"/>
        <target>
          <measure>
            <coding>
              <system value="http://fhir.kl.dk/term/CodeSystem/CareSocialCodes"/>
              <code value="66959f77-6e2a-4574-8423-3ff097f8b9fa"/>
            </coding>
          </measure>
          <detailCodeableConcept>
            <coding>
              <system value="urn:oid:1.2.208.176.2.21"/>
              <code value="B1"/>
            </coding>
          </detailCodeableConcept>
        </target>
        <addresses>
          <reference value="Condition/5ad5649a-6317-41de-8cc4-364b9bafd298"/>
        </addresses>
      </Goal>
    </resource>
  </entry>
  <entry>
    <fullUrl value="https://test.fhir.dk/Goal/1efb9aec-4e79-4ead-8502-50168f569a18"/>
    <resource>
      <Goal>
        <id value="1efb9aec-4e79-4ead-8502-50168f569a18"/>
        <meta>
          <profile value="http://fhir.kl.dk/gateway/StructureDefinition/klgateway-care-goal"/>
        </meta>
        <text>
          <status value="generated"/><div xmlns="http://www.w3.org/1999/xhtml"><a name="Goal_1efb9aec-4e79-4ead-8502-50168f569a18"> </a><p class="res-header-id"><b>Generated Narrative: Goal 1efb9aec-4e79-4ead-8502-50168f569a18</b></p><a name="1efb9aec-4e79-4ead-8502-50168f569a18"> </a><a name="hc1efb9aec-4e79-4ead-8502-50168f569a18"> </a><a name="1efb9aec-4e79-4ead-8502-50168f569a18-en-US"> </a><p><b>lifecycleStatus</b>: Planned</p><p><b>category</b>: <span title="Codes:{http://fhir.kl.dk/term/CodeSystem/CareSocialCodes ca552020-6ed1-4cdc-b0d4-32697f1f27ad}">FSIII tilstandsmål</span></p><p><b>description</b>: <span title="Codes:{urn:oid:1.2.208.176.2.21 e182c5dc-9f91-474a-92e8-f62be3d498f4}">Tilstand forsvinder, mindskes eller forbliver uændret</span></p><p><b>subject</b>: <a href="Bundle-3304e5f8-4b3f-4c19-8c68-e36c573f3f98.html#Patient_eec9e8e9-221d-4eae-a54d-cdd403661def">Bundle: type = collection; timestamp = 2021-02-10 11:14:09+0000</a></p><p><b>start</b>: 2021-02-10</p><h3>Targets</h3><table class="grid"><tr><td style="display: none">-</td><td><b>Measure</b></td><td><b>Detail[x]</b></td></tr><tr><td style="display: none">*</td><td><span title="Codes:{http://fhir.kl.dk/term/CodeSystem/CareSocialCodes 66959f77-6e2a-4574-8423-3ff097f8b9fa}">funktionsevneniveau</span></td><td><span title="Codes:{urn:oid:1.2.208.176.2.21 B1}">0</span></td></tr></table><p><b>addresses</b>: <a href="Bundle-3304e5f8-4b3f-4c19-8c68-e36c573f3f98.html#Condition_fcc4040a-1803-434f-b633-8b354c5fbfb4">Bundle: type = collection; timestamp = 2021-02-10 11:14:09+0000</a></p></div>
        </text>
        <lifecycleStatus value="planned"/>
        <category>
          <coding>
            <system value="http://fhir.kl.dk/term/CodeSystem/CareSocialCodes"/>
            <code value="ca552020-6ed1-4cdc-b0d4-32697f1f27ad"/>
          </coding>
        </category>
        <description>
          <coding>
            <system value="urn:oid:1.2.208.176.2.21"/>
            <code value="e182c5dc-9f91-474a-92e8-f62be3d498f4"/>
          </coding>
        </description>
        <subject>
          <reference value="Patient/eec9e8e9-221d-4eae-a54d-cdd403661def"/>
        </subject>
        <startDate value="2021-02-10"/>
        <target>
          <measure>
            <coding>
              <system value="http://fhir.kl.dk/term/CodeSystem/CareSocialCodes"/>
              <code value="66959f77-6e2a-4574-8423-3ff097f8b9fa"/>
            </coding>
          </measure>
          <detailCodeableConcept>
            <coding>
              <system value="urn:oid:1.2.208.176.2.21"/>
              <code value="B1"/>
            </coding>
          </detailCodeableConcept>
        </target>
        <addresses>
          <reference value="Condition/fcc4040a-1803-434f-b633-8b354c5fbfb4"/>
        </addresses>
      </Goal>
    </resource>
  </entry>
  <entry>
    <fullUrl value="https://test.fhir.dk/CarePlan/9ace0320-a6bd-4d90-bfed-b6e5d219dba3"/>
    <resource>
      <CarePlan>
        <id value="9ace0320-a6bd-4d90-bfed-b6e5d219dba3"/>
        <meta>
          <profile value="http://fhir.kl.dk/gateway/StructureDefinition/klgateway-care-planned-intervention"/>
        </meta>
        <text>
          <status value="generated"/><div xmlns="http://www.w3.org/1999/xhtml"><a name="CarePlan_9ace0320-a6bd-4d90-bfed-b6e5d219dba3"> </a><p class="res-header-id"><b>Generated Narrative: CarePlan 9ace0320-a6bd-4d90-bfed-b6e5d219dba3</b></p><a name="9ace0320-a6bd-4d90-bfed-b6e5d219dba3"> </a><a name="hc9ace0320-a6bd-4d90-bfed-b6e5d219dba3"> </a><a name="9ace0320-a6bd-4d90-bfed-b6e5d219dba3-en-US"> </a><p><b>status</b>: Completed</p><p><b>intent</b>: Plan</p><p><b>subject</b>: <a href="Bundle-3304e5f8-4b3f-4c19-8c68-e36c573f3f98.html#Patient_eec9e8e9-221d-4eae-a54d-cdd403661def">Bundle: type = collection; timestamp = 2021-02-10 11:14:09+0000</a></p><p><b>period</b>: 2021-02-12 --&gt; 2021-02-24</p><blockquote><p><b>activity</b></p><h3>Details</h3><table class="grid"><tr><td style="display: none">-</td><td><b>Code</b></td><td><b>ReasonReference</b></td><td><b>Status</b></td></tr><tr><td style="display: none">*</td><td><span title="Codes:{urn:oid:1.2.208.176.2.21 H1.1}">Personlig hygiejne</span></td><td><a href="Bundle-3304e5f8-4b3f-4c19-8c68-e36c573f3f98.html#Condition_d45b02d1-be76-4968-812b-6b32338ad8ad">Bundle: type = collection; timestamp = 2021-02-10 11:14:09+0000</a></td><td>In Progress</td></tr></table></blockquote></div>
        </text>
        <status value="completed"/>
        <intent value="plan"/>
        <subject>
          <reference value="Patient/eec9e8e9-221d-4eae-a54d-cdd403661def"/>
        </subject>
        <period>
          <start value="2021-02-12"/>
          <end value="2021-02-24"/>
        </period>
        <activity>
          <detail>
            <code>
              <coding>
                <system value="urn:oid:1.2.208.176.2.21"/>
                <code value="H1.1"/>
              </coding>
            </code>
            <reasonReference>
              <reference value="Condition/d45b02d1-be76-4968-812b-6b32338ad8ad"/>
            </reasonReference>
            <status value="in-progress"/>
          </detail>
        </activity>
      </CarePlan>
    </resource>
  </entry>
  <entry>
    <fullUrl value="https://test.fhir.dk/CarePlan/4f325b94-99fe-4781-9e05-97e27279f8ec"/>
    <resource>
      <CarePlan>
        <id value="4f325b94-99fe-4781-9e05-97e27279f8ec"/>
        <meta>
          <profile value="http://fhir.kl.dk/gateway/StructureDefinition/klgateway-care-planned-intervention"/>
        </meta>
        <text>
          <status value="generated"/><div xmlns="http://www.w3.org/1999/xhtml"><a name="CarePlan_4f325b94-99fe-4781-9e05-97e27279f8ec"> </a><p class="res-header-id"><b>Generated Narrative: CarePlan 4f325b94-99fe-4781-9e05-97e27279f8ec</b></p><a name="4f325b94-99fe-4781-9e05-97e27279f8ec"> </a><a name="hc4f325b94-99fe-4781-9e05-97e27279f8ec"> </a><a name="4f325b94-99fe-4781-9e05-97e27279f8ec-en-US"> </a><p><b>status</b>: Active</p><p><b>intent</b>: Plan</p><p><b>subject</b>: <a href="Bundle-3304e5f8-4b3f-4c19-8c68-e36c573f3f98.html#Patient_eec9e8e9-221d-4eae-a54d-cdd403661def">Bundle: type = collection; timestamp = 2021-02-10 11:14:09+0000</a></p><p><b>period</b>: 2021-02-12 --&gt; (ongoing)</p><blockquote><p><b>activity</b></p><h3>Details</h3><table class="grid"><tr><td style="display: none">-</td><td><b>Code</b></td><td><b>ReasonReference</b></td><td><b>Status</b></td></tr><tr><td style="display: none">*</td><td><span title="Codes:{urn:oid:1.2.208.176.2.21 H1.5}">Hverdagens aktiviteter</span></td><td><a href="Bundle-3304e5f8-4b3f-4c19-8c68-e36c573f3f98.html#Condition_cd8643fd-8a42-4ef8-81b4-bf5ec2253f14">Bundle: type = collection; timestamp = 2021-02-10 11:14:09+0000</a></td><td>In Progress</td></tr></table></blockquote></div>
        </text>
        <status value="active"/>
        <intent value="plan"/>
        <subject>
          <reference value="Patient/eec9e8e9-221d-4eae-a54d-cdd403661def"/>
        </subject>
        <period>
          <start value="2021-02-12"/>
        </period>
        <activity>
          <detail>
            <code>
              <coding>
                <system value="urn:oid:1.2.208.176.2.21"/>
                <code value="H1.5"/>
              </coding>
            </code>
            <reasonReference>
              <reference value="Condition/cd8643fd-8a42-4ef8-81b4-bf5ec2253f14"/>
            </reasonReference>
            <status value="in-progress"/>
          </detail>
        </activity>
      </CarePlan>
    </resource>
  </entry>
  <entry>
    <fullUrl value="https://test.fhir.dk/CarePlan/d8130c0c-d8a1-47c7-acdf-d32f23c58db9"/>
    <resource>
      <CarePlan>
        <id value="d8130c0c-d8a1-47c7-acdf-d32f23c58db9"/>
        <meta>
          <profile value="http://fhir.kl.dk/gateway/StructureDefinition/klgateway-care-planned-intervention"/>
        </meta>
        <text>
          <status value="generated"/><div xmlns="http://www.w3.org/1999/xhtml"><a name="CarePlan_d8130c0c-d8a1-47c7-acdf-d32f23c58db9"> </a><p class="res-header-id"><b>Generated Narrative: CarePlan d8130c0c-d8a1-47c7-acdf-d32f23c58db9</b></p><a name="d8130c0c-d8a1-47c7-acdf-d32f23c58db9"> </a><a name="hcd8130c0c-d8a1-47c7-acdf-d32f23c58db9"> </a><a name="d8130c0c-d8a1-47c7-acdf-d32f23c58db9-en-US"> </a><p><b>status</b>: Completed</p><p><b>intent</b>: Plan</p><p><b>subject</b>: <a href="Bundle-3304e5f8-4b3f-4c19-8c68-e36c573f3f98.html#Patient_eec9e8e9-221d-4eae-a54d-cdd403661def">Bundle: type = collection; timestamp = 2021-02-10 11:14:09+0000</a></p><p><b>period</b>: 2021-02-12 --&gt; 2021-02-24</p><blockquote><p><b>activity</b></p><blockquote><p><b>detail</b></p><p><b>code</b>: <span title="Codes:{urn:oid:1.2.208.176.2.21 H1.4}">Mobilitet</span></p><p><b>reasonReference</b>: </p><ul><li><a href="Bundle-3304e5f8-4b3f-4c19-8c68-e36c573f3f98.html#Condition_806d1cf8-5a4a-4c0d-a020-8a3bb3eacebd">Bundle: type = collection; timestamp = 2021-02-10 11:14:09+0000</a></li><li><a href="Bundle-3304e5f8-4b3f-4c19-8c68-e36c573f3f98.html#Condition_5ad5649a-6317-41de-8cc4-364b9bafd298">Bundle: type = collection; timestamp = 2021-02-10 11:14:09+0000</a></li><li><a href="Bundle-3304e5f8-4b3f-4c19-8c68-e36c573f3f98.html#Condition_fcc4040a-1803-434f-b633-8b354c5fbfb4">Bundle: type = collection; timestamp = 2021-02-10 11:14:09+0000</a></li></ul><p><b>status</b>: In Progress</p></blockquote></blockquote></div>
        </text>
        <status value="completed"/>
        <intent value="plan"/>
        <subject>
          <reference value="Patient/eec9e8e9-221d-4eae-a54d-cdd403661def"/>
        </subject>
        <period>
          <start value="2021-02-12"/>
          <end value="2021-02-24"/>
        </period>
        <activity>
          <detail>
            <code>
              <coding>
                <system value="urn:oid:1.2.208.176.2.21"/>
                <code value="H1.4"/>
              </coding>
            </code>
            <reasonReference>
              <reference value="Condition/806d1cf8-5a4a-4c0d-a020-8a3bb3eacebd"/>
            </reasonReference>
            <reasonReference>
              <reference value="Condition/5ad5649a-6317-41de-8cc4-364b9bafd298"/>
            </reasonReference>
            <reasonReference>
              <reference value="Condition/fcc4040a-1803-434f-b633-8b354c5fbfb4"/>
            </reasonReference>
            <status value="in-progress"/>
          </detail>
        </activity>
      </CarePlan>
    </resource>
  </entry>
  <entry>
    <fullUrl value="https://test.fhir.dk/CarePlan/7c22ac66-f42b-476e-8d54-0607ea06f9bf"/>
    <resource>
      <CarePlan>
        <id value="7c22ac66-f42b-476e-8d54-0607ea06f9bf"/>
        <meta>
          <profile value="http://fhir.kl.dk/gateway/StructureDefinition/klgateway-care-planned-intervention"/>
        </meta>
        <text>
          <status value="generated"/><div xmlns="http://www.w3.org/1999/xhtml"><a name="CarePlan_7c22ac66-f42b-476e-8d54-0607ea06f9bf"> </a><p class="res-header-id"><b>Generated Narrative: CarePlan 7c22ac66-f42b-476e-8d54-0607ea06f9bf</b></p><a name="7c22ac66-f42b-476e-8d54-0607ea06f9bf"> </a><a name="hc7c22ac66-f42b-476e-8d54-0607ea06f9bf"> </a><a name="7c22ac66-f42b-476e-8d54-0607ea06f9bf-en-US"> </a><p><b>status</b>: Active</p><p><b>intent</b>: Plan</p><p><b>subject</b>: <a href="Bundle-3304e5f8-4b3f-4c19-8c68-e36c573f3f98.html#Patient_eec9e8e9-221d-4eae-a54d-cdd403661def">Bundle: type = collection; timestamp = 2021-02-10 11:14:09+0000</a></p><p><b>period</b>: 2021-02-25 --&gt; (ongoing)</p><blockquote><p><b>activity</b></p><h3>Details</h3><table class="grid"><tr><td style="display: none">-</td><td><b>Code</b></td><td><b>ReasonReference</b></td><td><b>Status</b></td></tr><tr><td style="display: none">*</td><td><span title="Codes:{urn:oid:1.2.208.176.2.21 H2.5}">RH Personlig hygiejne</span></td><td><a href="Bundle-3304e5f8-4b3f-4c19-8c68-e36c573f3f98.html#Condition_d45b02d1-be76-4968-812b-6b32338ad8ad">Bundle: type = collection; timestamp = 2021-02-10 11:14:09+0000</a></td><td>In Progress</td></tr></table></blockquote></div>
        </text>
        <status value="active"/>
        <intent value="plan"/>
        <subject>
          <reference value="Patient/eec9e8e9-221d-4eae-a54d-cdd403661def"/>
        </subject>
        <period>
          <start value="2021-02-25"/>
        </period>
        <activity>
          <detail>
            <code>
              <coding>
                <system value="urn:oid:1.2.208.176.2.21"/>
                <code value="H2.5"/>
              </coding>
            </code>
            <reasonReference>
              <reference value="Condition/d45b02d1-be76-4968-812b-6b32338ad8ad"/>
            </reasonReference>
            <status value="in-progress"/>
          </detail>
        </activity>
      </CarePlan>
    </resource>
  </entry>
  <entry>
    <fullUrl value="https://test.fhir.dk/CarePlan/5eb9f137-bd44-481a-95b0-18dacdb4c757"/>
    <resource>
      <CarePlan>
        <id value="5eb9f137-bd44-481a-95b0-18dacdb4c757"/>
        <meta>
          <profile value="http://fhir.kl.dk/gateway/StructureDefinition/klgateway-care-planned-intervention"/>
        </meta>
        <text>
          <status value="generated"/><div xmlns="http://www.w3.org/1999/xhtml"><a name="CarePlan_5eb9f137-bd44-481a-95b0-18dacdb4c757"> </a><p class="res-header-id"><b>Generated Narrative: CarePlan 5eb9f137-bd44-481a-95b0-18dacdb4c757</b></p><a name="5eb9f137-bd44-481a-95b0-18dacdb4c757"> </a><a name="hc5eb9f137-bd44-481a-95b0-18dacdb4c757"> </a><a name="5eb9f137-bd44-481a-95b0-18dacdb4c757-en-US"> </a><p><b>status</b>: Active</p><p><b>intent</b>: Plan</p><p><b>subject</b>: <a href="Bundle-3304e5f8-4b3f-4c19-8c68-e36c573f3f98.html#Patient_eec9e8e9-221d-4eae-a54d-cdd403661def">Bundle: type = collection; timestamp = 2021-02-10 11:14:09+0000</a></p><p><b>period</b>: 2021-02-25 --&gt; (ongoing)</p><blockquote><p><b>activity</b></p><h3>Details</h3><table class="grid"><tr><td style="display: none">-</td><td><b>Code</b></td><td><b>ReasonReference</b></td><td><b>Status</b></td></tr><tr><td style="display: none">*</td><td><span title="Codes:{urn:oid:1.2.208.176.2.21 H2.2}">RH Hverdagens aktiviteter</span></td><td><a href="Bundle-3304e5f8-4b3f-4c19-8c68-e36c573f3f98.html#Condition_34665f6d-7573-46fb-8b4d-72f30641284b">Bundle: type = collection; timestamp = 2021-02-10 11:14:09+0000</a></td><td>In Progress</td></tr></table></blockquote></div>
        </text>
        <status value="active"/>
        <intent value="plan"/>
        <subject>
          <reference value="Patient/eec9e8e9-221d-4eae-a54d-cdd403661def"/>
        </subject>
        <period>
          <start value="2021-02-25"/>
        </period>
        <activity>
          <detail>
            <code>
              <coding>
                <system value="urn:oid:1.2.208.176.2.21"/>
                <code value="H2.2"/>
              </coding>
            </code>
            <reasonReference>
              <reference value="Condition/34665f6d-7573-46fb-8b4d-72f30641284b"/>
            </reasonReference>
            <status value="in-progress"/>
          </detail>
        </activity>
      </CarePlan>
    </resource>
  </entry>
  <entry>
    <fullUrl value="https://test.fhir.dk/CarePlan/e353b5b7-5e03-4142-bb74-e49015d95c50"/>
    <resource>
      <CarePlan>
        <id value="e353b5b7-5e03-4142-bb74-e49015d95c50"/>
        <meta>
          <profile value="http://fhir.kl.dk/gateway/StructureDefinition/klgateway-care-planned-intervention"/>
        </meta>
        <text>
          <status value="generated"/><div xmlns="http://www.w3.org/1999/xhtml"><a name="CarePlan_e353b5b7-5e03-4142-bb74-e49015d95c50"> </a><p class="res-header-id"><b>Generated Narrative: CarePlan e353b5b7-5e03-4142-bb74-e49015d95c50</b></p><a name="e353b5b7-5e03-4142-bb74-e49015d95c50"> </a><a name="hce353b5b7-5e03-4142-bb74-e49015d95c50"> </a><a name="e353b5b7-5e03-4142-bb74-e49015d95c50-en-US"> </a><p><b>status</b>: Active</p><p><b>intent</b>: Plan</p><p><b>subject</b>: <a href="Bundle-3304e5f8-4b3f-4c19-8c68-e36c573f3f98.html#Patient_eec9e8e9-221d-4eae-a54d-cdd403661def">Bundle: type = collection; timestamp = 2021-02-10 11:14:09+0000</a></p><p><b>period</b>: 2021-02-25 --&gt; (ongoing)</p><blockquote><p><b>activity</b></p><blockquote><p><b>detail</b></p><p><b>code</b>: <span title="Codes:{urn:oid:1.2.208.176.2.21 H2.4}">RH Mobilitet</span></p><p><b>reasonReference</b>: </p><ul><li><a href="Bundle-3304e5f8-4b3f-4c19-8c68-e36c573f3f98.html#Condition_806d1cf8-5a4a-4c0d-a020-8a3bb3eacebd">Bundle: type = collection; timestamp = 2021-02-10 11:14:09+0000</a></li><li><a href="Bundle-3304e5f8-4b3f-4c19-8c68-e36c573f3f98.html#Condition_5ad5649a-6317-41de-8cc4-364b9bafd298">Bundle: type = collection; timestamp = 2021-02-10 11:14:09+0000</a></li><li><a href="Bundle-3304e5f8-4b3f-4c19-8c68-e36c573f3f98.html#Condition_fcc4040a-1803-434f-b633-8b354c5fbfb4">Bundle: type = collection; timestamp = 2021-02-10 11:14:09+0000</a></li></ul><p><b>status</b>: In Progress</p></blockquote></blockquote></div>
        </text>
        <status value="active"/>
        <intent value="plan"/>
        <subject>
          <reference value="Patient/eec9e8e9-221d-4eae-a54d-cdd403661def"/>
        </subject>
        <period>
          <start value="2021-02-25"/>
        </period>
        <activity>
          <detail>
            <code>
              <coding>
                <system value="urn:oid:1.2.208.176.2.21"/>
                <code value="H2.4"/>
              </coding>
            </code>
            <reasonReference>
              <reference value="Condition/806d1cf8-5a4a-4c0d-a020-8a3bb3eacebd"/>
            </reasonReference>
            <reasonReference>
              <reference value="Condition/5ad5649a-6317-41de-8cc4-364b9bafd298"/>
            </reasonReference>
            <reasonReference>
              <reference value="Condition/fcc4040a-1803-434f-b633-8b354c5fbfb4"/>
            </reasonReference>
            <status value="in-progress"/>
          </detail>
        </activity>
      </CarePlan>
    </resource>
  </entry>
  <entry>
    <fullUrl value="https://test.fhir.dk/Encounter/fbf243bb-9d70-489d-875d-87e14c980d7c"/>
    <resource>
      <Encounter>
        <id value="fbf243bb-9d70-489d-875d-87e14c980d7c"/>
        <meta>
          <profile value="http://fhir.kl.dk/gateway/StructureDefinition/klgateway-care-encounter"/>
        </meta>
        <text>
          <status value="generated"/><div xmlns="http://www.w3.org/1999/xhtml"><a name="Encounter_fbf243bb-9d70-489d-875d-87e14c980d7c"> </a><p class="res-header-id"><b>Generated Narrative: Encounter fbf243bb-9d70-489d-875d-87e14c980d7c</b></p><a name="fbf243bb-9d70-489d-875d-87e14c980d7c"> </a><a name="hcfbf243bb-9d70-489d-875d-87e14c980d7c"> </a><a name="fbf243bb-9d70-489d-875d-87e14c980d7c-en-US"> </a><p><b>status</b>: Planned</p><p><b>class</b>: <a href="http://terminology.hl7.org/5.5.0/CodeSystem-v3-ActCode.html#v3-ActCode-HH">ActCode HH</a>: home health</p><p><b>type</b>: <span title="Codes:{http://fhir.kl.dk/term/CodeSystem/CareSocialCodes 9f03dfbb-7a97-45a5-94db-d4c3501714a9}">opfølgning</span></p><p><b>subject</b>: <a href="Bundle-3304e5f8-4b3f-4c19-8c68-e36c573f3f98.html#Patient_eec9e8e9-221d-4eae-a54d-cdd403661def">Bundle: type = collection; timestamp = 2021-02-10 11:14:09+0000</a></p><p><b>period</b>: 2021-03-10 --&gt; (ongoing)</p></div>
        </text>
        <status value="planned"/>
        <class>
          <system value="http://terminology.hl7.org/CodeSystem/v3-ActCode"/>
          <code value="HH"/>
        </class>
        <type>
          <coding>
            <system value="http://fhir.kl.dk/term/CodeSystem/CareSocialCodes"/>
            <code value="9f03dfbb-7a97-45a5-94db-d4c3501714a9"/>
          </coding>
        </type>
        <subject>
          <reference value="Patient/eec9e8e9-221d-4eae-a54d-cdd403661def"/>
        </subject>
        <period>
          <start value="2021-03-10"/>
        </period>
      </Encounter>
    </resource>
  </entry>
  <entry>
    <fullUrl value="https://test.fhir.dk/Observation/e434699d-5f4e-491b-9f76-5c5dbd539edc"/>
    <resource>
      <Observation>
        <id value="e434699d-5f4e-491b-9f76-5c5dbd539edc"/>
        <meta>
          <profile value="http://fhir.kl.dk/gateway/StructureDefinition/klgateway-care-follow-up-observation"/>
        </meta>
        <text>
          <status value="generated"/><div xmlns="http://www.w3.org/1999/xhtml"><a name="Observation_e434699d-5f4e-491b-9f76-5c5dbd539edc"> </a><p class="res-header-id"><b>Generated Narrative: Observation e434699d-5f4e-491b-9f76-5c5dbd539edc</b></p><a name="e434699d-5f4e-491b-9f76-5c5dbd539edc"> </a><a name="hce434699d-5f4e-491b-9f76-5c5dbd539edc"> </a><a name="e434699d-5f4e-491b-9f76-5c5dbd539edc-en-US"> </a><p><b>status</b>: Final</p><p><b>code</b>: <span title="Codes:{http://snomed.info/sct 712744002}">Evaluation of care plan (procedure)</span></p><p><b>subject</b>: <a href="Bundle-3304e5f8-4b3f-4c19-8c68-e36c573f3f98.html#Patient_eec9e8e9-221d-4eae-a54d-cdd403661def">Bundle: type = collection; timestamp = 2021-02-10 11:14:09+0000</a></p><p><b>focus</b>: </p><ul><li><a href="Bundle-3304e5f8-4b3f-4c19-8c68-e36c573f3f98.html#Condition_d45b02d1-be76-4968-812b-6b32338ad8ad">Bundle: type = collection; timestamp = 2021-02-10 11:14:09+0000</a></li><li><a href="Bundle-3304e5f8-4b3f-4c19-8c68-e36c573f3f98.html#Condition_34665f6d-7573-46fb-8b4d-72f30641284b">Bundle: type = collection; timestamp = 2021-02-10 11:14:09+0000</a></li><li><a href="Bundle-3304e5f8-4b3f-4c19-8c68-e36c573f3f98.html#Condition_067e0542-1d8a-404d-b6db-f2bfa6a03c2e">Bundle: type = collection; timestamp = 2021-02-10 11:14:09+0000</a></li><li><a href="Bundle-3304e5f8-4b3f-4c19-8c68-e36c573f3f98.html#Condition_cd8643fd-8a42-4ef8-81b4-bf5ec2253f14">Bundle: type = collection; timestamp = 2021-02-10 11:14:09+0000</a></li><li><a href="Bundle-3304e5f8-4b3f-4c19-8c68-e36c573f3f98.html#Condition_806d1cf8-5a4a-4c0d-a020-8a3bb3eacebd">Bundle: type = collection; timestamp = 2021-02-10 11:14:09+0000</a></li><li><a href="Bundle-3304e5f8-4b3f-4c19-8c68-e36c573f3f98.html#Condition_5ad5649a-6317-41de-8cc4-364b9bafd298">Bundle: type = collection; timestamp = 2021-02-10 11:14:09+0000</a></li><li><a href="Bundle-3304e5f8-4b3f-4c19-8c68-e36c573f3f98.html#Condition_fcc4040a-1803-434f-b633-8b354c5fbfb4">Bundle: type = collection; timestamp = 2021-02-10 11:14:09+0000</a></li></ul><p><b>effective</b>: 2021-02-24</p><p><b>value</b>: <span title="Codes:{urn:oid:1.2.208.176.2.21 E4}">Revisitation</span></p></div>
        </text>
        <status value="final"/>
        <code>
          <coding>
            <system value="http://snomed.info/sct"/>
            <code value="712744002"/>
          </coding>
        </code>
        <subject>
          <reference value="Patient/eec9e8e9-221d-4eae-a54d-cdd403661def"/>
        </subject>
        <focus>
          <reference value="Condition/d45b02d1-be76-4968-812b-6b32338ad8ad"/>
        </focus>
        <focus>
          <reference value="Condition/34665f6d-7573-46fb-8b4d-72f30641284b"/>
        </focus>
        <focus>
          <reference value="Condition/067e0542-1d8a-404d-b6db-f2bfa6a03c2e"/>
        </focus>
        <focus>
          <reference value="Condition/cd8643fd-8a42-4ef8-81b4-bf5ec2253f14"/>
        </focus>
        <focus>
          <reference value="Condition/806d1cf8-5a4a-4c0d-a020-8a3bb3eacebd"/>
        </focus>
        <focus>
          <reference value="Condition/5ad5649a-6317-41de-8cc4-364b9bafd298"/>
        </focus>
        <focus>
          <reference value="Condition/fcc4040a-1803-434f-b633-8b354c5fbfb4"/>
        </focus>
        <effectiveDateTime value="2021-02-24"/>
        <valueCodeableConcept>
          <coding>
            <system value="urn:oid:1.2.208.176.2.21"/>
            <code value="E4"/>
          </coding>
        </valueCodeableConcept>
      </Observation>
    </resource>
  </entry>
</Bundle>