<?xml version="1.0" encoding="UTF-8"?>

<CodeSystem xmlns="http://hl7.org/fhir">
  <id value="LocallyDefinedInterventions"/>
  <text>
    <status value="generated"/><div xmlns="http://www.w3.org/1999/xhtml"><p class="res-header-id"><b>Generated Narrative: CodeSystem LocallyDefinedInterventions</b></p><a name="LocallyDefinedInterventions"> </a><a name="hcLocallyDefinedInterventions"> </a><a name="LocallyDefinedInterventions-en-US"> </a><p>This case-sensitive code system <code>http://fhir.kl.dk/gateway/CodeSystem/LocallyDefinedInterventions</code> provides <b>a fragment</b> that includes following codes:</p><table class="codes"><tr><td style="white-space:nowrap"><b>Code</b></td></tr></table></div>
  </text>
  <url value="http://fhir.kl.dk/gateway/CodeSystem/LocallyDefinedInterventions"/>
  <version value="1.2.0"/>
  <name value="LocallyDefinedInterventions"/>
  <title value="LocallyDefinedInterventions"/>
  <status value="active"/>
  <experimental value="false"/>
  <date value="2024-10-31T19:21:51+01:00"/>
  <publisher value="KL"/>
  <contact>
    <name value="KL"/>
    <telecom>
      <system value="url"/>
      <value value="http://www.kl.dk"/>
    </telecom>
  </contact>
  <description value="Coding system to indicate a code defined locally in the managing organization"/>
  <caseSensitive value="true"/>
  <content value="fragment"/>
</CodeSystem>