{
  "resourceType" : "Condition",
  "id" : "ProblemerMedPersonligPleje",
  "meta" : {
    "profile" : ["http://fhir.kl.dk/gateway/StructureDefinition/klgateway-care-condition"]
  },
  "text" : {
    "status" : "extensions",
    "div" : "<div xmlns=\"http://www.w3.org/1999/xhtml\"><p><b>Generated Narrative: Condition</b><a name=\"ProblemerMedPersonligPleje\"> </a></p><div style=\"display: inline-block; background-color: #d9e0e7; padding: 6px; margin: 4px; border: 1px solid #8da1b4; border-radius: 5px; line-height: 60%\"><p style=\"margin-bottom: 0px\">Resource Condition &quot;ProblemerMedPersonligPleje&quot; </p><p style=\"margin-bottom: 0px\">Profile: <a href=\"StructureDefinition-klgateway-care-condition.html\">CareCondition</a></p></div><p><b>CareFollowUpEncounterExtension</b>: <a href=\"Encounter-bfa70a76-318d-453d-9abc-76982f8d13ca.html\">Encounter/bfa70a76-318d-453d-9abc-76982f8d13ca</a></p><p><b>clinicalStatus</b>: Active <span style=\"background: LightGoldenRodYellow; margin: 4px; border: 1px solid khaki\"> (<a href=\"http://terminology.hl7.org/5.0.0/CodeSystem-condition-clinical.html\">Condition Clinical Status Codes</a>#active)</span></p><p><b>category</b>: Problem List Item <span style=\"background: LightGoldenRodYellow; margin: 4px; border: 1px solid khaki\"> (<a href=\"http://terminology.hl7.org/5.0.0/CodeSystem-condition-category.html\">Condition Category Codes</a>#problem-list-item)</span></p><p><b>code</b>: Problemer med personlig pleje <span style=\"background: LightGoldenRodYellow; margin: 4px; border: 1px solid khaki\"> (<a href=\"http://fhir.kl.dk/term/1.0.0/CodeSystem-FSIII.html\">FSIII</a>#I1.1)</span></p><p><b>subject</b>: <a href=\"Patient-TestPerson.html\">Patient/TestPerson</a></p><p><b>recordedDate</b>: 2020-08-14</p></div>"
  },
  "extension" : [{
    "url" : "http://fhir.kl.dk/gateway/StructureDefinition/klgateway-care-follow-up-encounter-extension",
    "valueReference" : {
      "reference" : "Encounter/bfa70a76-318d-453d-9abc-76982f8d13ca"
    }
  }],
  "clinicalStatus" : {
    "coding" : [{
      "system" : "http://terminology.hl7.org/CodeSystem/condition-clinical",
      "code" : "active"
    }]
  },
  "category" : [{
    "coding" : [{
      "system" : "http://terminology.hl7.org/CodeSystem/condition-category",
      "code" : "problem-list-item"
    }]
  }],
  "code" : {
    "coding" : [{
      "system" : "urn:oid:1.2.208.176.2.21",
      "code" : "I1.1"
    }]
  },
  "subject" : {
    "reference" : "Patient/TestPerson"
  },
  "recordedDate" : "2020-08-14"
}