{"resourceType":"ValueSet","id":"BodyTemperatureSCTObservables","text":{"status":"generated","div":"<div xmlns=\"http://www.w3.org/1999/xhtml\"><ul><li>Include codes from <a href=\"http://www.snomed.org/\"><code>http://snomed.info/sct</code></a> where concept  is-a  276885007 (Core body temperature)</li></ul></div>"},"url":"http://fhir.kl.dk/ffinst/ValueSet/BodyTemperatureSCTObservables","version":"1.0.0","name":"BodyTemperatureSCTObservables","title":"TemperatureSCTObservables","status":"active","experimental":false,"date":"2023-08-27T10:22:55+02:00","publisher":"Kommunernes landsforening","contact":[{"name":"Kommunernes landsforening","telecom":[{"system":"url","value":"http://kl.dk"},{"system":"email","value":"kl@kl.dk"}]}],"description":"SNOMED CT observables for temperature","jurisdiction":[{"coding":[{"system":"urn:iso:std:iso:3166","code":"DNK","display":"Denmark"}]}],"compose":{"include":[{"system":"http://snomed.info/sct","filter":[{"property":"concept","op":"is-a","value":"276885007"}]}]}}