{"resourceType":"ValueSet","id":"EQ5DSCTfindingsAnxiety","text":{"status":"generated","div":"<div xmlns=\"http://www.w3.org/1999/xhtml\"><ul><li>Include these codes as defined in <a href=\"http://www.snomed.org/\"><code>http://snomed.info/sct</code></a><table class=\"none\"><tr><td style=\"white-space:nowrap\"><b>Code</b></td><td><b>Display</b></td></tr><tr><td><a href=\"http://snomed.info/id/160245001\">160245001</a></td><td style=\"color: #cccccc\">No current problems or disability</td></tr><tr><td><a href=\"http://snomed.info/id/366979004+48694002\">366979004+48694002</a></td><td style=\"color: #cccccc\">Depressed mood, and Anxiety</td></tr></table></li></ul></div>"},"url":"http://fhir.kl.dk/ffinst/ValueSet/EQ5DSCTfindingsAnxiety","version":"1.0.0","name":"EQ5DSCTfindingsAnxiety","title":"EQ5DSCTfindingsAnxiety","status":"active","experimental":false,"date":"2023-08-26T16:15:04+02:00","publisher":"Kommunernes landsforening","contact":[{"name":"Kommunernes landsforening","telecom":[{"system":"url","value":"http://kl.dk"},{"system":"email","value":"kl@kl.dk"}]}],"description":"SNOMED CT findings for EQ-5D Anxiety","jurisdiction":[{"coding":[{"system":"urn:iso:std:iso:3166","code":"DNK","display":"Denmark"}]}],"compose":{"include":[{"system":"http://snomed.info/sct","concept":[{"code":"160245001"},{"code":"366979004+48694002"}]}]}}