{"resourceType":"ValueSet","id":"NPUUrinStix","text":{"status":"generated","div":"<div xmlns=\"http://www.w3.org/1999/xhtml\"><ul><li>Include these codes as defined in <a href=\"http://fhir.kl.dk/term/1.0.0/CodeSystem-NPU.html\"><code>urn:oid:1.2.208.176.2.1</code></a><table class=\"none\"><tr><td style=\"white-space:nowrap\"><b>Code</b></td><td><b>Display</b></td></tr><tr><td><a href=\"http://fhir.kl.dk/term/1.0.0/CodeSystem-NPU.html#NPU-NPU14924\">NPU14924</a></td><td>U—Urin; egenskabsart(liste; stix; proc.)</td></tr><tr><td><a href=\"http://fhir.kl.dk/term/1.0.0/CodeSystem-NPU.html#NPU-NPU10504\">NPU10504</a></td><td>U—Acetoacetat; arb.k.(proc.) = ?</td></tr><tr><td><a href=\"http://fhir.kl.dk/term/1.0.0/CodeSystem-NPU.html#NPU-NPU17997\">NPU17997</a></td><td>U—Albumin; arb.k.(proc.) = ?</td></tr><tr><td><a href=\"http://fhir.kl.dk/term/1.0.0/CodeSystem-NPU.html#NPU-NPU10506\">NPU10506</a></td><td>U—Bacterium, nitrit-producerende; arb.k.(proc.) = ?</td></tr><tr><td><a href=\"http://fhir.kl.dk/term/1.0.0/CodeSystem-NPU.html#NPU-NPU01372\">NPU01372</a></td><td>U—Bilirubiner; arb.k.(proc.) = ?</td></tr><tr><td><a href=\"http://fhir.kl.dk/term/1.0.0/CodeSystem-NPU.html#NPU-NPU03963\">NPU03963</a></td><td>U—Erythrocytter; arb.k.(proc.) = ?</td></tr><tr><td><a href=\"http://fhir.kl.dk/term/1.0.0/CodeSystem-NPU.html#NPU-NPU04207\">NPU04207</a></td><td>U—Glucose; arb.k.(proc.) = ?</td></tr><tr><td><a href=\"http://fhir.kl.dk/term/1.0.0/CodeSystem-NPU.html#NPU-NPU02415\">NPU02415</a></td><td>U—Hydrogen-ion; pH(proc.) = ?</td></tr><tr><td><a href=\"http://fhir.kl.dk/term/1.0.0/CodeSystem-NPU.html#NPU-NPU04208\">NPU04208</a></td><td>U—Hæmoglobin; arb.k.(proc.) = ?</td></tr><tr><td><a href=\"http://fhir.kl.dk/term/1.0.0/CodeSystem-NPU.html#NPU-NPU03987\">NPU03987</a></td><td>U—Leukocytter; arb.k.(proc.) = ?</td></tr><tr><td><a href=\"http://fhir.kl.dk/term/1.0.0/CodeSystem-NPU.html#NPU-NPU21578\">NPU21578</a></td><td>U—Nitrit; arb.k.(proc.) = ?</td></tr><tr><td><a href=\"http://fhir.kl.dk/term/1.0.0/CodeSystem-NPU.html#NPU-NPU04864\">NPU04864</a></td><td>U—Porphobilinogen; arb.k.(proc.) = ?</td></tr><tr><td><a href=\"http://fhir.kl.dk/term/1.0.0/CodeSystem-NPU.html#NPU-NPU04206\">NPU04206</a></td><td>U—Protein; arb.k.(proc.) = ?</td></tr><tr><td><a href=\"http://fhir.kl.dk/term/1.0.0/CodeSystem-NPU.html#NPU-NPU03694\">NPU03694</a></td><td>Pt—Urin; rel.massetæthed(20 °C/vand, 20 °C; proc.) = ?</td></tr><tr><td><a href=\"http://fhir.kl.dk/term/1.0.0/CodeSystem-NPU.html#NPU-NPU03697\">NPU03697</a></td><td>U—Urobilinogen; arb.k.(proc.) = ?</td></tr></table></li></ul></div>"},"url":"http://fhir.kl.dk/ffinst/ValueSet/NPUUrinStix","version":"1.0.0","name":"NPUUrinStix","title":"NPUUrinStix","status":"active","experimental":false,"date":"2023-08-27T10:22:55+02:00","publisher":"Kommunernes landsforening","contact":[{"name":"Kommunernes landsforening","telecom":[{"system":"url","value":"http://kl.dk"},{"system":"email","value":"kl@kl.dk"}]}],"description":"NPU observables for urin stix","jurisdiction":[{"coding":[{"system":"urn:iso:std:iso:3166","code":"DNK","display":"Denmark"}]}],"compose":{"include":[{"system":"urn:oid:1.2.208.176.2.1","concept":[{"code":"NPU14924","display":"U—Urin; egenskabsart(liste; stix; proc.)"},{"code":"NPU10504","display":"U—Acetoacetat; arb.k.(proc.) = ?"},{"code":"NPU17997","display":"U—Albumin; arb.k.(proc.) = ?"},{"code":"NPU10506","display":"U—Bacterium, nitrit-producerende; arb.k.(proc.) = ?"},{"code":"NPU01372","display":"U—Bilirubiner; arb.k.(proc.) = ?"},{"code":"NPU03963","display":"U—Erythrocytter; arb.k.(proc.) = ?"},{"code":"NPU04207","display":"U—Glucose; arb.k.(proc.) = ?"},{"code":"NPU02415","display":"U—Hydrogen-ion; pH(proc.) = ?"},{"code":"NPU04208","display":"U—Hæmoglobin; arb.k.(proc.) = ?"},{"code":"NPU03987","display":"U—Leukocytter; arb.k.(proc.) = ?"},{"code":"NPU21578","display":"U—Nitrit; arb.k.(proc.) = ?"},{"code":"NPU04864","display":"U—Porphobilinogen; arb.k.(proc.) = ?"},{"code":"NPU04206","display":"U—Protein; arb.k.(proc.) = ?"},{"code":"NPU03694","display":"Pt—Urin; rel.massetæthed(20 °C/vand, 20 °C; proc.) = ?"},{"code":"NPU03697","display":"U—Urobilinogen; arb.k.(proc.) = ?"}]}]}}