{"resourceType":"ValueSet","id":"ConsciousnessSCTFindings","text":{"status":"generated","div":"<div xmlns=\"http://www.w3.org/1999/xhtml\"><ul><li>Include these codes as defined in <a href=\"http://www.snomed.org/\"><code>http://snomed.info/sct</code></a><table class=\"none\"><tr><td style=\"white-space:nowrap\"><b>Code</b></td><td><b>Display</b></td></tr><tr><td><a href=\"http://snomed.info/id/419567006\">419567006</a></td><td style=\"color: #cccccc\">Delirious (finding)</td></tr><tr><td><a href=\"http://snomed.info/id/271591004\">271591004</a></td><td style=\"color: #cccccc\">Fully conscious</td></tr><tr><td><a href=\"http://snomed.info/id/300202002\">300202002</a></td><td style=\"color: #cccccc\">Responds to voice</td></tr><tr><td><a href=\"http://snomed.info/id/450847001\">450847001</a></td><td style=\"color: #cccccc\">Responds to pain (finding)</td></tr><tr><td><a href=\"http://snomed.info/id/422768004\">422768004</a></td><td style=\"color: #cccccc\">Unresponsive (finding)</td></tr></table></li></ul></div>"},"url":"http://fhir.kl.dk/ffinst/ValueSet/ConsciousnessSCTFindings","version":"1.0.0","name":"ConsciousnessSCTFindings","title":"ConsciousnessSCTFindings","status":"active","experimental":false,"date":"2023-08-27T10:22:55+02:00","publisher":"Kommunernes landsforening","contact":[{"name":"Kommunernes landsforening","telecom":[{"system":"url","value":"http://kl.dk"},{"system":"email","value":"kl@kl.dk"}]}],"description":"SNOMED CT findings for consciousness","jurisdiction":[{"coding":[{"system":"urn:iso:std:iso:3166","code":"DNK","display":"Denmark"}]}],"compose":{"include":[{"system":"http://snomed.info/sct","concept":[{"code":"419567006"},{"code":"271591004"},{"code":"300202002"},{"code":"450847001"},{"code":"422768004"}]}]}}