{"resourceType":"ValueSet","id":"BodyweightSCTobservables","text":{"status":"generated","div":"<div xmlns=\"http://www.w3.org/1999/xhtml\"><ul><li>Include these codes as defined in <a href=\"http://www.snomed.org/\"><code>http://snomed.info/sct</code></a><table class=\"none\"><tr><td style=\"white-space:nowrap\"><b>Code</b></td><td><b>Display</b></td></tr><tr><td><a href=\"http://snomed.info/id/424927000\">424927000</a></td><td style=\"color: #cccccc\">Body weight with shoes (observable entity)</td></tr><tr><td><a href=\"http://snomed.info/id/445541000\">445541000</a></td><td style=\"color: #cccccc\">Dry body weight (observable entity)</td></tr><tr><td><a href=\"http://snomed.info/id/425024002\">425024002</a></td><td style=\"color: #cccccc\">Body weight without shoes (observable entity)</td></tr><tr><td><a href=\"http://snomed.info/id/364589006\">364589006</a></td><td style=\"color: #cccccc\">Birth weight</td></tr><tr><td><a href=\"http://snomed.info/id/27113001\">27113001</a></td><td style=\"color: #cccccc\">Body weight</td></tr></table></li></ul></div>"},"url":"http://fhir.kl.dk/ffinst/ValueSet/BodyweightSCTobservables","version":"1.0.0","name":"BodyweightSCTobservables","title":"BodyweightSCTobservables","status":"active","experimental":false,"date":"2023-08-26T16:15:04+02:00","publisher":"Kommunernes landsforening","contact":[{"name":"Kommunernes landsforening","telecom":[{"system":"url","value":"http://kl.dk"},{"system":"email","value":"kl@kl.dk"}]}],"description":"SNOMED CT observables for weight","jurisdiction":[{"coding":[{"system":"urn:iso:std:iso:3166","code":"DNK","display":"Denmark"}]}],"compose":{"include":[{"system":"http://snomed.info/sct","concept":[{"code":"424927000"},{"code":"445541000"},{"code":"425024002"},{"code":"364589006"},{"code":"27113001"}]}]}}