{"resourceType":"ValueSet","id":"EQ5Danxiety","text":{"status":"generated","div":"<div xmlns=\"http://www.w3.org/1999/xhtml\"><ul><li>Include these codes as defined in <a href=\"CodeSystem-KLToolsCodes.html\"><code>http://fhir.kl.dk/ffinst/CodeSystem/KLToolsCodes</code></a><table class=\"none\"><tr><td style=\"white-space:nowrap\"><b>Code</b></td><td><b>Display</b></td></tr><tr><td><a href=\"CodeSystem-KLToolsCodes.html#KLToolsCodes-841deb88-b0b1-4f3b-9101-98da06870088\">841deb88-b0b1-4f3b-9101-98da06870088</a></td><td style=\"color: #cccccc\">Jeg er ikke ængstelig eller deprimeret (1)</td></tr><tr><td><a href=\"CodeSystem-KLToolsCodes.html#KLToolsCodes-6027bc9d-abad-4162-a156-839553e015e7\">6027bc9d-abad-4162-a156-839553e015e7</a></td><td style=\"color: #cccccc\">Jeg er moderat ængstelig eller deprimeret (2)</td></tr><tr><td><a href=\"CodeSystem-KLToolsCodes.html#KLToolsCodes-a9729d0b-3df2-445a-8b18-606f0c1889d6\">a9729d0b-3df2-445a-8b18-606f0c1889d6</a></td><td style=\"color: #cccccc\">Jeg er ekstremt ængstelig eller deprimeret (3)</td></tr></table></li></ul></div>"},"url":"http://fhir.kl.dk/ffinst/ValueSet/EQ5Danxiety","version":"1.0.0","name":"EQ5Danxiety","title":"EQ5Danxiety","status":"active","experimental":false,"date":"2023-08-26T16:15:04+02:00","publisher":"Kommunernes landsforening","contact":[{"name":"Kommunernes landsforening","telecom":[{"system":"url","value":"http://kl.dk"},{"system":"email","value":"kl@kl.dk"}]}],"description":"Findings for EQ-5D anxiety","jurisdiction":[{"coding":[{"system":"urn:iso:std:iso:3166","code":"DNK","display":"Denmark"}]}],"compose":{"include":[{"system":"http://fhir.kl.dk/ffinst/CodeSystem/KLToolsCodes","concept":[{"code":"841deb88-b0b1-4f3b-9101-98da06870088"},{"code":"6027bc9d-abad-4162-a156-839553e015e7"},{"code":"a9729d0b-3df2-445a-8b18-606f0c1889d6"}]}]}}