{"resourceType":"ValueSet","id":"DiastolicBloodPressureSCTObservables","text":{"status":"generated","div":"<div xmlns=\"http://www.w3.org/1999/xhtml\"><ul><li>Include these codes as defined in <a href=\"http://www.snomed.org/\"><code>http://snomed.info/sct</code></a><table class=\"none\"><tr><td style=\"white-space:nowrap\"><b>Code</b></td><td><b>Display</b></td></tr><tr><td><a href=\"http://snomed.info/id/446226005\">446226005</a></td><td style=\"color: #cccccc\">Diastolic blood pressure on admission (observable entity)</td></tr><tr><td><a href=\"http://snomed.info/id/400975005\">400975005</a></td><td style=\"color: #cccccc\">Standing diastolic blood pressure (observable entity)</td></tr><tr><td><a href=\"http://snomed.info/id/407557002\">407557002</a></td><td style=\"color: #cccccc\">Lying diastolic blood pressure (observable entity)</td></tr><tr><td><a href=\"http://snomed.info/id/407555005\">407555005</a></td><td style=\"color: #cccccc\">Sitting diastolic blood pressure (observable entity)</td></tr><tr><td><a href=\"http://snomed.info/id/271650006\">271650006</a></td><td style=\"color: #cccccc\">Diastolic blood pressure</td></tr></table></li></ul></div>"},"url":"http://fhir.kl.dk/ffinst/ValueSet/DiastolicBloodPressureSCTObservables","version":"1.0.0","name":"DiastolicBloodPressureSCTObservables","title":"DiastolicBloodPressureSCTObservables","status":"active","experimental":false,"date":"2023-08-26T16:15:04+02:00","publisher":"Kommunernes landsforening","contact":[{"name":"Kommunernes landsforening","telecom":[{"system":"url","value":"http://kl.dk"},{"system":"email","value":"kl@kl.dk"}]}],"description":"SNOMED CT observables for diastolic blood pressure","jurisdiction":[{"coding":[{"system":"urn:iso:std:iso:3166","code":"DNK","display":"Denmark"}]}],"compose":{"include":[{"system":"http://snomed.info/sct","concept":[{"code":"446226005"},{"code":"400975005"},{"code":"407557002"},{"code":"407555005"},{"code":"271650006"}]}]}}