{"resourceType":"ValueSet","id":"KLObservationCodes","text":{"status":"generated","div":"<div xmlns=\"http://www.w3.org/1999/xhtml\"><p>This value set includes codes based on the following rules:</p><ul><li>Include these codes as defined in <a href=\"http://www.snomed.org/\"><code>http://snomed.info/sct</code></a><table class=\"none\"><tr><td style=\"white-space:nowrap\"><b>Code</b></td><td><b>Display</b></td></tr><tr><td><a href=\"http://snomed.info/id/446226005\">446226005</a></td><td>Diastolic blood pressure on admission (observable entity)</td></tr><tr><td><a href=\"http://snomed.info/id/400975005\">400975005</a></td><td>Standing diastolic blood pressure (observable entity)</td></tr><tr><td><a href=\"http://snomed.info/id/407557002\">407557002</a></td><td>Lying diastolic blood pressure (observable entity)</td></tr><tr><td><a href=\"http://snomed.info/id/407555005\">407555005</a></td><td>Sitting diastolic blood pressure (observable entity)</td></tr><tr><td><a href=\"http://snomed.info/id/271650006\">271650006</a></td><td>Diastolic blood pressure</td></tr><tr><td><a href=\"http://snomed.info/id/72313002\">72313002</a></td><td>Systolic arterial pressure</td></tr><tr><td><a href=\"http://snomed.info/id/400974009\">400974009</a></td><td>Standing systolic blood pressure (observable entity)</td></tr><tr><td><a href=\"http://snomed.info/id/399304008\">399304008</a></td><td>Systolic blood pressure on admission (observable entity)</td></tr><tr><td><a href=\"http://snomed.info/id/407556006\">407556006</a></td><td>Lying systolic blood pressure (observable entity)</td></tr><tr><td><a href=\"http://snomed.info/id/407554009\">407554009</a></td><td>Sitting systolic blood pressure (observable entity)</td></tr><tr><td><a href=\"http://snomed.info/id/271649006\">271649006</a></td><td>Systolic blood pressure</td></tr><tr><td><a href=\"http://snomed.info/id/422119006\">422119006</a></td><td>Brachial pulse rate</td></tr><tr><td><a href=\"http://snomed.info/id/429614003\">429614003</a></td><td>Posterior tibial pulse rate</td></tr><tr><td><a href=\"http://snomed.info/id/429525003\">429525003</a></td><td>Dorsalis pedis pulse rate</td></tr><tr><td><a href=\"http://snomed.info/id/399017001\">399017001</a></td><td>Heart rate on admission (observable entity)</td></tr><tr><td><a href=\"http://snomed.info/id/78564009\">78564009</a></td><td>Pulse rate</td></tr><tr><td><a href=\"http://snomed.info/id/444981005\">444981005</a></td><td>Resting heart rate (observable entity)</td></tr><tr><td><a href=\"http://snomed.info/id/364075005\">364075005</a></td><td>Heart rate</td></tr><tr><td><a href=\"http://snomed.info/id/424927000\">424927000</a></td><td>Body weight with shoes (observable entity)</td></tr><tr><td><a href=\"http://snomed.info/id/445541000\">445541000</a></td><td>Dry body weight (observable entity)</td></tr><tr><td><a href=\"http://snomed.info/id/425024002\">425024002</a></td><td>Body weight without shoes (observable entity)</td></tr><tr><td><a href=\"http://snomed.info/id/364589006\">364589006</a></td><td>Birth weight</td></tr><tr><td><a href=\"http://snomed.info/id/27113001\">27113001</a></td><td>Body weight</td></tr><tr><td><a href=\"http://snomed.info/id/248334005\">248334005</a></td><td>Length of body</td></tr><tr><td><a href=\"http://snomed.info/id/276351002\">276351002</a></td><td>Infant length</td></tr><tr><td><a href=\"http://snomed.info/id/276353004\">276353004</a></td><td>Crown heel length</td></tr><tr><td><a href=\"http://snomed.info/id/248333004\">248333004</a></td><td>Standing height</td></tr><tr><td><a href=\"http://snomed.info/id/450738001\">450738001</a></td><td>Thirty second chair stand test score (observable entity)</td></tr><tr><td><a href=\"http://snomed.info/id/1144649008\">1144649008</a></td><td>Six minute walk test distance (observable entity)</td></tr><tr><td><a href=\"http://snomed.info/id/6942003\">6942003</a></td><td>Level of consciousness</td></tr><tr><td><a href=\"http://snomed.info/id/444714004\">444714004</a></td><td>Assessment of consciousness level (procedure)</td></tr><tr><td><a href=\"http://snomed.info/id/443394008\">443394008</a></td><td>Visual analog scale pain score (observable entity)</td></tr><tr><td><a href=\"http://snomed.info/id/1144798005\">1144798005</a></td><td>Verbal Rating Scale pain intensity score</td></tr><tr><td><a href=\"http://snomed.info/id/1144665009\">1144665009</a></td><td>5-item World Health Organization Well-being Index value (observable entity)</td></tr><tr><td><a href=\"http://snomed.info/id/404949004\">404949004</a></td><td>Rest pattern (observable entity)</td></tr><tr><td><a href=\"http://snomed.info/id/406202006\">406202006</a></td><td>Energy observable (observable entity)</td></tr><tr><td><a href=\"http://snomed.info/id/247752005\">247752005</a></td><td>Level of interest</td></tr><tr><td><a href=\"http://snomed.info/id/301438001\">301438001</a></td><td>Ability to mobilize</td></tr><tr><td><a href=\"http://snomed.info/id/284773001\">284773001</a></td><td>Ability to perform personal care activity</td></tr><tr><td><a href=\"http://snomed.info/id/284545001\">284545001</a></td><td>Ability to perform activities of everyday life</td></tr><tr><td><a href=\"http://snomed.info/id/364624006\">364624006</a></td><td>Pain / sensation observable</td></tr><tr><td><a href=\"http://snomed.info/id/285854004\">285854004</a></td><td>Emotion</td></tr><tr><td><a href=\"http://snomed.info/id/736535009\">736535009</a></td><td>EuroQol visual analogue score (observable entity)</td></tr><tr><td><a href=\"http://snomed.info/id/1144655003\">1144655003</a></td><td>EuroQol five dimension three level index value (observable entity)</td></tr><tr><td><a href=\"http://snomed.info/id/420753006\">420753006</a></td><td>Pressure ulcer surface area</td></tr><tr><td><a href=\"http://snomed.info/id/434912009\">434912009</a></td><td>Blood glucose concentration</td></tr></table></li><li>Include codes from <a href=\"http://www.snomed.org/\"><code>http://snomed.info/sct</code></a> where concept  is-a  431314004 (Peripheral oxygen saturation (observable entity))</li><li>Include codes from <a href=\"http://www.snomed.org/\"><code>http://snomed.info/sct</code></a> where concept  is-a  86290005 (Respiratory rate)</li><li>Include codes from <a href=\"http://www.snomed.org/\"><code>http://snomed.info/sct</code></a> where concept  is-a  276885007 (Core body temperature)</li><li>Include these codes as defined in <a href=\"CodeSystem-NPU.html\"><code>urn:oid:1.2.208.176.2.1</code></a><table class=\"none\"><tr><td style=\"white-space:nowrap\"><b>Code</b></td><td><b>Display</b></td></tr><tr><td><a href=\"CodeSystem-NPU.html#NPU-NPU14924\">NPU14924</a></td><td/></tr><tr><td><a href=\"CodeSystem-NPU.html#NPU-NPU10504\">NPU10504</a></td><td/></tr><tr><td><a href=\"CodeSystem-NPU.html#NPU-NPU17997\">NPU17997</a></td><td/></tr><tr><td><a href=\"CodeSystem-NPU.html#NPU-NPU10506\">NPU10506</a></td><td/></tr><tr><td><a href=\"CodeSystem-NPU.html#NPU-NPU01372\">NPU01372</a></td><td/></tr><tr><td><a href=\"CodeSystem-NPU.html#NPU-NPU03963\">NPU03963</a></td><td/></tr><tr><td><a href=\"CodeSystem-NPU.html#NPU-NPU04207\">NPU04207</a></td><td/></tr><tr><td><a href=\"CodeSystem-NPU.html#NPU-NPU02415\">NPU02415</a></td><td/></tr><tr><td><a href=\"CodeSystem-NPU.html#NPU-NPU04208\">NPU04208</a></td><td/></tr><tr><td><a href=\"CodeSystem-NPU.html#NPU-NPU03987\">NPU03987</a></td><td/></tr><tr><td><a href=\"CodeSystem-NPU.html#NPU-NPU21578\">NPU21578</a></td><td/></tr><tr><td><a href=\"CodeSystem-NPU.html#NPU-NPU04864\">NPU04864</a></td><td/></tr><tr><td><a href=\"CodeSystem-NPU.html#NPU-NPU04206\">NPU04206</a></td><td/></tr><tr><td><a href=\"CodeSystem-NPU.html#NPU-NPU03694\">NPU03694</a></td><td/></tr><tr><td><a href=\"CodeSystem-NPU.html#NPU-NPU03697\">NPU03697</a></td><td/></tr><tr><td><a href=\"CodeSystem-NPU.html#NPU-NPU02195\">NPU02195</a></td><td/></tr></table></li></ul></div>"},"url":"http://fhir.kl.dk/term/ValueSet/KLObservationCodes","version":"1.0.0","name":"KLObservationCodes","title":"KLObservationskoder","status":"active","experimental":false,"date":"2023-04-25T15:38:16+02:00","publisher":"Kommunernes Landsforening","contact":[{"name":"Kommunernes Landsforening","telecom":[{"system":"url","value":"http://kl.dk"}]}],"description":"SNOMED CT and NPU codes used in Danish municipalities","compose":{"include":[{"system":"http://snomed.info/sct","concept":[{"code":"446226005"},{"code":"400975005"},{"code":"407557002"},{"code":"407555005"},{"code":"271650006"},{"code":"72313002"},{"code":"400974009"},{"code":"399304008"},{"code":"407556006"},{"code":"407554009"},{"code":"271649006"},{"code":"422119006"},{"code":"429614003"},{"code":"429525003"},{"code":"399017001"},{"code":"78564009"},{"code":"444981005"},{"code":"364075005"},{"code":"424927000"},{"code":"445541000"},{"code":"425024002"},{"code":"364589006"},{"code":"27113001"},{"code":"248334005"},{"code":"276351002"},{"code":"276353004"},{"code":"248333004"},{"code":"450738001"},{"code":"1144649008"},{"code":"6942003"},{"code":"444714004"},{"code":"443394008"},{"code":"1144798005"},{"code":"1144665009"},{"code":"404949004"},{"code":"406202006"},{"code":"247752005"},{"code":"301438001"},{"code":"284773001"},{"code":"284545001"},{"code":"364624006"},{"code":"285854004"},{"code":"736535009"},{"code":"1144655003"},{"code":"420753006"},{"code":"434912009"}]},{"system":"http://snomed.info/sct","filter":[{"property":"concept","op":"is-a","value":"431314004"}]},{"system":"http://snomed.info/sct","filter":[{"property":"concept","op":"is-a","value":"86290005"}]},{"system":"http://snomed.info/sct","filter":[{"property":"concept","op":"is-a","value":"276885007"}]},{"system":"urn:oid:1.2.208.176.2.1","concept":[{"code":"NPU14924"},{"code":"NPU10504"},{"code":"NPU17997"},{"code":"NPU10506"},{"code":"NPU01372"},{"code":"NPU03963"},{"code":"NPU04207"},{"code":"NPU02415"},{"code":"NPU04208"},{"code":"NPU03987"},{"code":"NPU21578"},{"code":"NPU04864"},{"code":"NPU04206"},{"code":"NPU03694"},{"code":"NPU03697"},{"code":"NPU02195"}]}]}}