{"resourceType":"ValueSet","id":"KLTheraphyAreasFSIII","text":{"status":"generated","div":"<div xmlns=\"http://www.w3.org/1999/xhtml\"><ul><li>Include these codes as defined in <a href=\"CodeSystem-FSIII.html\"><code>urn:oid:1.2.208.176.2.21</code></a><table class=\"none\"><tr><td style=\"white-space:nowrap\"><b>Code</b></td><td><b>Display</b></td></tr><tr><td><a href=\"CodeSystem-FSIII.html#FSIII-7e608d37-3f3c-4374-bbc8-e317505d8bc2\">7e608d37-3f3c-4374-bbc8-e317505d8bc2</a></td><td>Samfundsliv</td></tr><tr><td><a href=\"CodeSystem-FSIII.html#FSIII-ebd91b5e-114a-48a5-90b8-d3c1fd50b72b\">ebd91b5e-114a-48a5-90b8-d3c1fd50b72b</a></td><td>Viden og udvikling</td></tr><tr><td><a href=\"CodeSystem-FSIII.html#FSIII-ecb5e72d-40a2-4af3-9135-25974026bf02\">ecb5e72d-40a2-4af3-9135-25974026bf02</a></td><td>Ernæring</td></tr><tr><td><a href=\"CodeSystem-FSIII.html#FSIII-b9c4561d-20bc-48c9-a727-fea719424a86\">b9c4561d-20bc-48c9-a727-fea719424a86</a></td><td>Praktiske opgaver</td></tr><tr><td><a href=\"CodeSystem-FSIII.html#FSIII-ddbd7477-9579-4a83-a3e7-74ed716a0451\">ddbd7477-9579-4a83-a3e7-74ed716a0451</a></td><td>Hud og hævelser</td></tr><tr><td><a href=\"CodeSystem-FSIII.html#FSIII-e3242303-2506-4a09-ac65-59dfd06cb489\">e3242303-2506-4a09-ac65-59dfd06cb489</a></td><td>Mobilitet</td></tr><tr><td><a href=\"CodeSystem-FSIII.html#FSIII-df62498e-7ad1-4f01-93ce-a0441f879a2c\">df62498e-7ad1-4f01-93ce-a0441f879a2c</a></td><td>Egenomsorg</td></tr><tr><td><a href=\"CodeSystem-FSIII.html#FSIII-99b18761-88d7-44b2-915d-c64aa0b3b562\">99b18761-88d7-44b2-915d-c64aa0b3b562</a></td><td>Hjerte og lunger</td></tr><tr><td><a href=\"CodeSystem-FSIII.html#FSIII-2b11e7a0-1faf-4b45-a653-4c347f019266\">2b11e7a0-1faf-4b45-a653-4c347f019266</a></td><td>Bevægeapperatet</td></tr><tr><td><a href=\"CodeSystem-FSIII.html#FSIII-1dae1e1e-306e-48f2-b9e1-2a180301d8dd\">1dae1e1e-306e-48f2-b9e1-2a180301d8dd</a></td><td>Mentale funktioner</td></tr><tr><td><a href=\"CodeSystem-FSIII.html#FSIII-0337193a-b5cc-43e1-a324-fa28944bfc3b\">0337193a-b5cc-43e1-a324-fa28944bfc3b</a></td><td>Sanser og smerter</td></tr></table></li></ul></div>"},"url":"http://fhir.kl.dk/term/ValueSet/KLTheraphyAreasFSIII","version":"1.0.0","name":"KLTheraphyAreasFSIII","title":"KLTræningOmråderFSIII","status":"active","experimental":false,"date":"2023-04-28T21:07:42+02:00","publisher":"Kommunernes Landsforening","contact":[{"name":"Kommunernes Landsforening","telecom":[{"system":"url","value":"http://kl.dk"}]}],"description":"Theraphy areas (observation codes), used for documentation within physical training, physiotheraphy and occupational theraphy in Danish Municipalities as defined by FSIII","compose":{"include":[{"system":"urn:oid:1.2.208.176.2.21","concept":[{"code":"7e608d37-3f3c-4374-bbc8-e317505d8bc2"},{"code":"ebd91b5e-114a-48a5-90b8-d3c1fd50b72b"},{"code":"ecb5e72d-40a2-4af3-9135-25974026bf02"},{"code":"b9c4561d-20bc-48c9-a727-fea719424a86"},{"code":"ddbd7477-9579-4a83-a3e7-74ed716a0451"},{"code":"e3242303-2506-4a09-ac65-59dfd06cb489"},{"code":"df62498e-7ad1-4f01-93ce-a0441f879a2c"},{"code":"99b18761-88d7-44b2-915d-c64aa0b3b562"},{"code":"2b11e7a0-1faf-4b45-a653-4c347f019266"},{"code":"1dae1e1e-306e-48f2-b9e1-2a180301d8dd"},{"code":"0337193a-b5cc-43e1-a324-fa28944bfc3b"}]}]}}