{"resourceType":"ValueSet","id":"KLConditionCodes","text":{"status":"generated","div":"<div xmlns=\"http://www.w3.org/1999/xhtml\"><p>This value set includes codes based on the following rules:</p><ul><li>Import all the codes that are contained in <a href=\"ValueSet-KLConditionCodesHomeCare.html\">KLTilstandeKoderHjemmepleje</a></li><li>Import all the codes that are contained in <a href=\"ValueSet-KLConditionCodesNursing.html\">KLTilstandeKoderSygepleje</a></li><li>Import all the codes that are contained in <a href=\"ValueSet-KLConditionCodesTheraphy.html\">KLTilstandKoderTræning</a></li><li>Import all the codes that are contained in <a href=\"ValueSet-KLConditionCodesPrevention.html\">KLTilstandKoderForebyggelse</a></li><li>Import all the codes that are contained in <a href=\"ValueSet-KLConditionCodesFFB.html\">KLTilstandKoderFFB</a></li></ul></div>"},"url":"http://fhir.kl.dk/term/ValueSet/KLConditionCodes","version":"1.0.0","name":"KLConditionCodes","title":"KLTilstandKoder","status":"active","experimental":false,"date":"2023-04-28T21:07:42+02:00","publisher":"Kommunernes Landsforening","contact":[{"name":"Kommunernes Landsforening","telecom":[{"system":"url","value":"http://kl.dk"}]}],"description":"Danish municipality condition codes","compose":{"include":[{"valueSet":["http://fhir.kl.dk/term/ValueSet/KLConditionCodesHomeCare"]},{"valueSet":["http://fhir.kl.dk/term/ValueSet/KLConditionCodesNursing"]},{"valueSet":["http://fhir.kl.dk/term/ValueSet/KLConditionCodesTheraphy"]},{"valueSet":["http://fhir.kl.dk/term/ValueSet/KLConditionCodesPrevention"]},{"valueSet":["http://fhir.kl.dk/term/ValueSet/KLConditionCodesFFB"]}]}}