{"resourceType":"ValueSet","id":"PassiveSmokingCodes","text":{"status":"extensions","div":"<div xmlns=\"http://www.w3.org/1999/xhtml\"><ul><li>Include these codes as defined in <a href=\"http://fhir.kl.dk/term/2.1.0/CodeSystem-FBOE.html\"><code>http://fhir.kl.dk/term/CodeSystem/FBOE</code></a><table class=\"none\"><tr><td style=\"white-space:nowrap\"><b>Code</b></td><td><b>Display</b></td><td><b>Definition</b></td></tr><tr><td><a href=\"http://fhir.kl.dk/term/2.1.0/CodeSystem-FBOE.html#FBOE-b54723cf-3114-4119-b1cb-28107a283a99\">b54723cf-3114-4119-b1cb-28107a283a99</a></td><td style=\"color: #cccccc\">Ikke udsat for tobaksrøg</td><td>Småbørn: Barnet er ikke udsat for tobaksrøg i hjemmet.\n\nSkolebørn: Barnet er ikke udsat for tobaksrøg i hjemmet.</td></tr><tr><td><a href=\"http://fhir.kl.dk/term/2.1.0/CodeSystem-FBOE.html#FBOE-5bc59698-bdf9-48db-ab97-20c43d7ff4f1\">5bc59698-bdf9-48db-ab97-20c43d7ff4f1</a></td><td style=\"color: #cccccc\">Udsat for tobaksrøg</td><td>Småbørn: Barnet er udsat for tobaksrøg. Ved udsættelse for tobaksrøg menes i denne sammenhæng, at der ryges i den bolig, hvor barnet opholder sig. Udsættelse for tobaksrøg kommer fx fra cigaretter eller pibe. Omfatter ikke damp fra e-cigaretter og lignende. Rygning i bolig, er rygning i rum, hvor barnet opholder sig, også selvom barnet ikke er der lige når der ryges. Dette gælder også selvom der ryges ud af vinduet, eller med tændt emhætte. \n\nSkolebørn: Barnet er udsat for tobaksrøg. Ved udsættelse for tobaksrøg menes i denne sammenhæng, at der ryges i den bolig, hvor barnet opholder sig. Udsættelse for tobaksrøg kommer fx fra cigaretter eller pibe. Omfatter ikke damp fra e-cigaretter og lignende. Rygning i bolig, er rygning i rum, hvor barnet opholder sig, også selvom barnet ikke er der lige når der ryges. Dette gælder også selvom der ryges ud af vinduet, eller med tændt emhætte.</td></tr></table></li></ul></div>"},"url":"http://fhir.kl.dk/children/ValueSet/PassiveSmokingCodes","version":"2.0.1","name":"PassiveSmokingCodes","title":"PassivRygningKoder","status":"active","experimental":false,"date":"2024-06-24T13:04:27+02:00","publisher":"Kommunernes Landsforening","contact":[{"name":"Kommunernes Landsforening","telecom":[{"system":"url","value":"http://kl.dk"}]}],"description":"Mandatory result values for passive smoking in small- and school children","compose":{"include":[{"system":"http://fhir.kl.dk/term/CodeSystem/FBOE","concept":[{"code":"b54723cf-3114-4119-b1cb-28107a283a99"},{"code":"5bc59698-bdf9-48db-ab97-20c43d7ff4f1"}]}]}}