<?xml version="1.0" encoding="UTF-8"?><ValueSet xmlns="http://hl7.org/fhir"><id value="KLInterventionCodes119"/><text><status value="extensions"/><div xmlns="http://www.w3.org/1999/xhtml"><ul><li>Include these codes as defined in <a href="http://fhir.kl.dk/term/2.1.0/CodeSystem-FSIII.html"><code>urn:oid:1.2.208.176.2.21</code></a><table class="none"><tr><td style="white-space:nowrap"><b>Code</b></td><td><b>Display</b></td><td><b>Definition</b></td></tr><tr><td><a href="http://fhir.kl.dk/term/2.1.0/CodeSystem-FSIII.html#FSIII-01a500f6-c221-4fd0-b518-cd361218b60d">01a500f6-c221-4fd0-b518-cd361218b60d</a></td><td style="color: #cccccc">Madlavning i praksis</td><td>Aktiviteter hvor kostråd, ernæringsanbefalinger samt hensigtsmæssige mad- og måltidsvaner omsættes til praksis.
Formålet med madlavning i praksis er at styrke borgerens mulighed for at efterleve kostråd og ernæringsanbefalinger i hverdagen i forhold til generelle og/eller sygdomsspecifikke anbefalinger.

Eksempler: Gennemgang af opskrifter, indkøb af madvarer, brug af attrapper, indkøbsguide eller tallerkenmodeller, inspiration til tilberedning og sammensætning af måltider, fællesspisning, valg af råvarer.</td></tr><tr><td><a href="http://fhir.kl.dk/term/2.1.0/CodeSystem-FSIII.html#FSIII-03a3ebdb-9e2d-4be1-b32b-42f0bd2a3362">03a3ebdb-9e2d-4be1-b32b-42f0bd2a3362</a></td><td style="color: #cccccc">Afsluttende samtale</td><td>Samtale der afslutter en eller flere indsatser.
Formålet med den afsluttende samtale er at afslutte borgerens forløb, at fremme og fastholde motivation for forandring og afdække behov for opfølgning efter endt forløb.

Eksempler: Evaluering af indsatser og borgers mål, plan og mål for borgerens fastholdelse efter afslutning, klarhed over borgerens videre forløb, kontakt til praktiserende læge eller evt. andre dele af sundhedsvæsenet.</td></tr><tr><td><a href="http://fhir.kl.dk/term/2.1.0/CodeSystem-FSIII.html#FSIII-61692d91-69b8-4830-9453-3d58454e49d3">61692d91-69b8-4830-9453-3d58454e49d3</a></td><td style="color: #cccccc">Færdighedstræning</td><td>Vejledning, introduktion og igangsætning af aktiviteter, der bidrager til øget selvhjulpenhed i hverdagslivet.
Formålet med færdighedstræning er, at borgeren tilegner sig viden om, indlærer og træner almindelige daglige færdigheder, som er sundhedsfremmende, og som underbygger et aktivt og selvhjulpent hverdagsliv.

Eksempler: Vejledning, introduktion og igangsætning af hverdagsaktiviteter ifm. transport, hverdagsaktiviteter i hjemmet eller på arbejdspladsen, færdighedstræning ved anvendelse af hjælpemidler. Vejledning i at planlægge, strukturere, administrere og udføre aktiviteter i løbet dagen. Vejledning i hensigtsmæssig og energibesparende udførelse af aktiviteter.</td></tr><tr><td><a href="http://fhir.kl.dk/term/2.1.0/CodeSystem-FSIII.html#FSIII-6d24992e-e0a2-43e7-bc27-0234622a8655">6d24992e-e0a2-43e7-bc27-0234622a8655</a></td><td style="color: #cccccc">Nikotin- og tobaksafvænning</td><td>Rådgivning om og støtte til forandring af vaner i relation til nikotin- og tobaksafvænning.
Formålet med nikotin- og tobaksafvænning er at rådgive og støtte borgeren i at opnå reduktion eller ophør i anvendelsen af nikotin og/eller tobaksprodukter.

Eksempler: Afdækning af forbrugs-profil, håndtering af risikosituationer, rådgivning om muligheder for trangreducerendemedicin, viden om tilgængelige redskaber og vaneændringer, vægt i forbindelse med nikotin- og rygestop, helbredsrisici forbundet med nikotin og røgforbrug, helbredsfordele ved ophør.</td></tr><tr><td><a href="http://fhir.kl.dk/term/2.1.0/CodeSystem-FSIII.html#FSIII-6eddbaf7-2a73-49d4-91e7-6138d419f58c">6eddbaf7-2a73-49d4-91e7-6138d419f58c</a></td><td style="color: #cccccc">Afklarende samtale</td><td>Samtale der sikrer afdækning af borgerens tilstande samt behov og motivation for forandring ud fra borgerens situation og ressourcer.
Formålet med den afklarende samtale er at foretage en individuel behovsvurdering samt at afdække borgerens motivation for og ressourcer til at gennemføre et forløb og ændringer i hverdagslivet. Afdækningen skal bidrage til en fælles forståelse af forventninger til indsatser, herunder de overordnede målsætninger med deltagelse, og støtte borgeren i behovsorienteret prioritering af indsatser og aktiviteter i privat- og/eller foreningsregi.

Eksempler: Afklaring af hvad der er vigtigt for borgeren, afklaring af handlekompetencer og ressourcer, afklaring af motivation, afklaring af 
sygdomssituation og risikofaktorer, udarbejdelse af individuel plan for videre forløb, afklaring af behov for koordinering med andre sektorer, afklaring af behov for inddragelse af pårørende.</td></tr><tr><td><a href="http://fhir.kl.dk/term/2.1.0/CodeSystem-FSIII.html#FSIII-924e9828-84cf-4689-9551-0ebb6dc71b98">924e9828-84cf-4689-9551-0ebb6dc71b98</a></td><td style="color: #cccccc">Samtale om alkohol</td><td>Rådgivning om og støtte til hensigtsmæssig alkoholadfærd.
Formålet med en samtale om alkohol er at rådgive og støtte borgeren i at formulere og opnå mål om reduktion eller ophør af alkoholforbrug.

Eksempler: Henvisning til alkoholbehandling efter Sundhedslovens §141. Rådgivning om helbredsrisici forbundet til alkoholforbrug, kroppens påvirkning ved indtagelse af alkohol, alkoholens påvirkning af hverdagslivet, herunder familie, netværk, arbejde, fordele ved at nedsætte sit alkoholforbrug. Formidling af viden om vaneændringer og tilgængelige redskaber inden for emnet.</td></tr><tr><td><a href="http://fhir.kl.dk/term/2.1.0/CodeSystem-FSIII.html#FSIII-ab87c0b5-40be-4e0a-b749-d9f833bfed2d">ab87c0b5-40be-4e0a-b749-d9f833bfed2d</a></td><td style="color: #cccccc">Fysisk træning</td><td>Superviserede aktiviteter der bidrager til øget muskelstyrke og/eller øget kondition.
Formålet med fysisk træning er, at borgeren tilegner sig erfaringer med fysiske aktiviteter som bidrager til at øge muskelstyrken og forbedre konditionen.

Eksempler: Supervision af brug af maskiner, elastikker, vægte. Supervision af træning med egen kropsvægt. Supervision af gang, løb, cykling, roning, svømning, crosstræning/cirkeltræning, boldspil.</td></tr><tr><td><a href="http://fhir.kl.dk/term/2.1.0/CodeSystem-FSIII.html#FSIII-abe847e0-1ce0-44dc-a675-ce05b66f47e6">abe847e0-1ce0-44dc-a675-ce05b66f47e6</a></td><td style="color: #cccccc">Vejledning og introduktion til fysiske aktiviteter</td><td>Vejledning og støtte til at være fysisk aktiv &quot;på egen hånd&quot; og introduktion til fysiske aktiviteter.
Formålet med vejledning og introduktion til fysiske aktiviteter er, at borgeren tilegner sig viden om fysisk aktivitet som et middel til at forebygge følger og forværring af sygdom, og kan omsætte denne viden til eget hverdagsliv under hensyntagen til sine begrænsninger ved fysisk aktivitet.

Eksempler: Introduktion og afprøvning af forskellige aktivitetsformer, træningsprincipper og træningsøvelser, digitalt understøttet træning, viden om effekter af fysisk aktivitet, dialog om tidligere motionsvaner og erfaringer med fysisk aktivitet, udarbejdelse af træningsplan, kroppens reaktioner i forbindelse med fysisk aktivitet, støtte og opbakning i at motion bliver en del af hverdagen, introduktion til idrætsforeninger, klubber o. lign.</td></tr><tr><td><a href="http://fhir.kl.dk/term/2.1.0/CodeSystem-FSIII.html#FSIII-c9a99304-1788-43b7-b7be-e187b092ae9c">c9a99304-1788-43b7-b7be-e187b092ae9c</a></td><td style="color: #cccccc">Kostvejledning</td><td>Vejledning om de officielle (generelle) kostråd suppleret af relevante ernæringsanbefalinger.
Formålet med kostvejledning er, at borgeren tilegner sig viden om de officielle kostråd og gældende ernæringsanbefalinger i forhold til generel sundhed og forebyggelse af sygdom.

Eksempler: Vejledning om sunde mad- og måltidsvaner, undervisning i kostråd, valg af fødevarer og sammensætning af måltider, udredning, monitorering og evaluering i et forebyggende og/eller sundhedsfremmende perspektiv.</td></tr><tr><td><a href="http://fhir.kl.dk/term/2.1.0/CodeSystem-FSIII.html#FSIII-cf7a55c2-7061-47ed-b7c5-e29620fe93bf">cf7a55c2-7061-47ed-b7c5-e29620fe93bf</a></td><td style="color: #cccccc">Diætbehandling</td><td>En intervention i forhold til et ernæringsproblem, der er opstået som følge af sygdom eller behandling.
Formålet med diætbehandling er, at borgeren tilegner sig viden om og opbygger erfaringer med at håndtere, behandle og forebygge ernæringsproblematikker i henhold til sin sygdom samt forebyggelse af senfølger, med henblik på at sikre optimal ernæringstilstand.

Eksempler: Ernæringsudredning af borgere med et sygdomsspecifikt ernæringsproblem, ernæringsintervention der monitoreres og evalueres, vejledning og anbefaling af diæt- og ernæringsplan, vejledning og undervisning i gældende faglige retningslinier, ernæringsanbefalinger og diætprincipper.</td></tr><tr><td><a href="http://fhir.kl.dk/term/2.1.0/CodeSystem-FSIII.html#FSIII-d1e016b5-150a-4ac4-97ba-d3e19e28471e">d1e016b5-150a-4ac4-97ba-d3e19e28471e</a></td><td style="color: #cccccc">Opfølgning</td><td>Aktivitet der følger op på borgerens fastholdelse af ændringer i hverdagslivet efter afsluttede indsatser.
Formålet med opfølgning efter afsluttede indsatser er at bidrage til borgerens fastholdelse af ændringer i hverdagslivet.

Eksempler: 3, 6 eller 12 måneders opfølgning, status på hvordan det går, justering af borgerens individuelle plan og/eller mål i samarbejde med borgeren, vurdering af behov for nyt forløb, kontakt til praktiserende læge eller evt. andre dele af sundhedsvæsenet.</td></tr><tr><td><a href="http://fhir.kl.dk/term/2.1.0/CodeSystem-FSIII.html#FSIII-e71b7d85-5c78-49c2-8624-8499d162317b">e71b7d85-5c78-49c2-8624-8499d162317b</a></td><td style="color: #cccccc">Sygdomshåndtering</td><td>Støtte til at forstå og håndtere livet med kronisk sygdom.
Formålet med sygdomshåndtering er at styrke borgerens egenomsorg og håndtering af livet med kronisk sygdom, herunder sygdommens nærmere karakter, sygdommens betydning for samspillet med omgivelserne samt rådgivning om muligheder for forebyggelse og behandling.

Eksempler: Gennemgang af sygdomme(n), behandling og risikofaktorer, herunder sygdommens udvikling og symptomer på forværring af sygdom. Psykosociale forhold relateret til livet med kronisk sygdom, herunder stress, søvnmangel og bekymring. Medicin: virkning, bivirkning, anvendelse og tilskud. Sygdomsaccept og visioner for fremtiden, mestringsstrategier, krisehåndtering, navigation i sundhedsvæsenet (fysisk og digitalt), øvrige sundhedsindsatsers (KRAM) betydning.</td></tr><tr><td><a href="http://fhir.kl.dk/term/2.1.0/CodeSystem-FSIII.html#FSIII-ee5606ac-1bed-487e-aa3c-72dcc30ec037">ee5606ac-1bed-487e-aa3c-72dcc30ec037</a></td><td style="color: #cccccc">Behovssamtale</td><td>Samtale der bidrager til at afstemme borgerens motivation, ønsker og behov under igangværende forløb.
Formålet med en behovssamtale er at have en dialog med borgeren om motivation, ønsker og behov, som kan have ændret sig undervejs i forløbet.

Eksempler: Justering af borgerens individuelle plan og/eller mål, justering af indsatser , igangsætning af yderligere tiltag.</td></tr><tr><td><a href="http://fhir.kl.dk/term/2.1.0/CodeSystem-FSIII.html#FSIII-f30cab6d-2a42-4358-99d7-811127fb6e05">f30cab6d-2a42-4358-99d7-811127fb6e05</a></td><td style="color: #cccccc">Mental håndtering</td><td>Vejledning eller undervisning i øvelser og teknikker, der fremmer mentalt velbefindende.
Formålet med mental håndtering er, at borgeren tilegner sig viden og lærer at anvende redskaber til at fremme sit mentale velbefindende.

Eksempler: Mindfulness, afspænding, meditationsteknikker, øvelser med fokus på mentalt velbefindende, stressforløb, tilbud i forhold til angst og depression, kognitiv adfærdsterapi.</td></tr></table></li></ul></div></text><url value="http://fhir.kl.dk/prevention/ValueSet/KLInterventionCodes119"/><version value="2.1.1"/><name value="KLInterventionCodes119"/><title value="KLInterventionCodes119"/><status value="active"/><experimental value="false"/><date value="2024-06-21T13:36:51+02:00"/><publisher value="Kommunernes Landsforening"/><contact><name value="Kommunernes Landsforening"/><telecom><system value="url"/><value value="http://kl.dk"/></telecom></contact><description value="Intervention codes allowed in this implementation guide."/><compose><include><system value="urn:oid:1.2.208.176.2.21"/><concept><code value="01a500f6-c221-4fd0-b518-cd361218b60d"/></concept><concept><code value="03a3ebdb-9e2d-4be1-b32b-42f0bd2a3362"/></concept><concept><code value="61692d91-69b8-4830-9453-3d58454e49d3"/></concept><concept><code value="6d24992e-e0a2-43e7-bc27-0234622a8655"/></concept><concept><code value="6eddbaf7-2a73-49d4-91e7-6138d419f58c"/></concept><concept><code value="924e9828-84cf-4689-9551-0ebb6dc71b98"/></concept><concept><code value="ab87c0b5-40be-4e0a-b749-d9f833bfed2d"/></concept><concept><code value="abe847e0-1ce0-44dc-a675-ce05b66f47e6"/></concept><concept><code value="c9a99304-1788-43b7-b7be-e187b092ae9c"/></concept><concept><code value="cf7a55c2-7061-47ed-b7c5-e29620fe93bf"/></concept><concept><code value="d1e016b5-150a-4ac4-97ba-d3e19e28471e"/></concept><concept><code value="e71b7d85-5c78-49c2-8624-8499d162317b"/></concept><concept><code value="ee5606ac-1bed-487e-aa3c-72dcc30ec037"/></concept><concept><code value="f30cab6d-2a42-4358-99d7-811127fb6e05"/></concept></include></compose></ValueSet>