<?xml version="1.0" encoding="UTF-8"?><ImplementationGuide xmlns="http://hl7.org/fhir"><id value="kl.dk.fhir.ffbmessaging"/><text><status value="extensions"/><div xmlns="http://www.w3.org/1999/xhtml"><h2>KLFFBMessaging</h2><p>The official URL for this implementation guide is: </p><pre>http://fhir.kl.dk/ffbmessaging/ImplementationGuide/kl.dk.fhir.ffbmessaging</pre><div><p>Danish municipalities implementation guide for FFB messaging. A standard for exchanging social information from citizen journals between municipalities. The aim is to support citizens continuously, e.g. when they move, or receives interventions outside their home municipality.</p>
</div></div></text><url value="http://fhir.kl.dk/ffbmessaging/ImplementationGuide/kl.dk.fhir.ffbmessaging"/><version value="1.0.0"/><name value="KLFFBMessaging"/><title value="Implementation Guide for FFB messaging (FFB udvekslingsdatasæt)"/><status value="active"/><date value="2023-08-26T15:31:03+02:00"/><publisher value="KL"/><contact><name value="KL"/><telecom><system value="url"/><value value="http://www.kl.dk"/></telecom></contact><description value="Danish municipalities implementation guide for FFB messaging. A standard for exchanging social information from citizen journals between municipalities. The aim is to support citizens continuously, e.g. when they move, or receives interventions outside their home municipality."/><jurisdiction><coding><system value="urn:iso:std:iso:3166"/><code value="DK"/><display value="Denmark"/></coding></jurisdiction><packageId value="kl.dk.fhir.ffbmessaging"/><license value="CC0-1.0"/><fhirVersion value="4.0.1"/><dependsOn id="hl7tx"><extension url="http://hl7.org/fhir/tools/StructureDefinition/implementationguide-dependency-comment"><valueMarkdown value="Automatically added as a dependency - all IGs depend on HL7 Terminology"/></extension><uri value="http://terminology.hl7.org/ImplementationGuide/hl7.terminology"/><packageId value="hl7.terminology.r4"/><version value="5.0.0"/></dependsOn><dependsOn id="hl7ext"><extension url="http://hl7.org/fhir/tools/StructureDefinition/implementationguide-dependency-comment"><valueMarkdown value="Automatically added as a dependency - all IGs depend on the HL7 Extension Pack"/></extension><uri value="http://hl7.org/fhir/extensions/ImplementationGuide/hl7.fhir.uv.extensions"/><packageId value="hl7.fhir.uv.extensions.r4"/><version value="1.0.0"/></dependsOn><dependsOn id="hl7_fhir_dk_core"><uri value="http://hl7.dk/fhir/core/ImplementationGuide/hl7.fhir.dk.core"/><packageId value="hl7.fhir.dk.core"/><version value="1.1.0"/></dependsOn><dependsOn id="kl_dk_fhir_term"><uri value="http://fhir.kl.dk/term/ImplementationGuide/kl.dk.fhir.term"/><packageId value="kl.dk.fhir.term"/><version value="1.0.0"/></dependsOn><dependsOn id="kl_dk_fhir_core"><uri value="http://fhir.kl.dk/core/ImplementationGuide/kl.dk.fhir.core"/><packageId value="kl.dk.fhir.core"/><version value="1.2.0"/></dependsOn><definition><extension url="http://hl7.org/fhir/tools/StructureDefinition/ig-parameter"><extension url="code"><valueString value="copyrightyear"/></extension><extension url="value"><valueString value="2021+"/></extension></extension><extension url="http://hl7.org/fhir/tools/StructureDefinition/ig-parameter"><extension url="code"><valueString value="releaselabel"/></extension><extension url="value"><valueString value="release"/></extension></extension><extension url="http://hl7.org/fhir/tools/StructureDefinition/ig-parameter"><extension url="code"><valueString value="autoload-resources"/></extension><extension url="value"><valueString value="true"/></extension></extension><extension url="http://hl7.org/fhir/tools/StructureDefinition/ig-parameter"><extension url="code"><valueString value="path-liquid"/></extension><extension url="value"><valueString value="template/liquid"/></extension></extension><extension url="http://hl7.org/fhir/tools/StructureDefinition/ig-parameter"><extension url="code"><valueString value="path-liquid"/></extension><extension url="value"><valueString value="input/liquid"/></extension></extension><extension url="http://hl7.org/fhir/tools/StructureDefinition/ig-parameter"><extension url="code"><valueString value="path-qa"/></extension><extension url="value"><valueString value="temp/qa"/></extension></extension><extension url="http://hl7.org/fhir/tools/StructureDefinition/ig-parameter"><extension url="code"><valueString value="path-temp"/></extension><extension url="value"><valueString value="temp/pages"/></extension></extension><extension url="http://hl7.org/fhir/tools/StructureDefinition/ig-parameter"><extension url="code"><valueString value="path-output"/></extension><extension url="value"><valueString value="output"/></extension></extension><extension url="http://hl7.org/fhir/tools/StructureDefinition/ig-parameter"><extension url="code"><valueString value="path-suppressed-warnings"/></extension><extension url="value"><valueString value="input/ignoreWarnings.txt"/></extension></extension><extension url="http://hl7.org/fhir/tools/StructureDefinition/ig-parameter"><extension url="code"><valueString value="path-history"/></extension><extension url="value"><valueString value="http://fhir.kl.dk/ffbmessaging/history.html"/></extension></extension><extension url="http://hl7.org/fhir/tools/StructureDefinition/ig-parameter"><extension url="code"><valueString value="template-html"/></extension><extension url="value"><valueString value="template-page.html"/></extension></extension><extension url="http://hl7.org/fhir/tools/StructureDefinition/ig-parameter"><extension url="code"><valueString value="template-md"/></extension><extension url="value"><valueString value="template-page-md.html"/></extension></extension><extension url="http://hl7.org/fhir/tools/StructureDefinition/ig-parameter"><extension url="code"><valueString value="apply-contact"/></extension><extension url="value"><valueString value="true"/></extension></extension><extension url="http://hl7.org/fhir/tools/StructureDefinition/ig-parameter"><extension url="code"><valueString value="apply-context"/></extension><extension url="value"><valueString value="true"/></extension></extension><extension url="http://hl7.org/fhir/tools/StructureDefinition/ig-parameter"><extension url="code"><valueString value="apply-copyright"/></extension><extension url="value"><valueString value="true"/></extension></extension><extension url="http://hl7.org/fhir/tools/StructureDefinition/ig-parameter"><extension url="code"><valueString value="apply-jurisdiction"/></extension><extension url="value"><valueString value="true"/></extension></extension><extension url="http://hl7.org/fhir/tools/StructureDefinition/ig-parameter"><extension url="code"><valueString value="apply-license"/></extension><extension url="value"><valueString value="true"/></extension></extension><extension url="http://hl7.org/fhir/tools/StructureDefinition/ig-parameter"><extension url="code"><valueString value="apply-publisher"/></extension><extension url="value"><valueString value="true"/></extension></extension><extension url="http://hl7.org/fhir/tools/StructureDefinition/ig-parameter"><extension url="code"><valueString value="apply-version"/></extension><extension url="value"><valueString value="true"/></extension></extension><extension url="http://hl7.org/fhir/tools/StructureDefinition/ig-parameter"><extension url="code"><valueString value="active-tables"/></extension><extension url="value"><valueString value="true"/></extension></extension><extension url="http://hl7.org/fhir/tools/StructureDefinition/ig-parameter"><extension url="code"><valueString value="fmm-definition"/></extension><extension url="value"><valueString value="http://hl7.org/fhir/versions.html#maturity"/></extension></extension><extension url="http://hl7.org/fhir/tools/StructureDefinition/ig-parameter"><extension url="code"><valueString value="propagate-status"/></extension><extension url="value"><valueString value="true"/></extension></extension><extension url="http://hl7.org/fhir/tools/StructureDefinition/ig-parameter"><extension url="code"><valueString value="excludelogbinaryformat"/></extension><extension url="value"><valueString value="true"/></extension></extension><extension url="http://hl7.org/fhir/tools/StructureDefinition/ig-parameter"><extension url="code"><valueString value="tabbed-snapshots"/></extension><extension url="value"><valueString value="true"/></extension></extension><extension url="http://hl7.org/fhir/tools/StructureDefinition/ig-internal-dependency"><valueCode value="hl7.fhir.uv.tools#current"/></extension><extension url="http://hl7.org/fhir/tools/StructureDefinition/ig-parameter"><extension url="code"><valueCode value="copyrightyear"/></extension><extension url="value"><valueString value="2021+"/></extension></extension><extension url="http://hl7.org/fhir/tools/StructureDefinition/ig-parameter"><extension url="code"><valueCode value="releaselabel"/></extension><extension url="value"><valueString value="release"/></extension></extension><extension url="http://hl7.org/fhir/tools/StructureDefinition/ig-parameter"><extension url="code"><valueCode value="autoload-resources"/></extension><extension url="value"><valueString value="true"/></extension></extension><extension url="http://hl7.org/fhir/tools/StructureDefinition/ig-parameter"><extension url="code"><valueCode value="path-liquid"/></extension><extension url="value"><valueString value="template/liquid"/></extension></extension><extension url="http://hl7.org/fhir/tools/StructureDefinition/ig-parameter"><extension url="code"><valueCode value="path-liquid"/></extension><extension url="value"><valueString value="input/liquid"/></extension></extension><extension url="http://hl7.org/fhir/tools/StructureDefinition/ig-parameter"><extension url="code"><valueCode value="path-qa"/></extension><extension url="value"><valueString value="temp/qa"/></extension></extension><extension url="http://hl7.org/fhir/tools/StructureDefinition/ig-parameter"><extension url="code"><valueCode value="path-temp"/></extension><extension url="value"><valueString value="temp/pages"/></extension></extension><extension url="http://hl7.org/fhir/tools/StructureDefinition/ig-parameter"><extension url="code"><valueCode value="path-output"/></extension><extension url="value"><valueString value="output"/></extension></extension><extension url="http://hl7.org/fhir/tools/StructureDefinition/ig-parameter"><extension url="code"><valueCode value="path-suppressed-warnings"/></extension><extension url="value"><valueString value="input/ignoreWarnings.txt"/></extension></extension><extension url="http://hl7.org/fhir/tools/StructureDefinition/ig-parameter"><extension url="code"><valueCode value="path-history"/></extension><extension url="value"><valueString value="http://fhir.kl.dk/ffbmessaging/history.html"/></extension></extension><extension url="http://hl7.org/fhir/tools/StructureDefinition/ig-parameter"><extension url="code"><valueCode value="template-html"/></extension><extension url="value"><valueString value="template-page.html"/></extension></extension><extension url="http://hl7.org/fhir/tools/StructureDefinition/ig-parameter"><extension url="code"><valueCode value="template-md"/></extension><extension url="value"><valueString value="template-page-md.html"/></extension></extension><extension url="http://hl7.org/fhir/tools/StructureDefinition/ig-parameter"><extension url="code"><valueCode value="apply-contact"/></extension><extension url="value"><valueString value="true"/></extension></extension><extension url="http://hl7.org/fhir/tools/StructureDefinition/ig-parameter"><extension url="code"><valueCode value="apply-context"/></extension><extension url="value"><valueString value="true"/></extension></extension><extension url="http://hl7.org/fhir/tools/StructureDefinition/ig-parameter"><extension url="code"><valueCode value="apply-copyright"/></extension><extension url="value"><valueString value="true"/></extension></extension><extension url="http://hl7.org/fhir/tools/StructureDefinition/ig-parameter"><extension url="code"><valueCode value="apply-jurisdiction"/></extension><extension url="value"><valueString value="true"/></extension></extension><extension url="http://hl7.org/fhir/tools/StructureDefinition/ig-parameter"><extension url="code"><valueCode value="apply-license"/></extension><extension url="value"><valueString value="true"/></extension></extension><extension url="http://hl7.org/fhir/tools/StructureDefinition/ig-parameter"><extension url="code"><valueCode value="apply-publisher"/></extension><extension url="value"><valueString value="true"/></extension></extension><extension url="http://hl7.org/fhir/tools/StructureDefinition/ig-parameter"><extension url="code"><valueCode value="apply-version"/></extension><extension url="value"><valueString value="true"/></extension></extension><extension url="http://hl7.org/fhir/tools/StructureDefinition/ig-parameter"><extension url="code"><valueCode value="active-tables"/></extension><extension url="value"><valueString value="true"/></extension></extension><extension url="http://hl7.org/fhir/tools/StructureDefinition/ig-parameter"><extension url="code"><valueCode value="fmm-definition"/></extension><extension url="value"><valueString value="http://hl7.org/fhir/versions.html#maturity"/></extension></extension><extension url="http://hl7.org/fhir/tools/StructureDefinition/ig-parameter"><extension url="code"><valueCode value="propagate-status"/></extension><extension url="value"><valueString value="true"/></extension></extension><extension url="http://hl7.org/fhir/tools/StructureDefinition/ig-parameter"><extension url="code"><valueCode value="excludelogbinaryformat"/></extension><extension url="value"><valueString value="true"/></extension></extension><extension url="http://hl7.org/fhir/tools/StructureDefinition/ig-parameter"><extension url="code"><valueCode value="tabbed-snapshots"/></extension><extension url="value"><valueString value="true"/></extension></extension><extension url="http://hl7.org/fhir/tools/StructureDefinition/ig-parameter"><extension url="code"><valueCode value="copyrightyear"/></extension><extension url="value"><valueString value="2021+"/></extension></extension><extension url="http://hl7.org/fhir/tools/StructureDefinition/ig-parameter"><extension url="code"><valueCode value="releaselabel"/></extension><extension url="value"><valueString value="release"/></extension></extension><extension url="http://hl7.org/fhir/tools/StructureDefinition/ig-parameter"><extension url="code"><valueCode value="autoload-resources"/></extension><extension url="value"><valueString value="true"/></extension></extension><extension url="http://hl7.org/fhir/tools/StructureDefinition/ig-parameter"><extension url="code"><valueCode value="path-liquid"/></extension><extension url="value"><valueString value="template/liquid"/></extension></extension><extension url="http://hl7.org/fhir/tools/StructureDefinition/ig-parameter"><extension url="code"><valueCode value="path-liquid"/></extension><extension url="value"><valueString value="input/liquid"/></extension></extension><extension url="http://hl7.org/fhir/tools/StructureDefinition/ig-parameter"><extension url="code"><valueCode value="path-qa"/></extension><extension url="value"><valueString value="temp/qa"/></extension></extension><extension url="http://hl7.org/fhir/tools/StructureDefinition/ig-parameter"><extension url="code"><valueCode value="path-temp"/></extension><extension url="value"><valueString value="temp/pages"/></extension></extension><extension url="http://hl7.org/fhir/tools/StructureDefinition/ig-parameter"><extension url="code"><valueCode value="path-output"/></extension><extension url="value"><valueString value="output"/></extension></extension><extension url="http://hl7.org/fhir/tools/StructureDefinition/ig-parameter"><extension url="code"><valueCode value="path-suppressed-warnings"/></extension><extension url="value"><valueString value="input/ignoreWarnings.txt"/></extension></extension><extension url="http://hl7.org/fhir/tools/StructureDefinition/ig-parameter"><extension url="code"><valueCode value="path-history"/></extension><extension url="value"><valueString value="http://fhir.kl.dk/ffbmessaging/history.html"/></extension></extension><extension url="http://hl7.org/fhir/tools/StructureDefinition/ig-parameter"><extension url="code"><valueCode value="template-html"/></extension><extension url="value"><valueString value="template-page.html"/></extension></extension><extension url="http://hl7.org/fhir/tools/StructureDefinition/ig-parameter"><extension url="code"><valueCode value="template-md"/></extension><extension url="value"><valueString value="template-page-md.html"/></extension></extension><extension url="http://hl7.org/fhir/tools/StructureDefinition/ig-parameter"><extension url="code"><valueCode value="apply-contact"/></extension><extension url="value"><valueString value="true"/></extension></extension><extension url="http://hl7.org/fhir/tools/StructureDefinition/ig-parameter"><extension url="code"><valueCode value="apply-context"/></extension><extension url="value"><valueString value="true"/></extension></extension><extension url="http://hl7.org/fhir/tools/StructureDefinition/ig-parameter"><extension url="code"><valueCode value="apply-copyright"/></extension><extension url="value"><valueString value="true"/></extension></extension><extension url="http://hl7.org/fhir/tools/StructureDefinition/ig-parameter"><extension url="code"><valueCode value="apply-jurisdiction"/></extension><extension url="value"><valueString value="true"/></extension></extension><extension url="http://hl7.org/fhir/tools/StructureDefinition/ig-parameter"><extension url="code"><valueCode value="apply-license"/></extension><extension url="value"><valueString value="true"/></extension></extension><extension url="http://hl7.org/fhir/tools/StructureDefinition/ig-parameter"><extension url="code"><valueCode value="apply-publisher"/></extension><extension url="value"><valueString value="true"/></extension></extension><extension url="http://hl7.org/fhir/tools/StructureDefinition/ig-parameter"><extension url="code"><valueCode value="apply-version"/></extension><extension url="value"><valueString value="true"/></extension></extension><extension url="http://hl7.org/fhir/tools/StructureDefinition/ig-parameter"><extension url="code"><valueCode value="active-tables"/></extension><extension url="value"><valueString value="true"/></extension></extension><extension url="http://hl7.org/fhir/tools/StructureDefinition/ig-parameter"><extension url="code"><valueCode value="fmm-definition"/></extension><extension url="value"><valueString value="http://hl7.org/fhir/versions.html#maturity"/></extension></extension><extension url="http://hl7.org/fhir/tools/StructureDefinition/ig-parameter"><extension url="code"><valueCode value="propagate-status"/></extension><extension url="value"><valueString value="true"/></extension></extension><extension url="http://hl7.org/fhir/tools/StructureDefinition/ig-parameter"><extension url="code"><valueCode value="excludelogbinaryformat"/></extension><extension url="value"><valueString value="true"/></extension></extension><extension url="http://hl7.org/fhir/tools/StructureDefinition/ig-parameter"><extension url="code"><valueCode value="tabbed-snapshots"/></extension><extension url="value"><valueString value="true"/></extension></extension><grouping id="-str-profile"><name value="Structures: Resource Profiles"/><description value="These define constraints on FHIR resources for systems conforming to this implementation guide."/></grouping><grouping id="-str-datatype"><name value="Structures: Data Type Profiles"/><description value="These define constraints on FHIR data types for systems conforming to this implementation guide."/></grouping><grouping id="-str-extension"><name value="Structures: Extension Definitions"/><description value="These define constraints on FHIR data types for systems conforming to this implementation guide."/></grouping><grouping id="-term-valueset"><name value="Terminology: Value Sets"/><description value="These define sets of codes used by systems conforming to this implementation guide."/></grouping><grouping id="-term-codesystem"><name value="Terminology: Code Systems"/><description value="These define new code systems used by systems conforming to this implementation guide."/></grouping><grouping id="-ex-example"><name value="Example: Example Instances"/><description value="These are example instances that show what data produced and consumed by systems conforming with this implementation guide might look like."/></grouping><resource><extension url="http://hl7.org/fhir/tools/StructureDefinition/resource-sort"><valueInteger value="999999999"/></extension><extension url="http://hl7.org/fhir/StructureDefinition/implementationguide-page"><valueUri value="StructureDefinition-kl-messaging-ffb-account.html"/></extension><reference><reference value="StructureDefinition/kl-messaging-ffb-account"/></reference><name value="Account"/><description value="Account Information for FFB messaging"/><exampleBoolean value="false"/><groupingId value="-str-profile"/></resource><resource><extension url="http://hl7.org/fhir/tools/StructureDefinition/resource-sort"><valueInteger value="999999999"/></extension><extension url="http://hl7.org/fhir/StructureDefinition/implementationguide-page"><valueUri value="StructureDefinition-kl-messaging-ffb-accountOwner.html"/></extension><reference><reference value="StructureDefinition/kl-messaging-ffb-accountOwner"/></reference><name value="AccountOwner"/><description value="Organization behind an account"/><exampleBoolean value="false"/><groupingId value="-str-profile"/></resource><resource><extension url="http://hl7.org/fhir/tools/StructureDefinition/resource-sort"><valueInteger value="999999999"/></extension><extension url="http://hl7.org/fhir/StructureDefinition/implementationguide-page"><valueUri value="StructureDefinition-kl-messaging-ffb-citizen.html"/></extension><reference><reference value="StructureDefinition/kl-messaging-ffb-citizen"/></reference><name value="Citizen"/><description value="Citizen for FFB messaging"/><exampleBoolean value="false"/><groupingId value="-str-profile"/></resource><resource><extension url="http://hl7.org/fhir/tools/StructureDefinition/resource-sort"><valueInteger value="999999999"/></extension><extension url="http://hl7.org/fhir/StructureDefinition/implementationguide-page"><valueUri value="StructureDefinition-kl-messaging-ffb-citizenObjective.html"/></extension><reference><reference value="StructureDefinition/kl-messaging-ffb-citizenObjective"/></reference><name value="CitizenObjective"/><description value="The overall objective of the citizen"/><exampleBoolean value="false"/><groupingId value="-str-profile"/></resource><resource><extension url="http://hl7.org/fhir/tools/StructureDefinition/resource-sort"><valueInteger value="999999999"/></extension><extension url="http://hl7.org/fhir/StructureDefinition/implementationguide-page"><valueUri value="StructureDefinition-kl-messaging-ffb-condition.html"/></extension><reference><reference value="StructureDefinition/kl-messaging-ffb-condition"/></reference><name value="Condition"/><description value="Condition according to FFB"/><exampleBoolean value="false"/><groupingId value="-str-profile"/></resource><resource><extension url="http://hl7.org/fhir/tools/StructureDefinition/resource-sort"><valueInteger value="999999999"/></extension><extension url="http://hl7.org/fhir/StructureDefinition/implementationguide-page"><valueUri value="StructureDefinition-kl-messaging-ffb-consent.html"/></extension><reference><reference value="StructureDefinition/kl-messaging-ffb-consent"/></reference><name value="Consent"/><description value="Consent given for a related person in FFB Messaging"/><exampleBoolean value="false"/><groupingId value="-str-profile"/></resource><resource><extension url="http://hl7.org/fhir/tools/StructureDefinition/resource-sort"><valueInteger value="999999999"/></extension><extension url="http://hl7.org/fhir/StructureDefinition/implementationguide-page"><valueUri value="StructureDefinition-kl-messaging-ffb-disgnosis.html"/></extension><reference><reference value="StructureDefinition/kl-messaging-ffb-disgnosis"/></reference><name value="Diagnosis"/><description value="A diagnosis of the citizen"/><exampleBoolean value="false"/><groupingId value="-str-profile"/></resource><resource><extension url="http://hl7.org/fhir/tools/StructureDefinition/resource-sort"><valueInteger value="999999999"/></extension><extension url="http://hl7.org/fhir/StructureDefinition/implementationguide-page"><valueUri value="StructureDefinition-kl-messaging-ffb-documentReference.html"/></extension><reference><reference value="StructureDefinition/kl-messaging-ffb-documentReference"/></reference><name value="DocumentReference"/><description value="Document reference to attachment"/><exampleBoolean value="false"/><groupingId value="-str-profile"/></resource><resource><extension url="http://hl7.org/fhir/tools/StructureDefinition/resource-sort"><valueInteger value="999999999"/></extension><extension url="http://hl7.org/fhir/StructureDefinition/implementationguide-page"><valueUri value="StructureDefinition-kl-messaging-ffb-evaluation.html"/></extension><reference><reference value="StructureDefinition/kl-messaging-ffb-evaluation"/></reference><name value="Evaluation"/><description value="Vurdering"/><exampleBoolean value="false"/><groupingId value="-str-profile"/></resource><resource><extension url="http://hl7.org/fhir/tools/StructureDefinition/resource-sort"><valueInteger value="999999999"/></extension><extension url="http://hl7.org/fhir/StructureDefinition/implementationguide-page"><valueUri value="StructureDefinition-kl-messaging-ffb-followUp.html"/></extension><reference><reference value="StructureDefinition/kl-messaging-ffb-followUp"/></reference><name value="FollowUp"/><description value="Follow-up encounter for conditions"/><exampleBoolean value="false"/><groupingId value="-str-profile"/></resource><resource><extension url="http://hl7.org/fhir/tools/StructureDefinition/resource-sort"><valueInteger value="999999999"/></extension><extension url="http://hl7.org/fhir/StructureDefinition/implementationguide-page"><valueUri value="StructureDefinition-kl-messaging-ffb-guardian.html"/></extension><reference><reference value="StructureDefinition/kl-messaging-ffb-guardian"/></reference><name value="Guardian"/><description value="Guardian for citizen in FFB messaging"/><exampleBoolean value="false"/><groupingId value="-str-profile"/></resource><resource><extension url="http://hl7.org/fhir/tools/StructureDefinition/resource-sort"><valueInteger value="999999999"/></extension><extension url="http://hl7.org/fhir/StructureDefinition/implementationguide-page"><valueUri value="StructureDefinition-kl-messaging-ffb-informationGathering.html"/></extension><reference><reference value="StructureDefinition/kl-messaging-ffb-informationGathering"/></reference><name value="InformationGathering"/><description value="Assessment of the citizen"/><exampleBoolean value="false"/><groupingId value="-str-profile"/></resource><resource><extension url="http://hl7.org/fhir/tools/StructureDefinition/resource-sort"><valueInteger value="999999999"/></extension><extension url="http://hl7.org/fhir/StructureDefinition/implementationguide-page"><valueUri value="StructureDefinition-kl-messaging-ffb-intervention.html"/></extension><reference><reference value="StructureDefinition/kl-messaging-ffb-intervention"/></reference><name value="Intervention"/><description value="Intervention in a ordered care plan"/><exampleBoolean value="false"/><groupingId value="-str-profile"/></resource><resource><extension url="http://hl7.org/fhir/tools/StructureDefinition/resource-sort"><valueInteger value="999999999"/></extension><extension url="http://hl7.org/fhir/StructureDefinition/implementationguide-page"><valueUri value="StructureDefinition-kl-messaging-ffb-interventionGoal.html"/></extension><reference><reference value="StructureDefinition/kl-messaging-ffb-interventionGoal"/></reference><name value="InterventionGoal"/><description value="Goal related to an intervention for a citizen"/><exampleBoolean value="false"/><groupingId value="-str-profile"/></resource><resource><extension url="http://hl7.org/fhir/tools/StructureDefinition/resource-sort"><valueInteger value="999999999"/></extension><extension url="http://hl7.org/fhir/StructureDefinition/implementationguide-page"><valueUri value="StructureDefinition-kl-messaging-ffb-interventionPurpose.html"/></extension><reference><reference value="StructureDefinition/kl-messaging-ffb-interventionPurpose"/></reference><name value="InterventionPurpose"/><description value="Purpose of an intervention for a citizen"/><exampleBoolean value="false"/><groupingId value="-str-profile"/></resource><resource><extension url="http://hl7.org/fhir/tools/StructureDefinition/resource-sort"><valueInteger value="999999999"/></extension><extension url="http://hl7.org/fhir/StructureDefinition/implementationguide-page"><valueUri value="StructureDefinition-kl-messaging-ffb-matterOfInterest.html"/></extension><reference><reference value="StructureDefinition/kl-messaging-ffb-matterOfInterest"/></reference><name value="MatterOfInterest"/><description value="Matter of interest for FFB Themes"/><exampleBoolean value="false"/><groupingId value="-str-profile"/></resource><resource><extension url="http://hl7.org/fhir/tools/StructureDefinition/resource-sort"><valueInteger value="999999999"/></extension><extension url="http://hl7.org/fhir/StructureDefinition/implementationguide-page"><valueUri value="StructureDefinition-kl-messaging-ffb-messagingOrganization.html"/></extension><reference><reference value="StructureDefinition/kl-messaging-ffb-messagingOrganization"/></reference><name value="MessagingOrganization"/><description value="Organization for sending or receiving messages"/><exampleBoolean value="false"/><groupingId value="-str-profile"/></resource><resource><extension url="http://hl7.org/fhir/tools/StructureDefinition/resource-sort"><valueInteger value="999999999"/></extension><extension url="http://hl7.org/fhir/StructureDefinition/implementationguide-page"><valueUri value="StructureDefinition-kl-messaging-ffb-orderCarePlan.html"/></extension><reference><reference value="StructureDefinition/kl-messaging-ffb-orderCarePlan"/></reference><name value="OrderCarePlan"/><description value="FFB care plan being ordered"/><exampleBoolean value="false"/><groupingId value="-str-profile"/></resource><resource><extension url="http://hl7.org/fhir/tools/StructureDefinition/resource-sort"><valueInteger value="999999999"/></extension><extension url="http://hl7.org/fhir/StructureDefinition/implementationguide-page"><valueUri value="StructureDefinition-kl-messaging-ffb-orderMessage.html"/></extension><reference><reference value="StructureDefinition/kl-messaging-ffb-orderMessage"/></reference><name value="OrderMessage"/><description value="Message for sending an order from an authority organization to a provider organization"/><exampleBoolean value="false"/><groupingId value="-str-profile"/></resource><resource><extension url="http://hl7.org/fhir/tools/StructureDefinition/resource-sort"><valueInteger value="999999999"/></extension><extension url="http://hl7.org/fhir/StructureDefinition/implementationguide-page"><valueUri value="StructureDefinition-kl-messaging-ffb-orderMessageHeader.html"/></extension><reference><reference value="StructureDefinition/kl-messaging-ffb-orderMessageHeader"/></reference><name value="OrderMessageHeader"/><description value="Message header for an FFB order message"/><exampleBoolean value="false"/><groupingId value="-str-profile"/></resource><resource><extension url="http://hl7.org/fhir/tools/StructureDefinition/resource-sort"><valueInteger value="999999999"/></extension><extension url="http://hl7.org/fhir/StructureDefinition/implementationguide-page"><valueUri value="StructureDefinition-kl-messaging-ffb-participatingOrganization.html"/></extension><reference><reference value="StructureDefinition/kl-messaging-ffb-participatingOrganization"/></reference><name value="ParticipatingOrganization"/><description value="Organization involved in the care plan for the citizen"/><exampleBoolean value="false"/><groupingId value="-str-profile"/></resource><resource><extension url="http://hl7.org/fhir/tools/StructureDefinition/resource-sort"><valueInteger value="999999999"/></extension><extension url="http://hl7.org/fhir/StructureDefinition/implementationguide-page"><valueUri value="StructureDefinition-kl-messaging-ffb-relatedCarePlan.html"/></extension><reference><reference value="StructureDefinition/kl-messaging-ffb-relatedCarePlan"/></reference><name value="RelatedCarePlan"/><description value="FFB care plan related to the order"/><exampleBoolean value="false"/><groupingId value="-str-profile"/></resource><resource><extension url="http://hl7.org/fhir/tools/StructureDefinition/resource-sort"><valueInteger value="999999999"/></extension><extension url="http://hl7.org/fhir/StructureDefinition/implementationguide-page"><valueUri value="StructureDefinition-kl-messaging-ffb-relatedPerson.html"/></extension><reference><reference value="StructureDefinition/kl-messaging-ffb-relatedPerson"/></reference><name value="RelatedPerson"/><description value="Related person for a citizen in FFB messaging"/><exampleBoolean value="false"/><groupingId value="-str-profile"/></resource><resource><extension url="http://hl7.org/fhir/tools/StructureDefinition/resource-sort"><valueInteger value="999999999"/></extension><extension url="http://hl7.org/fhir/StructureDefinition/implementationguide-page"><valueUri value="StructureDefinition-kl-messaging-ffb-servicePerformer.html"/></extension><reference><reference value="StructureDefinition/kl-messaging-ffb-servicePerformer"/></reference><name value="ServicePerformer"/><description value="ServicePerformer information and relevant related persons"/><exampleBoolean value="false"/><groupingId value="-str-profile"/></resource><resource><extension url="http://hl7.org/fhir/tools/StructureDefinition/resource-sort"><valueInteger value="999999999"/></extension><extension url="http://hl7.org/fhir/StructureDefinition/implementationguide-page"><valueUri value="StructureDefinition-kl-messaging-ffb-targetGroup.html"/></extension><reference><reference value="StructureDefinition/kl-messaging-ffb-targetGroup"/></reference><name value="TargetGroup"/><description value="Target group of a citizen"/><exampleBoolean value="false"/><groupingId value="-str-profile"/></resource><resource><extension url="http://hl7.org/fhir/tools/StructureDefinition/resource-sort"><valueInteger value="999999999"/></extension><extension url="http://hl7.org/fhir/StructureDefinition/implementationguide-page"><valueUri value="StructureDefinition-kl-messaging-ffb-eanIdentifier.html"/></extension><reference><reference value="StructureDefinition/kl-messaging-ffb-eanIdentifier"/></reference><name value="EANIdentifier"/><description value="EAN identifier"/><exampleBoolean value="false"/><groupingId value="-str-datatype"/></resource><resource><extension url="http://hl7.org/fhir/tools/StructureDefinition/resource-sort"><valueInteger value="999999999"/></extension><extension url="http://hl7.org/fhir/StructureDefinition/implementationguide-page"><valueUri value="StructureDefinition-kl-messaging-ffb-actingMunicipality.html"/></extension><reference><reference value="StructureDefinition/kl-messaging-ffb-actingMunicipality"/></reference><name value="ActingMunicipality"/><description value="Municipality acting for the subject in social matters"/><exampleBoolean value="false"/><groupingId value="-str-extension"/></resource><resource><extension url="http://hl7.org/fhir/tools/StructureDefinition/resource-sort"><valueInteger value="999999999"/></extension><extension url="http://hl7.org/fhir/StructureDefinition/implementationguide-page"><valueUri value="StructureDefinition-kl-messaging-ffb-guardianshipForm.html"/></extension><reference><reference value="StructureDefinition/kl-messaging-ffb-guardianshipForm"/></reference><name value="GuardianshipForm"/><description value="Form of guardianship for citizens in FFB messaging"/><exampleBoolean value="false"/><groupingId value="-str-extension"/></resource><resource><extension url="http://hl7.org/fhir/tools/StructureDefinition/resource-sort"><valueInteger value="999999999"/></extension><extension url="http://hl7.org/fhir/StructureDefinition/implementationguide-page"><valueUri value="StructureDefinition-kl-messaging-ffb-participationDescription.html"/></extension><reference><reference value="StructureDefinition/kl-messaging-ffb-participationDescription"/></reference><name value="ParticipationDescription"/><description value="Decription of participants involvement in a careteam"/><exampleBoolean value="false"/><groupingId value="-str-extension"/></resource><resource><extension url="http://hl7.org/fhir/tools/StructureDefinition/resource-sort"><valueInteger value="999999999"/></extension><extension url="http://hl7.org/fhir/StructureDefinition/implementationguide-page"><valueUri value="ValueSet-kl-messaging-ffb-consentPolicyValues.html"/></extension><reference><reference value="ValueSet/kl-messaging-ffb-consentPolicyValues"/></reference><name value="ConsentPolicies"/><description value="Consent policy value set for FFB messaging"/><exampleBoolean value="false"/><groupingId value="-term-valueset"/></resource><resource><extension url="http://hl7.org/fhir/tools/StructureDefinition/resource-sort"><valueInteger value="999999999"/></extension><extension url="http://hl7.org/fhir/StructureDefinition/implementationguide-page"><valueUri value="ValueSet-kl-messaging-ffb-guardianshipFormValues.html"/></extension><reference><reference value="ValueSet/kl-messaging-ffb-guardianshipFormValues"/></reference><name value="GuardianshipForms"/><description value="Guardianship form value set for citizens in FFB messaging"/><exampleBoolean value="false"/><groupingId value="-term-valueset"/></resource><resource><extension url="http://hl7.org/fhir/tools/StructureDefinition/resource-sort"><valueInteger value="999999999"/></extension><extension url="http://hl7.org/fhir/StructureDefinition/implementationguide-page"><valueUri value="ValueSet-kl-messaging-ffb-participantRoleValues.html"/></extension><reference><reference value="ValueSet/kl-messaging-ffb-participantRoleValues"/></reference><name value="ParticipantRoles"/><description value="Participant roles in a care team for FFB Messaging"/><exampleBoolean value="false"/><groupingId value="-term-valueset"/></resource><resource><extension url="http://hl7.org/fhir/tools/StructureDefinition/resource-sort"><valueInteger value="999999999"/></extension><extension url="http://hl7.org/fhir/StructureDefinition/implementationguide-page"><valueUri value="ValueSet-kl-messaging-ffb-relationshipTypeValues.html"/></extension><reference><reference value="ValueSet/kl-messaging-ffb-relationshipTypeValues"/></reference><name value="RelationshipTypes"/><description value="Relationship type roles to use in FFB messaging"/><exampleBoolean value="false"/><groupingId value="-term-valueset"/></resource><resource><extension url="http://hl7.org/fhir/tools/StructureDefinition/resource-sort"><valueInteger value="999999999"/></extension><extension url="http://hl7.org/fhir/StructureDefinition/implementationguide-page"><valueUri value="CodeSystem-kl-messaging-ffb-consentPolicyCodes.html"/></extension><reference><reference value="CodeSystem/kl-messaging-ffb-consentPolicyCodes"/></reference><name value="ConsentPolicySystem"/><description value="Consent policy code system for FFB messaging"/><exampleBoolean value="false"/><groupingId value="-term-codesystem"/></resource><resource><extension url="http://hl7.org/fhir/tools/StructureDefinition/resource-sort"><valueInteger value="999999999"/></extension><extension url="http://hl7.org/fhir/StructureDefinition/implementationguide-page"><valueUri value="CodeSystem-kl-messaging-ffb-guardianshipFormCodes.html"/></extension><reference><reference value="CodeSystem/kl-messaging-ffb-guardianshipFormCodes"/></reference><name value="GuardianshipFormSystem"/><description value="Guardianship form code system for citizens in FFB messaging"/><exampleBoolean value="false"/><groupingId value="-term-codesystem"/></resource><resource><extension url="http://hl7.org/fhir/tools/StructureDefinition/resource-sort"><valueInteger value="999999999"/></extension><extension url="http://hl7.org/fhir/StructureDefinition/implementationguide-page"><valueUri value="CodeSystem-kl-messaging-ffb-messageEventSystem.html"/></extension><reference><reference value="CodeSystem/kl-messaging-ffb-messageEventSystem"/></reference><name value="MessageEventSystem"/><description value="Event codes for FFB messages"/><exampleBoolean value="false"/><groupingId value="-term-codesystem"/></resource><resource><extension url="http://hl7.org/fhir/tools/StructureDefinition/resource-sort"><valueInteger value="999999999"/></extension><extension url="http://hl7.org/fhir/StructureDefinition/implementationguide-page"><valueUri value="CodeSystem-kl-messaging-ffb-participantRoleCodes.html"/></extension><reference><reference value="CodeSystem/kl-messaging-ffb-participantRoleCodes"/></reference><name value="ParticipantRoleSystem"/><description value="Participant role code system for FFB messaging"/><exampleBoolean value="false"/><groupingId value="-term-codesystem"/></resource><resource><extension url="http://hl7.org/fhir/tools/StructureDefinition/resource-sort"><valueInteger value="999999999"/></extension><extension url="http://hl7.org/fhir/StructureDefinition/implementationguide-page"><valueUri value="CodeSystem-kl-messaging-ffb-relationshipTypeCodes.html"/></extension><reference><reference value="CodeSystem/kl-messaging-ffb-relationshipTypeCodes"/></reference><name value="RelationshipTypeSystem"/><description value="Relationship type code system for a related person in FFB messaging"/><exampleBoolean value="false"/><groupingId value="-term-codesystem"/></resource><resource><extension url="http://hl7.org/fhir/tools/StructureDefinition/resource-sort"><valueInteger value="999999999"/></extension><extension url="http://hl7.org/fhir/StructureDefinition/implementationguide-page"><valueUri value="Bundle-909e720e-3edb-45b9-aeb2-655a97861f7c.html"/></extension><reference><reference value="Bundle/909e720e-3edb-45b9-aeb2-655a97861f7c"/></reference><name value="Service request example message"/><description value="Example of a service request from an authority to a seervice provider"/><exampleCanonical value="http://fhir.kl.dk/ffbmessaging/StructureDefinition/kl-messaging-ffb-orderMessage"/><groupingId value="-ex-example"/></resource><page><extension url="http://hl7.org/fhir/tools/StructureDefinition/ig-page-name"><valueUrl value="toc.html"/></extension><nameUrl value="toc.html"/><title value="Table of Contents"/><generation value="html"/><page><extension url="http://hl7.org/fhir/tools/StructureDefinition/ig-page-name"><valueUrl value="index.html"/></extension><nameUrl value="index.html"/><title value="Home"/><generation value="markdown"/></page><page><extension url="http://hl7.org/fhir/tools/StructureDefinition/ig-page-name"><valueUrl value="artifacts.html"/></extension><nameUrl value="artifacts.html"/><title value="Artifacts Summary"/><generation value="html"/><page><extension url="http://hl7.org/fhir/tools/StructureDefinition/ig-page-name"><valueUrl value="StructureDefinition-kl-messaging-ffb-account.html"/></extension><nameUrl value="StructureDefinition-kl-messaging-ffb-account.html"/><title value="Account"/><generation value="generated"/></page><page><extension url="http://hl7.org/fhir/tools/StructureDefinition/ig-page-name"><valueUrl value="StructureDefinition-kl-messaging-ffb-accountOwner.html"/></extension><nameUrl value="StructureDefinition-kl-messaging-ffb-accountOwner.html"/><title value="AccountOwner"/><generation value="generated"/></page><page><extension url="http://hl7.org/fhir/tools/StructureDefinition/ig-page-name"><valueUrl value="StructureDefinition-kl-messaging-ffb-citizen.html"/></extension><nameUrl value="StructureDefinition-kl-messaging-ffb-citizen.html"/><title value="Citizen"/><generation value="generated"/></page><page><extension url="http://hl7.org/fhir/tools/StructureDefinition/ig-page-name"><valueUrl value="StructureDefinition-kl-messaging-ffb-citizenObjective.html"/></extension><nameUrl value="StructureDefinition-kl-messaging-ffb-citizenObjective.html"/><title value="CitizenObjective"/><generation value="generated"/></page><page><extension url="http://hl7.org/fhir/tools/StructureDefinition/ig-page-name"><valueUrl value="StructureDefinition-kl-messaging-ffb-condition.html"/></extension><nameUrl value="StructureDefinition-kl-messaging-ffb-condition.html"/><title value="Condition"/><generation value="generated"/></page><page><extension url="http://hl7.org/fhir/tools/StructureDefinition/ig-page-name"><valueUrl value="StructureDefinition-kl-messaging-ffb-consent.html"/></extension><nameUrl value="StructureDefinition-kl-messaging-ffb-consent.html"/><title value="Consent"/><generation value="generated"/></page><page><extension url="http://hl7.org/fhir/tools/StructureDefinition/ig-page-name"><valueUrl value="StructureDefinition-kl-messaging-ffb-disgnosis.html"/></extension><nameUrl value="StructureDefinition-kl-messaging-ffb-disgnosis.html"/><title value="Diagnosis"/><generation value="generated"/></page><page><extension url="http://hl7.org/fhir/tools/StructureDefinition/ig-page-name"><valueUrl value="StructureDefinition-kl-messaging-ffb-documentReference.html"/></extension><nameUrl value="StructureDefinition-kl-messaging-ffb-documentReference.html"/><title value="DocumentReference"/><generation value="generated"/></page><page><extension url="http://hl7.org/fhir/tools/StructureDefinition/ig-page-name"><valueUrl value="StructureDefinition-kl-messaging-ffb-evaluation.html"/></extension><nameUrl value="StructureDefinition-kl-messaging-ffb-evaluation.html"/><title value="Evaluation"/><generation value="generated"/></page><page><extension url="http://hl7.org/fhir/tools/StructureDefinition/ig-page-name"><valueUrl value="StructureDefinition-kl-messaging-ffb-followUp.html"/></extension><nameUrl value="StructureDefinition-kl-messaging-ffb-followUp.html"/><title value="FollowUp"/><generation value="generated"/></page><page><extension url="http://hl7.org/fhir/tools/StructureDefinition/ig-page-name"><valueUrl value="StructureDefinition-kl-messaging-ffb-guardian.html"/></extension><nameUrl value="StructureDefinition-kl-messaging-ffb-guardian.html"/><title value="Guardian"/><generation value="generated"/></page><page><extension url="http://hl7.org/fhir/tools/StructureDefinition/ig-page-name"><valueUrl value="StructureDefinition-kl-messaging-ffb-informationGathering.html"/></extension><nameUrl value="StructureDefinition-kl-messaging-ffb-informationGathering.html"/><title value="InformationGathering"/><generation value="generated"/></page><page><extension url="http://hl7.org/fhir/tools/StructureDefinition/ig-page-name"><valueUrl value="StructureDefinition-kl-messaging-ffb-intervention.html"/></extension><nameUrl value="StructureDefinition-kl-messaging-ffb-intervention.html"/><title value="Intervention"/><generation value="generated"/></page><page><extension url="http://hl7.org/fhir/tools/StructureDefinition/ig-page-name"><valueUrl value="StructureDefinition-kl-messaging-ffb-interventionGoal.html"/></extension><nameUrl value="StructureDefinition-kl-messaging-ffb-interventionGoal.html"/><title value="InterventionGoal"/><generation value="generated"/></page><page><extension url="http://hl7.org/fhir/tools/StructureDefinition/ig-page-name"><valueUrl value="StructureDefinition-kl-messaging-ffb-interventionPurpose.html"/></extension><nameUrl value="StructureDefinition-kl-messaging-ffb-interventionPurpose.html"/><title value="InterventionPurpose"/><generation value="generated"/></page><page><extension url="http://hl7.org/fhir/tools/StructureDefinition/ig-page-name"><valueUrl value="StructureDefinition-kl-messaging-ffb-matterOfInterest.html"/></extension><nameUrl value="StructureDefinition-kl-messaging-ffb-matterOfInterest.html"/><title value="MatterOfInterest"/><generation value="generated"/></page><page><extension url="http://hl7.org/fhir/tools/StructureDefinition/ig-page-name"><valueUrl value="StructureDefinition-kl-messaging-ffb-messagingOrganization.html"/></extension><nameUrl value="StructureDefinition-kl-messaging-ffb-messagingOrganization.html"/><title value="MessagingOrganization"/><generation value="generated"/></page><page><extension url="http://hl7.org/fhir/tools/StructureDefinition/ig-page-name"><valueUrl value="StructureDefinition-kl-messaging-ffb-orderCarePlan.html"/></extension><nameUrl value="StructureDefinition-kl-messaging-ffb-orderCarePlan.html"/><title value="OrderCarePlan"/><generation value="generated"/></page><page><extension url="http://hl7.org/fhir/tools/StructureDefinition/ig-page-name"><valueUrl value="StructureDefinition-kl-messaging-ffb-orderMessage.html"/></extension><nameUrl value="StructureDefinition-kl-messaging-ffb-orderMessage.html"/><title value="OrderMessage"/><generation value="generated"/></page><page><extension url="http://hl7.org/fhir/tools/StructureDefinition/ig-page-name"><valueUrl value="StructureDefinition-kl-messaging-ffb-orderMessageHeader.html"/></extension><nameUrl value="StructureDefinition-kl-messaging-ffb-orderMessageHeader.html"/><title value="OrderMessageHeader"/><generation value="generated"/></page><page><extension url="http://hl7.org/fhir/tools/StructureDefinition/ig-page-name"><valueUrl value="StructureDefinition-kl-messaging-ffb-participatingOrganization.html"/></extension><nameUrl value="StructureDefinition-kl-messaging-ffb-participatingOrganization.html"/><title value="ParticipatingOrganization"/><generation value="generated"/></page><page><extension url="http://hl7.org/fhir/tools/StructureDefinition/ig-page-name"><valueUrl value="StructureDefinition-kl-messaging-ffb-relatedCarePlan.html"/></extension><nameUrl value="StructureDefinition-kl-messaging-ffb-relatedCarePlan.html"/><title value="RelatedCarePlan"/><generation value="generated"/></page><page><extension url="http://hl7.org/fhir/tools/StructureDefinition/ig-page-name"><valueUrl value="StructureDefinition-kl-messaging-ffb-relatedPerson.html"/></extension><nameUrl value="StructureDefinition-kl-messaging-ffb-relatedPerson.html"/><title value="RelatedPerson"/><generation value="generated"/></page><page><extension url="http://hl7.org/fhir/tools/StructureDefinition/ig-page-name"><valueUrl value="StructureDefinition-kl-messaging-ffb-servicePerformer.html"/></extension><nameUrl value="StructureDefinition-kl-messaging-ffb-servicePerformer.html"/><title value="ServicePerformer"/><generation value="generated"/></page><page><extension url="http://hl7.org/fhir/tools/StructureDefinition/ig-page-name"><valueUrl value="StructureDefinition-kl-messaging-ffb-targetGroup.html"/></extension><nameUrl value="StructureDefinition-kl-messaging-ffb-targetGroup.html"/><title value="TargetGroup"/><generation value="generated"/></page><page><extension url="http://hl7.org/fhir/tools/StructureDefinition/ig-page-name"><valueUrl value="StructureDefinition-kl-messaging-ffb-eanIdentifier.html"/></extension><nameUrl value="StructureDefinition-kl-messaging-ffb-eanIdentifier.html"/><title value="EANIdentifier"/><generation value="generated"/></page><page><extension url="http://hl7.org/fhir/tools/StructureDefinition/ig-page-name"><valueUrl value="StructureDefinition-kl-messaging-ffb-actingMunicipality.html"/></extension><nameUrl value="StructureDefinition-kl-messaging-ffb-actingMunicipality.html"/><title value="ActingMunicipality"/><generation value="generated"/></page><page><extension url="http://hl7.org/fhir/tools/StructureDefinition/ig-page-name"><valueUrl value="StructureDefinition-kl-messaging-ffb-guardianshipForm.html"/></extension><nameUrl value="StructureDefinition-kl-messaging-ffb-guardianshipForm.html"/><title value="GuardianshipForm"/><generation value="generated"/></page><page><extension url="http://hl7.org/fhir/tools/StructureDefinition/ig-page-name"><valueUrl value="StructureDefinition-kl-messaging-ffb-participationDescription.html"/></extension><nameUrl value="StructureDefinition-kl-messaging-ffb-participationDescription.html"/><title value="ParticipationDescription"/><generation value="generated"/></page><page><extension url="http://hl7.org/fhir/tools/StructureDefinition/ig-page-name"><valueUrl value="ValueSet-kl-messaging-ffb-consentPolicyValues.html"/></extension><nameUrl value="ValueSet-kl-messaging-ffb-consentPolicyValues.html"/><title value="ConsentPolicies"/><generation value="generated"/></page><page><extension url="http://hl7.org/fhir/tools/StructureDefinition/ig-page-name"><valueUrl value="ValueSet-kl-messaging-ffb-guardianshipFormValues.html"/></extension><nameUrl value="ValueSet-kl-messaging-ffb-guardianshipFormValues.html"/><title value="GuardianshipForms"/><generation value="generated"/></page><page><extension url="http://hl7.org/fhir/tools/StructureDefinition/ig-page-name"><valueUrl value="ValueSet-kl-messaging-ffb-participantRoleValues.html"/></extension><nameUrl value="ValueSet-kl-messaging-ffb-participantRoleValues.html"/><title value="ParticipantRoles"/><generation value="generated"/></page><page><extension url="http://hl7.org/fhir/tools/StructureDefinition/ig-page-name"><valueUrl value="ValueSet-kl-messaging-ffb-relationshipTypeValues.html"/></extension><nameUrl value="ValueSet-kl-messaging-ffb-relationshipTypeValues.html"/><title value="RelationshipTypes"/><generation value="generated"/></page><page><extension url="http://hl7.org/fhir/tools/StructureDefinition/ig-page-name"><valueUrl value="CodeSystem-kl-messaging-ffb-consentPolicyCodes.html"/></extension><nameUrl value="CodeSystem-kl-messaging-ffb-consentPolicyCodes.html"/><title value="ConsentPolicySystem"/><generation value="generated"/></page><page><extension url="http://hl7.org/fhir/tools/StructureDefinition/ig-page-name"><valueUrl value="CodeSystem-kl-messaging-ffb-guardianshipFormCodes.html"/></extension><nameUrl value="CodeSystem-kl-messaging-ffb-guardianshipFormCodes.html"/><title value="GuardianshipFormSystem"/><generation value="generated"/></page><page><extension url="http://hl7.org/fhir/tools/StructureDefinition/ig-page-name"><valueUrl value="CodeSystem-kl-messaging-ffb-messageEventSystem.html"/></extension><nameUrl value="CodeSystem-kl-messaging-ffb-messageEventSystem.html"/><title value="MessageEventSystem"/><generation value="generated"/></page><page><extension url="http://hl7.org/fhir/tools/StructureDefinition/ig-page-name"><valueUrl value="CodeSystem-kl-messaging-ffb-participantRoleCodes.html"/></extension><nameUrl value="CodeSystem-kl-messaging-ffb-participantRoleCodes.html"/><title value="ParticipantRoleSystem"/><generation value="generated"/></page><page><extension url="http://hl7.org/fhir/tools/StructureDefinition/ig-page-name"><valueUrl value="CodeSystem-kl-messaging-ffb-relationshipTypeCodes.html"/></extension><nameUrl value="CodeSystem-kl-messaging-ffb-relationshipTypeCodes.html"/><title value="RelationshipTypeSystem"/><generation value="generated"/></page><page><extension url="http://hl7.org/fhir/tools/StructureDefinition/ig-page-name"><valueUrl value="Bundle-909e720e-3edb-45b9-aeb2-655a97861f7c.html"/></extension><nameUrl value="Bundle-909e720e-3edb-45b9-aeb2-655a97861f7c.html"/><title value="Service request example message"/><generation value="generated"/></page></page></page><parameter><code value="path-resource"/><value value="input/capabilities"/></parameter><parameter><code value="path-resource"/><value value="input/examples"/></parameter><parameter><code value="path-resource"/><value value="input/extensions"/></parameter><parameter><code value="path-resource"/><value value="input/models"/></parameter><parameter><code value="path-resource"/><value value="input/operations"/></parameter><parameter><code value="path-resource"/><value value="input/profiles"/></parameter><parameter><code value="path-resource"/><value value="input/resources"/></parameter><parameter><code value="path-resource"/><value value="input/vocabulary"/></parameter><parameter><code value="path-resource"/><value value="input/maps"/></parameter><parameter><code value="path-resource"/><value value="input/testing"/></parameter><parameter><code value="path-resource"/><value value="input/history"/></parameter><parameter><code value="path-resource"/><value value="fsh-generated/resources"/></parameter><parameter><code value="path-pages"/><value value="template/config"/></parameter><parameter><code value="path-pages"/><value value="input/images"/></parameter><parameter><code value="path-tx-cache"/><value value="input-cache/txcache"/></parameter></definition></ImplementationGuide>