<?xml version="1.0" encoding="UTF-8"?><ValueSet xmlns="http://hl7.org/fhir"><id value="BodyweightSCTobservables"/><text><status value="generated"/><div xmlns="http://www.w3.org/1999/xhtml"><ul><li>Include these codes as defined in <a href="http://www.snomed.org/"><code>http://snomed.info/sct</code></a><table class="none"><tr><td style="white-space:nowrap"><b>Code</b></td><td><b>Display</b></td></tr><tr><td><a href="http://snomed.info/id/424927000">424927000</a></td><td style="color: #cccccc">Body weight with shoes (observable entity)</td></tr><tr><td><a href="http://snomed.info/id/445541000">445541000</a></td><td style="color: #cccccc">Dry body weight (observable entity)</td></tr><tr><td><a href="http://snomed.info/id/425024002">425024002</a></td><td style="color: #cccccc">Body weight without shoes (observable entity)</td></tr><tr><td><a href="http://snomed.info/id/364589006">364589006</a></td><td style="color: #cccccc">Birth weight</td></tr><tr><td><a href="http://snomed.info/id/27113001">27113001</a></td><td style="color: #cccccc">Body weight</td></tr></table></li></ul></div></text><url value="http://fhir.kl.dk/ffinst/ValueSet/BodyweightSCTobservables"/><version value="1.0.0"/><name value="BodyweightSCTobservables"/><title value="BodyweightSCTobservables"/><status value="active"/><experimental value="false"/><date value="2023-08-27T10:22:55+02:00"/><publisher value="Kommunernes landsforening"/><contact><name value="Kommunernes landsforening"/><telecom><system value="url"/><value value="http://kl.dk"/></telecom><telecom><system value="email"/><value value="kl@kl.dk"/></telecom></contact><description value="SNOMED CT observables for weight"/><jurisdiction><coding><system value="urn:iso:std:iso:3166"/><code value="DNK"/><display value="Denmark"/></coding></jurisdiction><compose><include><system value="http://snomed.info/sct"/><concept><code value="424927000"/></concept><concept><code value="445541000"/></concept><concept><code value="425024002"/></concept><concept><code value="364589006"/></concept><concept><code value="27113001"/></concept></include></compose></ValueSet>