<?xml version="1.0" encoding="UTF-8"?><ValueSet xmlns="http://hl7.org/fhir"><id value="DiastolicBloodPressureSCTObservables"/><text><status value="generated"/><div xmlns="http://www.w3.org/1999/xhtml"><ul><li>Include these codes as defined in <a href="http://www.snomed.org/"><code>http://snomed.info/sct</code></a><table class="none"><tr><td style="white-space:nowrap"><b>Code</b></td><td><b>Display</b></td></tr><tr><td><a href="http://snomed.info/id/446226005">446226005</a></td><td style="color: #cccccc">Diastolic blood pressure on admission (observable entity)</td></tr><tr><td><a href="http://snomed.info/id/400975005">400975005</a></td><td style="color: #cccccc">Standing diastolic blood pressure (observable entity)</td></tr><tr><td><a href="http://snomed.info/id/407557002">407557002</a></td><td style="color: #cccccc">Lying diastolic blood pressure (observable entity)</td></tr><tr><td><a href="http://snomed.info/id/407555005">407555005</a></td><td style="color: #cccccc">Sitting diastolic blood pressure (observable entity)</td></tr><tr><td><a href="http://snomed.info/id/271650006">271650006</a></td><td style="color: #cccccc">Diastolic blood pressure</td></tr></table></li></ul></div></text><url value="http://fhir.kl.dk/ffinst/ValueSet/DiastolicBloodPressureSCTObservables"/><version value="1.0.0"/><name value="DiastolicBloodPressureSCTObservables"/><title value="DiastolicBloodPressureSCTObservables"/><status value="active"/><experimental value="false"/><date value="2023-08-27T10:22:55+02:00"/><publisher value="Kommunernes landsforening"/><contact><name value="Kommunernes landsforening"/><telecom><system value="url"/><value value="http://kl.dk"/></telecom><telecom><system value="email"/><value value="kl@kl.dk"/></telecom></contact><description value="SNOMED CT observables for diastolic blood pressure"/><jurisdiction><coding><system value="urn:iso:std:iso:3166"/><code value="DNK"/><display value="Denmark"/></coding></jurisdiction><compose><include><system value="http://snomed.info/sct"/><concept><code value="446226005"/></concept><concept><code value="400975005"/></concept><concept><code value="407557002"/></concept><concept><code value="407555005"/></concept><concept><code value="271650006"/></concept></include></compose></ValueSet>