<?xml version="1.0" encoding="UTF-8"?><ValueSet xmlns="http://hl7.org/fhir"><id value="BodyheightSCTobservables"/><text><status value="generated"/><div xmlns="http://www.w3.org/1999/xhtml"><ul><li>Include these codes as defined in <a href="http://www.snomed.org/"><code>http://snomed.info/sct</code></a><table class="none"><tr><td style="white-space:nowrap"><b>Code</b></td><td><b>Display</b></td></tr><tr><td><a href="http://snomed.info/id/248334005">248334005</a></td><td style="color: #cccccc">Length of body</td></tr><tr><td><a href="http://snomed.info/id/276351002">276351002</a></td><td style="color: #cccccc">Infant length</td></tr><tr><td><a href="http://snomed.info/id/276353004">276353004</a></td><td style="color: #cccccc">Crown heel length</td></tr><tr><td><a href="http://snomed.info/id/248333004">248333004</a></td><td style="color: #cccccc">Standing height</td></tr></table></li></ul></div></text><url value="http://fhir.kl.dk/ffinst/ValueSet/BodyheightSCTobservables"/><version value="1.0.0"/><name value="BodyheightSCTobservables"/><title value="BodyheightSCTobservables"/><status value="active"/><experimental value="false"/><date value="2023-08-26T16:15:04+02:00"/><publisher value="Kommunernes landsforening"/><contact><name value="Kommunernes landsforening"/><telecom><system value="url"/><value value="http://kl.dk"/></telecom><telecom><system value="email"/><value value="kl@kl.dk"/></telecom></contact><description value="SNOMED CT observables for height"/><jurisdiction><coding><system value="urn:iso:std:iso:3166"/><code value="DNK"/><display value="Denmark"/></coding></jurisdiction><compose><include><system value="http://snomed.info/sct"/><concept><code value="248334005"/></concept><concept><code value="276351002"/></concept><concept><code value="276353004"/></concept><concept><code value="248333004"/></concept></include></compose></ValueSet>