<?xml version="1.0" encoding="UTF-8"?><ValueSet xmlns="http://hl7.org/fhir"><id value="NPUUrinStix"/><text><status value="generated"/><div xmlns="http://www.w3.org/1999/xhtml"><ul><li>Include these codes as defined in <a href="http://fhir.kl.dk/term/1.0.0/CodeSystem-NPU.html"><code>urn:oid:1.2.208.176.2.1</code></a><table class="none"><tr><td style="white-space:nowrap"><b>Code</b></td><td><b>Display</b></td></tr><tr><td><a href="http://fhir.kl.dk/term/1.0.0/CodeSystem-NPU.html#NPU-NPU14924">NPU14924</a></td><td>U—Urin; egenskabsart(liste; stix; proc.)</td></tr><tr><td><a href="http://fhir.kl.dk/term/1.0.0/CodeSystem-NPU.html#NPU-NPU10504">NPU10504</a></td><td>U—Acetoacetat; arb.k.(proc.) = ?</td></tr><tr><td><a href="http://fhir.kl.dk/term/1.0.0/CodeSystem-NPU.html#NPU-NPU17997">NPU17997</a></td><td>U—Albumin; arb.k.(proc.) = ?</td></tr><tr><td><a href="http://fhir.kl.dk/term/1.0.0/CodeSystem-NPU.html#NPU-NPU10506">NPU10506</a></td><td>U—Bacterium, nitrit-producerende; arb.k.(proc.) = ?</td></tr><tr><td><a href="http://fhir.kl.dk/term/1.0.0/CodeSystem-NPU.html#NPU-NPU01372">NPU01372</a></td><td>U—Bilirubiner; arb.k.(proc.) = ?</td></tr><tr><td><a href="http://fhir.kl.dk/term/1.0.0/CodeSystem-NPU.html#NPU-NPU03963">NPU03963</a></td><td>U—Erythrocytter; arb.k.(proc.) = ?</td></tr><tr><td><a href="http://fhir.kl.dk/term/1.0.0/CodeSystem-NPU.html#NPU-NPU04207">NPU04207</a></td><td>U—Glucose; arb.k.(proc.) = ?</td></tr><tr><td><a href="http://fhir.kl.dk/term/1.0.0/CodeSystem-NPU.html#NPU-NPU02415">NPU02415</a></td><td>U—Hydrogen-ion; pH(proc.) = ?</td></tr><tr><td><a href="http://fhir.kl.dk/term/1.0.0/CodeSystem-NPU.html#NPU-NPU04208">NPU04208</a></td><td>U—Hæmoglobin; arb.k.(proc.) = ?</td></tr><tr><td><a href="http://fhir.kl.dk/term/1.0.0/CodeSystem-NPU.html#NPU-NPU03987">NPU03987</a></td><td>U—Leukocytter; arb.k.(proc.) = ?</td></tr><tr><td><a href="http://fhir.kl.dk/term/1.0.0/CodeSystem-NPU.html#NPU-NPU21578">NPU21578</a></td><td>U—Nitrit; arb.k.(proc.) = ?</td></tr><tr><td><a href="http://fhir.kl.dk/term/1.0.0/CodeSystem-NPU.html#NPU-NPU04864">NPU04864</a></td><td>U—Porphobilinogen; arb.k.(proc.) = ?</td></tr><tr><td><a href="http://fhir.kl.dk/term/1.0.0/CodeSystem-NPU.html#NPU-NPU04206">NPU04206</a></td><td>U—Protein; arb.k.(proc.) = ?</td></tr><tr><td><a href="http://fhir.kl.dk/term/1.0.0/CodeSystem-NPU.html#NPU-NPU03694">NPU03694</a></td><td>Pt—Urin; rel.massetæthed(20 °C/vand, 20 °C; proc.) = ?</td></tr><tr><td><a href="http://fhir.kl.dk/term/1.0.0/CodeSystem-NPU.html#NPU-NPU03697">NPU03697</a></td><td>U—Urobilinogen; arb.k.(proc.) = ?</td></tr></table></li></ul></div></text><url value="http://fhir.kl.dk/ffinst/ValueSet/NPUUrinStix"/><version value="1.0.0"/><name value="NPUUrinStix"/><title value="NPUUrinStix"/><status value="active"/><experimental value="false"/><date value="2023-08-26T16:15:04+02:00"/><publisher value="Kommunernes landsforening"/><contact><name value="Kommunernes landsforening"/><telecom><system value="url"/><value value="http://kl.dk"/></telecom><telecom><system value="email"/><value value="kl@kl.dk"/></telecom></contact><description value="NPU observables for urin stix"/><jurisdiction><coding><system value="urn:iso:std:iso:3166"/><code value="DNK"/><display value="Denmark"/></coding></jurisdiction><compose><include><system value="urn:oid:1.2.208.176.2.1"/><concept><code value="NPU14924"/><display value="U—Urin; egenskabsart(liste; stix; proc.)"/></concept><concept><code value="NPU10504"/><display value="U—Acetoacetat; arb.k.(proc.) = ?"/></concept><concept><code value="NPU17997"/><display value="U—Albumin; arb.k.(proc.) = ?"/></concept><concept><code value="NPU10506"/><display value="U—Bacterium, nitrit-producerende; arb.k.(proc.) = ?"/></concept><concept><code value="NPU01372"/><display value="U—Bilirubiner; arb.k.(proc.) = ?"/></concept><concept><code value="NPU03963"/><display value="U—Erythrocytter; arb.k.(proc.) = ?"/></concept><concept><code value="NPU04207"/><display value="U—Glucose; arb.k.(proc.) = ?"/></concept><concept><code value="NPU02415"/><display value="U—Hydrogen-ion; pH(proc.) = ?"/></concept><concept><code value="NPU04208"/><display value="U—Hæmoglobin; arb.k.(proc.) = ?"/></concept><concept><code value="NPU03987"/><display value="U—Leukocytter; arb.k.(proc.) = ?"/></concept><concept><code value="NPU21578"/><display value="U—Nitrit; arb.k.(proc.) = ?"/></concept><concept><code value="NPU04864"/><display value="U—Porphobilinogen; arb.k.(proc.) = ?"/></concept><concept><code value="NPU04206"/><display value="U—Protein; arb.k.(proc.) = ?"/></concept><concept><code value="NPU03694"/><display value="Pt—Urin; rel.massetæthed(20 °C/vand, 20 °C; proc.) = ?"/></concept><concept><code value="NPU03697"/><display value="U—Urobilinogen; arb.k.(proc.) = ?"/></concept></include></compose></ValueSet>