<?xml version="1.0" encoding="UTF-8"?><ValueSet xmlns="http://hl7.org/fhir"><id value="BodyTemperatureSCTObservables"/><text><status value="generated"/><div xmlns="http://www.w3.org/1999/xhtml"><ul><li>Include codes from <a href="http://www.snomed.org/"><code>http://snomed.info/sct</code></a> where concept  is-a  276885007 (Core body temperature)</li></ul></div></text><url value="http://fhir.kl.dk/ffinst/ValueSet/BodyTemperatureSCTObservables"/><version value="1.0.0"/><name value="BodyTemperatureSCTObservables"/><title value="TemperatureSCTObservables"/><status value="active"/><experimental value="false"/><date value="2023-08-26T16:15:04+02:00"/><publisher value="Kommunernes landsforening"/><contact><name value="Kommunernes landsforening"/><telecom><system value="url"/><value value="http://kl.dk"/></telecom><telecom><system value="email"/><value value="kl@kl.dk"/></telecom></contact><description value="SNOMED CT observables for temperature"/><jurisdiction><coding><system value="urn:iso:std:iso:3166"/><code value="DNK"/><display value="Denmark"/></coding></jurisdiction><compose><include><system value="http://snomed.info/sct"/><filter><property value="concept"/><op value="is-a"/><value value="276885007"/></filter></include></compose></ValueSet>