<?xml version="1.0" encoding="UTF-8"?><ValueSet xmlns="http://hl7.org/fhir"><id value="WHO5AnswerCodesRested"/><text><status value="generated"/><div xmlns="http://www.w3.org/1999/xhtml"><ul><li>Include these codes as defined in <a href="CodeSystem-KLToolsCodes.html"><code>http://fhir.kl.dk/ffinst/CodeSystem/KLToolsCodes</code></a><table class="none"><tr><td style="white-space:nowrap"><b>Code</b></td><td><b>Display</b></td></tr><tr><td><a href="CodeSystem-KLToolsCodes.html#KLToolsCodes-7aaccc2e-ead3-41f0-a9ba-091f2e539753">7aaccc2e-ead3-41f0-a9ba-091f2e539753</a></td><td style="color: #cccccc">WHO-5 Hele tiden - 5 (frisk)</td></tr><tr><td><a href="CodeSystem-KLToolsCodes.html#KLToolsCodes-b1375340-07a1-4ab4-9d3b-f5de61b878b5">b1375340-07a1-4ab4-9d3b-f5de61b878b5</a></td><td style="color: #cccccc">WHO-5 Det meste af tiden - 4 (frisk)</td></tr><tr><td><a href="CodeSystem-KLToolsCodes.html#KLToolsCodes-0059dc5d-d174-45b9-a423-136e3d9c2bda">0059dc5d-d174-45b9-a423-136e3d9c2bda</a></td><td style="color: #cccccc">WHO-5 Lidt mere end halvdelen af tiden - 3 (frisk)</td></tr><tr><td><a href="CodeSystem-KLToolsCodes.html#KLToolsCodes-8f403657-cdbd-4d87-aefe-ab040a6db428">8f403657-cdbd-4d87-aefe-ab040a6db428</a></td><td style="color: #cccccc">WHO-5 Lidt mindre end halvdelen af tiden - 2 (frisk)</td></tr><tr><td><a href="CodeSystem-KLToolsCodes.html#KLToolsCodes-2bd7d702-99ac-4acc-b3f6-a9833a32f7c8">2bd7d702-99ac-4acc-b3f6-a9833a32f7c8</a></td><td style="color: #cccccc">WHO-5 Lidt af tiden - 1 (frisk)</td></tr><tr><td><a href="CodeSystem-KLToolsCodes.html#KLToolsCodes-18c05b5f-97e6-4c08-a920-ec75a213f1f6">18c05b5f-97e6-4c08-a920-ec75a213f1f6</a></td><td style="color: #cccccc">WHO-5 På intet tidspunkt - 0 (frisk)</td></tr></table></li></ul></div></text><url value="http://fhir.kl.dk/ffinst/ValueSet/WHO5AnswerCodesRested"/><version value="1.0.0"/><name value="WHO5AnswerCodesRested"/><title value="WHO5AnswerCodesRested"/><status value="active"/><experimental value="false"/><date value="2023-08-26T16:15:04+02:00"/><publisher value="Kommunernes landsforening"/><contact><name value="Kommunernes landsforening"/><telecom><system value="url"/><value value="http://kl.dk"/></telecom><telecom><system value="email"/><value value="kl@kl.dk"/></telecom></contact><description value="Codes used to specify WHO-5 answers to the fourth question about being rested"/><jurisdiction><coding><system value="urn:iso:std:iso:3166"/><code value="DNK"/><display value="Denmark"/></coding></jurisdiction><compose><include><system value="http://fhir.kl.dk/ffinst/CodeSystem/KLToolsCodes"/><concept><code value="7aaccc2e-ead3-41f0-a9ba-091f2e539753"/></concept><concept><code value="b1375340-07a1-4ab4-9d3b-f5de61b878b5"/></concept><concept><code value="0059dc5d-d174-45b9-a423-136e3d9c2bda"/></concept><concept><code value="8f403657-cdbd-4d87-aefe-ab040a6db428"/></concept><concept><code value="2bd7d702-99ac-4acc-b3f6-a9833a32f7c8"/></concept><concept><code value="18c05b5f-97e6-4c08-a920-ec75a213f1f6"/></concept></include></compose></ValueSet>