<?xml version="1.0" encoding="UTF-8"?><ValueSet xmlns="http://hl7.org/fhir"><id value="VRSSCTfindingsPain"/><text><status value="generated"/><div xmlns="http://www.w3.org/1999/xhtml"><ul><li>Include these codes as defined in <a href="http://www.snomed.org/"><code>http://snomed.info/sct</code></a><table class="none"><tr><td style="white-space:nowrap"><b>Code</b></td><td><b>Display</b></td></tr><tr><td><a href="http://snomed.info/id/160245001">160245001</a></td><td style="color: #cccccc">No current problems or disability</td></tr><tr><td><a href="http://snomed.info/id/40196000">40196000</a></td><td style="color: #cccccc">Mild pain</td></tr><tr><td><a href="http://snomed.info/id/50415004">50415004</a></td><td style="color: #cccccc">Moderate pain</td></tr><tr><td><a href="http://snomed.info/id/76948002">76948002</a></td><td style="color: #cccccc">Severe pain</td></tr><tr><td><a href="http://snomed.info/id/67849003">67849003</a></td><td style="color: #cccccc">Excruciating pain</td></tr></table></li></ul></div></text><url value="http://fhir.kl.dk/ffinst/ValueSet/VRSSCTfindingsPain"/><version value="1.0.0"/><name value="VRSSCTfindingsPain"/><title value="VRSSCTfindingsPain"/><status value="active"/><experimental value="false"/><date value="2023-08-26T16:15:04+02:00"/><publisher value="Kommunernes landsforening"/><contact><name value="Kommunernes landsforening"/><telecom><system value="url"/><value value="http://kl.dk"/></telecom><telecom><system value="email"/><value value="kl@kl.dk"/></telecom></contact><description value="SNOMED CT findings for VRS pain"/><jurisdiction><coding><system value="urn:iso:std:iso:3166"/><code value="DNK"/><display value="Denmark"/></coding></jurisdiction><compose><include><system value="http://snomed.info/sct"/><concept><code value="160245001"/></concept><concept><code value="40196000"/></concept><concept><code value="50415004"/></concept><concept><code value="76948002"/></concept><concept><code value="67849003"/></concept></include></compose></ValueSet>