<?xml version="1.0" encoding="UTF-8"?>

<Location xmlns="http://hl7.org/fhir">
  <id value="SchoolHolbaek"/>
  <meta>
    <profile value="http://fhir.kl.dk/children/StructureDefinition/klgateway-children-location"/>
  </meta>
  <text>
    <status value="generated"/><div xmlns="http://www.w3.org/1999/xhtml"><p class="res-header-id"><b>Generated Narrative: Location SchoolHolbaek</b></p><a name="SchoolHolbaek"> </a><a name="hcSchoolHolbaek"> </a><a name="SchoolHolbaek-en-US"> </a><p><b>identifier</b>: <code>https://viden.stil.dk/display/OFFINSTREG/Institutionsregisteret</code>/280295</p><p><b>type</b>: <span title="Codes:{http://terminology.hl7.org/CodeSystem/v3-RoleCode SCHOOL}">school</span></p></div>
  </text>
  <identifier>
    <system value="https://viden.stil.dk/display/OFFINSTREG/Institutionsregisteret"/>
    <value value="280295"/>
  </identifier>
  <type>
    <coding>
      <system value="http://terminology.hl7.org/CodeSystem/v3-RoleCode"/>
      <code value="SCHOOL"/>
    </coding>
  </type>
</Location>