<?xml version="1.0" encoding="UTF-8"?>

<Observation xmlns="http://hl7.org/fhir">
  <id value="RikkeFeedingObservationStatus"/>
  <meta>
    <profile value="http://fhir.kl.dk/children/StructureDefinition/klgateway-children-feeding-observation"/>
  </meta>
  <text>
    <status value="generated"/><div xmlns="http://www.w3.org/1999/xhtml"><p class="res-header-id"><b>Generated Narrative: Observation RikkeFeedingObservationStatus</b></p><a name="RikkeFeedingObservationStatus"> </a><a name="hcRikkeFeedingObservationStatus"> </a><a name="RikkeFeedingObservationStatus-en-US"> </a><p><b>status</b>: Final</p><p><b>code</b>: <span title="Codes:{http://snomed.info/sct 169740003}, {http://fhir.kl.dk/term/CodeSystem/FBOE e61e4dab-54bb-4bf4-9b76-8d991cf4de08}">Infant feeding method</span></p><p><b>subject</b>: <a href="Patient-Rikke.html">Anonymous Patient (no stated gender), DoB Unknown ( urn:oid:1.2.208.176.1.2#0505209996 (use: official, ))</a></p><p><b>encounter</b>: <a href="Encounter-2mthEncounter.html">Encounter: status = finished; class = home health (ActCode#HH); type = Besøg hos det ca. 2 måneder gamle barn; period = 2020-07-07 12:45:00+0000 --&gt; (ongoing)</a></p><p><b>effective</b>: 2020-07-07 00:00:00+0000</p><p><b>value</b>: <span title="Codes:{http://fhir.kl.dk/term/CodeSystem/FBOE 3edc905c-2830-442a-98cc-463cc3701dd1}">Ammes som supplement til anden kost</span></p></div>
  </text>
  <status value="final"/>
  <code>
    <coding>
      <system value="http://snomed.info/sct"/>
      <code value="169740003"/>
      <display value="Infant feeding method"/>
    </coding>
    <coding>
      <system value="http://fhir.kl.dk/term/CodeSystem/FBOE"/>
      <code value="e61e4dab-54bb-4bf4-9b76-8d991cf4de08"/>
      <display value="Ernæring"/>
    </coding>
  </code>
  <subject>
    <reference value="Patient/Rikke"/>
  </subject>
  <encounter>
    <reference value="Encounter/2mthEncounter"/>
  </encounter>
  <effectiveDateTime value="2020-07-07T00:00:00.000Z"/>
  <valueCodeableConcept>
    <coding>
      <system value="http://fhir.kl.dk/term/CodeSystem/FBOE"/>
      <code value="3edc905c-2830-442a-98cc-463cc3701dd1"/>
      <display value="Ammes som supplement til anden kost"/>
    </coding>
  </valueCodeableConcept>
</Observation>