<?xml version="1.0" encoding="UTF-8"?>

<CareTeam xmlns="http://hl7.org/fhir">
  <id value="MidlertidigtOpholdBotilbuddetHvidbjerghus"/>
  <meta>
    <profile value="http://kl.dk/fhir/common/caresocial/StructureDefinition/KLCommonServicePerformer"/>
  </meta>
  <text>
    <status value="generated"/><div xmlns="http://www.w3.org/1999/xhtml"><p><b>Generated Narrative: CareTeam</b><a name="MidlertidigtOpholdBotilbuddetHvidbjerghus"> </a></p><div style="display: inline-block; background-color: #d9e0e7; padding: 6px; margin: 4px; border: 1px solid #8da1b4; border-radius: 5px; line-height: 60%"><p style="margin-bottom: 0px">Resource CareTeam &quot;MidlertidigtOpholdBotilbuddetHvidbjerghus&quot; </p><p style="margin-bottom: 0px">Profile: <a href="StructureDefinition-KLCommonServicePerformer.html">ServicePerformer</a></p></div><p><b>category</b>: Midlertidigt botilbud til voksne <span style="background: LightGoldenRodYellow; margin: 4px; border: 1px solid khaki"> (<a href="CodeSystem-FFB.html">FFB</a>#25de7444-3919-4dab-b844-8cec6c15f30e)</span></p><p><b>managingOrganization</b>: <a href="Organization-BotilbudetHvidbjerghus.html">Organization/BotilbudetHvidbjerghus</a> &quot;Fonden botilbudet Hvidbjerghus&quot;</p></div>
  </text>
  <category>
    <coding>
      <system value="http://kl.dk/fhir/common/caresocial/CodeSystem/FFB"/>
      <code value="25de7444-3919-4dab-b844-8cec6c15f30e"/>
      <display value="Midlertidigt botilbud til voksne"/>
    </coding>
  </category>
  <managingOrganization>
    <reference value="Organization/BotilbudetHvidbjerghus"/>
  </managingOrganization>
</CareTeam>