<?xml version="1.0" encoding="UTF-8"?>

<Encounter xmlns="http://hl7.org/fhir">
  <id value="MarkFollowUpPlanned"/>
  <meta>
    <profile value="http://kl.dk/fhir/common/caresocial/StructureDefinition/KLCommonCareSocialEncounter"/>
  </meta>
  <text>
    <status value="generated"/><div xmlns="http://www.w3.org/1999/xhtml"><p><b>Generated Narrative: Encounter</b><a name="MarkFollowUpPlanned"> </a></p><div style="display: inline-block; background-color: #d9e0e7; padding: 6px; margin: 4px; border: 1px solid #8da1b4; border-radius: 5px; line-height: 60%"><p style="margin-bottom: 0px">Resource Encounter &quot;MarkFollowUpPlanned&quot; </p><p style="margin-bottom: 0px">Profile: <a href="StructureDefinition-KLCommonCareSocialEncounter.html">Encounter</a></p></div><p><b>status</b>: planned</p><p><b>class</b>: home health (Details: http://terminology.hl7.org/CodeSystem/v3-ActCode code HH = 'home health', stated as 'null')</p><p><b>type</b>: opfølgning <span style="background: LightGoldenRodYellow; margin: 4px; border: 1px solid khaki"> (<a href="CodeSystem-KLCommonCareSocialCodes.html">KLCommonCareSocialCodes</a>#9f03dfbb-7a97-45a5-94db-d4c3501714a9)</span></p><p><b>subject</b>: <a href="Patient-Mark.html">Patient/Mark</a> &quot; JENSEN&quot;</p><p><b>period</b>: 2020-07-22 --&gt; (ongoing)</p></div>
  </text>
  <status value="planned"/>
  <class>
    <system value="http://terminology.hl7.org/CodeSystem/v3-ActCode"/>
    <code value="HH"/>
  </class>
  <type>
    <coding>
      <system value="http://kl.dk/fhir/common/caresocial/CodeSystem/KLCommonCareSocialCodes"/>
      <code value="9f03dfbb-7a97-45a5-94db-d4c3501714a9"/>
      <display value="opfølgning"/>
    </coding>
  </type>
  <subject>
    <reference value="Patient/Mark"/>
  </subject>
  <period>
    <start value="2020-07-22"/>
  </period>
</Encounter>