<?xml version="1.0" encoding="UTF-8"?>

<Goal xmlns="http://hl7.org/fhir">
  <id value="AndreasIndsatsformaal2"/>
  <meta>
    <profile value="http://kl.dk/fhir/common/caresocial/StructureDefinition/KLCommonCareSocialPurpose"/>
  </meta>
  <text>
    <status value="generated"/><div xmlns="http://www.w3.org/1999/xhtml"><p><b>Generated Narrative: Goal</b><a name="AndreasIndsatsformaal2"> </a></p><div style="display: inline-block; background-color: #d9e0e7; padding: 6px; margin: 4px; border: 1px solid #8da1b4; border-radius: 5px; line-height: 60%"><p style="margin-bottom: 0px">Resource Goal &quot;AndreasIndsatsformaal2&quot; </p><p style="margin-bottom: 0px">Profile: <a href="StructureDefinition-KLCommonCareSocialPurpose.html">Goal - Purpose</a></p></div><p><b>lifecycleStatus</b>: active</p><p><b>category</b>: Indsatsformål <span style="background: LightGoldenRodYellow; margin: 4px; border: 1px solid khaki"> (<a href="CodeSystem-KLCommonCareSocialCodes.html">KLCommonCareSocialCodes</a>#424827b1-23aa-4848-962b-56ee47def560)</span></p><p><b>description</b>: understøtte Andreas i selv at tilegne sig færdigheder, der gør at han kan have kontakt med andre både ift. at samarbejdende om praktiske ting og ift klare almindelige sociale situationer som fx at se film eller spise med en gruppe af jævnaldrende. Desuden at holde orden på sit eget værelse, så han undgår frustration over ikke at kunne finde sine ting. <span style="background: LightGoldenRodYellow; margin: 4px; border: 1px solid khaki"> ()</span></p><p><b>subject</b>: <a href="Patient-Andreas.html">Patient/Andreas</a> &quot; HANSEN&quot;</p><p><b>expressedBy</b>: <a href="Practitioner-BirteFraVisitationenMorsoe.html">Practitioner/BirteFraVisitationenMorsoe</a> &quot; MATHIASSEN&quot;</p></div>
  </text>
  <lifecycleStatus value="active"/>
  <category>
    <coding>
      <system value="http://kl.dk/fhir/common/caresocial/CodeSystem/KLCommonCareSocialCodes"/>
      <code value="424827b1-23aa-4848-962b-56ee47def560"/>
      <display value="Indsatsformål"/>
    </coding>
  </category>
  <description>
    <text value="understøtte Andreas i selv at tilegne sig færdigheder, der gør at han kan have kontakt med andre både ift. at samarbejdende om praktiske ting og ift klare almindelige sociale situationer som fx at se film eller spise med en gruppe af jævnaldrende. Desuden at holde orden på sit eget værelse, så han undgår frustration over ikke at kunne finde sine ting."/>
  </description>
  <subject>
    <reference value="Patient/Andreas"/>
  </subject>
  <expressedBy>
    <reference value="Practitioner/BirteFraVisitationenMorsoe"/>
  </expressedBy>
</Goal>