<?xml version="1.0" encoding="UTF-8"?>

<Observation xmlns="http://hl7.org/fhir">
  <id value="Observation1234"/>
  <meta>
    <profile value="http://kl.dk/fhir/common/caresocial/StructureDefinition/KLCommonCareSocialMatterOfInterest"/>
  </meta>
  <text>
    <status value="generated"/><div xmlns="http://www.w3.org/1999/xhtml"><p><b>Generated Narrative: Observation</b><a name="Observation1234"> </a></p><div style="display: inline-block; background-color: #d9e0e7; padding: 6px; margin: 4px; border: 1px solid #8da1b4; border-radius: 5px; line-height: 60%"><p style="margin-bottom: 0px">Resource Observation &quot;Observation1234&quot; </p><p style="margin-bottom: 0px">Profile: <a href="StructureDefinition-KLCommonCareSocialMatterOfInterest.html">MatterOfInterest</a></p></div><p><b>status</b>: final</p><p><b>code</b>: Psykosociale forhold <span style="background: LightGoldenRodYellow; margin: 4px; border: 1px solid khaki"> (<a href="CodeSystem-FSIII.html">FSIII</a>#I6)</span></p><p><b>subject</b>: <a href="Patient-BorgerEjnar.html">Patient/BorgerEjnar</a> &quot; LAURIDSEN&quot;</p><p><b>effective</b>: 2020-03-17</p><p><b>performer</b>: <a href="Practitioner-NatasjaFraSygeplejen.html">Practitioner/NatasjaFraSygeplejen</a> &quot; PETERSEN&quot;</p><p><b>value</b>: Borger drikker for meget, sandsynligvis pga. sorg over ægtefællens død, men der skal selvf <span style="background: LightGoldenRodYellow; margin: 4px; border: 1px solid khaki"> ()</span></p></div>
  </text>
  <status value="final"/>
  <code>
    <coding>
      <system value="http://kl.dk/fhir/common/caresocial/CodeSystem/FSIII"/>
      <code value="I6"/>
      <display value="Psykosociale forhold"/>
    </coding>
  </code>
  <subject>
    <reference value="Patient/BorgerEjnar"/>
  </subject>
  <effectiveDateTime value="2020-03-17"/>
  <performer>
    <reference value="Practitioner/NatasjaFraSygeplejen"/>
  </performer>
  <valueCodeableConcept>
    <text value="Borger drikker for meget, sandsynligvis pga. sorg over ægtefællens død, men der skal selvf"/>
  </valueCodeableConcept>
</Observation>