<?xml version="1.0" encoding="UTF-8"?>

<Organization xmlns="http://hl7.org/fhir">
  <id value="HjemmesygeplejeSonderborg"/>
  <meta>
    <profile value="http://kl.dk/fhir/common/caresocial/StructureDefinition/KLCommonOrganization"/>
  </meta>
  <text>
    <status value="generated"/><div xmlns="http://www.w3.org/1999/xhtml"><p><b>Generated Narrative: Organization</b><a name="HjemmesygeplejeSonderborg"> </a></p><div style="display: inline-block; background-color: #d9e0e7; padding: 6px; margin: 4px; border: 1px solid #8da1b4; border-radius: 5px; line-height: 60%"><p style="margin-bottom: 0px">Resource Organization &quot;HjemmesygeplejeSonderborg&quot; </p><p style="margin-bottom: 0px">Profile: <a href="StructureDefinition-KLCommonOrganization.html">Organization</a></p></div><p><b>identifier</b>: id: 330411000016001</p><p><b>name</b>: Hjemmesygepleje – visitation –hjemmehjælp, Sønderborg Kommune</p><p><b>telecom</b>: ph: 88725537</p></div>
  </text>
  <identifier>
    <system value="urn:oid:1.2.208.176.1"/>
    <value value="330411000016001"/>
  </identifier>
  <name value="Hjemmesygepleje – visitation –hjemmehjælp, Sønderborg Kommune"/>
  <telecom>
    <system value="phone"/>
    <value value="88725537"/>
  </telecom>
</Organization>