<?xml version="1.0" encoding="UTF-8"?>

<Organization xmlns="http://hl7.org/fhir">
  <id value="BotilbudetSommergaarden"/>
  <meta>
    <profile value="http://kl.dk/fhir/common/caresocial/StructureDefinition/KLCommonOrganization"/>
  </meta>
  <text>
    <status value="generated"/><div xmlns="http://www.w3.org/1999/xhtml"><p><b>Generated Narrative: Organization</b><a name="BotilbudetSommergaarden"> </a></p><div style="display: inline-block; background-color: #d9e0e7; padding: 6px; margin: 4px; border: 1px solid #8da1b4; border-radius: 5px; line-height: 60%"><p style="margin-bottom: 0px">Resource Organization &quot;BotilbudetSommergaarden&quot; </p><p style="margin-bottom: 0px">Profile: <a href="StructureDefinition-KLCommonOrganization.html">Organization</a></p></div><p><b>name</b>: Botilbudet Sommergaarden</p><p><b>telecom</b>: <a href="tel:+4577889910">+45 77889910</a></p></div>
  </text>
  <name value="Botilbudet Sommergaarden"/>
  <telecom>
    <system value="phone"/>
    <value value="+45 77889910"/>
  </telecom>
</Organization>