<?xml version="1.0" encoding="UTF-8"?>

<Provenance xmlns="http://hl7.org/fhir">
  <id value="InternHenvendelseEfterOpfolgningProvenance"/>
  <text>
    <status value="generated"/><div xmlns="http://www.w3.org/1999/xhtml"><p><b>Generated Narrative: Provenance</b><a name="InternHenvendelseEfterOpfolgningProvenance"> </a></p><div style="display: inline-block; background-color: #d9e0e7; padding: 6px; margin: 4px; border: 1px solid #8da1b4; border-radius: 5px; line-height: 60%"><p style="margin-bottom: 0px">Resource Provenance &quot;InternHenvendelseEfterOpfolgningProvenance&quot; </p></div><p><b>target</b>: <a href="ServiceRequest-InternHenvendelseEfterOpfolgning.html">ServiceRequest/InternHenvendelseEfterOpfolgning</a></p><p><b>recorded</b>: 11 Apr 2020, 09.06.15</p><p><b>reason</b>: treatment <span style="background: LightGoldenRodYellow; margin: 4px; border: 1px solid khaki"> (<a href="http://terminology.hl7.org/5.0.0/CodeSystem-v3-ActReason.html">ActReason</a>#TREAT)</span></p><h3>Agents</h3><table class="grid"><tr><td>-</td><td><b>Type</b></td><td><b>Who</b></td><td><b>OnBehalfOf</b></td></tr><tr><td>*</td><td>Author <span style="background: LightGoldenRodYellow; margin: 4px; border: 1px solid khaki"> (<a href="http://terminology.hl7.org/5.0.0/CodeSystem-provenance-participant-type.html">Provenance participant type</a>#author)</span></td><td><a href="Practitioner-HanneFraVisitationenAalborg.html">Practitioner/HanneFraVisitationenAalborg</a> &quot; SIMONSEN&quot;</td><td><a href="Organization-SundhedsforvaltningAalborg.html">Organization/SundhedsforvaltningAalborg</a> &quot;Sundheds- og kulturforvaltningen, Aalborg Kommune&quot;</td></tr></table></div>
  </text>
  <target>
    <reference value="ServiceRequest/InternHenvendelseEfterOpfolgning"/>
  </target>
  <recorded value="2020-04-11T09:06:15+02:00"/>
  <reason>
    <coding>
      <system value="http://terminology.hl7.org/CodeSystem/v3-ActReason"/>
      <code value="TREAT"/>
    </coding>
  </reason>
  <agent>
    <type>
      <coding>
        <system value="http://terminology.hl7.org/CodeSystem/provenance-participant-type"/>
        <code value="author"/>
      </coding>
    </type>
    <who>
      <reference value="Practitioner/HanneFraVisitationenAalborg"/>
    </who>
    <onBehalfOf>
      <reference value="Organization/SundhedsforvaltningAalborg"/>
    </onBehalfOf>
  </agent>
</Provenance>