<?xml version="1.0" encoding="UTF-8"?>

<ValueSet xmlns="http://hl7.org/fhir">
  <id value="KLConditionCodesHomeCare"/>
  <text>
    <status value="extensions"/><div xmlns="http://www.w3.org/1999/xhtml"><ul><li>Include these codes as defined in <a href="CodeSystem-FSIII.html"><code>http://kl.dk/fhir/common/caresocial/CodeSystem/FSIII</code></a><table class="none"><tr><td style="white-space:nowrap"><b>Code</b></td><td><b>Display</b></td><td><b>Definition</b></td></tr><tr><td><a href="CodeSystem-FSIII.html#FSIII-J3.464">J3.4</a></td><td>Færden i forskellige omgivelser</td><td>Gang og færden i forskellige omgivelser som f.eks. at gå mellem rum i huset, inden for en bygning eller ned ad gaden.</td></tr><tr><td><a href="CodeSystem-FSIII.html#FSIII-J3.468">J3.8</a></td><td>Gå</td><td>Bevæge sig til fods skrift for skridt på et underlag, således at den ene fod hele tiden hviler på underlaget, som når man slentrer, går forlæns, baglæns eller sidelæns.</td></tr><tr><td><a href="CodeSystem-FSIII.html#FSIII-J4.466">J4.6</a></td><td>Energi og handlekraft</td><td>Overordnede mentale funktioner af fysiologiske og psykologiske art, som får personen til at opnå tilfredsstillelse af specifikke behov og overordnede mål på en vedholdende måde.</td></tr><tr><td><a href="CodeSystem-FSIII.html#FSIII-J3.462">J3.2</a></td><td>Bevæge sig omkring</td><td>Bevæge sig fra et sted til et andet på andre måder end ved at gå som f.eks. ved at klatre over en sten, løbe ned ad en gade, hoppe, springe, slå kolbøtter eller rende rundt om genstande.</td></tr><tr><td><a href="CodeSystem-FSIII.html#FSIII-J3.465">J3.5</a></td><td>Forflytte sig</td><td>Flytte sig fra en overflade til en anden som f.eks. at glide hen ad en bænk eller bevæge sig fra seng til stol uden at ændre kroppens stilling.</td></tr><tr><td><a href="CodeSystem-FSIII.html#FSIII-J4.463">J4.3</a></td><td>Orienteringsevne</td><td>Overordnede mentale funktioner bestemmende kendskab til og konstatering af relationerne til en selv, til andre, til tid, sted og andre omgivelser.</td></tr><tr><td><a href="CodeSystem-FSIII.html#FSIII-J1.468">J1.8</a></td><td>Gå på toilet</td><td>Planlægge og udføre toiletbesøg til udskillelse af affaldsprodukter (menstruation, urin og afføring) og efterfølgende rengøring.</td></tr><tr><td><a href="CodeSystem-FSIII.html#FSIII-J4.464">J4.4</a></td><td>Overordnede kognitive funktioner</td><td>Specifikke mentale funktioner først og fremmest knyttet til hjernens pandelapper omfattende kompleks målrettet adfærd som beslutningstagning, abstrakt tænkning, planlægning og gennemførelse af planer, mental fleksibilitet og tilpasning af adfærden efter omstændighederne, såkaldte eksekutive funktioner.</td></tr><tr><td><a href="CodeSystem-FSIII.html#FSIII-J1.467">J1.7</a></td><td>Varetage egen sundhed</td><td>Sikre sit velvære, helbred og fysiske og psykiske velbefindende ved f.eks. at indtage varieret kost, have passende niveau af fysisk aktivitet, holde sig varm eller afkølet, undgå skader på helbredet, dyrke sikker sex inkl. anvendelse af kondomer, lade sig vaccinere og følge regelmæssige helbredsundersøgelser.</td></tr><tr><td><a href="CodeSystem-FSIII.html#FSIII-J4.461">J4.1</a></td><td>Anvende kommunikationsudstyr og -teknikker</td><td>Anvende udstyr, teknikker og andre midler med kommunikationsformål som f. eks. at ringe til en ven.</td></tr><tr><td><a href="CodeSystem-FSIII.html#FSIII-J3.469">J3.9</a></td><td>Udholdenhed</td><td>Funktioner bestemmende for respiratorisk og kardiovaskulær kapacitet, som er nødvendig ved fysisk anstrengelse.</td></tr><tr><td><a href="CodeSystem-FSIII.html#FSIII-J1.463">J1.3</a></td><td>Af- og påklædning</td><td>Udføre sammensatte handlinger i forbindelse med på- og afklædning, at tage fodbeklædning på og af i rækkefølge og i overensstemmelse med den sociale sammenhæng og de klimatiske forhold som f.eks. iføre sig, rette på og afføre sig skjorter, bluser, bukser, undertøj, sarier, kimonoer, strømpebukser, hatte, handsker, frakker, sko, støvler, sandaler og hjemmesko.</td></tr><tr><td><a href="CodeSystem-FSIII.html#FSIII-J3.461">J3.1</a></td><td>Løfte og bære</td><td>Løfte en genstand op og flytte noget fra et sted til et andet som f.eks. at løfte en kop eller bære et barn fra et rum til et andet.</td></tr><tr><td><a href="CodeSystem-FSIII.html#FSIII-J1.461">J1.1</a></td><td>Vaske sig</td><td>Vaske og tørre sig på kroppen og kropsdele med anvendelse af vand og passende rensemidler f.eks. tage bad, brusebad, vaske hænder og fødder, ansigt og hår og tørre sig med håndklæde.</td></tr><tr><td><a href="CodeSystem-FSIII.html#FSIII-J4.462">J4.2</a></td><td>Hukommelse</td><td>Specifikke mentale funktioner bestemmende for registrering, lagring genkaldelse af information efter behov.</td></tr><tr><td><a href="CodeSystem-FSIII.html#FSIII-J2.463">J2.3</a></td><td>Udføre daglige rutiner</td><td>Udføre simple, komplekse og sammensatte handlinger til planlægning, styring og gennemførelse af dagligt tilbagevendende rutiner eller pligter som f.eks. at overholde tider og lægge planer for særlige aktiviteter i løbet af dagen.</td></tr><tr><td><a href="CodeSystem-FSIII.html#FSIII-J1.462">J1.2</a></td><td>Kropspleje</td><td>Pleje af de dele af kroppen, som behøver anden pleje end vask og tørring f.eks. hud, ansigt, tænder, hår, negle og kønsdele.</td></tr><tr><td><a href="CodeSystem-FSIII.html#FSIII-J3.467">J3.7</a></td><td>Muskelstyrke</td><td>Kraften som opstår ved kontraktion af en muskel eller en muskelgruppe.</td></tr><tr><td><a href="CodeSystem-FSIII.html#FSIII-J2.464">J2.4</a></td><td>Skaffe sig varer og tjenesteydelser</td><td>Vælge, tilvejebringe og transportere varer, som er nødvendige i dagliglivet som f.eks. at vælge, købe, transportere og opbevare mad, drikke, tøj, rengøringsmidler, brændsel, husholdningsgenstande og værktøj; tilvejebringe brugsgenstande og service.</td></tr><tr><td><a href="CodeSystem-FSIII.html#FSIII-J2.462">J2.2</a></td><td>Lave mad</td><td>Planlægge, tilberede og servere enkle eller sammensatte måltider til sig selv og andre som f.eks. at sammen sætte et måltid, udvælge appetitlig mad og drikke, fremskaffe ingredienser til tilberedning af måltider; forberede mad og drikke til tilberedning, lave varm og kold mad og drikke, servere maden.</td></tr><tr><td><a href="CodeSystem-FSIII.html#FSIII-J4.468">J4.8</a></td><td>Problemløsning</td><td>Løsning af spørgsmål eller situationer ved at identificere og analysere emner, udvikle muligheder og løsninger, evaluere mulige virkninger af løsninger og gennemføre en valgt løsning som f.eks. ved løsning af en uoverensstemmelse mellem to personer.</td></tr><tr><td><a href="CodeSystem-FSIII.html#FSIII-J4.467">J4.7</a></td><td>Tilegne sig færdigheder</td><td>Udvikle basale og komplekse kompetencer i sammensatte handlinger eller opgaver med det formål at påbegynde og gennemføre erhvervelsen af en færdighed, som f.eks. håndtering af værktøj eller spil som skak.</td></tr><tr><td><a href="CodeSystem-FSIII.html#FSIII-J3.463">J3.3</a></td><td>Bruge transportmidler</td><td>Bruge transportmidler som passager til at færdes omkring som f.eks. at blive kørt i en bil eller køre med bus, rickshaw, hestetrukken vogn, private eller offentlig taxi, bus, tog, sporvogn, undergrundsbane, skib eller fly.</td></tr><tr><td><a href="CodeSystem-FSIII.html#FSIII-J3.466">J3.6</a></td><td>Ændre kropsstilling</td><td>Skifte kropsstilling og bevæge sig fra et sted til et andet som f.eks. at flytte sig fra en stol til liggende stilling og skifte til og fra knælende eller hugsiddende stilling.</td></tr><tr><td><a href="CodeSystem-FSIII.html#FSIII-J1.466">J1.6</a></td><td>Spise</td><td>Udføre sammensatte handlinger i forbindelse med indtagelse af føde, som er serveret for en, få maden op til munden og spise på en kulturelt accepteret måde, skære eller bryde maden i stykker, åbne flasker og dåser, anvende spiseredskaber, deltage i måltider og i festligheder.</td></tr><tr><td><a href="CodeSystem-FSIII.html#FSIII-J1.465">J1.5</a></td><td>Fødeindtagelse</td><td>Indtagelse og bearbejdning af fødemidler og væsker gennem munden.</td></tr><tr><td><a href="CodeSystem-FSIII.html#FSIII-J5.461">J5.1</a></td><td>Have lønnet beskæftigelse</td><td>Deltage i alle aspekter af et arbejde, erhverv eller anden form for beskæftigelse som ansat på fuldtid eller deltid eller som selvstændig som f.eks. at søge et arbejde og få det, udføre de nødvendige opgaver i jobbet, møde på arbejde til tiden, lede andre arbejdere eller selv blive ledet, udføre de nødvendige opgaver alene eller i gruppe.</td></tr><tr><td><a href="CodeSystem-FSIII.html#FSIII-J1.464">J1.4</a></td><td>Drikke</td><td>Holde fast om en drik, tage drikken op til munden og drikke på en kulturelt accepteret måde, blande, omrøre og skænke drikke op, åbne flasker og dåser, bruge sugerør eller drikke af rindende vand fra en hane eller en kilde; amning.</td></tr><tr><td><a href="CodeSystem-FSIII.html#FSIII-J2.461">J2.1</a></td><td>Lave husligt arbejde</td><td>Holde hus ved at gøre rent, vaske tøj, bruge husholdningsmaskiner, opbevare mad og smide affald ud, f.eks. ved at feje, moppe, tørre borde, vægge og andre overflader af; holde orden i værelser og stuer, i skabe og skuffer; samle, vaske, tørre og stryge tøj; gøre fodtøj rent; bruge kost, børster og støvsuger; bruge vaskemaskine, tørretumbler og strygejern.</td></tr><tr><td><a href="CodeSystem-FSIII.html#FSIII-J4.465">J4.5</a></td><td>Følelsesfunktioner</td><td>Specifikke mentale funktioner forbundet med følelser og affektive komponenter i sindet.</td></tr></table></li></ul></div>
  </text>
  <url value="http://kl.dk/fhir/common/caresocial/ValueSet/KLConditionCodesHomeCare"/>
  <version value="0.7.0"/>
  <name value="KLConditionCodesHomeCare"/>
  <title value="KLTilstandeKoderHjemmepleje"/>
  <status value="draft"/>
  <date value="2023-07-06T08:45:08+02:00"/>
  <publisher value="Kommunernes landsforening"/>
  <contact>
    <name value="Kommunernes landsforening"/>
    <telecom>
      <system value="url"/>
      <value value="http://kl.dk"/>
    </telecom>
    <telecom>
      <system value="email"/>
      <value value="kl@kl.dk"/>
    </telecom>
  </contact>
  <description value="Danish municipality home care condition codes (funktionsevnetilstande)"/>
  <jurisdiction>
    <coding>
      <system value="urn:iso:std:iso:3166"/>
      <code value="DNK"/>
      <display value="Denmark"/>
    </coding>
  </jurisdiction>
  <compose>
    <include>
      <system value="http://kl.dk/fhir/common/caresocial/CodeSystem/FSIII"/>
      <concept>
        <code value="J3.4"/>
      </concept>
      <concept>
        <code value="J3.8"/>
      </concept>
      <concept>
        <code value="J4.6"/>
      </concept>
      <concept>
        <code value="J3.2"/>
      </concept>
      <concept>
        <code value="J3.5"/>
      </concept>
      <concept>
        <code value="J4.3"/>
      </concept>
      <concept>
        <code value="J1.8"/>
      </concept>
      <concept>
        <code value="J4.4"/>
      </concept>
      <concept>
        <code value="J1.7"/>
      </concept>
      <concept>
        <code value="J4.1"/>
      </concept>
      <concept>
        <code value="J3.9"/>
      </concept>
      <concept>
        <code value="J1.3"/>
      </concept>
      <concept>
        <code value="J3.1"/>
      </concept>
      <concept>
        <code value="J1.1"/>
      </concept>
      <concept>
        <code value="J4.2"/>
      </concept>
      <concept>
        <code value="J2.3"/>
      </concept>
      <concept>
        <code value="J1.2"/>
      </concept>
      <concept>
        <code value="J3.7"/>
      </concept>
      <concept>
        <code value="J2.4"/>
      </concept>
      <concept>
        <code value="J2.2"/>
      </concept>
      <concept>
        <code value="J4.8"/>
      </concept>
      <concept>
        <code value="J4.7"/>
      </concept>
      <concept>
        <code value="J3.3"/>
      </concept>
      <concept>
        <code value="J3.6"/>
      </concept>
      <concept>
        <code value="J1.6"/>
      </concept>
      <concept>
        <code value="J1.5"/>
      </concept>
      <concept>
        <code value="J5.1"/>
      </concept>
      <concept>
        <code value="J1.4"/>
      </concept>
      <concept>
        <code value="J2.1"/>
      </concept>
      <concept>
        <code value="J4.5"/>
      </concept>
    </include>
  </compose>
</ValueSet>