<?xml version="1.0" encoding="UTF-8"?>

<ValueSet xmlns="http://hl7.org/fhir">
  <id value="KLTargetMeasureCodes"/>
  <text>
    <status value="extensions"/><div xmlns="http://www.w3.org/1999/xhtml"><p>This value set includes codes based on the following rules:</p><ul><li>Include these codes as defined in <a href="CodeSystem-KLCommonCareSocialCodes.html"><code>http://kl.dk/fhir/common/caresocial/CodeSystem/KLCommonCareSocialCodes</code></a><table class="none"><tr><td style="white-space:nowrap"><b>Code</b></td><td><b>Display</b></td><td><b>Definition</b></td></tr><tr><td><a href="CodeSystem-KLCommonCareSocialCodes.html#KLCommonCareSocialCodes-66959f77-6e2a-4574-8423-3ff097f8b9fa">66959f77-6e2a-4574-8423-3ff097f8b9fa</a></td><td>funktionsevneniveau</td><td>målet udtrykkes i form af et funktionsevneniveau, som kan være et FFB funktionsevneniveau eller FSIII tilstandsniveau</td></tr><tr><td><a href="CodeSystem-KLCommonCareSocialCodes.html#KLCommonCareSocialCodes-90c48f03-f194-4b2f-ad7d-6cba1069ae48">90c48f03-f194-4b2f-ad7d-6cba1069ae48</a></td><td>måltype</td><td>målet udtrykkes i form af en måltype, måltypen er den forventede ændring i tilstanden givet indsatsen</td></tr></table></li><li>Import all the codes that are contained in <a href="ValueSet-KLObservationCodes.html">KLObservationskoder</a></li></ul></div>
  </text>
  <url value="http://kl.dk/fhir/common/caresocial/ValueSet/KLTargetMeasureCodes"/>
  <version value="0.7.0"/>
  <name value="KLTargetMeasureCodes"/>
  <title value="KLTypeAfObservationPåMål"/>
  <status value="draft"/>
  <date value="2023-07-06T08:45:08+02:00"/>
  <publisher value="Kommunernes landsforening"/>
  <contact>
    <name value="Kommunernes landsforening"/>
    <telecom>
      <system value="url"/>
      <value value="http://kl.dk"/>
    </telecom>
    <telecom>
      <system value="email"/>
      <value value="kl@kl.dk"/>
    </telecom>
  </contact>
  <description value="Target measure code, that determines whether the target is expressed as a severity, change value or using another observation"/>
  <jurisdiction>
    <coding>
      <system value="urn:iso:std:iso:3166"/>
      <code value="DNK"/>
      <display value="Denmark"/>
    </coding>
  </jurisdiction>
  <compose>
    <include>
      <system value="http://kl.dk/fhir/common/caresocial/CodeSystem/KLCommonCareSocialCodes"/>
      <concept>
        <code value="66959f77-6e2a-4574-8423-3ff097f8b9fa"/>
      </concept>
      <concept>
        <code value="90c48f03-f194-4b2f-ad7d-6cba1069ae48"/>
      </concept>
    </include>
    <include>
      <valueSet value="http://kl.dk/fhir/common/caresocial/ValueSet/KLObservationCodes"/>
    </include>
  </compose>
</ValueSet>