<?xml version="1.0" encoding="UTF-8"?>

<ValueSet xmlns="http://hl7.org/fhir">
  <id value="KLComplicationCodesSCT"/>
  <text>
    <status value="generated"/><div xmlns="http://www.w3.org/1999/xhtml"><ul><li>Include these codes as defined in <a href="http://www.snomed.org/"><code>http://snomed.info/sct</code></a><table class="none"><tr><td style="white-space:nowrap"><b>Code</b></td><td><b>Display</b></td></tr><tr><td><a href="http://snomed.info/id/160245001">160245001</a></td><td>No current problems or disability</td></tr><tr><td><a href="http://snomed.info/id/116223007">116223007</a></td><td>Complication</td></tr></table></li></ul></div>
  </text>
  <url value="http://kl.dk/fhir/common/caresocial/ValueSet/KLComplicationCodesSCT"/>
  <version value="0.7.0"/>
  <name value="KLComplicationCodesSCT"/>
  <title value="KLKomplikationskoderSCT"/>
  <status value="draft"/>
  <date value="2023-07-06T08:45:08+02:00"/>
  <publisher value="Kommunernes landsforening"/>
  <contact>
    <name value="Kommunernes landsforening"/>
    <telecom>
      <system value="url"/>
      <value value="http://kl.dk"/>
    </telecom>
    <telecom>
      <system value="email"/>
      <value value="kl@kl.dk"/>
    </telecom>
  </contact>
  <description value="Codes that indicate whether an intervention had complications or not"/>
  <jurisdiction>
    <coding>
      <system value="urn:iso:std:iso:3166"/>
      <code value="DNK"/>
      <display value="Denmark"/>
    </coding>
  </jurisdiction>
  <compose>
    <include>
      <system value="http://snomed.info/sct"/>
      <concept>
        <code value="160245001"/>
      </concept>
      <concept>
        <code value="116223007"/>
      </concept>
    </include>
  </compose>
</ValueSet>