<?xml version="1.0" encoding="UTF-8"?>

<ValueSet xmlns="http://hl7.org/fhir">
  <id value="KLFollowUpCodesFSIII"/>
  <text>
    <status value="generated"/><div xmlns="http://www.w3.org/1999/xhtml"><ul><li>Include these codes as defined in <a href="CodeSystem-FSIII.html"><code>http://kl.dk/fhir/common/caresocial/CodeSystem/FSIII</code></a><table class="none"><tr><td style="white-space:nowrap"><b>Code</b></td><td><b>Display</b></td></tr><tr><td><a href="CodeSystem-FSIII.html#FSIII-E3">E3</a></td><td>Afsluttes</td></tr><tr><td><a href="CodeSystem-FSIII.html#FSIII-E1">E1</a></td><td>Fortsættes</td></tr><tr><td><a href="CodeSystem-FSIII.html#FSIII-E2">E2</a></td><td>Ændres inden for rammen</td></tr><tr><td><a href="CodeSystem-FSIII.html#FSIII-E4">E4</a></td><td>Revisitation</td></tr></table></li></ul></div>
  </text>
  <url value="http://kl.dk/fhir/common/caresocial/ValueSet/KLFollowUpCodesFSIII"/>
  <version value="0.7.0"/>
  <name value="KLFollowUpCodesFSIII"/>
  <title value="KLOpfølgningKoderFSIII"/>
  <status value="draft"/>
  <date value="2023-07-06T08:45:08+02:00"/>
  <publisher value="Kommunernes landsforening"/>
  <contact>
    <name value="Kommunernes landsforening"/>
    <telecom>
      <system value="url"/>
      <value value="http://kl.dk"/>
    </telecom>
    <telecom>
      <system value="email"/>
      <value value="kl@kl.dk"/>
    </telecom>
  </contact>
  <description value="Follow-up codes used in FSIII"/>
  <jurisdiction>
    <coding>
      <system value="urn:iso:std:iso:3166"/>
      <code value="DNK"/>
      <display value="Denmark"/>
    </coding>
  </jurisdiction>
  <compose>
    <include>
      <system value="http://kl.dk/fhir/common/caresocial/CodeSystem/FSIII"/>
      <concept>
        <code value="E3"/>
      </concept>
      <concept>
        <code value="E1"/>
      </concept>
      <concept>
        <code value="E2"/>
      </concept>
      <concept>
        <code value="E4"/>
      </concept>
    </include>
  </compose>
</ValueSet>