<?xml version="1.0" encoding="UTF-8"?>

<ValueSet xmlns="http://hl7.org/fhir">
  <id value="KLChangeValueCodesFSIII"/>
  <text>
    <status value="extensions"/><div xmlns="http://www.w3.org/1999/xhtml"><ul><li>Include these codes as defined in <a href="CodeSystem-FSIII.html"><code>http://kl.dk/fhir/common/caresocial/CodeSystem/FSIII</code></a><table class="none"><tr><td style="white-space:nowrap"><b>Code</b></td><td><b>Display</b></td><td><b>Definition</b></td></tr><tr><td><a href="CodeSystem-FSIII.html#FSIII-81c827de-ef31-4410-aa57-0d1d1bc6c264">81c827de-ef31-4410-aa57-0d1d1bc6c264</a></td><td>Tilstand forsvinder</td><td>Helbredstilstand eller funktionsevnetilstand forventes at forsvinde ifm. indsatsen</td></tr><tr><td><a href="CodeSystem-FSIII.html#FSIII-8addc23a-f7c6-47c4-97fb-a73fcdfc9f65">8addc23a-f7c6-47c4-97fb-a73fcdfc9f65</a></td><td>Tilstand mindskes</td><td>Helbredstilstand eller funktionsevnetilstand forventes at mindskes ifm. indsatsen</td></tr><tr><td><a href="CodeSystem-FSIII.html#FSIII-15846728-58b4-4413-a9d1-be0f1404b10f">15846728-58b4-4413-a9d1-be0f1404b10f</a></td><td>Tilstand forbliver uændret</td><td>Helbredstilstand eller funktionsevnetilstand forventes at forblive uændret ifm. indsatsen.</td></tr></table></li></ul></div>
  </text>
  <url value="http://kl.dk/fhir/common/caresocial/ValueSet/KLChangeValueCodesFSIII"/>
  <version value="0.7.0"/>
  <name value="KLChangeValueCodesFSIII"/>
  <title value="KLMåltypeKoderFSIII"/>
  <status value="draft"/>
  <date value="2023-07-06T08:45:08+02:00"/>
  <publisher value="Kommunernes landsforening"/>
  <contact>
    <name value="Kommunernes landsforening"/>
    <telecom>
      <system value="url"/>
      <value value="http://kl.dk"/>
    </telecom>
    <telecom>
      <system value="email"/>
      <value value="kl@kl.dk"/>
    </telecom>
  </contact>
  <description value="Change values for goals in FSIII (FSIII måltype). Express the target value for change of a health condition or funtional condition"/>
  <jurisdiction>
    <coding>
      <system value="urn:iso:std:iso:3166"/>
      <code value="DNK"/>
      <display value="Denmark"/>
    </coding>
  </jurisdiction>
  <compose>
    <include>
      <system value="http://kl.dk/fhir/common/caresocial/CodeSystem/FSIII"/>
      <concept>
        <code value="81c827de-ef31-4410-aa57-0d1d1bc6c264"/>
      </concept>
      <concept>
        <code value="8addc23a-f7c6-47c4-97fb-a73fcdfc9f65"/>
      </concept>
      <concept>
        <code value="15846728-58b4-4413-a9d1-be0f1404b10f"/>
      </concept>
    </include>
  </compose>
</ValueSet>