<?xml version="1.0" encoding="UTF-8"?>

<ValueSet xmlns="http://hl7.org/fhir">
  <id value="KLHomeCareInterventionsFSIII"/>
  <text>
    <status value="extensions"/><div xmlns="http://www.w3.org/1999/xhtml"><ul><li>Include these codes as defined in <a href="CodeSystem-FSIII.html"><code>http://kl.dk/fhir/common/caresocial/CodeSystem/FSIII</code></a><table class="none"><tr><td style="white-space:nowrap"><b>Code</b></td><td><b>Display</b></td><td><b>Definition</b></td></tr><tr><td><a href="CodeSystem-FSIII.html#FSIII-H1.464">H1.4</a></td><td>Mobilitet</td><td>Alle aktiviteter i forbindelse med forflytning, lejring og vending.</td></tr><tr><td><a href="CodeSystem-FSIII.html#FSIII-H1.4612">H1.12</a></td><td>Praktiske indsatser i relation til børn i husstanden</td><td>Tilbagevendende praktiske opgaver der relaterer sig til børn i husstanden. Indsatsen bevilliges som praktisk bistand til den forælder, der ikke selv er i stand til at udføre opgaven</td></tr><tr><td><a href="CodeSystem-FSIII.html#FSIII-H1.462">H1.2</a></td><td>Udskillelser</td><td>Alle indsatser relateret til det at gå på toilettet, hvad enten borgeren selv kan, har brug for assistance eller for en erstatning for toiletbesøg i form af bleskift, uridomskift eller bækken-/kolbetømning</td></tr><tr><td><a href="CodeSystem-FSIII.html#FSIII-H1.4611">H1.11</a></td><td>Madservice</td><td>Madservice er alene den ydelse, der visiteres til borgere, der modtager mad via en madserviceordning. Der kan ikke tildeles konkrete indsatser med tidsangivelse til madservice.</td></tr><tr><td><a href="CodeSystem-FSIII.html#FSIII-H1.461">H1.1</a></td><td>Personlig hygiejne</td><td>Alle indsatser relateret til den personlige hygiejne, som fx bad, hårvask, øvre og nedre toilette, af- og påklædning og negleklipning. Inkluderer også af- og påsætning af kropsbårne hjælpemidler (der ikke er omfattet af en sundhedslovsydelse)</td></tr><tr><td><a href="CodeSystem-FSIII.html#FSIII-H1.467">H1.7</a></td><td>Indkøb</td><td>Aktiviteter foretaget for at skaffe dagligvarer – fra indkøbsseddel skrives, til varer er stillet på plads</td></tr><tr><td><a href="CodeSystem-FSIII.html#FSIII-H1.463">H1.3</a></td><td>Ernæring</td><td>Aktiviteter der foregår fra bord til mund. Altså alle indsatser, der vedrører indtagelse af mad og drikke, hvad enten der er tale om indsats til den egentlig handling at spise eller en indsats, der sikrer samvær under måltidet.</td></tr><tr><td><a href="CodeSystem-FSIII.html#FSIII-H1.469">H1.9</a></td><td>Tøjvask</td><td>Alle former for håndtering af vasketøj – fra snavsetøjskurven til tøjskabet</td></tr><tr><td><a href="CodeSystem-FSIII.html#FSIII-H1.468">H1.8</a></td><td>Rengøring</td><td>Alle dele af rengøring, både den daglige og hovedrengøring. Bemærk: Skift af sengelinned samt evt. snerydning er en rengøringsydelse. Bækken-/kolbetømning kan også placeres her, såfremt det ikke indgår i forbindelse med en personlig pleje-indsats</td></tr><tr><td><a href="CodeSystem-FSIII.html#FSIII-H1.465">H1.5</a></td><td>Hverdagens aktiviteter</td><td>Alle administrative og strukturelle opgaver. Det gælder både brevskrivning, hjælp til struktur, hjælp til medicin, hvor der ikke er tale om en overleveret ydelse, men fordi borgeren ikke selv har fysik til fx at håndtere sine piller, kontakt til myndighedspersoner, familie og venner</td></tr><tr><td><a href="CodeSystem-FSIII.html#FSIII-H1.466">H1.6</a></td><td>Tilsyn/omsorg</td><td>Besøg der ikke er forbundet med en konkret opgave, men handler om at give en psykisk støtte, tryghed hos borgeren.</td></tr><tr><td><a href="CodeSystem-FSIII.html#FSIII-H1.4610">H1.10</a></td><td>Tilberede/anrette mad</td><td>Aktiviteter der foregår fra køkken til bord – den praktiske del af måltidet.</td></tr><tr><td><a href="CodeSystem-FSIII.html#FSIII-H2.4611">H2.11</a></td><td>RH Praktiske indsatser i relation til børn i husstanden</td><td/></tr><tr><td><a href="CodeSystem-FSIII.html#FSIII-H2.469">H2.9</a></td><td>RH Tøjvask</td><td/></tr><tr><td><a href="CodeSystem-FSIII.html#FSIII-H2.4610">H2.10</a></td><td>RH Udskillelser</td><td/></tr><tr><td><a href="CodeSystem-FSIII.html#FSIII-H2.466">H2.6</a></td><td>RH Rengøring</td><td/></tr><tr><td><a href="CodeSystem-FSIII.html#FSIII-H2.462">H2.2</a></td><td>RH Hverdagens aktiviteter</td><td/></tr><tr><td><a href="CodeSystem-FSIII.html#FSIII-H2.468">H2.8</a></td><td>RH Tilsyn/omsorg</td><td/></tr><tr><td><a href="CodeSystem-FSIII.html#FSIII-H2.465">H2.5</a></td><td>RH Personlig hygiejne</td><td/></tr><tr><td><a href="CodeSystem-FSIII.html#FSIII-H2.463">H2.3</a></td><td>RH Indkøb</td><td/></tr><tr><td><a href="CodeSystem-FSIII.html#FSIII-H2.467">H2.7</a></td><td>RH Tilberede/anrette mad</td><td/></tr><tr><td><a href="CodeSystem-FSIII.html#FSIII-H2.461">H2.1</a></td><td>RH Ernæring</td><td/></tr><tr><td><a href="CodeSystem-FSIII.html#FSIII-H2.464">H2.4</a></td><td>RH Mobilitet</td><td/></tr><tr><td><a href="CodeSystem-FSIII.html#FSIII-H3.463">H3.3</a></td><td>Praktisk hjælp efter §84</td><td>Afløsning af den pårørendes indsats med praktisk hjælp.</td></tr><tr><td><a href="CodeSystem-FSIII.html#FSIII-H3.461">H3.1</a></td><td>Aflastningsophold uden for hjemmet</td><td>Dækker aflastning af den pårørende. Alle former for aflastningsophold uden for hjemmet, således at den pårørende kan aflastes og/eller deltage i sociale aktiviteter, som den pårørende ellers ville være afskåret fra at deltage i.</td></tr><tr><td><a href="CodeSystem-FSIII.html#FSIII-H3.462">H3.2</a></td><td>Afløsning i hjemmet</td><td>Dækker afløsning af den pårørende. Dvs. kommunal tilstedeværelse således at den pårørende fx kan deltage i sociale aktiviteter, som den pårørende ellers ville være afskåret fra at deltage i.</td></tr><tr><td><a href="CodeSystem-FSIII.html#FSIII-H4.461">H4.1</a></td><td>Midlertidig ophold</td><td>&quot;Midlertidig ophold&quot; er udelukkende en bevilling af en plads. De indsatser, der leveres under et midlertidigt ophold, vil være indsatser, der er visiteret efter §§ 83, 83a, 86 De indsatser, der leveres under et midlertidigt ophold, vil være indsatser, der er visiteret efter §83a, §83, §86, stk. 1, 86, stk. 2.</td></tr><tr><td><a href="CodeSystem-FSIII.html#FSIII-H5.461">H5.1</a></td><td>Genoptræning af funktionsnedsættelse</td><td>Træning med henblik på at opnå et funktionsniveau svarende til det borgeren havde forud for en hændelse.</td></tr><tr><td><a href="CodeSystem-FSIII.html#FSIII-H6.461">H6.1</a></td><td>Vedligehold af færdigheder</td><td>Træning med henblik på at fastholde færdigheder/funktionsniveau, der er risiko for forringelse eller bortfald af.</td></tr><tr><td><a href="CodeSystem-FSIII.html#FSIII-H7.462">H7.2</a></td><td>Koordinerende 0-ydelse</td><td>Ydelsen omfatter en systematisk koordinering af kommunale aktørers tværfaglige indsatser. Som udgangspunkt sammen med borgeren og evt. med deltagelse af pårørende.</td></tr><tr><td><a href="CodeSystem-FSIII.html#FSIII-H7.461">H7.1</a></td><td>Generel 0-ydelse</td><td>Ydelsen kan anvendes kommunalt eller tværkommunalt i en periode, fx i forbindelse med puljemidler, projekter eller lignende.</td></tr></table></li></ul></div>
  </text>
  <url value="http://kl.dk/fhir/common/caresocial/ValueSet/KLHomeCareInterventionsFSIII"/>
  <version value="0.7.0"/>
  <name value="KLHomeCareInterventionsFSIII"/>
  <title value="KLHjemmeplejeIndsatserFSIII"/>
  <status value="draft"/>
  <date value="2023-07-06T08:45:08+02:00"/>
  <publisher value="Kommunernes landsforening"/>
  <contact>
    <name value="Kommunernes landsforening"/>
    <telecom>
      <system value="url"/>
      <value value="http://kl.dk"/>
    </telecom>
    <telecom>
      <system value="email"/>
      <value value="kl@kl.dk"/>
    </telecom>
  </contact>
  <description value="Home Care Interventions as described by FSIII"/>
  <jurisdiction>
    <coding>
      <system value="urn:iso:std:iso:3166"/>
      <code value="DNK"/>
      <display value="Denmark"/>
    </coding>
  </jurisdiction>
  <compose>
    <include>
      <system value="http://kl.dk/fhir/common/caresocial/CodeSystem/FSIII"/>
      <concept>
        <code value="H1.4"/>
      </concept>
      <concept>
        <code value="H1.12"/>
      </concept>
      <concept>
        <code value="H1.2"/>
      </concept>
      <concept>
        <code value="H1.11"/>
      </concept>
      <concept>
        <code value="H1.1"/>
      </concept>
      <concept>
        <code value="H1.7"/>
      </concept>
      <concept>
        <code value="H1.3"/>
      </concept>
      <concept>
        <code value="H1.9"/>
      </concept>
      <concept>
        <code value="H1.8"/>
      </concept>
      <concept>
        <code value="H1.5"/>
      </concept>
      <concept>
        <code value="H1.6"/>
      </concept>
      <concept>
        <code value="H1.10"/>
      </concept>
      <concept>
        <code value="H2.11"/>
      </concept>
      <concept>
        <code value="H2.9"/>
      </concept>
      <concept>
        <code value="H2.10"/>
      </concept>
      <concept>
        <code value="H2.6"/>
      </concept>
      <concept>
        <code value="H2.2"/>
      </concept>
      <concept>
        <code value="H2.8"/>
      </concept>
      <concept>
        <code value="H2.5"/>
      </concept>
      <concept>
        <code value="H2.3"/>
      </concept>
      <concept>
        <code value="H2.7"/>
      </concept>
      <concept>
        <code value="H2.1"/>
      </concept>
      <concept>
        <code value="H2.4"/>
      </concept>
      <concept>
        <code value="H3.3"/>
      </concept>
      <concept>
        <code value="H3.1"/>
      </concept>
      <concept>
        <code value="H3.2"/>
      </concept>
      <concept>
        <code value="H4.1"/>
      </concept>
      <concept>
        <code value="H5.1"/>
      </concept>
      <concept>
        <code value="H6.1"/>
      </concept>
      <concept>
        <code value="H7.2"/>
      </concept>
      <concept>
        <code value="H7.1"/>
      </concept>
    </include>
  </compose>
</ValueSet>