<?xml version="1.0" encoding="UTF-8"?>

<ValueSet xmlns="http://hl7.org/fhir">
  <id value="KLEvaluationTypeCodes"/>
  <text>
    <status value="extensions"/><div xmlns="http://www.w3.org/1999/xhtml"><ul><li>Include these codes as defined in <a href="CodeSystem-KLCommonCareSocialCodes.html"><code>http://kl.dk/fhir/common/caresocial/CodeSystem/KLCommonCareSocialCodes</code></a><table class="none"><tr><td style="white-space:nowrap"><b>Code</b></td><td><b>Display</b></td><td><b>Definition</b></td></tr><tr><td><a href="CodeSystem-KLCommonCareSocialCodes.html#KLCommonCareSocialCodes-54c4ffea-7caf-4edc-8aa9-ef6e0be26c4c">54c4ffea-7caf-4edc-8aa9-ef6e0be26c4c</a></td><td>FSIII helhedsvurdering</td><td>Sagsvurdering, der sammenholder resultaterne af en myndighedsudredning og den øvrige sagsoplysning med henblik på at træffe en afgørelse</td></tr><tr><td><a href="CodeSystem-KLCommonCareSocialCodes.html#KLCommonCareSocialCodes-053a301d-1bb8-4cc4-b781-87825ecf0ef8">053a301d-1bb8-4cc4-b781-87825ecf0ef8</a></td><td>FFB vurdering af borgers situation</td><td>Vurdering der sammenholder oplysninger fra udredning mhp en samlet faglig analyse og konklusion.</td></tr><tr><td><a href="CodeSystem-KLCommonCareSocialCodes.html#KLCommonCareSocialCodes-effe55c7-572c-4a99-8fb4-2a9dda2f6572">effe55c7-572c-4a99-8fb4-2a9dda2f6572</a></td><td>FFB støttebehovsvurdering</td><td>Angiver, hvor stort et behov borgeren har for hjælp og støtte.</td></tr><tr><td><a href="CodeSystem-KLCommonCareSocialCodes.html#KLCommonCareSocialCodes-3f7a8ca0-afca-4b0d-8773-a99b5f2f8aaf">3f7a8ca0-afca-4b0d-8773-a99b5f2f8aaf</a></td><td>VUM Borgerens perspektiv på indsatsen</td><td/></tr><tr><td><a href="CodeSystem-KLCommonCareSocialCodes.html#KLCommonCareSocialCodes-f52887de-023f-4193-b6b0-4b0a37b1cffc">f52887de-023f-4193-b6b0-4b0a37b1cffc</a></td><td>VUM Borgerens ressourcer i forhold til indsatsen</td><td/></tr></table></li></ul></div>
  </text>
  <url value="http://kl.dk/fhir/common/caresocial/ValueSet/KLEvaluationTypeCodes"/>
  <version value="0.7.0"/>
  <name value="KLEvaluationTypeCodes"/>
  <title value="KLVurderingTypekoder"/>
  <status value="draft"/>
  <date value="2023-07-06T08:45:08+02:00"/>
  <publisher value="Kommunernes landsforening"/>
  <contact>
    <name value="Kommunernes landsforening"/>
    <telecom>
      <system value="url"/>
      <value value="http://kl.dk"/>
    </telecom>
    <telecom>
      <system value="email"/>
      <value value="kl@kl.dk"/>
    </telecom>
  </contact>
  <description value="Codes used to distinguish different kinds of evaluations"/>
  <jurisdiction>
    <coding>
      <system value="urn:iso:std:iso:3166"/>
      <code value="DNK"/>
      <display value="Denmark"/>
    </coding>
  </jurisdiction>
  <compose>
    <include>
      <system value="http://kl.dk/fhir/common/caresocial/CodeSystem/KLCommonCareSocialCodes"/>
      <concept>
        <code value="54c4ffea-7caf-4edc-8aa9-ef6e0be26c4c"/>
      </concept>
      <concept>
        <code value="053a301d-1bb8-4cc4-b781-87825ecf0ef8"/>
      </concept>
      <concept>
        <code value="effe55c7-572c-4a99-8fb4-2a9dda2f6572"/>
      </concept>
      <concept>
        <code value="3f7a8ca0-afca-4b0d-8773-a99b5f2f8aaf"/>
      </concept>
      <concept>
        <code value="f52887de-023f-4193-b6b0-4b0a37b1cffc"/>
      </concept>
    </include>
  </compose>
</ValueSet>