{"resourceType":"ImplementationGuide","id":"kl.dk.fhir.rehab","text":{"status":"extensions","div":"<div xmlns=\"http://www.w3.org/1999/xhtml\"><h2>KLGatewayRehab</h2><p>The official URL for this implementation guide is: </p><pre>http://fhir.kl.dk/rehab/ImplementationGuide/kl.dk.fhir.rehab</pre><div><p>Danish municipalities implementation guide for §140 rehabilitation reporting</p>\n</div></div>"},"url":"http://fhir.kl.dk/rehab/ImplementationGuide/kl.dk.fhir.rehab","version":"2.0.0","name":"KLGatewayRehab","status":"active","date":"2024-06-14T10:48:54+02:00","publisher":"Kommunernes Landsforening","contact":[{"name":"Kommunernes Landsforening","telecom":[{"system":"url","value":"http://kl.dk"}]}],"description":"Danish municipalities implementation guide for §140 rehabilitation reporting","packageId":"kl.dk.fhir.rehab","license":"CC0-1.0","fhirVersion":["4.0.1"],"dependsOn":[{"id":"hl7tx","extension":[{"url":"http://hl7.org/fhir/tools/StructureDefinition/implementationguide-dependency-comment","valueMarkdown":"Automatically added as a dependency - all IGs depend on HL7 Terminology"}],"uri":"http://terminology.hl7.org/ImplementationGuide/hl7.terminology","packageId":"hl7.terminology.r4","version":"5.5.0"},{"id":"hl7ext","extension":[{"url":"http://hl7.org/fhir/tools/StructureDefinition/implementationguide-dependency-comment","valueMarkdown":"Automatically added as a dependency - all IGs depend on the HL7 Extension Pack"}],"uri":"http://hl7.org/fhir/extensions/ImplementationGuide/hl7.fhir.uv.extensions","packageId":"hl7.fhir.uv.extensions.r4","version":"5.1.0"},{"id":"hl7_fhir_dk_core","uri":"http://hl7.dk/fhir/core/ImplementationGuide/hl7.fhir.dk.core","packageId":"hl7.fhir.dk.core","version":"3.2.0"},{"id":"kl_dk_fhir_term","uri":"http://fhir.kl.dk/term/ImplementationGuide/kl.dk.fhir.term","packageId":"kl.dk.fhir.term","version":"2.1.0"}],"definition":{"extension":[{"extension":[{"url":"code","valueString":"copyrightyear"},{"url":"value","valueString":"2023+"}],"url":"http://hl7.org/fhir/tools/StructureDefinition/ig-parameter"},{"extension":[{"url":"code","valueString":"releaselabel"},{"url":"value","valueString":"Release"}],"url":"http://hl7.org/fhir/tools/StructureDefinition/ig-parameter"},{"extension":[{"url":"code","valueString":"autoload-resources"},{"url":"value","valueString":"true"}],"url":"http://hl7.org/fhir/tools/StructureDefinition/ig-parameter"},{"extension":[{"url":"code","valueString":"path-liquid"},{"url":"value","valueString":"template/liquid"}],"url":"http://hl7.org/fhir/tools/StructureDefinition/ig-parameter"},{"extension":[{"url":"code","valueString":"path-liquid"},{"url":"value","valueString":"input/liquid"}],"url":"http://hl7.org/fhir/tools/StructureDefinition/ig-parameter"},{"extension":[{"url":"code","valueString":"path-qa"},{"url":"value","valueString":"temp/qa"}],"url":"http://hl7.org/fhir/tools/StructureDefinition/ig-parameter"},{"extension":[{"url":"code","valueString":"path-temp"},{"url":"value","valueString":"temp/pages"}],"url":"http://hl7.org/fhir/tools/StructureDefinition/ig-parameter"},{"extension":[{"url":"code","valueString":"path-output"},{"url":"value","valueString":"output"}],"url":"http://hl7.org/fhir/tools/StructureDefinition/ig-parameter"},{"extension":[{"url":"code","valueString":"path-suppressed-warnings"},{"url":"value","valueString":"input/ignoreWarnings.txt"}],"url":"http://hl7.org/fhir/tools/StructureDefinition/ig-parameter"},{"extension":[{"url":"code","valueString":"path-history"},{"url":"value","valueString":"http://fhir.kl.dk/rehab/history.html"}],"url":"http://hl7.org/fhir/tools/StructureDefinition/ig-parameter"},{"extension":[{"url":"code","valueString":"template-html"},{"url":"value","valueString":"template-page.html"}],"url":"http://hl7.org/fhir/tools/StructureDefinition/ig-parameter"},{"extension":[{"url":"code","valueString":"template-md"},{"url":"value","valueString":"template-page-md.html"}],"url":"http://hl7.org/fhir/tools/StructureDefinition/ig-parameter"},{"extension":[{"url":"code","valueString":"apply-contact"},{"url":"value","valueString":"true"}],"url":"http://hl7.org/fhir/tools/StructureDefinition/ig-parameter"},{"extension":[{"url":"code","valueString":"apply-context"},{"url":"value","valueString":"true"}],"url":"http://hl7.org/fhir/tools/StructureDefinition/ig-parameter"},{"extension":[{"url":"code","valueString":"apply-copyright"},{"url":"value","valueString":"true"}],"url":"http://hl7.org/fhir/tools/StructureDefinition/ig-parameter"},{"extension":[{"url":"code","valueString":"apply-jurisdiction"},{"url":"value","valueString":"true"}],"url":"http://hl7.org/fhir/tools/StructureDefinition/ig-parameter"},{"extension":[{"url":"code","valueString":"apply-license"},{"url":"value","valueString":"true"}],"url":"http://hl7.org/fhir/tools/StructureDefinition/ig-parameter"},{"extension":[{"url":"code","valueString":"apply-publisher"},{"url":"value","valueString":"true"}],"url":"http://hl7.org/fhir/tools/StructureDefinition/ig-parameter"},{"extension":[{"url":"code","valueString":"apply-version"},{"url":"value","valueString":"true"}],"url":"http://hl7.org/fhir/tools/StructureDefinition/ig-parameter"},{"extension":[{"url":"code","valueString":"apply-wg"},{"url":"value","valueString":"true"}],"url":"http://hl7.org/fhir/tools/StructureDefinition/ig-parameter"},{"extension":[{"url":"code","valueString":"active-tables"},{"url":"value","valueString":"true"}],"url":"http://hl7.org/fhir/tools/StructureDefinition/ig-parameter"},{"extension":[{"url":"code","valueString":"fmm-definition"},{"url":"value","valueString":"http://hl7.org/fhir/versions.html#maturity"}],"url":"http://hl7.org/fhir/tools/StructureDefinition/ig-parameter"},{"extension":[{"url":"code","valueString":"propagate-status"},{"url":"value","valueString":"true"}],"url":"http://hl7.org/fhir/tools/StructureDefinition/ig-parameter"},{"extension":[{"url":"code","valueString":"excludelogbinaryformat"},{"url":"value","valueString":"true"}],"url":"http://hl7.org/fhir/tools/StructureDefinition/ig-parameter"},{"extension":[{"url":"code","valueString":"tabbed-snapshots"},{"url":"value","valueString":"true"}],"url":"http://hl7.org/fhir/tools/StructureDefinition/ig-parameter"},{"url":"http://hl7.org/fhir/tools/StructureDefinition/ig-internal-dependency","valueCode":"hl7.fhir.uv.tools#0.1.0"},{"extension":[{"url":"code","valueCode":"copyrightyear"},{"url":"value","valueString":"2023+"}],"url":"http://hl7.org/fhir/tools/StructureDefinition/ig-parameter"},{"extension":[{"url":"code","valueCode":"releaselabel"},{"url":"value","valueString":"Release"}],"url":"http://hl7.org/fhir/tools/StructureDefinition/ig-parameter"},{"extension":[{"url":"code","valueCode":"autoload-resources"},{"url":"value","valueString":"true"}],"url":"http://hl7.org/fhir/tools/StructureDefinition/ig-parameter"},{"extension":[{"url":"code","valueCode":"path-liquid"},{"url":"value","valueString":"template/liquid"}],"url":"http://hl7.org/fhir/tools/StructureDefinition/ig-parameter"},{"extension":[{"url":"code","valueCode":"path-liquid"},{"url":"value","valueString":"input/liquid"}],"url":"http://hl7.org/fhir/tools/StructureDefinition/ig-parameter"},{"extension":[{"url":"code","valueCode":"path-qa"},{"url":"value","valueString":"temp/qa"}],"url":"http://hl7.org/fhir/tools/StructureDefinition/ig-parameter"},{"extension":[{"url":"code","valueCode":"path-temp"},{"url":"value","valueString":"temp/pages"}],"url":"http://hl7.org/fhir/tools/StructureDefinition/ig-parameter"},{"extension":[{"url":"code","valueCode":"path-output"},{"url":"value","valueString":"output"}],"url":"http://hl7.org/fhir/tools/StructureDefinition/ig-parameter"},{"extension":[{"url":"code","valueCode":"path-suppressed-warnings"},{"url":"value","valueString":"input/ignoreWarnings.txt"}],"url":"http://hl7.org/fhir/tools/StructureDefinition/ig-parameter"},{"extension":[{"url":"code","valueCode":"path-history"},{"url":"value","valueString":"http://fhir.kl.dk/rehab/history.html"}],"url":"http://hl7.org/fhir/tools/StructureDefinition/ig-parameter"},{"extension":[{"url":"code","valueCode":"template-html"},{"url":"value","valueString":"template-page.html"}],"url":"http://hl7.org/fhir/tools/StructureDefinition/ig-parameter"},{"extension":[{"url":"code","valueCode":"template-md"},{"url":"value","valueString":"template-page-md.html"}],"url":"http://hl7.org/fhir/tools/StructureDefinition/ig-parameter"},{"extension":[{"url":"code","valueCode":"apply-contact"},{"url":"value","valueString":"true"}],"url":"http://hl7.org/fhir/tools/StructureDefinition/ig-parameter"},{"extension":[{"url":"code","valueCode":"apply-context"},{"url":"value","valueString":"true"}],"url":"http://hl7.org/fhir/tools/StructureDefinition/ig-parameter"},{"extension":[{"url":"code","valueCode":"apply-copyright"},{"url":"value","valueString":"true"}],"url":"http://hl7.org/fhir/tools/StructureDefinition/ig-parameter"},{"extension":[{"url":"code","valueCode":"apply-jurisdiction"},{"url":"value","valueString":"true"}],"url":"http://hl7.org/fhir/tools/StructureDefinition/ig-parameter"},{"extension":[{"url":"code","valueCode":"apply-license"},{"url":"value","valueString":"true"}],"url":"http://hl7.org/fhir/tools/StructureDefinition/ig-parameter"},{"extension":[{"url":"code","valueCode":"apply-publisher"},{"url":"value","valueString":"true"}],"url":"http://hl7.org/fhir/tools/StructureDefinition/ig-parameter"},{"extension":[{"url":"code","valueCode":"apply-version"},{"url":"value","valueString":"true"}],"url":"http://hl7.org/fhir/tools/StructureDefinition/ig-parameter"},{"extension":[{"url":"code","valueCode":"apply-wg"},{"url":"value","valueString":"true"}],"url":"http://hl7.org/fhir/tools/StructureDefinition/ig-parameter"},{"extension":[{"url":"code","valueCode":"active-tables"},{"url":"value","valueString":"true"}],"url":"http://hl7.org/fhir/tools/StructureDefinition/ig-parameter"},{"extension":[{"url":"code","valueCode":"fmm-definition"},{"url":"value","valueString":"http://hl7.org/fhir/versions.html#maturity"}],"url":"http://hl7.org/fhir/tools/StructureDefinition/ig-parameter"},{"extension":[{"url":"code","valueCode":"propagate-status"},{"url":"value","valueString":"true"}],"url":"http://hl7.org/fhir/tools/StructureDefinition/ig-parameter"},{"extension":[{"url":"code","valueCode":"excludelogbinaryformat"},{"url":"value","valueString":"true"}],"url":"http://hl7.org/fhir/tools/StructureDefinition/ig-parameter"},{"extension":[{"url":"code","valueCode":"tabbed-snapshots"},{"url":"value","valueString":"true"}],"url":"http://hl7.org/fhir/tools/StructureDefinition/ig-parameter"},{"extension":[{"url":"code","valueCode":"copyrightyear"},{"url":"value","valueString":"2023+"}],"url":"http://hl7.org/fhir/tools/StructureDefinition/ig-parameter"},{"extension":[{"url":"code","valueCode":"releaselabel"},{"url":"value","valueString":"Release"}],"url":"http://hl7.org/fhir/tools/StructureDefinition/ig-parameter"},{"extension":[{"url":"code","valueCode":"autoload-resources"},{"url":"value","valueString":"true"}],"url":"http://hl7.org/fhir/tools/StructureDefinition/ig-parameter"},{"extension":[{"url":"code","valueCode":"path-liquid"},{"url":"value","valueString":"template/liquid"}],"url":"http://hl7.org/fhir/tools/StructureDefinition/ig-parameter"},{"extension":[{"url":"code","valueCode":"path-liquid"},{"url":"value","valueString":"input/liquid"}],"url":"http://hl7.org/fhir/tools/StructureDefinition/ig-parameter"},{"extension":[{"url":"code","valueCode":"path-qa"},{"url":"value","valueString":"temp/qa"}],"url":"http://hl7.org/fhir/tools/StructureDefinition/ig-parameter"},{"extension":[{"url":"code","valueCode":"path-temp"},{"url":"value","valueString":"temp/pages"}],"url":"http://hl7.org/fhir/tools/StructureDefinition/ig-parameter"},{"extension":[{"url":"code","valueCode":"path-output"},{"url":"value","valueString":"output"}],"url":"http://hl7.org/fhir/tools/StructureDefinition/ig-parameter"},{"extension":[{"url":"code","valueCode":"path-suppressed-warnings"},{"url":"value","valueString":"input/ignoreWarnings.txt"}],"url":"http://hl7.org/fhir/tools/StructureDefinition/ig-parameter"},{"extension":[{"url":"code","valueCode":"path-history"},{"url":"value","valueString":"http://fhir.kl.dk/rehab/history.html"}],"url":"http://hl7.org/fhir/tools/StructureDefinition/ig-parameter"},{"extension":[{"url":"code","valueCode":"template-html"},{"url":"value","valueString":"template-page.html"}],"url":"http://hl7.org/fhir/tools/StructureDefinition/ig-parameter"},{"extension":[{"url":"code","valueCode":"template-md"},{"url":"value","valueString":"template-page-md.html"}],"url":"http://hl7.org/fhir/tools/StructureDefinition/ig-parameter"},{"extension":[{"url":"code","valueCode":"apply-contact"},{"url":"value","valueString":"true"}],"url":"http://hl7.org/fhir/tools/StructureDefinition/ig-parameter"},{"extension":[{"url":"code","valueCode":"apply-context"},{"url":"value","valueString":"true"}],"url":"http://hl7.org/fhir/tools/StructureDefinition/ig-parameter"},{"extension":[{"url":"code","valueCode":"apply-copyright"},{"url":"value","valueString":"true"}],"url":"http://hl7.org/fhir/tools/StructureDefinition/ig-parameter"},{"extension":[{"url":"code","valueCode":"apply-jurisdiction"},{"url":"value","valueString":"true"}],"url":"http://hl7.org/fhir/tools/StructureDefinition/ig-parameter"},{"extension":[{"url":"code","valueCode":"apply-license"},{"url":"value","valueString":"true"}],"url":"http://hl7.org/fhir/tools/StructureDefinition/ig-parameter"},{"extension":[{"url":"code","valueCode":"apply-publisher"},{"url":"value","valueString":"true"}],"url":"http://hl7.org/fhir/tools/StructureDefinition/ig-parameter"},{"extension":[{"url":"code","valueCode":"apply-version"},{"url":"value","valueString":"true"}],"url":"http://hl7.org/fhir/tools/StructureDefinition/ig-parameter"},{"extension":[{"url":"code","valueCode":"apply-wg"},{"url":"value","valueString":"true"}],"url":"http://hl7.org/fhir/tools/StructureDefinition/ig-parameter"},{"extension":[{"url":"code","valueCode":"active-tables"},{"url":"value","valueString":"true"}],"url":"http://hl7.org/fhir/tools/StructureDefinition/ig-parameter"},{"extension":[{"url":"code","valueCode":"fmm-definition"},{"url":"value","valueString":"http://hl7.org/fhir/versions.html#maturity"}],"url":"http://hl7.org/fhir/tools/StructureDefinition/ig-parameter"},{"extension":[{"url":"code","valueCode":"propagate-status"},{"url":"value","valueString":"true"}],"url":"http://hl7.org/fhir/tools/StructureDefinition/ig-parameter"},{"extension":[{"url":"code","valueCode":"excludelogbinaryformat"},{"url":"value","valueString":"true"}],"url":"http://hl7.org/fhir/tools/StructureDefinition/ig-parameter"},{"extension":[{"url":"code","valueCode":"tabbed-snapshots"},{"url":"value","valueString":"true"}],"url":"http://hl7.org/fhir/tools/StructureDefinition/ig-parameter"}],"grouping":[{"id":"-str-profile","name":"Structures: Resource Profiles","description":"These define constraints on FHIR resources for systems conforming to this implementation guide."},{"id":"-str-extension","name":"Structures: Extension Definitions","description":"These define constraints on FHIR data types for systems conforming to this implementation guide."},{"id":"-term-valueset","name":"Terminology: Value Sets","description":"These define sets of codes used by systems conforming to this implementation guide."},{"id":"-ex-example","name":"Example: Example Instances","description":"These are example instances that show what data produced and consumed by systems conforming with this implementation guide might look like."}],"resource":[{"extension":[{"url":"http://hl7.org/fhir/tools/StructureDefinition/resource-sort","valueInteger":999999999},{"url":"http://hl7.org/fhir/StructureDefinition/implementationguide-page","valueUri":"StructureDefinition-klgateway-140-citizen.html"}],"reference":{"reference":"StructureDefinition/klgateway-140-citizen"},"name":"KLGateway140Citizen","description":"Administrative information about a citizen receiving care or care related services.","exampleBoolean":false,"groupingId":"-str-profile"},{"extension":[{"url":"http://hl7.org/fhir/tools/StructureDefinition/resource-sort","valueInteger":999999999},{"url":"http://hl7.org/fhir/StructureDefinition/implementationguide-page","valueUri":"StructureDefinition-klgateway-140-condition.html"}],"reference":{"reference":"StructureDefinition/klgateway-140-condition"},"name":"KLGateway140Condition","description":"Detailed information about condition relating to §140 care pathways","exampleBoolean":false,"groupingId":"-str-profile"},{"extension":[{"url":"http://hl7.org/fhir/tools/StructureDefinition/resource-sort","valueInteger":999999999},{"url":"http://hl7.org/fhir/StructureDefinition/implementationguide-page","valueUri":"StructureDefinition-klgateway-140-delivery-report.html"}],"reference":{"reference":"StructureDefinition/klgateway-140-delivery-report"},"name":"KLGateway140DeliveryReport","description":"Delivery report to deliver data for each citizen.","exampleBoolean":false,"groupingId":"-str-profile"},{"extension":[{"url":"http://hl7.org/fhir/tools/StructureDefinition/resource-sort","valueInteger":999999999},{"url":"http://hl7.org/fhir/StructureDefinition/implementationguide-page","valueUri":"StructureDefinition-klgateway-140-encounter.html"}],"reference":{"reference":"StructureDefinition/klgateway-140-encounter"},"name":"KLGateway140Encounter","description":"Encounter for first planned visits and all executed activities in a §140 care pathway","exampleBoolean":false,"groupingId":"-str-profile"},{"extension":[{"url":"http://hl7.org/fhir/tools/StructureDefinition/resource-sort","valueInteger":999999999},{"url":"http://hl7.org/fhir/StructureDefinition/implementationguide-page","valueUri":"StructureDefinition-klgateway-140-focus-condition.html"}],"reference":{"reference":"StructureDefinition/klgateway-140-focus-condition"},"name":"KLGateway140FocusCondition","description":"Conditions which may be used to express the problem of a citizen in Danish municipalities. Mostly used for cross sector use cases.","exampleBoolean":false,"groupingId":"-str-profile"},{"extension":[{"url":"http://hl7.org/fhir/tools/StructureDefinition/resource-sort","valueInteger":999999999},{"url":"http://hl7.org/fhir/StructureDefinition/implementationguide-page","valueUri":"StructureDefinition-klgateway-140-organization.html"}],"reference":{"reference":"StructureDefinition/klgateway-140-organization"},"name":"KLGateway140Organization","description":"Organization as expressed in KLGateway for rehabilitation.","exampleBoolean":false,"groupingId":"-str-profile"},{"extension":[{"url":"http://hl7.org/fhir/tools/StructureDefinition/resource-sort","valueInteger":999999999},{"url":"http://hl7.org/fhir/StructureDefinition/implementationguide-page","valueUri":"StructureDefinition-klgateway-140-planned-intervention.html"}],"reference":{"reference":"StructureDefinition/klgateway-140-planned-intervention"},"name":"KLGateway140PlannedIntervention","description":"Planned interventions for §140 rehabilitation in Danish Municipalities.","exampleBoolean":false,"groupingId":"-str-profile"},{"extension":[{"url":"http://hl7.org/fhir/tools/StructureDefinition/resource-sort","valueInteger":999999999},{"url":"http://hl7.org/fhir/StructureDefinition/implementationguide-page","valueUri":"StructureDefinition-klgateway-140-servicerequest.html"}],"reference":{"reference":"StructureDefinition/klgateway-140-servicerequest"},"name":"KLGateway140ServiceRequest","description":"Referal used to represent information about the training-referal (GGOP) from a hospital to a Danish municipalities","exampleBoolean":false,"groupingId":"-str-profile"},{"extension":[{"url":"http://hl7.org/fhir/tools/StructureDefinition/resource-sort","valueInteger":999999999},{"url":"http://hl7.org/fhir/StructureDefinition/implementationguide-page","valueUri":"StructureDefinition-klgateway-140-care-plan.html"}],"reference":{"reference":"StructureDefinition/klgateway-140-care-plan"},"name":"KLGateway140care-plan","description":"Care plans for §140 rehabilitation in Danish Municipalities.","exampleBoolean":false,"groupingId":"-str-profile"},{"extension":[{"url":"http://hl7.org/fhir/tools/StructureDefinition/resource-sort","valueInteger":999999999},{"url":"http://hl7.org/fhir/StructureDefinition/implementationguide-page","valueUri":"StructureDefinition-DeliveryType.html"}],"reference":{"reference":"StructureDefinition/DeliveryType"},"name":"DeliveryType","description":"Extension for a code that specifies some context of how a treatment-activity is delivered to a patient","exampleBoolean":false,"groupingId":"-str-extension"},{"extension":[{"url":"http://hl7.org/fhir/tools/StructureDefinition/resource-sort","valueInteger":999999999},{"url":"http://hl7.org/fhir/StructureDefinition/implementationguide-page","valueUri":"StructureDefinition-PreconditionDate.html"}],"reference":{"reference":"StructureDefinition/PreconditionDate"},"name":"PreconditionDate","description":"Extension for a date that needs to occur before the service requested can be performed","exampleBoolean":false,"groupingId":"-str-extension"},{"extension":[{"url":"http://hl7.org/fhir/tools/StructureDefinition/resource-sort","valueInteger":999999999},{"url":"http://hl7.org/fhir/StructureDefinition/implementationguide-page","valueUri":"StructureDefinition-BasedOnCarePlanExtension.html"}],"reference":{"reference":"StructureDefinition/BasedOnCarePlanExtension"},"name":"basedOnCarePlanExtension","description":"Extension for pointing to the careplan describing why this encounter is taking place, will be part of R5 without needing the extension","exampleBoolean":false,"groupingId":"-str-extension"},{"extension":[{"url":"http://hl7.org/fhir/tools/StructureDefinition/resource-sort","valueInteger":999999999},{"url":"http://hl7.org/fhir/StructureDefinition/implementationguide-page","valueUri":"StructureDefinition-BasedOnServiceRequestExtension.html"}],"reference":{"reference":"StructureDefinition/BasedOnServiceRequestExtension"},"name":"basedOnServiceRequestExtension","description":"Extension for pointing to the servicerequest, that started an intervention","exampleBoolean":false,"groupingId":"-str-extension"},{"extension":[{"url":"http://hl7.org/fhir/tools/StructureDefinition/resource-sort","valueInteger":999999999},{"url":"http://hl7.org/fhir/StructureDefinition/implementationguide-page","valueUri":"ValueSet-CancellationTypes.html"}],"reference":{"reference":"ValueSet/CancellationTypes"},"name":"CancellationTypes","description":"Cancellation valueset, to be implemented in KL-term or MedCom-term","exampleBoolean":false,"groupingId":"-term-valueset"},{"extension":[{"url":"http://hl7.org/fhir/tools/StructureDefinition/resource-sort","valueInteger":999999999},{"url":"http://hl7.org/fhir/StructureDefinition/implementationguide-page","valueUri":"ValueSet-CarePlanCategories140.html"}],"reference":{"reference":"ValueSet/CarePlanCategories140"},"name":"CarePlanCategories","description":"The care plan categories usefull for §140","exampleBoolean":false,"groupingId":"-term-valueset"},{"extension":[{"url":"http://hl7.org/fhir/tools/StructureDefinition/resource-sort","valueInteger":999999999},{"url":"http://hl7.org/fhir/StructureDefinition/implementationguide-page","valueUri":"ValueSet-DeliveryTypes140.html"}],"reference":{"reference":"ValueSet/DeliveryTypes140"},"name":"DeliveryTypes","description":"The delivery context types allowed in §140 rehabilitation","exampleBoolean":false,"groupingId":"-term-valueset"},{"extension":[{"url":"http://hl7.org/fhir/tools/StructureDefinition/resource-sort","valueInteger":999999999},{"url":"http://hl7.org/fhir/StructureDefinition/implementationguide-page","valueUri":"ValueSet-ServiceRequestStatusReasons140.html"}],"reference":{"reference":"ValueSet/ServiceRequestStatusReasons140"},"name":"ServiceRequestStatusReasons","description":"Status Reason codes as used in §140 rehabilitation","exampleBoolean":false,"groupingId":"-term-valueset"},{"extension":[{"url":"http://hl7.org/fhir/tools/StructureDefinition/resource-sort","valueInteger":999999999},{"url":"http://hl7.org/fhir/StructureDefinition/implementationguide-page","valueUri":"ValueSet-ServiceRequestTypes140.html"}],"reference":{"reference":"ValueSet/ServiceRequestTypes140"},"name":"ServiceRequestTypes","description":"The type of ServicRequest (GGOP), as defined by MedCom, supplemented by the two municipality specific types","exampleBoolean":false,"groupingId":"-term-valueset"},{"extension":[{"url":"http://hl7.org/fhir/tools/StructureDefinition/resource-sort","valueInteger":999999999},{"url":"http://hl7.org/fhir/StructureDefinition/implementationguide-page","valueUri":"ValueSet-ServiceTypes140.html"}],"reference":{"reference":"ValueSet/ServiceTypes140"},"name":"ServiceTypes","description":"The service types allowed in §140","exampleBoolean":false,"groupingId":"-term-valueset"},{"extension":[{"url":"http://hl7.org/fhir/tools/StructureDefinition/resource-sort","valueInteger":999999999},{"url":"http://hl7.org/fhir/StructureDefinition/implementationguide-page","valueUri":"ValueSet-Conditions140.html"}],"reference":{"reference":"ValueSet/Conditions140"},"name":"§140 tilstande","description":"Danish municipality theraphy condition codes","exampleBoolean":false,"groupingId":"-term-valueset"},{"extension":[{"url":"http://hl7.org/fhir/tools/StructureDefinition/resource-sort","valueInteger":999999999},{"url":"http://hl7.org/fhir/StructureDefinition/implementationguide-page","valueUri":"Bundle-4a391f69-a909-4a79-92bd-1b0f812dc52a.html"}],"reference":{"reference":"Bundle/4a391f69-a909-4a79-92bd-1b0f812dc52a"},"name":"4a391f69-a909-4a79-92bd-1b0f812dc52a","description":"DeliveryReport-Ruddi-6","exampleCanonical":"http://fhir.kl.dk/rehab/StructureDefinition/klgateway-140-delivery-report","groupingId":"-ex-example"},{"extension":[{"url":"http://hl7.org/fhir/tools/StructureDefinition/resource-sort","valueInteger":999999999},{"url":"http://hl7.org/fhir/StructureDefinition/implementationguide-page","valueUri":"Bundle-4b9443a2-7231-4387-8e3d-614bf193df49.html"}],"reference":{"reference":"Bundle/4b9443a2-7231-4387-8e3d-614bf193df49"},"name":"4b9443a2-7231-4387-8e3d-614bf193df49","description":"DeliveryReport-Ruddi-2","exampleCanonical":"http://fhir.kl.dk/rehab/StructureDefinition/klgateway-140-delivery-report","groupingId":"-ex-example"},{"extension":[{"url":"http://hl7.org/fhir/tools/StructureDefinition/resource-sort","valueInteger":999999999},{"url":"http://hl7.org/fhir/StructureDefinition/implementationguide-page","valueUri":"Bundle-9960b8dc-5ebf-4166-83d7-b042bcc6aca5.html"}],"reference":{"reference":"Bundle/9960b8dc-5ebf-4166-83d7-b042bcc6aca5"},"name":"9960b8dc-5ebf-4166-83d7-b042bcc6aca5","description":"DeliveryReport-Ruddi-7","exampleCanonical":"http://fhir.kl.dk/rehab/StructureDefinition/klgateway-140-delivery-report","groupingId":"-ex-example"},{"extension":[{"url":"http://hl7.org/fhir/tools/StructureDefinition/resource-sort","valueInteger":999999999},{"url":"http://hl7.org/fhir/StructureDefinition/implementationguide-page","valueUri":"Organization-AfsenderAfRuddisGGOP.html"}],"reference":{"reference":"Organization/AfsenderAfRuddisGGOP"},"name":"AfsenderAfRuddisGGOP","description":"Ortopædkirurgisk afdeling Holbæk sygehus, der er afsender af Ruddis GGOP","exampleCanonical":"http://fhir.kl.dk/rehab/StructureDefinition/klgateway-140-organization","groupingId":"-ex-example"},{"extension":[{"url":"http://hl7.org/fhir/tools/StructureDefinition/resource-sort","valueInteger":999999999},{"url":"http://hl7.org/fhir/StructureDefinition/implementationguide-page","valueUri":"Condition-RuddiAktionsdiagnoseGGOP.html"}],"reference":{"reference":"Condition/RuddiAktionsdiagnoseGGOP"},"name":"RuddiAktionsdiagnoseGGOP","description":"Ruddis aktionsdiagnose fra GGOP, hvor man kan se, at han har haft en pertrokantær femurfraktur","exampleCanonical":"http://fhir.kl.dk/rehab/StructureDefinition/klgateway-140-focus-condition","groupingId":"-ex-example"},{"extension":[{"url":"http://hl7.org/fhir/tools/StructureDefinition/resource-sort","valueInteger":999999999},{"url":"http://hl7.org/fhir/StructureDefinition/implementationguide-page","valueUri":"CarePlan-RuddiFunctionalTraening.html"}],"reference":{"reference":"CarePlan/RuddiFunctionalTraening"},"name":"RuddiFundktionsTræning","description":"Ruddi's funktions-træningsindsats","exampleCanonical":"http://fhir.kl.dk/rehab/StructureDefinition/klgateway-140-planned-intervention","groupingId":"-ex-example"},{"extension":[{"url":"http://hl7.org/fhir/tools/StructureDefinition/resource-sort","valueInteger":999999999},{"url":"http://hl7.org/fhir/StructureDefinition/implementationguide-page","valueUri":"ServiceRequest-RuddiGGOPInformation.html"}],"reference":{"reference":"ServiceRequest/RuddiGGOPInformation"},"name":"RuddiGGOPInformation","description":"Information fra Ruddis GGOP, der er baggrunden for at igangsætte indsatsen i kommunen","exampleCanonical":"http://fhir.kl.dk/rehab/StructureDefinition/klgateway-140-servicerequest","groupingId":"-ex-example"},{"extension":[{"url":"http://hl7.org/fhir/tools/StructureDefinition/resource-sort","valueInteger":999999999},{"url":"http://hl7.org/fhir/StructureDefinition/implementationguide-page","valueUri":"Bundle-RuddiIndberetningsrapport.html"}],"reference":{"reference":"Bundle/RuddiIndberetningsrapport"},"name":"RuddiIndberetningsrapport","description":"Indberetning for Ruddi","exampleCanonical":"http://fhir.kl.dk/rehab/StructureDefinition/klgateway-140-delivery-report","groupingId":"-ex-example"},{"extension":[{"url":"http://hl7.org/fhir/tools/StructureDefinition/resource-sort","valueInteger":999999999},{"url":"http://hl7.org/fhir/StructureDefinition/implementationguide-page","valueUri":"Encounter-RuddiKontakt1Traening.html"}],"reference":{"reference":"Encounter/RuddiKontakt1Traening"},"name":"RuddiKontakt1Traening","description":"Ruddis kontakt, hvor han har første træningsgang","exampleCanonical":"http://fhir.kl.dk/rehab/StructureDefinition/klgateway-140-encounter","groupingId":"-ex-example"},{"extension":[{"url":"http://hl7.org/fhir/tools/StructureDefinition/resource-sort","valueInteger":999999999},{"url":"http://hl7.org/fhir/StructureDefinition/implementationguide-page","valueUri":"Encounter-RuddiKontaktUndersoegelse.html"}],"reference":{"reference":"Encounter/RuddiKontaktUndersoegelse"},"name":"RuddiKontaktUndersøgelse","description":"Ruddis kontakt, hvor der er udført en terapeutfaglig undersøgelse","exampleCanonical":"http://fhir.kl.dk/rehab/StructureDefinition/klgateway-140-encounter","groupingId":"-ex-example"},{"extension":[{"url":"http://hl7.org/fhir/tools/StructureDefinition/resource-sort","valueInteger":999999999},{"url":"http://hl7.org/fhir/StructureDefinition/implementationguide-page","valueUri":"CarePlan-RuddiTerapeutfagligUndersoegelse.html"}],"reference":{"reference":"CarePlan/RuddiTerapeutfagligUndersoegelse"},"name":"RuddiTerapeutfagligUndersøgelse","description":"Ruddi's terapeutfaglige undersøgelse","exampleCanonical":"http://fhir.kl.dk/rehab/StructureDefinition/klgateway-140-planned-intervention","groupingId":"-ex-example"},{"extension":[{"url":"http://hl7.org/fhir/tools/StructureDefinition/resource-sort","valueInteger":999999999},{"url":"http://hl7.org/fhir/StructureDefinition/implementationguide-page","valueUri":"Patient-RuddiTestBerggren.html"}],"reference":{"reference":"Patient/RuddiTestBerggren"},"name":"RuddiTestBerggren","description":"Test personen Ruddi, fra MedCom test-cprnumre. Holbæk kommune er journalførende organisation.","exampleCanonical":"http://fhir.kl.dk/rehab/StructureDefinition/klgateway-140-citizen","groupingId":"-ex-example"},{"extension":[{"url":"http://hl7.org/fhir/tools/StructureDefinition/resource-sort","valueInteger":999999999},{"url":"http://hl7.org/fhir/StructureDefinition/implementationguide-page","valueUri":"Condition-RuddiTilstand.html"}],"reference":{"reference":"Condition/RuddiTilstand"},"name":"RuddiTilstand","description":"Ruddis Tilstand vedrørende mobilitet og bevægelse","exampleCanonical":"http://fhir.kl.dk/rehab/StructureDefinition/klgateway-140-condition","groupingId":"-ex-example"},{"extension":[{"url":"http://hl7.org/fhir/tools/StructureDefinition/resource-sort","valueInteger":999999999},{"url":"http://hl7.org/fhir/StructureDefinition/implementationguide-page","valueUri":"CarePlan-RuddiTraening.html"}],"reference":{"reference":"CarePlan/RuddiTraening"},"name":"RuddiTræning","description":"Ruddi's træningsindsats","exampleCanonical":"http://fhir.kl.dk/rehab/StructureDefinition/klgateway-140-planned-intervention","groupingId":"-ex-example"},{"extension":[{"url":"http://hl7.org/fhir/tools/StructureDefinition/resource-sort","valueInteger":999999999},{"url":"http://hl7.org/fhir/StructureDefinition/implementationguide-page","valueUri":"CarePlan-RuddiTraeningsforloeb.html"}],"reference":{"reference":"CarePlan/RuddiTraeningsforloeb"},"name":"RuddiTræningsforløb","description":"Ruddi's træningsforløb","exampleCanonical":"http://fhir.kl.dk/rehab/StructureDefinition/klgateway-140-care-plan","groupingId":"-ex-example"},{"extension":[{"url":"http://hl7.org/fhir/tools/StructureDefinition/resource-sort","valueInteger":999999999},{"url":"http://hl7.org/fhir/StructureDefinition/implementationguide-page","valueUri":"Organization-7fdd6dc0-3f9f-4914-b34a-7c6495ba0880.html"}],"reference":{"reference":"Organization/7fdd6dc0-3f9f-4914-b34a-7c6495ba0880"},"name":"UdførerAfRuddisGenoptræning","description":"Genoptræningscenteret Holbæk kommune, der er udfører af Ruddis genoptræning","exampleCanonical":"http://fhir.kl.dk/rehab/StructureDefinition/klgateway-140-organization","groupingId":"-ex-example"},{"extension":[{"url":"http://hl7.org/fhir/tools/StructureDefinition/resource-sort","valueInteger":999999999},{"url":"http://hl7.org/fhir/StructureDefinition/implementationguide-page","valueUri":"Organization-UdfoererAfRuddisRehab.html"}],"reference":{"reference":"Organization/UdfoererAfRuddisRehab"},"name":"UdførerAfRuddisGenoptræning","description":"Genoptræningscenteret Holbæk kommune, der er udfører af Ruddis genoptræning","exampleCanonical":"http://fhir.kl.dk/rehab/StructureDefinition/klgateway-140-organization","groupingId":"-ex-example"},{"extension":[{"url":"http://hl7.org/fhir/tools/StructureDefinition/resource-sort","valueInteger":999999999},{"url":"http://hl7.org/fhir/StructureDefinition/implementationguide-page","valueUri":"Bundle-c2f75bbf-2027-41bf-b597-de5e242f2b3d.html"}],"reference":{"reference":"Bundle/c2f75bbf-2027-41bf-b597-de5e242f2b3d"},"name":"c2f75bbf-2027-41bf-b597-de5e242f2b3d","description":"DeliveryReport-Ruddi-8","exampleCanonical":"http://fhir.kl.dk/rehab/StructureDefinition/klgateway-140-delivery-report","groupingId":"-ex-example"},{"extension":[{"url":"http://hl7.org/fhir/tools/StructureDefinition/resource-sort","valueInteger":999999999},{"url":"http://hl7.org/fhir/StructureDefinition/implementationguide-page","valueUri":"Bundle-e87d5e68-e5f3-476f-988f-4efda86b0645.html"}],"reference":{"reference":"Bundle/e87d5e68-e5f3-476f-988f-4efda86b0645"},"name":"e87d5e68-e5f3-476f-988f-4efda86b0645","description":"DeliveryReport-Ruddi-1","exampleCanonical":"http://fhir.kl.dk/rehab/StructureDefinition/klgateway-140-delivery-report","groupingId":"-ex-example"}],"page":{"extension":[{"url":"http://hl7.org/fhir/tools/StructureDefinition/ig-page-name","valueUrl":"toc.html"}],"nameUrl":"toc.html","title":"Table of Contents","generation":"html","page":[{"extension":[{"url":"http://hl7.org/fhir/tools/StructureDefinition/ig-page-name","valueUrl":"index.html"}],"nameUrl":"index.html","title":"Home","generation":"markdown"},{"extension":[{"url":"http://hl7.org/fhir/tools/StructureDefinition/ig-page-name","valueUrl":"example.html"}],"nameUrl":"example.html","title":"Example","generation":"markdown"},{"extension":[{"url":"http://hl7.org/fhir/tools/StructureDefinition/ig-page-name","valueUrl":"artifacts.html"}],"nameUrl":"artifacts.html","title":"Artifacts Summary","generation":"html","page":[{"extension":[{"url":"http://hl7.org/fhir/tools/StructureDefinition/ig-page-name","valueUrl":"StructureDefinition-klgateway-140-care-plan.html"}],"nameUrl":"StructureDefinition-klgateway-140-care-plan.html","title":"KLGateway140care-plan","generation":"generated"},{"extension":[{"url":"http://hl7.org/fhir/tools/StructureDefinition/ig-page-name","valueUrl":"StructureDefinition-klgateway-140-citizen.html"}],"nameUrl":"StructureDefinition-klgateway-140-citizen.html","title":"KLGateway140Citizen","generation":"generated"},{"extension":[{"url":"http://hl7.org/fhir/tools/StructureDefinition/ig-page-name","valueUrl":"StructureDefinition-klgateway-140-condition.html"}],"nameUrl":"StructureDefinition-klgateway-140-condition.html","title":"KLGateway140Condition","generation":"generated"},{"extension":[{"url":"http://hl7.org/fhir/tools/StructureDefinition/ig-page-name","valueUrl":"StructureDefinition-klgateway-140-delivery-report.html"}],"nameUrl":"StructureDefinition-klgateway-140-delivery-report.html","title":"KLGateway140DeliveryReport","generation":"generated"},{"extension":[{"url":"http://hl7.org/fhir/tools/StructureDefinition/ig-page-name","valueUrl":"StructureDefinition-klgateway-140-encounter.html"}],"nameUrl":"StructureDefinition-klgateway-140-encounter.html","title":"KLGateway140Encounter","generation":"generated"},{"extension":[{"url":"http://hl7.org/fhir/tools/StructureDefinition/ig-page-name","valueUrl":"StructureDefinition-klgateway-140-focus-condition.html"}],"nameUrl":"StructureDefinition-klgateway-140-focus-condition.html","title":"KLGateway140FocusCondition","generation":"generated"},{"extension":[{"url":"http://hl7.org/fhir/tools/StructureDefinition/ig-page-name","valueUrl":"StructureDefinition-klgateway-140-organization.html"}],"nameUrl":"StructureDefinition-klgateway-140-organization.html","title":"KLGateway140Organization","generation":"generated"},{"extension":[{"url":"http://hl7.org/fhir/tools/StructureDefinition/ig-page-name","valueUrl":"StructureDefinition-klgateway-140-planned-intervention.html"}],"nameUrl":"StructureDefinition-klgateway-140-planned-intervention.html","title":"KLGateway140PlannedIntervention","generation":"generated"},{"extension":[{"url":"http://hl7.org/fhir/tools/StructureDefinition/ig-page-name","valueUrl":"StructureDefinition-klgateway-140-servicerequest.html"}],"nameUrl":"StructureDefinition-klgateway-140-servicerequest.html","title":"KLGateway140ServiceRequest","generation":"generated"},{"extension":[{"url":"http://hl7.org/fhir/tools/StructureDefinition/ig-page-name","valueUrl":"StructureDefinition-BasedOnCarePlanExtension.html"}],"nameUrl":"StructureDefinition-BasedOnCarePlanExtension.html","title":"basedOnCarePlanExtension","generation":"generated"},{"extension":[{"url":"http://hl7.org/fhir/tools/StructureDefinition/ig-page-name","valueUrl":"StructureDefinition-BasedOnServiceRequestExtension.html"}],"nameUrl":"StructureDefinition-BasedOnServiceRequestExtension.html","title":"basedOnServiceRequestExtension","generation":"generated"},{"extension":[{"url":"http://hl7.org/fhir/tools/StructureDefinition/ig-page-name","valueUrl":"StructureDefinition-DeliveryType.html"}],"nameUrl":"StructureDefinition-DeliveryType.html","title":"DeliveryType","generation":"generated"},{"extension":[{"url":"http://hl7.org/fhir/tools/StructureDefinition/ig-page-name","valueUrl":"StructureDefinition-PreconditionDate.html"}],"nameUrl":"StructureDefinition-PreconditionDate.html","title":"PreconditionDate","generation":"generated"},{"extension":[{"url":"http://hl7.org/fhir/tools/StructureDefinition/ig-page-name","valueUrl":"ValueSet-CancellationTypes.html"}],"nameUrl":"ValueSet-CancellationTypes.html","title":"CancellationTypes","generation":"generated"},{"extension":[{"url":"http://hl7.org/fhir/tools/StructureDefinition/ig-page-name","valueUrl":"ValueSet-CarePlanCategories140.html"}],"nameUrl":"ValueSet-CarePlanCategories140.html","title":"CarePlanCategories","generation":"generated"},{"extension":[{"url":"http://hl7.org/fhir/tools/StructureDefinition/ig-page-name","valueUrl":"ValueSet-DeliveryTypes140.html"}],"nameUrl":"ValueSet-DeliveryTypes140.html","title":"DeliveryTypes","generation":"generated"},{"extension":[{"url":"http://hl7.org/fhir/tools/StructureDefinition/ig-page-name","valueUrl":"ValueSet-ServiceRequestStatusReasons140.html"}],"nameUrl":"ValueSet-ServiceRequestStatusReasons140.html","title":"ServiceRequestStatusReasons","generation":"generated"},{"extension":[{"url":"http://hl7.org/fhir/tools/StructureDefinition/ig-page-name","valueUrl":"ValueSet-ServiceRequestTypes140.html"}],"nameUrl":"ValueSet-ServiceRequestTypes140.html","title":"ServiceRequestTypes","generation":"generated"},{"extension":[{"url":"http://hl7.org/fhir/tools/StructureDefinition/ig-page-name","valueUrl":"ValueSet-ServiceTypes140.html"}],"nameUrl":"ValueSet-ServiceTypes140.html","title":"ServiceTypes","generation":"generated"},{"extension":[{"url":"http://hl7.org/fhir/tools/StructureDefinition/ig-page-name","valueUrl":"ValueSet-Conditions140.html"}],"nameUrl":"ValueSet-Conditions140.html","title":"§140 tilstande","generation":"generated"},{"extension":[{"url":"http://hl7.org/fhir/tools/StructureDefinition/ig-page-name","valueUrl":"Bundle-4a391f69-a909-4a79-92bd-1b0f812dc52a.html"}],"nameUrl":"Bundle-4a391f69-a909-4a79-92bd-1b0f812dc52a.html","title":"4a391f69-a909-4a79-92bd-1b0f812dc52a","generation":"generated"},{"extension":[{"url":"http://hl7.org/fhir/tools/StructureDefinition/ig-page-name","valueUrl":"Bundle-4b9443a2-7231-4387-8e3d-614bf193df49.html"}],"nameUrl":"Bundle-4b9443a2-7231-4387-8e3d-614bf193df49.html","title":"4b9443a2-7231-4387-8e3d-614bf193df49","generation":"generated"},{"extension":[{"url":"http://hl7.org/fhir/tools/StructureDefinition/ig-page-name","valueUrl":"Bundle-9960b8dc-5ebf-4166-83d7-b042bcc6aca5.html"}],"nameUrl":"Bundle-9960b8dc-5ebf-4166-83d7-b042bcc6aca5.html","title":"9960b8dc-5ebf-4166-83d7-b042bcc6aca5","generation":"generated"},{"extension":[{"url":"http://hl7.org/fhir/tools/StructureDefinition/ig-page-name","valueUrl":"Organization-AfsenderAfRuddisGGOP.html"}],"nameUrl":"Organization-AfsenderAfRuddisGGOP.html","title":"AfsenderAfRuddisGGOP","generation":"generated"},{"extension":[{"url":"http://hl7.org/fhir/tools/StructureDefinition/ig-page-name","valueUrl":"Bundle-c2f75bbf-2027-41bf-b597-de5e242f2b3d.html"}],"nameUrl":"Bundle-c2f75bbf-2027-41bf-b597-de5e242f2b3d.html","title":"c2f75bbf-2027-41bf-b597-de5e242f2b3d","generation":"generated"},{"extension":[{"url":"http://hl7.org/fhir/tools/StructureDefinition/ig-page-name","valueUrl":"Bundle-e87d5e68-e5f3-476f-988f-4efda86b0645.html"}],"nameUrl":"Bundle-e87d5e68-e5f3-476f-988f-4efda86b0645.html","title":"e87d5e68-e5f3-476f-988f-4efda86b0645","generation":"generated"},{"extension":[{"url":"http://hl7.org/fhir/tools/StructureDefinition/ig-page-name","valueUrl":"Condition-RuddiAktionsdiagnoseGGOP.html"}],"nameUrl":"Condition-RuddiAktionsdiagnoseGGOP.html","title":"RuddiAktionsdiagnoseGGOP","generation":"generated"},{"extension":[{"url":"http://hl7.org/fhir/tools/StructureDefinition/ig-page-name","valueUrl":"CarePlan-RuddiFunctionalTraening.html"}],"nameUrl":"CarePlan-RuddiFunctionalTraening.html","title":"RuddiFundktionsTræning","generation":"generated"},{"extension":[{"url":"http://hl7.org/fhir/tools/StructureDefinition/ig-page-name","valueUrl":"ServiceRequest-RuddiGGOPInformation.html"}],"nameUrl":"ServiceRequest-RuddiGGOPInformation.html","title":"RuddiGGOPInformation","generation":"generated"},{"extension":[{"url":"http://hl7.org/fhir/tools/StructureDefinition/ig-page-name","valueUrl":"Bundle-RuddiIndberetningsrapport.html"}],"nameUrl":"Bundle-RuddiIndberetningsrapport.html","title":"RuddiIndberetningsrapport","generation":"generated"},{"extension":[{"url":"http://hl7.org/fhir/tools/StructureDefinition/ig-page-name","valueUrl":"Encounter-RuddiKontakt1Traening.html"}],"nameUrl":"Encounter-RuddiKontakt1Traening.html","title":"RuddiKontakt1Traening","generation":"generated"},{"extension":[{"url":"http://hl7.org/fhir/tools/StructureDefinition/ig-page-name","valueUrl":"Encounter-RuddiKontaktUndersoegelse.html"}],"nameUrl":"Encounter-RuddiKontaktUndersoegelse.html","title":"RuddiKontaktUndersøgelse","generation":"generated"},{"extension":[{"url":"http://hl7.org/fhir/tools/StructureDefinition/ig-page-name","valueUrl":"CarePlan-RuddiTerapeutfagligUndersoegelse.html"}],"nameUrl":"CarePlan-RuddiTerapeutfagligUndersoegelse.html","title":"RuddiTerapeutfagligUndersøgelse","generation":"generated"},{"extension":[{"url":"http://hl7.org/fhir/tools/StructureDefinition/ig-page-name","valueUrl":"Patient-RuddiTestBerggren.html"}],"nameUrl":"Patient-RuddiTestBerggren.html","title":"RuddiTestBerggren","generation":"generated"},{"extension":[{"url":"http://hl7.org/fhir/tools/StructureDefinition/ig-page-name","valueUrl":"Condition-RuddiTilstand.html"}],"nameUrl":"Condition-RuddiTilstand.html","title":"RuddiTilstand","generation":"generated"},{"extension":[{"url":"http://hl7.org/fhir/tools/StructureDefinition/ig-page-name","valueUrl":"CarePlan-RuddiTraening.html"}],"nameUrl":"CarePlan-RuddiTraening.html","title":"RuddiTræning","generation":"generated"},{"extension":[{"url":"http://hl7.org/fhir/tools/StructureDefinition/ig-page-name","valueUrl":"CarePlan-RuddiTraeningsforloeb.html"}],"nameUrl":"CarePlan-RuddiTraeningsforloeb.html","title":"RuddiTræningsforløb","generation":"generated"},{"extension":[{"url":"http://hl7.org/fhir/tools/StructureDefinition/ig-page-name","valueUrl":"Organization-UdfoererAfRuddisRehab.html"}],"nameUrl":"Organization-UdfoererAfRuddisRehab.html","title":"UdførerAfRuddisGenoptræning","generation":"generated"},{"extension":[{"url":"http://hl7.org/fhir/tools/StructureDefinition/ig-page-name","valueUrl":"Organization-7fdd6dc0-3f9f-4914-b34a-7c6495ba0880.html"}],"nameUrl":"Organization-7fdd6dc0-3f9f-4914-b34a-7c6495ba0880.html","title":"UdførerAfRuddisGenoptræning","generation":"generated"}]}]},"parameter":[{"code":"path-resource","value":"input/capabilities"},{"code":"path-resource","value":"input/examples"},{"code":"path-resource","value":"input/extensions"},{"code":"path-resource","value":"input/models"},{"code":"path-resource","value":"input/operations"},{"code":"path-resource","value":"input/profiles"},{"code":"path-resource","value":"input/resources"},{"code":"path-resource","value":"input/vocabulary"},{"code":"path-resource","value":"input/maps"},{"code":"path-resource","value":"input/testing"},{"code":"path-resource","value":"input/history"},{"code":"path-resource","value":"fsh-generated/resources"},{"code":"path-pages","value":"template/config"},{"code":"path-pages","value":"input/images"},{"code":"path-tx-cache","value":"input-cache/txcache"}]}}