<?xml version="1.0" encoding="UTF-8"?><ValueSet xmlns="http://hl7.org/fhir"><id value="KLEvaluationTypeCodesSCT"/><text><status value="generated"/><div xmlns="http://www.w3.org/1999/xhtml"><ul><li>Include codes from <a href="http://www.snomed.org/"><code>http://snomed.info/sct</code></a> where concept  is-a  225400002 (Personal assessment)</li></ul></div></text><url value="http://kl.dk/fhir/common/caresocial/ValueSet/KLEvaluationTypeCodesSCT"/><version value="0.7.0"/><name value="KLEvaluationTypeCodesSCT"/><title value="KLVurderingTypekoderSCT"/><status value="draft"/><date value="2023-07-06T08:45:08+02:00"/><publisher value="Kommunernes landsforening"/><contact><name value="Kommunernes landsforening"/><telecom><system value="url"/><value value="http://kl.dk"/></telecom><telecom><system value="email"/><value value="kl@kl.dk"/></telecom></contact><description value="SNOMED CT codes used to distinguish different kinds of evaluations"/><jurisdiction><coding><system value="urn:iso:std:iso:3166"/><code value="DNK"/><display value="Denmark"/></coding></jurisdiction><compose><include><system value="http://snomed.info/sct"/><filter><property value="concept"/><op value="is-a"/><value value="225400002"/></filter></include></compose></ValueSet>