<?xml version="1.0" encoding="UTF-8"?><ValueSet xmlns="http://hl7.org/fhir"><id value="KLMatterOfInterestValues"/><text><status value="generated"/><div xmlns="http://www.w3.org/1999/xhtml"><p>This value set includes codes based on the following rules:</p><ul><li>Include these codes as defined in <a href="CodeSystem-FSIII.html"><code>http://kl.dk/fhir/common/caresocial/CodeSystem/FSIII</code></a><table class="none"><tr><td style="white-space:nowrap"><b>Code</b></td><td><b>Display</b></td></tr><tr><td><a href="CodeSystem-FSIII.html#FSIII-B6">B6</a></td><td>Ikke relevant</td></tr></table></li><li>Include these codes as defined in <a href="CodeSystem-FFB.html"><code>http://kl.dk/fhir/common/caresocial/CodeSystem/FFB</code></a><table class="none"><tr><td style="white-space:nowrap"><b>Code</b></td><td><b>Display</b></td></tr><tr><td><a href="CodeSystem-FFB.html#FFB-2254dac8-8aa3-4334-8502-9720194f49ad">2254dac8-8aa3-4334-8502-9720194f49ad</a></td><td>Ikke vurderet</td></tr></table></li></ul></div></text><url value="http://kl.dk/fhir/common/caresocial/ValueSet/KLMatterOfInterestValues"/><version value="0.7.0"/><name value="KLMatterOfInterestValues"/><title value="KLOplysningKoder"/><status value="draft"/><date value="2023-07-06T08:45:08+02:00"/><publisher value="Kommunernes landsforening"/><contact><name value="Kommunernes landsforening"/><telecom><system value="url"/><value value="http://kl.dk"/></telecom><telecom><system value="email"/><value value="kl@kl.dk"/></telecom></contact><description value="Matter of interes values to support when no observations have been made"/><jurisdiction><coding><system value="urn:iso:std:iso:3166"/><code value="DNK"/><display value="Denmark"/></coding></jurisdiction><compose><include><system value="http://kl.dk/fhir/common/caresocial/CodeSystem/FSIII"/><concept><code value="B6"/></concept></include><include><system value="http://kl.dk/fhir/common/caresocial/CodeSystem/FFB"/><concept><code value="2254dac8-8aa3-4334-8502-9720194f49ad"/></concept></include></compose></ValueSet>