<?xml version="1.0" encoding="UTF-8"?><ValueSet xmlns="http://hl7.org/fhir"><id value="KLMatterOfInterestInformerFFB"/><text><status value="extensions"/><div xmlns="http://www.w3.org/1999/xhtml"><ul><li>Include these codes as defined in <a href="CodeSystem-KLCommonCareSocialCodes.html"><code>http://kl.dk/fhir/common/caresocial/CodeSystem/KLCommonCareSocialCodes</code></a><table class="none"><tr><td style="white-space:nowrap"><b>Code</b></td><td><b>Display</b></td><td><b>Definition</b></td></tr><tr><td><a href="CodeSystem-KLCommonCareSocialCodes.html#KLCommonCareSocialCodes-25b4e705-2e9a-47a2-b11a-c829316b9d3a">25b4e705-2e9a-47a2-b11a-c829316b9d3a</a></td><td>Borger</td><td>Borger er kilde til oplysning eller vurdering</td></tr><tr><td><a href="CodeSystem-KLCommonCareSocialCodes.html#KLCommonCareSocialCodes-63338442-7b2e-405b-acc0-142361ef19f1">63338442-7b2e-405b-acc0-142361ef19f1</a></td><td>Andre</td><td>Andre end borger og sagsbehandler er kilde til oplysning eller vurdering. Fx læge, pårørende og udfører</td></tr><tr><td><a href="CodeSystem-KLCommonCareSocialCodes.html#KLCommonCareSocialCodes-f6ea2920-7dde-491e-a489-6b99a3904069">f6ea2920-7dde-491e-a489-6b99a3904069</a></td><td>Sagsbehandler</td><td>Sagsbehandler er kilde til oplysning eller vurdering</td></tr><tr><td><a href="CodeSystem-KLCommonCareSocialCodes.html#KLCommonCareSocialCodes-f00a6844-1005-401d-965d-1c5859df7beb">f00a6844-1005-401d-965d-1c5859df7beb</a></td><td>Udfører</td><td>Udfører er kilde til oplysning eller vurdering</td></tr></table></li></ul></div></text><url value="http://kl.dk/fhir/common/caresocial/ValueSet/KLMatterOfInterestInformerFFB"/><version value="0.7.0"/><name value="KLMatterOfInterestInformerFFB"/><title value="KLKildeTilOplysningFFB"/><status value="draft"/><date value="2023-07-06T08:45:08+02:00"/><publisher value="Kommunernes landsforening"/><contact><name value="Kommunernes landsforening"/><telecom><system value="url"/><value value="http://kl.dk"/></telecom><telecom><system value="email"/><value value="kl@kl.dk"/></telecom></contact><description value="Codes that identify who's perspective the matter-of-interest is comming from"/><jurisdiction><coding><system value="urn:iso:std:iso:3166"/><code value="DNK"/><display value="Denmark"/></coding></jurisdiction><compose><include><system value="http://kl.dk/fhir/common/caresocial/CodeSystem/KLCommonCareSocialCodes"/><concept><code value="25b4e705-2e9a-47a2-b11a-c829316b9d3a"/></concept><concept><code value="63338442-7b2e-405b-acc0-142361ef19f1"/></concept><concept><code value="f6ea2920-7dde-491e-a489-6b99a3904069"/></concept><concept><code value="f00a6844-1005-401d-965d-1c5859df7beb"/></concept></include></compose></ValueSet>