<?xml version="1.0" encoding="UTF-8"?><ValueSet xmlns="http://hl7.org/fhir"><id value="KLTrainingInterventionsFSIII"/><text><status value="extensions"/><div xmlns="http://www.w3.org/1999/xhtml"><ul><li>Include these codes as defined in <a href="CodeSystem-FSIII.html"><code>http://kl.dk/fhir/common/caresocial/CodeSystem/FSIII</code></a><table class="none"><tr><td style="white-space:nowrap"><b>Code</b></td><td><b>Display</b></td><td><b>Definition</b></td></tr><tr><td><a href="CodeSystem-FSIII.html#FSIII-58293f63-00d7-4730-8dbc-c784d40f9e23">58293f63-00d7-4730-8dbc-c784d40f9e23</a></td><td>Funktionstræning</td><td/></tr><tr><td><a href="CodeSystem-FSIII.html#FSIII-2abe20c7-c0b4-41c1-b397-52acf36499ef">2abe20c7-c0b4-41c1-b397-52acf36499ef</a></td><td>Fysisk træning</td><td>Indsatsen anvendes ved superviseret øvelsesterapi, der er målrettet bevægelighed, muskelfunktion, kredsløb, koordination og balance</td></tr><tr><td><a href="CodeSystem-FSIII.html#FSIII-7f825e3e-1a5c-4249-bf41-9f7171fb6b8a">7f825e3e-1a5c-4249-bf41-9f7171fb6b8a</a></td><td>ADL-træning</td><td>Indsatsen anvendes ved struktureret og systematisk træning gennem hverdagsaktiviteter.</td></tr><tr><td><a href="CodeSystem-FSIII.html#FSIII-571fa7da-a155-4a84-b780-ef19170d48a0">571fa7da-a155-4a84-b780-ef19170d48a0</a></td><td>Opfølgning</td><td>Indsatsen anvendes ved opfølgning på borgerens tilstande efter afsluttede indsatser</td></tr><tr><td><a href="CodeSystem-FSIII.html#FSIII-ba3e17bd-d4aa-4848-acad-25adc8285c19">ba3e17bd-d4aa-4848-acad-25adc8285c19</a></td><td>Koordinering og kommunikation</td><td>Indsatsen anvendes ved systematisk koordinering af kommunale og tværsektorielle aktørers indsatser til borgeren</td></tr><tr><td><a href="CodeSystem-FSIII.html#FSIII-8d714c98-f23a-4722-8a2f-85c162fe4840">8d714c98-f23a-4722-8a2f-85c162fe4840</a></td><td>Psykomotorisk træning</td><td>Indsatsen anvendes ved træning målrettet mentalt og kropsligt samspil</td></tr><tr><td><a href="CodeSystem-FSIII.html#FSIII-66fb32c9-ecc3-484b-be49-f20094be237c">66fb32c9-ecc3-484b-be49-f20094be237c</a></td><td>Vejledning og undervisning</td><td>Indsatsen anvendes ved vejledning, undervisning, instruktion, rådgivning af borger, pårørende og samarbejdspartnere i forbindelse med træningsforløbet</td></tr><tr><td><a href="CodeSystem-FSIII.html#FSIII-1130ad70-6553-490d-87f8-5e8941687a0c">1130ad70-6553-490d-87f8-5e8941687a0c</a></td><td>Terapeutfaglig udredning</td><td>Indsatsen anvendes ved anamnese, undersøgelse, test, faglig vurdering af undersøgelsesfund og på denne baggrund opstilling af borgerens mål og planlægning af den videre indsats</td></tr><tr><td><a href="CodeSystem-FSIII.html#FSIII-2c661159-1bb3-4af2-bdf1-f3a9927a99e2">2c661159-1bb3-4af2-bdf1-f3a9927a99e2</a></td><td>Kognitiv træning</td><td>Indsatsen anvendes ved superviseret øvelsesterapi, der er målrettet bevægelighed, muskelfunktion, kredsløb, koordination og balance</td></tr><tr><td><a href="CodeSystem-FSIII.html#FSIII-f8ac963c-6ec5-4ec5-bd90-a22fea4e2d16">f8ac963c-6ec5-4ec5-bd90-a22fea4e2d16</a></td><td>Manuel behandling</td><td>Indsatsen anvendes ved manuelle behandlingsteknikker, der virker udspændende, mobiliserende og/eller stimulerende på fx led, muskler og senevæv</td></tr></table></li></ul></div></text><url value="http://kl.dk/fhir/common/caresocial/ValueSet/KLTrainingInterventionsFSIII"/><version value="0.7.0"/><name value="KLTrainingInterventionsFSIII"/><title value="KLTræningIndsatserFSIII"/><status value="draft"/><date value="2023-07-06T08:45:08+02:00"/><publisher value="Kommunernes landsforening"/><contact><name value="Kommunernes landsforening"/><telecom><system value="url"/><value value="http://kl.dk"/></telecom><telecom><system value="email"/><value value="kl@kl.dk"/></telecom></contact><description value="Training interventions as defined by FSIII"/><jurisdiction><coding><system value="urn:iso:std:iso:3166"/><code value="DNK"/><display value="Denmark"/></coding></jurisdiction><compose><include><system value="http://kl.dk/fhir/common/caresocial/CodeSystem/FSIII"/><concept><code value="58293f63-00d7-4730-8dbc-c784d40f9e23"/></concept><concept><code value="2abe20c7-c0b4-41c1-b397-52acf36499ef"/></concept><concept><code value="7f825e3e-1a5c-4249-bf41-9f7171fb6b8a"/></concept><concept><code value="571fa7da-a155-4a84-b780-ef19170d48a0"/></concept><concept><code value="ba3e17bd-d4aa-4848-acad-25adc8285c19"/></concept><concept><code value="8d714c98-f23a-4722-8a2f-85c162fe4840"/></concept><concept><code value="66fb32c9-ecc3-484b-be49-f20094be237c"/></concept><concept><code value="1130ad70-6553-490d-87f8-5e8941687a0c"/></concept><concept><code value="2c661159-1bb3-4af2-bdf1-f3a9927a99e2"/></concept><concept><code value="f8ac963c-6ec5-4ec5-bd90-a22fea4e2d16"/></concept></include></compose></ValueSet>