<?xml version="1.0" encoding="UTF-8"?><ValueSet xmlns="http://hl7.org/fhir"><id value="KLInformationCodes"/><text><status value="generated"/><div xmlns="http://www.w3.org/1999/xhtml"><p>This value set includes codes based on the following rules:</p><ul><li>Import all the codes that are contained in <a href="ValueSet-KLGeneralInformationFSIII.html">KLGenerelInformationFSIII</a></li><li>Import all the codes that are contained in <a href="ValueSet-KLNursingAreasFSIII.html">KLSygeplejeOmråderFSIII</a></li><li>Import all the codes that are contained in <a href="ValueSet-KLHomeCareAreasFSIII.html">KLHjemmeplejeOmråderFSIII</a></li><li>Import all the codes that are contained in <a href="ValueSet-KLTheraphyAreasFSIII.html">KLTræningOmråderFSIII</a></li><li>Import all the codes that are contained in <a href="ValueSet-KLPreventionAreasFSIII.html">KLForebyggelseOmråderFSIII</a></li><li>Import all the codes that are contained in <a href="ValueSet-KLThemesFFB.html">KLTemaerFFB</a></li></ul></div></text><url value="http://kl.dk/fhir/common/caresocial/ValueSet/KLInformationCodes"/><version value="0.7.0"/><name value="KLInformationCodes"/><title value="KLOplysningKoder"/><status value="draft"/><date value="2023-07-06T08:45:08+02:00"/><publisher value="Kommunernes landsforening"/><contact><name value="Kommunernes landsforening"/><telecom><system value="url"/><value value="http://kl.dk"/></telecom><telecom><system value="email"/><value value="kl@kl.dk"/></telecom></contact><description value="Information codes from FSIII and FFB (Område, Tema, Generelle oplysninger)"/><jurisdiction><coding><system value="urn:iso:std:iso:3166"/><code value="DNK"/><display value="Denmark"/></coding></jurisdiction><compose><include><valueSet value="http://kl.dk/fhir/common/caresocial/ValueSet/KLGeneralInformationFSIII"/></include><include><valueSet value="http://kl.dk/fhir/common/caresocial/ValueSet/KLNursingAreasFSIII"/></include><include><valueSet value="http://kl.dk/fhir/common/caresocial/ValueSet/KLHomeCareAreasFSIII"/></include><include><valueSet value="http://kl.dk/fhir/common/caresocial/ValueSet/KLTheraphyAreasFSIII"/></include><include><valueSet value="http://kl.dk/fhir/common/caresocial/ValueSet/KLPreventionAreasFSIII"/></include><include><valueSet value="http://kl.dk/fhir/common/caresocial/ValueSet/KLThemesFFB"/></include></compose></ValueSet>