<?xml version="1.0" encoding="UTF-8"?><ValueSet xmlns="http://hl7.org/fhir"><id value="KLChangeValueCodes"/><text><status value="generated"/><div xmlns="http://www.w3.org/1999/xhtml"><p>This value set includes codes based on the following rules:</p><ul><li>Import all the codes that are contained in <a href="ValueSet-KLChangeValueCodesFSIII.html">KLMåltypeKoderFSIII</a></li><li>Import all the codes that are contained in <a href="ValueSet-KLChangeValueCodesFFB.html">KLMåltypekoderFFB</a></li></ul></div></text><url value="http://kl.dk/fhir/common/caresocial/ValueSet/KLChangeValueCodes"/><version value="0.7.0"/><name value="KLChangeValueCodes"/><title value="KLMåltypeKoder"/><status value="draft"/><date value="2023-07-06T08:45:08+02:00"/><publisher value="Kommunernes landsforening"/><contact><name value="Kommunernes landsforening"/><telecom><system value="url"/><value value="http://kl.dk"/></telecom><telecom><system value="email"/><value value="kl@kl.dk"/></telecom></contact><description value="Change values for goals (måltype). Express the target value for change of a condition"/><jurisdiction><coding><system value="urn:iso:std:iso:3166"/><code value="DNK"/><display value="Denmark"/></coding></jurisdiction><compose><include><valueSet value="http://kl.dk/fhir/common/caresocial/ValueSet/KLChangeValueCodesFSIII"/></include><include><valueSet value="http://kl.dk/fhir/common/caresocial/ValueSet/KLChangeValueCodesFFB"/></include></compose></ValueSet>