<?xml version="1.0" encoding="UTF-8"?><ValueSet xmlns="http://hl7.org/fhir"><id value="KLHomeCareAreasFSIII"/><text><status value="generated"/><div xmlns="http://www.w3.org/1999/xhtml"><ul><li>Include these codes as defined in <a href="CodeSystem-FSIII.html"><code>http://kl.dk/fhir/common/caresocial/CodeSystem/FSIII</code></a><table class="none"><tr><td style="white-space:nowrap"><b>Code</b></td><td><b>Display</b></td></tr><tr><td><a href="CodeSystem-FSIII.html#FSIII-J1">J1</a></td><td>Egenomsorg</td></tr><tr><td><a href="CodeSystem-FSIII.html#FSIII-J5">J5</a></td><td>Samfundsliv</td></tr><tr><td><a href="CodeSystem-FSIII.html#FSIII-J2">J2</a></td><td>Praktiske opgaver</td></tr><tr><td><a href="CodeSystem-FSIII.html#FSIII-J3">J3</a></td><td>Mobilitet</td></tr><tr><td><a href="CodeSystem-FSIII.html#FSIII-J4">J4</a></td><td>Mentale funktioner</td></tr></table></li></ul></div></text><url value="http://kl.dk/fhir/common/caresocial/ValueSet/KLHomeCareAreasFSIII"/><version value="0.7.0"/><name value="KLHomeCareAreasFSIII"/><title value="KLHjemmeplejeOmråderFSIII"/><status value="draft"/><date value="2023-07-06T08:45:08+02:00"/><publisher value="Kommunernes landsforening"/><contact><name value="Kommunernes landsforening"/><telecom><system value="url"/><value value="http://kl.dk"/></telecom><telecom><system value="email"/><value value="kl@kl.dk"/></telecom></contact><description value="Observation codes for the five home care areas as defined by FSIII"/><jurisdiction><coding><system value="urn:iso:std:iso:3166"/><code value="DNK"/><display value="Denmark"/></coding></jurisdiction><compose><include><system value="http://kl.dk/fhir/common/caresocial/CodeSystem/FSIII"/><concept><code value="J1"/></concept><concept><code value="J5"/></concept><concept><code value="J2"/></concept><concept><code value="J3"/></concept><concept><code value="J4"/></concept></include></compose></ValueSet>