<?xml version="1.0" encoding="UTF-8"?><ValueSet xmlns="http://hl7.org/fhir"><id value="KLFollowUpCodes"/><text><status value="generated"/><div xmlns="http://www.w3.org/1999/xhtml"><p>This value set includes codes based on the following rules:</p><ul><li>Import all the codes that are contained in <a href="ValueSet-KLFollowUpCodesFFB.html">KLOpfølgningKoderFFB</a></li><li>Import all the codes that are contained in <a href="ValueSet-KLFollowUpCodesFSIII.html">KLOpfølgningKoderFSIII</a></li></ul></div></text><url value="http://kl.dk/fhir/common/caresocial/ValueSet/KLFollowUpCodes"/><version value="0.7.0"/><name value="KLFollowUpCodes"/><title value="KLOpfølgningKodes"/><status value="draft"/><date value="2023-07-06T08:45:08+02:00"/><publisher value="Kommunernes landsforening"/><contact><name value="Kommunernes landsforening"/><telecom><system value="url"/><value value="http://kl.dk"/></telecom><telecom><system value="email"/><value value="kl@kl.dk"/></telecom></contact><description value="Follow-up codes used in Danish municipalities"/><jurisdiction><coding><system value="urn:iso:std:iso:3166"/><code value="DNK"/><display value="Denmark"/></coding></jurisdiction><compose><include><valueSet value="http://kl.dk/fhir/common/caresocial/ValueSet/KLFollowUpCodesFFB"/></include><include><valueSet value="http://kl.dk/fhir/common/caresocial/ValueSet/KLFollowUpCodesFSIII"/></include></compose></ValueSet>