<?xml version="1.0" encoding="UTF-8"?><ValueSet xmlns="http://hl7.org/fhir"><id value="KLSeveritiesFSIII"/><text><status value="generated"/><div xmlns="http://www.w3.org/1999/xhtml"><ul><li>Include these codes as defined in <a href="CodeSystem-FSIII.html"><code>http://kl.dk/fhir/common/caresocial/CodeSystem/FSIII</code></a><table class="none"><tr><td style="white-space:nowrap"><b>Code</b></td><td><b>Display</b></td></tr><tr><td><a href="CodeSystem-FSIII.html#FSIII-B1">B1</a></td><td>Ingen/ubetydelige begrænsninger</td></tr><tr><td><a href="CodeSystem-FSIII.html#FSIII-B2">B2</a></td><td>Lette begrænsninger</td></tr><tr><td><a href="CodeSystem-FSIII.html#FSIII-B3">B3</a></td><td>Moderate begrænsninger</td></tr><tr><td><a href="CodeSystem-FSIII.html#FSIII-B4">B4</a></td><td>Svære begrænsninger</td></tr><tr><td><a href="CodeSystem-FSIII.html#FSIII-B5">B5</a></td><td>Totale begrænsninger</td></tr><tr><td><a href="CodeSystem-FSIII.html#FSIII-B6">B6</a></td><td>Ikke relevant</td></tr></table></li></ul></div></text><url value="http://kl.dk/fhir/common/caresocial/ValueSet/KLSeveritiesFSIII"/><version value="0.7.0"/><name value="KLSeveritiesFSIII"/><title value="KLFunktionsevneniveauFSIII"/><status value="draft"/><date value="2023-07-06T08:45:08+02:00"/><publisher value="Kommunernes landsforening"/><contact><name value="Kommunernes landsforening"/><telecom><system value="url"/><value value="http://kl.dk"/></telecom><telecom><system value="email"/><value value="kl@kl.dk"/></telecom></contact><description value="Severities related to conditions in FSIII home care (funktionsniveau)"/><jurisdiction><coding><system value="urn:iso:std:iso:3166"/><code value="DNK"/><display value="Denmark"/></coding></jurisdiction><compose><include><system value="http://kl.dk/fhir/common/caresocial/CodeSystem/FSIII"/><concept><code value="B1"/></concept><concept><code value="B2"/></concept><concept><code value="B3"/></concept><concept><code value="B4"/></concept><concept><code value="B5"/></concept><concept><code value="B6"/></concept></include></compose></ValueSet>