<?xml version="1.0" encoding="UTF-8"?>

<ValueSet xmlns="http://hl7.org/fhir">
  <id value="KLSeveritiesFSIII"/>
  <text>
    <status value="generated"/><div xmlns="http://www.w3.org/1999/xhtml"><p>This value set includes codes based on the following rules:</p><ul><li>Include codes from<a href="CodeSystem-FSIII.html"><code>urn:oid:1.2.208.176.2.21</code></a> where concept  descends from <a href="CodeSystem-FSIII.html#FSIII-2c02a704-deee-4878-9378-1167613b3da6">2c02a704-deee-4878-9378-1167613b3da6</a></li><li>Include codes from<a href="CodeSystem-FSIII.html"><code>urn:oid:1.2.208.176.2.21</code></a> where concept  descends from <a href="CodeSystem-FSIII.html#FSIII-B">B</a></li></ul></div>
  </text>
  <url value="http://fhir.kl.dk/term/ValueSet/KLSeveritiesFSIII"/>
  <version value="2.0.0"/>
  <name value="KLSeveritiesFSIII"/>
  <title value="KLFunktionsevneniveauFSIII"/>
  <status value="active"/>
  <experimental value="false"/>
  <date value="2024-06-01T22:19:27+02:00"/>
  <publisher value="Kommunernes Landsforening"/>
  <contact>
    <name value="Kommunernes Landsforening"/>
    <telecom>
      <system value="url"/>
      <value value="http://kl.dk"/>
    </telecom>
  </contact>
  <description value="Severities related to conditions in FSIII home care (funktionsniveau)"/>
  <compose>
    <include>
      <system value="urn:oid:1.2.208.176.2.21"/>
      <filter>
        <property value="concept"/>
        <op value="descendent-of"/>
        <value value="2c02a704-deee-4878-9378-1167613b3da6"/>
      </filter>
    </include>
    <include>
      <system value="urn:oid:1.2.208.176.2.21"/>
      <filter>
        <property value="concept"/>
        <op value="descendent-of"/>
        <value value="B"/>
      </filter>
    </include>
  </compose>
</ValueSet>