<?xml version="1.0" encoding="UTF-8"?>

<ValueSet xmlns="http://hl7.org/fhir">
  <id value="KLConditionADCodesFFB"/>
  <text>
    <status value="generated"/><div xmlns="http://www.w3.org/1999/xhtml"><p>This value set includes codes based on the following rules:</p><ul><li>Include codes from<a href="CodeSystem-FFB.html"><code>urn:oid:1.2.208.176.2.22</code></a> where concept  descends from <a href="CodeSystem-FFB.html#FFB-3856b434-f72e-42a5-b9d1-0cc93f48434b">3856b434-f72e-42a5-b9d1-0cc93f48434b</a></li><li>Include codes from<a href="CodeSystem-FFB.html"><code>urn:oid:1.2.208.176.2.22</code></a> where concept  descends from <a href="CodeSystem-FFB.html#FFB-dfbe6ff6-223b-436a-b864-8ba29bda41e2">dfbe6ff6-223b-436a-b864-8ba29bda41e2</a></li><li>Include codes from<a href="CodeSystem-FFB.html"><code>urn:oid:1.2.208.176.2.22</code></a> where concept  descends from <a href="CodeSystem-FFB.html#FFB-c2b186f9-9c10-478e-8345-2d2c37ab4c46">c2b186f9-9c10-478e-8345-2d2c37ab4c46</a></li><li>Include codes from<a href="CodeSystem-FFB.html"><code>urn:oid:1.2.208.176.2.22</code></a> where concept  descends from <a href="CodeSystem-FFB.html#FFB-eef71492-65f5-4297-aa95-3c3a6866ddef">eef71492-65f5-4297-aa95-3c3a6866ddef</a></li><li>Include codes from<a href="CodeSystem-FFB.html"><code>urn:oid:1.2.208.176.2.22</code></a> where concept  descends from <a href="CodeSystem-FFB.html#FFB-da3f488f-1742-4d00-b247-a7d47500b36b">da3f488f-1742-4d00-b247-a7d47500b36b</a></li><li>Include codes from<a href="CodeSystem-FFB.html"><code>urn:oid:1.2.208.176.2.22</code></a> where concept  descends from <a href="CodeSystem-FFB.html#FFB-d1495b2c-1452-4e49-8dbe-8193af5d8823">d1495b2c-1452-4e49-8dbe-8193af5d8823</a></li></ul></div>
  </text>
  <url value="http://fhir.kl.dk/term/ValueSet/KLConditionADCodesFFB"/>
  <version value="2.0.0"/>
  <name value="KLConditionADCodesFFB"/>
  <title value="KLTilstandADKoderFFB"/>
  <status value="active"/>
  <experimental value="false"/>
  <date value="2024-06-04T14:56:17+02:00"/>
  <publisher value="Kommunernes Landsforening"/>
  <contact>
    <name value="Kommunernes Landsforening"/>
    <telecom>
      <system value="url"/>
      <value value="http://kl.dk"/>
    </telecom>
  </contact>
  <description value="Danish municipality FFB condition codes for Activities and Participation"/>
  <compose>
    <include>
      <system value="urn:oid:1.2.208.176.2.22"/>
      <filter>
        <property value="concept"/>
        <op value="descendent-of"/>
        <value value="3856b434-f72e-42a5-b9d1-0cc93f48434b"/>
      </filter>
    </include>
    <include>
      <system value="urn:oid:1.2.208.176.2.22"/>
      <filter>
        <property value="concept"/>
        <op value="descendent-of"/>
        <value value="dfbe6ff6-223b-436a-b864-8ba29bda41e2"/>
      </filter>
    </include>
    <include>
      <system value="urn:oid:1.2.208.176.2.22"/>
      <filter>
        <property value="concept"/>
        <op value="descendent-of"/>
        <value value="c2b186f9-9c10-478e-8345-2d2c37ab4c46"/>
      </filter>
    </include>
    <include>
      <system value="urn:oid:1.2.208.176.2.22"/>
      <filter>
        <property value="concept"/>
        <op value="descendent-of"/>
        <value value="eef71492-65f5-4297-aa95-3c3a6866ddef"/>
      </filter>
    </include>
    <include>
      <system value="urn:oid:1.2.208.176.2.22"/>
      <filter>
        <property value="concept"/>
        <op value="descendent-of"/>
        <value value="da3f488f-1742-4d00-b247-a7d47500b36b"/>
      </filter>
    </include>
    <include>
      <system value="urn:oid:1.2.208.176.2.22"/>
      <filter>
        <property value="concept"/>
        <op value="descendent-of"/>
        <value value="d1495b2c-1452-4e49-8dbe-8193af5d8823"/>
      </filter>
    </include>
  </compose>
</ValueSet>