<?xml version="1.0" encoding="UTF-8"?>

<ValueSet xmlns="http://hl7.org/fhir">
  <id value="KLFollowUpCodes"/>
  <text>
    <status value="generated"/><div xmlns="http://www.w3.org/1999/xhtml"><p>This value set includes codes based on the following rules:</p><ul><li>Import all the codes that are contained in <a href="ValueSet-KLFollowUpCodesFFB.html">KLOpfølgningKoderFFB</a></li><li>Import all the codes that are contained in <a href="ValueSet-KLFollowUpCodesFSIII.html">KLOpfølgningKoderFSIII</a></li></ul></div>
  </text>
  <url value="http://fhir.kl.dk/term/ValueSet/KLFollowUpCodes"/>
  <version value="2.0.0"/>
  <name value="KLFollowUpCodes"/>
  <title value="KLOpfølgningKodes"/>
  <status value="active"/>
  <experimental value="false"/>
  <date value="2024-06-01T22:19:27+02:00"/>
  <publisher value="Kommunernes Landsforening"/>
  <contact>
    <name value="Kommunernes Landsforening"/>
    <telecom>
      <system value="url"/>
      <value value="http://kl.dk"/>
    </telecom>
  </contact>
  <description value="Follow-up codes used in Danish municipalities"/>
  <compose>
    <include>
      <valueSet value="http://fhir.kl.dk/term/ValueSet/KLFollowUpCodesFFB"/>
    </include>
    <include>
      <valueSet value="http://fhir.kl.dk/term/ValueSet/KLFollowUpCodesFSIII"/>
    </include>
  </compose>
</ValueSet>