<?xml version="1.0" encoding="UTF-8"?>

<Bundle xmlns="http://hl7.org/fhir">
  <id value="0c1112c3-77b5-4d85-965c-0c26228ec7ef"/>
  <meta>
    <profile value="http://fhir.kl.dk/gateway/StructureDefinition/klgateway-care-delivery-report"/>
  </meta>
  <type value="collection"/>
  <timestamp value="2021-02-14T15:23:12Z"/>
  <entry>
    <fullUrl value="https://test.fhir.dk/Patient/4a45e179-ace1-4ace-9991-8276c0ba490a"/>
    <resource>
      <Patient>
        <id value="4a45e179-ace1-4ace-9991-8276c0ba490a"/>
        <meta>
          <profile value="http://fhir.kl.dk/gateway/StructureDefinition/klgateway-care-citizen"/>
        </meta>
        <text>
          <status value="generated"/><div xmlns="http://www.w3.org/1999/xhtml"><a name="Patient_4a45e179-ace1-4ace-9991-8276c0ba490a"> </a><p class="res-header-id"><b>Generated Narrative: Patient 4a45e179-ace1-4ace-9991-8276c0ba490a</b></p><a name="4a45e179-ace1-4ace-9991-8276c0ba490a"> </a><a name="hc4a45e179-ace1-4ace-9991-8276c0ba490a"> </a><a name="4a45e179-ace1-4ace-9991-8276c0ba490a-en-US"> </a><p style="border: 1px #661aff solid; background-color: #e6e6ff; padding: 10px;">Anonymous Patient (no stated gender), DoB Unknown ( urn:oid:1.2.208.176.1.2#0101570001 (use: official, ))</p><hr/><table class="grid"><tr><td style="background-color: #f3f5da" title="Patient Links">Links:</td><td colspan="3"><ul><li>Managing Organization: Identifier: <code>urn:oid:1.2.208.176.1.1</code>/123456789012345 (use: official, )</li></ul></td></tr></table></div>
        </text>
        <identifier>
          <use value="official"/>
          <system value="urn:oid:1.2.208.176.1.2"/>
          <value value="0101570001"/>
        </identifier>
        <managingOrganization>
          <identifier>
            <use value="official"/>
            <system value="urn:oid:1.2.208.176.1.1"/>
            <value value="123456789012345"/>
          </identifier>
        </managingOrganization>
      </Patient>
    </resource>
  </entry>
  <entry>
    <fullUrl value="https://test.fhir.dk/Condition/a881788d-1b27-46e3-8b76-607bc49876fd"/>
    <resource>
      <Condition>
        <id value="a881788d-1b27-46e3-8b76-607bc49876fd"/>
        <meta>
          <profile value="http://fhir.kl.dk/gateway/StructureDefinition/klgateway-care-condition"/>
        </meta>
        <text>
          <status value="generated"/><div xmlns="http://www.w3.org/1999/xhtml"><a name="Condition_a881788d-1b27-46e3-8b76-607bc49876fd"> </a><p class="res-header-id"><b>Generated Narrative: Condition a881788d-1b27-46e3-8b76-607bc49876fd</b></p><a name="a881788d-1b27-46e3-8b76-607bc49876fd"> </a><a name="hca881788d-1b27-46e3-8b76-607bc49876fd"> </a><a name="a881788d-1b27-46e3-8b76-607bc49876fd-en-US"> </a><p><b>clinicalStatus</b>: <span title="Codes:{http://terminology.hl7.org/CodeSystem/condition-clinical inactive}">Inactive</span></p><p><b>code</b>: <span title="Codes:{urn:oid:1.2.208.176.2.21 I7.1}">Respirationsproblemer</span></p><p><b>subject</b>: <a href="Bundle-0c1112c3-77b5-4d85-965c-0c26228ec7ef.html#Patient_4a45e179-ace1-4ace-9991-8276c0ba490a">Bundle: type = collection; timestamp = 2021-02-14 15:23:12+0000</a></p><p><b>recordedDate</b>: 2021-02-10</p></div>
        </text>
        <clinicalStatus>
          <coding>
            <system value="http://terminology.hl7.org/CodeSystem/condition-clinical"/>
            <code value="inactive"/>
          </coding>
        </clinicalStatus>
        <code>
          <coding>
            <system value="urn:oid:1.2.208.176.2.21"/>
            <code value="I7.1"/>
          </coding>
        </code>
        <subject>
          <reference value="Patient/4a45e179-ace1-4ace-9991-8276c0ba490a"/>
        </subject>
        <recordedDate value="2021-02-10"/>
      </Condition>
    </resource>
  </entry>
  <entry>
    <fullUrl value="https://test.fhir.dk/Condition/ad506910-9030-4ddb-b8ce-7bb6a69d808e"/>
    <resource>
      <Condition>
        <id value="ad506910-9030-4ddb-b8ce-7bb6a69d808e"/>
        <meta>
          <profile value="http://fhir.kl.dk/gateway/StructureDefinition/klgateway-care-condition"/>
        </meta>
        <text>
          <status value="extensions"/><div xmlns="http://www.w3.org/1999/xhtml"><a name="Condition_ad506910-9030-4ddb-b8ce-7bb6a69d808e"> </a><p class="res-header-id"><b>Generated Narrative: Condition ad506910-9030-4ddb-b8ce-7bb6a69d808e</b></p><a name="ad506910-9030-4ddb-b8ce-7bb6a69d808e"> </a><a name="hcad506910-9030-4ddb-b8ce-7bb6a69d808e"> </a><a name="ad506910-9030-4ddb-b8ce-7bb6a69d808e-en-US"> </a><p><b>CareFollowUpEncounterExtension</b>: <a href="Bundle-0c1112c3-77b5-4d85-965c-0c26228ec7ef.html#Encounter_1fb0990d-aac7-4661-b976-874e051c5ae6">Bundle: type = collection; timestamp = 2021-02-14 15:23:12+0000</a></p><p><b>clinicalStatus</b>: <span title="Codes:{http://terminology.hl7.org/CodeSystem/condition-clinical active}">Active</span></p><p><b>category</b>: <span title="Codes:{http://terminology.hl7.org/CodeSystem/condition-category problem-list-item}">Problem List Item</span></p><p><b>code</b>: <span title="Codes:{urn:oid:1.2.208.176.2.21 I2.1}">Problemer med mobilitet og bevægelse</span></p><p><b>subject</b>: <a href="Bundle-0c1112c3-77b5-4d85-965c-0c26228ec7ef.html#Patient_4a45e179-ace1-4ace-9991-8276c0ba490a">Bundle: type = collection; timestamp = 2021-02-14 15:23:12+0000</a></p><p><b>recordedDate</b>: 2021-02-10</p></div>
        </text>
        <extension url="http://fhir.kl.dk/gateway/StructureDefinition/klgateway-care-follow-up-encounter-extension">
          <valueReference>
            <reference value="Encounter/1fb0990d-aac7-4661-b976-874e051c5ae6"/>
          </valueReference>
        </extension>
        <clinicalStatus>
          <coding>
            <system value="http://terminology.hl7.org/CodeSystem/condition-clinical"/>
            <code value="active"/>
          </coding>
        </clinicalStatus>
        <category>
          <coding>
            <system value="http://terminology.hl7.org/CodeSystem/condition-category"/>
            <code value="problem-list-item"/>
          </coding>
        </category>
        <code>
          <coding>
            <system value="urn:oid:1.2.208.176.2.21"/>
            <code value="I2.1"/>
          </coding>
        </code>
        <subject>
          <reference value="Patient/4a45e179-ace1-4ace-9991-8276c0ba490a"/>
        </subject>
        <recordedDate value="2021-02-10"/>
      </Condition>
    </resource>
  </entry>
  <entry>
    <fullUrl value="https://test.fhir.dk/Observation/c0e46d1a-bcd2-4b4f-bc74-db1237157d4e"/>
    <resource>
      <Observation>
        <id value="c0e46d1a-bcd2-4b4f-bc74-db1237157d4e"/>
        <meta>
          <profile value="http://fhir.kl.dk/gateway/StructureDefinition/klgateway-care-follow-up-observation"/>
        </meta>
        <text>
          <status value="generated"/><div xmlns="http://www.w3.org/1999/xhtml"><a name="Observation_c0e46d1a-bcd2-4b4f-bc74-db1237157d4e"> </a><p class="res-header-id"><b>Generated Narrative: Observation c0e46d1a-bcd2-4b4f-bc74-db1237157d4e</b></p><a name="c0e46d1a-bcd2-4b4f-bc74-db1237157d4e"> </a><a name="hcc0e46d1a-bcd2-4b4f-bc74-db1237157d4e"> </a><a name="c0e46d1a-bcd2-4b4f-bc74-db1237157d4e-en-US"> </a><p><b>status</b>: Final</p><p><b>code</b>: <span title="Codes:{http://snomed.info/sct 712744002}">Evaluation of care plan (procedure)</span></p><p><b>subject</b>: <a href="Bundle-0c1112c3-77b5-4d85-965c-0c26228ec7ef.html#Patient_4a45e179-ace1-4ace-9991-8276c0ba490a">Bundle: type = collection; timestamp = 2021-02-14 15:23:12+0000</a></p><p><b>focus</b>: <a href="Bundle-0c1112c3-77b5-4d85-965c-0c26228ec7ef.html#Condition_a881788d-1b27-46e3-8b76-607bc49876fd">Bundle: type = collection; timestamp = 2021-02-14 15:23:12+0000</a></p><p><b>effective</b>: 2021-02-12</p><p><b>value</b>: <span title="Codes:{urn:oid:1.2.208.176.2.21 E3}">Afsluttes</span></p></div>
        </text>
        <status value="final"/>
        <code>
          <coding>
            <system value="http://snomed.info/sct"/>
            <code value="712744002"/>
          </coding>
        </code>
        <subject>
          <reference value="Patient/4a45e179-ace1-4ace-9991-8276c0ba490a"/>
        </subject>
        <focus>
          <reference value="Condition/a881788d-1b27-46e3-8b76-607bc49876fd"/>
        </focus>
        <effectiveDateTime value="2021-02-12"/>
        <valueCodeableConcept>
          <coding>
            <system value="urn:oid:1.2.208.176.2.21"/>
            <code value="E3"/>
          </coding>
        </valueCodeableConcept>
      </Observation>
    </resource>
  </entry>
  <entry>
    <fullUrl value="https://test.fhir.dk/Observation/4c160af3-dc6f-4405-a52a-b93447e06b68"/>
    <resource>
      <Observation>
        <id value="4c160af3-dc6f-4405-a52a-b93447e06b68"/>
        <meta>
          <profile value="http://fhir.kl.dk/gateway/StructureDefinition/klgateway-care-follow-up-observation"/>
        </meta>
        <text>
          <status value="generated"/><div xmlns="http://www.w3.org/1999/xhtml"><a name="Observation_4c160af3-dc6f-4405-a52a-b93447e06b68"> </a><p class="res-header-id"><b>Generated Narrative: Observation 4c160af3-dc6f-4405-a52a-b93447e06b68</b></p><a name="4c160af3-dc6f-4405-a52a-b93447e06b68"> </a><a name="hc4c160af3-dc6f-4405-a52a-b93447e06b68"> </a><a name="4c160af3-dc6f-4405-a52a-b93447e06b68-en-US"> </a><p><b>status</b>: Final</p><p><b>code</b>: <span title="Codes:{http://snomed.info/sct 712744002}">Evaluation of care plan (procedure)</span></p><p><b>subject</b>: <a href="Bundle-0c1112c3-77b5-4d85-965c-0c26228ec7ef.html#Patient_4a45e179-ace1-4ace-9991-8276c0ba490a">Bundle: type = collection; timestamp = 2021-02-14 15:23:12+0000</a></p><p><b>focus</b>: <a href="Bundle-0c1112c3-77b5-4d85-965c-0c26228ec7ef.html#Condition_ad506910-9030-4ddb-b8ce-7bb6a69d808e">Bundle: type = collection; timestamp = 2021-02-14 15:23:12+0000</a></p><p><b>effective</b>: 2021-02-14</p><p><b>value</b>: <span title="Codes:{urn:oid:1.2.208.176.2.21 E2}">Ændres inden for rammen</span></p></div>
        </text>
        <status value="final"/>
        <code>
          <coding>
            <system value="http://snomed.info/sct"/>
            <code value="712744002"/>
          </coding>
        </code>
        <subject>
          <reference value="Patient/4a45e179-ace1-4ace-9991-8276c0ba490a"/>
        </subject>
        <focus>
          <reference value="Condition/ad506910-9030-4ddb-b8ce-7bb6a69d808e"/>
        </focus>
        <effectiveDateTime value="2021-02-14"/>
        <valueCodeableConcept>
          <coding>
            <system value="urn:oid:1.2.208.176.2.21"/>
            <code value="E2"/>
          </coding>
        </valueCodeableConcept>
      </Observation>
    </resource>
  </entry>
  <entry>
    <fullUrl value="https://test.fhir.dk/Encounter/1fb0990d-aac7-4661-b976-874e051c5ae6"/>
    <resource>
      <Encounter>
        <id value="1fb0990d-aac7-4661-b976-874e051c5ae6"/>
        <meta>
          <profile value="http://fhir.kl.dk/gateway/StructureDefinition/klgateway-care-encounter"/>
        </meta>
        <text>
          <status value="generated"/><div xmlns="http://www.w3.org/1999/xhtml"><a name="Encounter_1fb0990d-aac7-4661-b976-874e051c5ae6"> </a><p class="res-header-id"><b>Generated Narrative: Encounter 1fb0990d-aac7-4661-b976-874e051c5ae6</b></p><a name="1fb0990d-aac7-4661-b976-874e051c5ae6"> </a><a name="hc1fb0990d-aac7-4661-b976-874e051c5ae6"> </a><a name="1fb0990d-aac7-4661-b976-874e051c5ae6-en-US"> </a><p><b>status</b>: Planned</p><p><b>class</b>: <a href="http://terminology.hl7.org/5.5.0/CodeSystem-v3-ActCode.html#v3-ActCode-HH">ActCode HH</a>: home health</p><p><b>type</b>: <span title="Codes:{http://fhir.kl.dk/term/CodeSystem/CareSocialCodes 9f03dfbb-7a97-45a5-94db-d4c3501714a9}">opfølgning</span></p><p><b>subject</b>: <a href="Bundle-0c1112c3-77b5-4d85-965c-0c26228ec7ef.html#Patient_4a45e179-ace1-4ace-9991-8276c0ba490a">Bundle: type = collection; timestamp = 2021-02-14 15:23:12+0000</a></p><p><b>period</b>: 2021-02-15 --&gt; (ongoing)</p></div>
        </text>
        <status value="planned"/>
        <class>
          <system value="http://terminology.hl7.org/CodeSystem/v3-ActCode"/>
          <code value="HH"/>
        </class>
        <type>
          <coding>
            <system value="http://fhir.kl.dk/term/CodeSystem/CareSocialCodes"/>
            <code value="9f03dfbb-7a97-45a5-94db-d4c3501714a9"/>
          </coding>
        </type>
        <subject>
          <reference value="Patient/4a45e179-ace1-4ace-9991-8276c0ba490a"/>
        </subject>
        <period>
          <start value="2021-02-15"/>
        </period>
      </Encounter>
    </resource>
  </entry>
</Bundle>