<?xml version="1.0" encoding="UTF-8"?>

<StructureDefinition xmlns="http://hl7.org/fhir">
  <id value="kl-reporting-ffb-informationGathering"/>
  <text>
    <status value="extensions"/><div xmlns="http://www.w3.org/1999/xhtml">Placeholder</div>
  </text>
  <url value="http://fhir.kl.dk/ffbreporting/StructureDefinition/kl-reporting-ffb-informationGathering"/>
  <version value="1.0.0"/>
  <name value="KLReportingFFBInformationGathering"/>
  <title value="InformationGathering"/>
  <status value="active"/>
  <date value="2023-08-26T16:44:05+02:00"/>
  <publisher value="KL"/>
  <contact>
    <name value="KL"/>
    <telecom>
      <system value="url"/>
      <value value="http://www.kl.dk"/>
    </telecom>
  </contact>
  <description value="Assessment of the citizen"/>
  <jurisdiction>
    <coding>
      <system value="urn:iso:std:iso:3166"/>
      <code value="DK"/>
      <display value="Denmark"/>
    </coding>
  </jurisdiction>
  <fhirVersion value="4.0.1"/>
  <mapping>
    <identity value="workflow"/>
    <uri value="http://hl7.org/fhir/workflow"/>
    <name value="Workflow Pattern"/>
  </mapping>
  <mapping>
    <identity value="v2"/>
    <uri value="http://hl7.org/v2"/>
    <name value="HL7 v2 Mapping"/>
  </mapping>
  <mapping>
    <identity value="w5"/>
    <uri value="http://hl7.org/fhir/fivews"/>
    <name value="FiveWs Pattern Mapping"/>
  </mapping>
  <mapping>
    <identity value="rim"/>
    <uri value="http://hl7.org/v3"/>
    <name value="RIM Mapping"/>
  </mapping>
  <kind value="resource"/>
  <abstract value="false"/>
  <type value="ClinicalImpression"/>
  <baseDefinition value="http://hl7.org/fhir/StructureDefinition/ClinicalImpression"/>
  <derivation value="constraint"/>
  <snapshot>
    <element id="ClinicalImpression">
      <path value="ClinicalImpression"/>
      <short value="A clinical assessment performed when planning treatments and management strategies for a patient"/>
      <definition value="A record of a clinical assessment performed to determine what problem(s) may affect the patient and before planning the treatments or management strategies that are best to manage a patient's condition. Assessments are often 1:1 with a clinical consultation / encounter,  but this varies greatly depending on the clinical workflow. This resource is called &quot;ClinicalImpression&quot; rather than &quot;ClinicalAssessment&quot; to avoid confusion with the recording of assessment tools such as Apgar score."/>
      <min value="0"/>
      <max value="*"/>
      <base>
        <path value="ClinicalImpression"/>
        <min value="0"/>
        <max value="*"/>
      </base>
      <constraint>
        <key value="dom-2"/>
        <severity value="error"/>
        <human value="If the resource is contained in another resource, it SHALL NOT contain nested Resources"/>
        <expression value="contained.contained.empty()"/>
        <xpath value="not(parent::f:contained and f:contained)"/>
        <source value="http://hl7.org/fhir/StructureDefinition/DomainResource"/>
      </constraint>
      <constraint>
        <key value="dom-3"/>
        <severity value="error"/>
        <human value="If the resource is contained in another resource, it SHALL be referred to from elsewhere in the resource or SHALL refer to the containing resource"/>
        <expression value="contained.where((('#'+id in (%resource.descendants().reference | %resource.descendants().as(canonical) | %resource.descendants().as(uri) | %resource.descendants().as(url))) or descendants().where(reference = '#').exists() or descendants().where(as(canonical) = '#').exists() or descendants().where(as(canonical) = '#').exists()).not()).trace('unmatched', id).empty()"/>
        <xpath value="not(exists(for $id in f:contained/*/f:id/@value return $contained[not(parent::*/descendant::f:reference/@value=concat('#', $contained/*/id/@value) or descendant::f:reference[@value='#'])]))"/>
        <source value="http://hl7.org/fhir/StructureDefinition/DomainResource"/>
      </constraint>
      <constraint>
        <key value="dom-4"/>
        <severity value="error"/>
        <human value="If a resource is contained in another resource, it SHALL NOT have a meta.versionId or a meta.lastUpdated"/>
        <expression value="contained.meta.versionId.empty() and contained.meta.lastUpdated.empty()"/>
        <xpath value="not(exists(f:contained/*/f:meta/f:versionId)) and not(exists(f:contained/*/f:meta/f:lastUpdated))"/>
        <source value="http://hl7.org/fhir/StructureDefinition/DomainResource"/>
      </constraint>
      <constraint>
        <key value="dom-5"/>
        <severity value="error"/>
        <human value="If a resource is contained in another resource, it SHALL NOT have a security label"/>
        <expression value="contained.meta.security.empty()"/>
        <xpath value="not(exists(f:contained/*/f:meta/f:security))"/>
        <source value="http://hl7.org/fhir/StructureDefinition/DomainResource"/>
      </constraint>
      <constraint>
        <extension url="http://hl7.org/fhir/StructureDefinition/elementdefinition-bestpractice">
          <valueBoolean value="true"/>
        </extension>
        <extension url="http://hl7.org/fhir/StructureDefinition/elementdefinition-bestpractice-explanation">
          <valueMarkdown value="When a resource has no narrative, only systems that fully understand the data can display the resource to a human safely. Including a human readable representation in the resource makes for a much more robust eco-system and cheaper handling of resources by intermediary systems. Some ecosystems restrict distribution of resources to only those systems that do fully understand the resources, and as a consequence implementers may believe that the narrative is superfluous. However experience shows that such eco-systems often open up to new participants over time."/>
        </extension>
        <key value="dom-6"/>
        <severity value="warning"/>
        <human value="A resource should have narrative for robust management"/>
        <expression value="text.`div`.exists()"/>
        <xpath value="exists(f:text/h:div)"/>
        <source value="http://hl7.org/fhir/StructureDefinition/DomainResource"/>
      </constraint>
      <isModifier value="false"/>
      <isSummary value="false"/>
      <mapping>
        <identity value="rim"/>
        <map value="Entity. Role, or Act"/>
      </mapping>
      <mapping>
        <identity value="workflow"/>
        <map value="Event"/>
      </mapping>
      <mapping>
        <identity value="v2"/>
        <map value="Partial mapping for problem evaluation"/>
      </mapping>
    </element>
    <element id="ClinicalImpression.id">
      <path value="ClinicalImpression.id"/>
      <short value="Logical id of this artifact"/>
      <definition value="The logical id of the resource, as used in the URL for the resource. Once assigned, this value never changes."/>
      <comment value="The only time that a resource does not have an id is when it is being submitted to the server using a create operation."/>
      <min value="0"/>
      <max value="1"/>
      <base>
        <path value="Resource.id"/>
        <min value="0"/>
        <max value="1"/>
      </base>
      <type>
        <extension url="http://hl7.org/fhir/StructureDefinition/structuredefinition-fhir-type">
          <valueUrl value="id"/>
        </extension>
        <code value="http://hl7.org/fhirpath/System.String"/>
      </type>
      <isModifier value="false"/>
      <isSummary value="true"/>
    </element>
    <element id="ClinicalImpression.meta">
      <path value="ClinicalImpression.meta"/>
      <short value="Metadata about the resource"/>
      <definition value="The metadata about the resource. This is content that is maintained by the infrastructure. Changes to the content might not always be associated with version changes to the resource."/>
      <min value="0"/>
      <max value="1"/>
      <base>
        <path value="Resource.meta"/>
        <min value="0"/>
        <max value="1"/>
      </base>
      <type>
        <code value="Meta"/>
      </type>
      <constraint>
        <key value="ele-1"/>
        <severity value="error"/>
        <human value="All FHIR elements must have a @value or children"/>
        <expression value="hasValue() or (children().count() &gt; id.count())"/>
        <xpath value="@value|f:*|h:div"/>
        <source value="http://hl7.org/fhir/StructureDefinition/Element"/>
      </constraint>
      <isModifier value="false"/>
      <isSummary value="true"/>
    </element>
    <element id="ClinicalImpression.implicitRules">
      <path value="ClinicalImpression.implicitRules"/>
      <short value="A set of rules under which this content was created"/>
      <definition value="A reference to a set of rules that were followed when the resource was constructed, and which must be understood when processing the content. Often, this is a reference to an implementation guide that defines the special rules along with other profiles etc."/>
      <comment value="Asserting this rule set restricts the content to be only understood by a limited set of trading partners. This inherently limits the usefulness of the data in the long term. However, the existing health eco-system is highly fractured, and not yet ready to define, collect, and exchange data in a generally computable sense. Wherever possible, implementers and/or specification writers should avoid using this element. Often, when used, the URL is a reference to an implementation guide that defines these special rules as part of it's narrative along with other profiles, value sets, etc."/>
      <min value="0"/>
      <max value="0"/>
      <base>
        <path value="Resource.implicitRules"/>
        <min value="0"/>
        <max value="1"/>
      </base>
      <type>
        <code value="uri"/>
      </type>
      <constraint>
        <key value="ele-1"/>
        <severity value="error"/>
        <human value="All FHIR elements must have a @value or children"/>
        <expression value="hasValue() or (children().count() &gt; id.count())"/>
        <xpath value="@value|f:*|h:div"/>
        <source value="http://hl7.org/fhir/StructureDefinition/Element"/>
      </constraint>
      <isModifier value="true"/>
      <isModifierReason value="This element is labeled as a modifier because the implicit rules may provide additional knowledge about the resource that modifies it's meaning or interpretation"/>
      <isSummary value="true"/>
    </element>
    <element id="ClinicalImpression.language">
      <path value="ClinicalImpression.language"/>
      <short value="Language of the resource content"/>
      <definition value="The base language in which the resource is written."/>
      <comment value="Language is provided to support indexing and accessibility (typically, services such as text to speech use the language tag). The html language tag in the narrative applies  to the narrative. The language tag on the resource may be used to specify the language of other presentations generated from the data in the resource. Not all the content has to be in the base language. The Resource.language should not be assumed to apply to the narrative automatically. If a language is specified, it should it also be specified on the div element in the html (see rules in HTML5 for information about the relationship between xml:lang and the html lang attribute)."/>
      <min value="0"/>
      <max value="0"/>
      <base>
        <path value="Resource.language"/>
        <min value="0"/>
        <max value="1"/>
      </base>
      <type>
        <code value="code"/>
      </type>
      <constraint>
        <key value="ele-1"/>
        <severity value="error"/>
        <human value="All FHIR elements must have a @value or children"/>
        <expression value="hasValue() or (children().count() &gt; id.count())"/>
        <xpath value="@value|f:*|h:div"/>
        <source value="http://hl7.org/fhir/StructureDefinition/Element"/>
      </constraint>
      <isModifier value="false"/>
      <isSummary value="false"/>
      <binding>
        <extension url="http://hl7.org/fhir/StructureDefinition/elementdefinition-maxValueSet">
          <valueCanonical value="http://hl7.org/fhir/ValueSet/all-languages"/>
        </extension>
        <extension url="http://hl7.org/fhir/StructureDefinition/elementdefinition-bindingName">
          <valueString value="Language"/>
        </extension>
        <extension url="http://hl7.org/fhir/StructureDefinition/elementdefinition-isCommonBinding">
          <valueBoolean value="true"/>
        </extension>
        <strength value="preferred"/>
        <description value="A human language."/>
        <valueSet value="http://hl7.org/fhir/ValueSet/languages"/>
      </binding>
    </element>
    <element id="ClinicalImpression.text">
      <path value="ClinicalImpression.text"/>
      <short value="Text summary of the resource, for human interpretation"/>
      <definition value="A human-readable narrative that contains a summary of the resource and can be used to represent the content of the resource to a human. The narrative need not encode all the structured data, but is required to contain sufficient detail to make it &quot;clinically safe&quot; for a human to just read the narrative. Resource definitions may define what content should be represented in the narrative to ensure clinical safety."/>
      <comment value="Contained resources do not have narrative. Resources that are not contained SHOULD have a narrative. In some cases, a resource may only have text with little or no additional discrete data (as long as all minOccurs=1 elements are satisfied).  This may be necessary for data from legacy systems where information is captured as a &quot;text blob&quot; or where text is additionally entered raw or narrated and encoded information is added later."/>
      <alias value="narrative"/>
      <alias value="html"/>
      <alias value="xhtml"/>
      <alias value="display"/>
      <min value="0"/>
      <max value="1"/>
      <base>
        <path value="DomainResource.text"/>
        <min value="0"/>
        <max value="1"/>
      </base>
      <type>
        <code value="Narrative"/>
      </type>
      <constraint>
        <key value="ele-1"/>
        <severity value="error"/>
        <human value="All FHIR elements must have a @value or children"/>
        <expression value="hasValue() or (children().count() &gt; id.count())"/>
        <xpath value="@value|f:*|h:div"/>
        <source value="http://hl7.org/fhir/StructureDefinition/Element"/>
      </constraint>
      <isModifier value="false"/>
      <isSummary value="false"/>
      <mapping>
        <identity value="rim"/>
        <map value="Act.text?"/>
      </mapping>
    </element>
    <element id="ClinicalImpression.contained">
      <path value="ClinicalImpression.contained"/>
      <short value="Contained, inline Resources"/>
      <definition value="These resources do not have an independent existence apart from the resource that contains them - they cannot be identified independently, and nor can they have their own independent transaction scope."/>
      <comment value="This should never be done when the content can be identified properly, as once identification is lost, it is extremely difficult (and context dependent) to restore it again. Contained resources may have profiles and tags In their meta elements, but SHALL NOT have security labels."/>
      <alias value="inline resources"/>
      <alias value="anonymous resources"/>
      <alias value="contained resources"/>
      <min value="0"/>
      <max value="0"/>
      <base>
        <path value="DomainResource.contained"/>
        <min value="0"/>
        <max value="*"/>
      </base>
      <type>
        <code value="Resource"/>
      </type>
      <isModifier value="false"/>
      <isSummary value="false"/>
      <mapping>
        <identity value="rim"/>
        <map value="N/A"/>
      </mapping>
    </element>
    <element id="ClinicalImpression.extension">
      <path value="ClinicalImpression.extension"/>
      <slicing>
        <discriminator>
          <type value="value"/>
          <path value="url"/>
        </discriminator>
        <ordered value="false"/>
        <rules value="closed"/>
      </slicing>
      <short value="Extension"/>
      <definition value="An Extension"/>
      <min value="1"/>
      <max value="*"/>
      <base>
        <path value="DomainResource.extension"/>
        <min value="0"/>
        <max value="*"/>
      </base>
      <type>
        <code value="Extension"/>
      </type>
      <constraint>
        <key value="ele-1"/>
        <severity value="error"/>
        <human value="All FHIR elements must have a @value or children"/>
        <expression value="hasValue() or (children().count() &gt; id.count())"/>
        <xpath value="@value|f:*|h:div"/>
        <source value="http://hl7.org/fhir/StructureDefinition/Element"/>
      </constraint>
      <constraint>
        <key value="ext-1"/>
        <severity value="error"/>
        <human value="Must have either extensions or value[x], not both"/>
        <expression value="extension.exists() != value.exists()"/>
        <xpath value="exists(f:extension)!=exists(f:*[starts-with(local-name(.), &quot;value&quot;)])"/>
        <source value="http://hl7.org/fhir/StructureDefinition/Extension"/>
      </constraint>
      <isModifier value="false"/>
      <isSummary value="false"/>
    </element>
    <element id="ClinicalImpression.extension:basedOnServiceRequest">
      <path value="ClinicalImpression.extension"/>
      <sliceName value="basedOnServiceRequest"/>
      <short value="[DK] oplysningsaktivitetsordre"/>
      <definition value="A reference to a ServiceRequest. Used to connect an event resource with the order that warranted it"/>
      <min value="1"/>
      <max value="1"/>
      <base>
        <path value="DomainResource.extension"/>
        <min value="0"/>
        <max value="*"/>
      </base>
      <type>
        <code value="Extension"/>
        <profile value="http://fhir.kl.dk/core/StructureDefinition/BasedOnServiceRequest"/>
      </type>
      <condition value="ele-1"/>
      <constraint>
        <key value="ele-1"/>
        <severity value="error"/>
        <human value="All FHIR elements must have a @value or children"/>
        <expression value="hasValue() or (children().count() &gt; id.count())"/>
        <xpath value="@value|f:*|h:div"/>
        <source value="http://hl7.org/fhir/StructureDefinition/Element"/>
      </constraint>
      <constraint>
        <key value="ext-1"/>
        <severity value="error"/>
        <human value="Must have either extensions or value[x], not both"/>
        <expression value="extension.exists() != value.exists()"/>
        <xpath value="exists(f:extension)!=exists(f:*[starts-with(local-name(.), 'value')])"/>
        <source value="http://hl7.org/fhir/StructureDefinition/Extension"/>
      </constraint>
      <mustSupport value="true"/>
      <isModifier value="false"/>
    </element>
    <element id="ClinicalImpression.extension:basedOnServiceRequest.id">
      <path value="ClinicalImpression.extension.id"/>
      <representation value="xmlAttr"/>
      <short value="Unique id for inter-element referencing"/>
      <definition value="Unique id for the element within a resource (for internal references). This may be any string value that does not contain spaces."/>
      <min value="0"/>
      <max value="1"/>
      <base>
        <path value="Element.id"/>
        <min value="0"/>
        <max value="1"/>
      </base>
      <type>
        <extension url="http://hl7.org/fhir/StructureDefinition/structuredefinition-fhir-type">
          <valueUrl value="string"/>
        </extension>
        <code value="http://hl7.org/fhirpath/System.String"/>
      </type>
      <isModifier value="false"/>
      <isSummary value="false"/>
      <mapping>
        <identity value="rim"/>
        <map value="n/a"/>
      </mapping>
    </element>
    <element id="ClinicalImpression.extension:basedOnServiceRequest.extension">
      <path value="ClinicalImpression.extension.extension"/>
      <slicing>
        <discriminator>
          <type value="value"/>
          <path value="url"/>
        </discriminator>
        <description value="Extensions are always sliced by (at least) url"/>
        <rules value="open"/>
      </slicing>
      <short value="Extension"/>
      <definition value="An Extension"/>
      <min value="0"/>
      <max value="0"/>
      <base>
        <path value="Element.extension"/>
        <min value="0"/>
        <max value="*"/>
      </base>
      <type>
        <code value="Extension"/>
      </type>
      <constraint>
        <key value="ele-1"/>
        <severity value="error"/>
        <human value="All FHIR elements must have a @value or children"/>
        <expression value="hasValue() or (children().count() &gt; id.count())"/>
        <xpath value="@value|f:*|h:div"/>
        <source value="http://hl7.org/fhir/StructureDefinition/Element"/>
      </constraint>
      <constraint>
        <key value="ext-1"/>
        <severity value="error"/>
        <human value="Must have either extensions or value[x], not both"/>
        <expression value="extension.exists() != value.exists()"/>
        <xpath value="exists(f:extension)!=exists(f:*[starts-with(local-name(.), &quot;value&quot;)])"/>
        <source value="http://hl7.org/fhir/StructureDefinition/Extension"/>
      </constraint>
      <isModifier value="false"/>
      <isSummary value="false"/>
    </element>
    <element id="ClinicalImpression.extension:basedOnServiceRequest.url">
      <path value="ClinicalImpression.extension.url"/>
      <representation value="xmlAttr"/>
      <short value="identifies the meaning of the extension"/>
      <definition value="Source of the definition for the extension code - a logical name or a URL."/>
      <comment value="The definition may point directly to a computable or human-readable definition of the extensibility codes, or it may be a logical URI as declared in some other specification. The definition SHALL be a URI for the Structure Definition defining the extension."/>
      <min value="1"/>
      <max value="1"/>
      <base>
        <path value="Extension.url"/>
        <min value="1"/>
        <max value="1"/>
      </base>
      <type>
        <extension url="http://hl7.org/fhir/StructureDefinition/structuredefinition-fhir-type">
          <valueUrl value="uri"/>
        </extension>
        <code value="http://hl7.org/fhirpath/System.String"/>
      </type>
      <fixedUri value="http://fhir.kl.dk/core/StructureDefinition/BasedOnServiceRequest"/>
      <isModifier value="false"/>
      <isSummary value="false"/>
      <mapping>
        <identity value="rim"/>
        <map value="N/A"/>
      </mapping>
    </element>
    <element id="ClinicalImpression.extension:basedOnServiceRequest.value[x]">
      <path value="ClinicalImpression.extension.value[x]"/>
      <short value="Value of extension"/>
      <definition value="Value of extension - must be one of a constrained set of the data types (see [Extensibility](http://hl7.org/fhir/R4/extensibility.html) for a list)."/>
      <min value="1"/>
      <max value="1"/>
      <base>
        <path value="Extension.value[x]"/>
        <min value="0"/>
        <max value="1"/>
      </base>
      <type>
        <code value="Reference"/>
        <targetProfile value="http://fhir.kl.dk/ffbreporting/StructureDefinition/kl-reporting-ffb-serviceRequest"/>
        <aggregation value="bundled"/>
      </type>
      <constraint>
        <key value="ele-1"/>
        <severity value="error"/>
        <human value="All FHIR elements must have a @value or children"/>
        <expression value="hasValue() or (children().count() &gt; id.count())"/>
        <xpath value="@value|f:*|h:div"/>
        <source value="http://hl7.org/fhir/StructureDefinition/Element"/>
      </constraint>
      <isModifier value="false"/>
      <isSummary value="false"/>
      <mapping>
        <identity value="rim"/>
        <map value="N/A"/>
      </mapping>
    </element>
    <element id="ClinicalImpression.modifierExtension">
      <path value="ClinicalImpression.modifierExtension"/>
      <short value="Extension"/>
      <definition value="An Extension"/>
      <min value="0"/>
      <max value="0"/>
      <base>
        <path value="DomainResource.modifierExtension"/>
        <min value="0"/>
        <max value="*"/>
      </base>
      <type>
        <code value="Extension"/>
      </type>
      <constraint>
        <key value="ele-1"/>
        <severity value="error"/>
        <human value="All FHIR elements must have a @value or children"/>
        <expression value="hasValue() or (children().count() &gt; id.count())"/>
        <xpath value="@value|f:*|h:div"/>
        <source value="http://hl7.org/fhir/StructureDefinition/Element"/>
      </constraint>
      <constraint>
        <key value="ext-1"/>
        <severity value="error"/>
        <human value="Must have either extensions or value[x], not both"/>
        <expression value="extension.exists() != value.exists()"/>
        <xpath value="exists(f:extension)!=exists(f:*[starts-with(local-name(.), &quot;value&quot;)])"/>
        <source value="http://hl7.org/fhir/StructureDefinition/Extension"/>
      </constraint>
      <isModifier value="true"/>
      <isModifierReason value="Modifier extensions are expected to modify the meaning or interpretation of the resource that contains them"/>
      <isSummary value="false"/>
    </element>
    <element id="ClinicalImpression.identifier">
      <path value="ClinicalImpression.identifier"/>
      <short value="Business identifier"/>
      <definition value="Business identifiers assigned to this clinical impression by the performer or other systems which remain constant as the resource is updated and propagates from server to server."/>
      <comment value="This is a business identifier, not a resource identifier (see [discussion](http://hl7.org/fhir/R4/resource.html#identifiers)).  It is best practice for the identifier to only appear on a single resource instance, however business practices may occasionally dictate that multiple resource instances with the same identifier can exist - possibly even with different resource types.  For example, multiple Patient and a Person resource instance might share the same social insurance number."/>
      <requirements value="Allows identification of the clinical impression as it is known by various participating systems and in a way that remains consistent across servers."/>
      <min value="0"/>
      <max value="0"/>
      <base>
        <path value="ClinicalImpression.identifier"/>
        <min value="0"/>
        <max value="*"/>
      </base>
      <type>
        <code value="Identifier"/>
      </type>
      <constraint>
        <key value="ele-1"/>
        <severity value="error"/>
        <human value="All FHIR elements must have a @value or children"/>
        <expression value="hasValue() or (children().count() &gt; id.count())"/>
        <xpath value="@value|f:*|h:div"/>
        <source value="http://hl7.org/fhir/StructureDefinition/Element"/>
      </constraint>
      <isModifier value="false"/>
      <isSummary value="true"/>
      <mapping>
        <identity value="workflow"/>
        <map value="Event.identifier"/>
      </mapping>
      <mapping>
        <identity value="w5"/>
        <map value="FiveWs.identifier"/>
      </mapping>
      <mapping>
        <identity value="v2"/>
        <map value="PID-3"/>
      </mapping>
    </element>
    <element id="ClinicalImpression.status">
      <path value="ClinicalImpression.status"/>
      <short value="[DK] oplysningsaktivitetsstatus"/>
      <definition value="Identifies the workflow status of the assessment."/>
      <comment value="This element is labeled as a modifier because the status contains the code entered-in-error that marks the clinical impression as not currently valid."/>
      <min value="1"/>
      <max value="1"/>
      <base>
        <path value="ClinicalImpression.status"/>
        <min value="1"/>
        <max value="1"/>
      </base>
      <type>
        <code value="code"/>
      </type>
      <constraint>
        <key value="ele-1"/>
        <severity value="error"/>
        <human value="All FHIR elements must have a @value or children"/>
        <expression value="hasValue() or (children().count() &gt; id.count())"/>
        <xpath value="@value|f:*|h:div"/>
        <source value="http://hl7.org/fhir/StructureDefinition/Element"/>
      </constraint>
      <mustSupport value="true"/>
      <isModifier value="true"/>
      <isModifierReason value="This element is labelled as a modifier because it is a status element that contains status entered-in-error which means that the resource should not be treated as valid"/>
      <isSummary value="true"/>
      <binding>
        <extension url="http://hl7.org/fhir/StructureDefinition/elementdefinition-bindingName">
          <valueString value="ClinicalImpressionStatus"/>
        </extension>
        <strength value="required"/>
        <description value="The workflow state of a clinical impression."/>
        <valueSet value="http://hl7.org/fhir/ValueSet/clinicalimpression-status|4.0.1"/>
      </binding>
      <mapping>
        <identity value="workflow"/>
        <map value="Event.status"/>
      </mapping>
      <mapping>
        <identity value="w5"/>
        <map value="FiveWs.status"/>
      </mapping>
      <mapping>
        <identity value="v2"/>
        <map value="PRB-14"/>
      </mapping>
    </element>
    <element id="ClinicalImpression.statusReason">
      <path value="ClinicalImpression.statusReason"/>
      <short value="Reason for current status"/>
      <definition value="Captures the reason for the current state of the ClinicalImpression."/>
      <comment value="This is generally only used for &quot;exception&quot; statuses such as &quot;not-done&quot;, &quot;suspended&quot; or &quot;cancelled&quot;.&#xA;&#xA;[distinct reason codes for different statuses can be enforced using invariants if they are universal bindings]."/>
      <alias value="Suspended Reason"/>
      <alias value="Cancelled Reason"/>
      <min value="0"/>
      <max value="0"/>
      <base>
        <path value="ClinicalImpression.statusReason"/>
        <min value="0"/>
        <max value="1"/>
      </base>
      <type>
        <code value="CodeableConcept"/>
      </type>
      <constraint>
        <key value="ele-1"/>
        <severity value="error"/>
        <human value="All FHIR elements must have a @value or children"/>
        <expression value="hasValue() or (children().count() &gt; id.count())"/>
        <xpath value="@value|f:*|h:div"/>
        <source value="http://hl7.org/fhir/StructureDefinition/Element"/>
      </constraint>
      <isModifier value="false"/>
      <isSummary value="false"/>
      <binding>
        <extension url="http://hl7.org/fhir/StructureDefinition/elementdefinition-bindingName">
          <valueString value="ClinicalImpressionStatusReason"/>
        </extension>
        <strength value="example"/>
        <description value="Codes identifying the reason for the current state of a clinical impression."/>
      </binding>
      <mapping>
        <identity value="workflow"/>
        <map value="Event.statusReason"/>
      </mapping>
      <mapping>
        <identity value="rim"/>
        <map value=".inboundRelationship[typeCode=SUBJ].source[classCode=CACT, moodCode=EVN].reasonCOde"/>
      </mapping>
    </element>
    <element id="ClinicalImpression.code">
      <path value="ClinicalImpression.code"/>
      <short value="Kind of assessment performed"/>
      <definition value="Categorizes the type of clinical assessment performed."/>
      <comment value="This is present as a place-holder only and may be removed based on feedback/work group opinion."/>
      <alias value="type"/>
      <min value="0"/>
      <max value="0"/>
      <base>
        <path value="ClinicalImpression.code"/>
        <min value="0"/>
        <max value="1"/>
      </base>
      <type>
        <code value="CodeableConcept"/>
      </type>
      <constraint>
        <key value="ele-1"/>
        <severity value="error"/>
        <human value="All FHIR elements must have a @value or children"/>
        <expression value="hasValue() or (children().count() &gt; id.count())"/>
        <xpath value="@value|f:*|h:div"/>
        <source value="http://hl7.org/fhir/StructureDefinition/Element"/>
      </constraint>
      <isModifier value="false"/>
      <isSummary value="true"/>
      <binding>
        <extension url="http://hl7.org/fhir/StructureDefinition/elementdefinition-bindingName">
          <valueString value="ClinicalImpressionCode"/>
        </extension>
        <strength value="example"/>
        <description value="Identifies categories of clinical impressions.  This is a place-holder only.  It may be removed."/>
      </binding>
      <mapping>
        <identity value="workflow"/>
        <map value="Event.code"/>
      </mapping>
      <mapping>
        <identity value="w5"/>
        <map value="FiveWs.what[x]"/>
      </mapping>
    </element>
    <element id="ClinicalImpression.code.id">
      <path value="ClinicalImpression.code.id"/>
      <representation value="xmlAttr"/>
      <short value="Unique id for inter-element referencing"/>
      <definition value="Unique id for the element within a resource (for internal references). This may be any string value that does not contain spaces."/>
      <min value="0"/>
      <max value="1"/>
      <base>
        <path value="Element.id"/>
        <min value="0"/>
        <max value="1"/>
      </base>
      <type>
        <extension url="http://hl7.org/fhir/StructureDefinition/structuredefinition-fhir-type">
          <valueUrl value="string"/>
        </extension>
        <code value="http://hl7.org/fhirpath/System.String"/>
      </type>
      <isModifier value="false"/>
      <isSummary value="false"/>
      <mapping>
        <identity value="rim"/>
        <map value="n/a"/>
      </mapping>
    </element>
    <element id="ClinicalImpression.code.extension">
      <path value="ClinicalImpression.code.extension"/>
      <slicing>
        <discriminator>
          <type value="value"/>
          <path value="url"/>
        </discriminator>
        <description value="Extensions are always sliced by (at least) url"/>
        <rules value="open"/>
      </slicing>
      <short value="Additional content defined by implementations"/>
      <definition value="May be used to represent additional information that is not part of the basic definition of the element. To make the use of extensions safe and manageable, there is a strict set of governance  applied to the definition and use of extensions. Though any implementer can define an extension, there is a set of requirements that SHALL be met as part of the definition of the extension."/>
      <comment value="There can be no stigma associated with the use of extensions by any application, project, or standard - regardless of the institution or jurisdiction that uses or defines the extensions.  The use of extensions is what allows the FHIR specification to retain a core level of simplicity for everyone."/>
      <alias value="extensions"/>
      <alias value="user content"/>
      <min value="0"/>
      <max value="*"/>
      <base>
        <path value="Element.extension"/>
        <min value="0"/>
        <max value="*"/>
      </base>
      <type>
        <code value="Extension"/>
      </type>
      <constraint>
        <key value="ele-1"/>
        <severity value="error"/>
        <human value="All FHIR elements must have a @value or children"/>
        <expression value="hasValue() or (children().count() &gt; id.count())"/>
        <xpath value="@value|f:*|h:div"/>
        <source value="http://hl7.org/fhir/StructureDefinition/Element"/>
      </constraint>
      <constraint>
        <key value="ext-1"/>
        <severity value="error"/>
        <human value="Must have either extensions or value[x], not both"/>
        <expression value="extension.exists() != value.exists()"/>
        <xpath value="exists(f:extension)!=exists(f:*[starts-with(local-name(.), &quot;value&quot;)])"/>
        <source value="http://hl7.org/fhir/StructureDefinition/Extension"/>
      </constraint>
      <isModifier value="false"/>
      <isSummary value="false"/>
      <mapping>
        <identity value="rim"/>
        <map value="n/a"/>
      </mapping>
    </element>
    <element id="ClinicalImpression.code.coding">
      <path value="ClinicalImpression.code.coding"/>
      <short value="[DK] oplysningsaktivitetstype"/>
      <definition value="A reference to a code defined by a terminology system."/>
      <comment value="Codes may be defined very casually in enumerations, or code lists, up to very formal definitions such as SNOMED CT - see the HL7 v3 Core Principles for more information.  Ordering of codings is undefined and SHALL NOT be used to infer meaning. Generally, at most only one of the coding values will be labeled as UserSelected = true."/>
      <requirements value="Allows for alternative encodings within a code system, and translations to other code systems."/>
      <min value="0"/>
      <max value="*"/>
      <base>
        <path value="CodeableConcept.coding"/>
        <min value="0"/>
        <max value="*"/>
      </base>
      <type>
        <code value="Coding"/>
      </type>
      <constraint>
        <key value="ele-1"/>
        <severity value="error"/>
        <human value="All FHIR elements must have a @value or children"/>
        <expression value="hasValue() or (children().count() &gt; id.count())"/>
        <xpath value="@value|f:*|h:div"/>
        <source value="http://hl7.org/fhir/StructureDefinition/Element"/>
      </constraint>
      <isModifier value="false"/>
      <isSummary value="true"/>
      <mapping>
        <identity value="v2"/>
        <map value="C*E.1-8, C*E.10-22"/>
      </mapping>
      <mapping>
        <identity value="rim"/>
        <map value="union(., ./translation)"/>
      </mapping>
      <mapping>
        <identity value="orim"/>
        <map value="fhir:CodeableConcept.coding rdfs:subPropertyOf dt:CD.coding"/>
      </mapping>
    </element>
    <element id="ClinicalImpression.code.text">
      <extension url="http://hl7.org/fhir/StructureDefinition/elementdefinition-translatable">
        <valueBoolean value="true"/>
      </extension>
      <path value="ClinicalImpression.code.text"/>
      <short value="Plain text representation of the concept"/>
      <definition value="A human language representation of the concept as seen/selected/uttered by the user who entered the data and/or which represents the intended meaning of the user."/>
      <comment value="Very often the text is the same as a displayName of one of the codings."/>
      <requirements value="The codes from the terminologies do not always capture the correct meaning with all the nuances of the human using them, or sometimes there is no appropriate code at all. In these cases, the text is used to capture the full meaning of the source."/>
      <min value="0"/>
      <max value="1"/>
      <base>
        <path value="CodeableConcept.text"/>
        <min value="0"/>
        <max value="1"/>
      </base>
      <type>
        <code value="string"/>
      </type>
      <constraint>
        <key value="ele-1"/>
        <severity value="error"/>
        <human value="All FHIR elements must have a @value or children"/>
        <expression value="hasValue() or (children().count() &gt; id.count())"/>
        <xpath value="@value|f:*|h:div"/>
        <source value="http://hl7.org/fhir/StructureDefinition/Element"/>
      </constraint>
      <isModifier value="false"/>
      <isSummary value="true"/>
      <mapping>
        <identity value="v2"/>
        <map value="C*E.9. But note many systems use C*E.2 for this"/>
      </mapping>
      <mapping>
        <identity value="rim"/>
        <map value="./originalText[mediaType/code=&quot;text/plain&quot;]/data"/>
      </mapping>
      <mapping>
        <identity value="orim"/>
        <map value="fhir:CodeableConcept.text rdfs:subPropertyOf dt:CD.originalText"/>
      </mapping>
    </element>
    <element id="ClinicalImpression.description">
      <path value="ClinicalImpression.description"/>
      <short value="Why/how the assessment was performed"/>
      <definition value="A summary of the context and/or cause of the assessment - why / where it was performed, and what patient events/status prompted it."/>
      <min value="0"/>
      <max value="0"/>
      <base>
        <path value="ClinicalImpression.description"/>
        <min value="0"/>
        <max value="1"/>
      </base>
      <type>
        <code value="string"/>
      </type>
      <constraint>
        <key value="ele-1"/>
        <severity value="error"/>
        <human value="All FHIR elements must have a @value or children"/>
        <expression value="hasValue() or (children().count() &gt; id.count())"/>
        <xpath value="@value|f:*|h:div"/>
        <source value="http://hl7.org/fhir/StructureDefinition/Element"/>
      </constraint>
      <isModifier value="false"/>
      <isSummary value="true"/>
    </element>
    <element id="ClinicalImpression.subject">
      <path value="ClinicalImpression.subject"/>
      <short value="[DK] oplysningsaktivitetsubjekt"/>
      <definition value="The patient or group of individuals assessed as part of this record."/>
      <requirements value="Group is typically for veterinary and/or public health purposes."/>
      <min value="1"/>
      <max value="1"/>
      <base>
        <path value="ClinicalImpression.subject"/>
        <min value="1"/>
        <max value="1"/>
      </base>
      <type>
        <code value="Reference"/>
        <targetProfile value="http://fhir.kl.dk/ffbreporting/StructureDefinition/kl-reporting-ffb-citizen"/>
        <aggregation value="bundled"/>
      </type>
      <constraint>
        <key value="ele-1"/>
        <severity value="error"/>
        <human value="All FHIR elements must have a @value or children"/>
        <expression value="hasValue() or (children().count() &gt; id.count())"/>
        <xpath value="@value|f:*|h:div"/>
        <source value="http://hl7.org/fhir/StructureDefinition/Element"/>
      </constraint>
      <mustSupport value="true"/>
      <isModifier value="false"/>
      <isSummary value="true"/>
      <mapping>
        <identity value="workflow"/>
        <map value="Event.subject"/>
      </mapping>
      <mapping>
        <identity value="w5"/>
        <map value="FiveWs.subject[x]"/>
      </mapping>
      <mapping>
        <identity value="v2"/>
        <map value="PID-3"/>
      </mapping>
      <mapping>
        <identity value="w5"/>
        <map value="FiveWs.subject"/>
      </mapping>
    </element>
    <element id="ClinicalImpression.encounter">
      <path value="ClinicalImpression.encounter"/>
      <short value="[DK] oplysningsaktivitetskontakt"/>
      <definition value="The Encounter during which this ClinicalImpression was created or to which the creation of this record is tightly associated."/>
      <comment value="This will typically be the encounter the event occurred within, but some activities may be initiated prior to or after the official completion of an encounter but still be tied to the context of the encounter."/>
      <min value="0"/>
      <max value="0"/>
      <base>
        <path value="ClinicalImpression.encounter"/>
        <min value="0"/>
        <max value="1"/>
      </base>
      <type>
        <code value="Reference"/>
        <targetProfile value="http://hl7.org/fhir/StructureDefinition/Encounter"/>
      </type>
      <constraint>
        <key value="ele-1"/>
        <severity value="error"/>
        <human value="All FHIR elements must have a @value or children"/>
        <expression value="hasValue() or (children().count() &gt; id.count())"/>
        <xpath value="@value|f:*|h:div"/>
        <source value="http://hl7.org/fhir/StructureDefinition/Element"/>
      </constraint>
      <isModifier value="false"/>
      <isSummary value="true"/>
      <mapping>
        <identity value="workflow"/>
        <map value="Event.context"/>
      </mapping>
      <mapping>
        <identity value="w5"/>
        <map value="FiveWs.context"/>
      </mapping>
    </element>
    <element id="ClinicalImpression.effective[x]">
      <path value="ClinicalImpression.effective[x]"/>
      <short value="[DK] oplysningsaktivitetstid"/>
      <definition value="The point in time or period over which the subject was assessed."/>
      <comment value="This SHOULD be accurate to at least the minute, though some assessments only have a known date."/>
      <min value="1"/>
      <max value="1"/>
      <base>
        <path value="ClinicalImpression.effective[x]"/>
        <min value="0"/>
        <max value="1"/>
      </base>
      <type>
        <code value="dateTime"/>
      </type>
      <constraint>
        <key value="ele-1"/>
        <severity value="error"/>
        <human value="All FHIR elements must have a @value or children"/>
        <expression value="hasValue() or (children().count() &gt; id.count())"/>
        <xpath value="@value|f:*|h:div"/>
        <source value="http://hl7.org/fhir/StructureDefinition/Element"/>
      </constraint>
      <mustSupport value="true"/>
      <isModifier value="false"/>
      <isSummary value="true"/>
      <mapping>
        <identity value="workflow"/>
        <map value="Event.occurrence[x]"/>
      </mapping>
      <mapping>
        <identity value="w5"/>
        <map value="FiveWs.done[x]"/>
      </mapping>
      <mapping>
        <identity value="v2"/>
        <map value="PRB-2"/>
      </mapping>
    </element>
    <element id="ClinicalImpression.date">
      <path value="ClinicalImpression.date"/>
      <short value="When the assessment was documented"/>
      <definition value="Indicates when the documentation of the assessment was complete."/>
      <min value="0"/>
      <max value="0"/>
      <base>
        <path value="ClinicalImpression.date"/>
        <min value="0"/>
        <max value="1"/>
      </base>
      <type>
        <code value="dateTime"/>
      </type>
      <constraint>
        <key value="ele-1"/>
        <severity value="error"/>
        <human value="All FHIR elements must have a @value or children"/>
        <expression value="hasValue() or (children().count() &gt; id.count())"/>
        <xpath value="@value|f:*|h:div"/>
        <source value="http://hl7.org/fhir/StructureDefinition/Element"/>
      </constraint>
      <isModifier value="false"/>
      <isSummary value="true"/>
      <mapping>
        <identity value="w5"/>
        <map value="FiveWs.recorded"/>
      </mapping>
    </element>
    <element id="ClinicalImpression.assessor">
      <path value="ClinicalImpression.assessor"/>
      <short value="[DK] oplysningsaktivitetsudfører"/>
      <definition value="The clinician performing the assessment."/>
      <min value="0"/>
      <max value="0"/>
      <base>
        <path value="ClinicalImpression.assessor"/>
        <min value="0"/>
        <max value="1"/>
      </base>
      <type>
        <code value="Reference"/>
        <targetProfile value="http://hl7.org/fhir/StructureDefinition/Practitioner"/>
        <targetProfile value="http://hl7.org/fhir/StructureDefinition/PractitionerRole"/>
      </type>
      <constraint>
        <key value="ele-1"/>
        <severity value="error"/>
        <human value="All FHIR elements must have a @value or children"/>
        <expression value="hasValue() or (children().count() &gt; id.count())"/>
        <xpath value="@value|f:*|h:div"/>
        <source value="http://hl7.org/fhir/StructureDefinition/Element"/>
      </constraint>
      <isModifier value="false"/>
      <isSummary value="true"/>
      <mapping>
        <identity value="workflow"/>
        <map value="Event.performer.actor"/>
      </mapping>
      <mapping>
        <identity value="w5"/>
        <map value="FiveWs.author"/>
      </mapping>
      <mapping>
        <identity value="v2"/>
        <map value="ROL-4"/>
      </mapping>
    </element>
    <element id="ClinicalImpression.previous">
      <path value="ClinicalImpression.previous"/>
      <short value="Reference to last assessment"/>
      <definition value="A reference to the last assessment that was conducted on this patient. Assessments are often/usually ongoing in nature; a care provider (practitioner or team) will make new assessments on an ongoing basis as new data arises or the patient's conditions changes."/>
      <comment value="It is always likely that multiple previous assessments exist for a patient. The point of quoting a previous assessment is that this assessment is relative to it (see resolved)."/>
      <min value="0"/>
      <max value="0"/>
      <base>
        <path value="ClinicalImpression.previous"/>
        <min value="0"/>
        <max value="1"/>
      </base>
      <type>
        <code value="Reference"/>
        <targetProfile value="http://hl7.org/fhir/StructureDefinition/ClinicalImpression"/>
      </type>
      <constraint>
        <key value="ele-1"/>
        <severity value="error"/>
        <human value="All FHIR elements must have a @value or children"/>
        <expression value="hasValue() or (children().count() &gt; id.count())"/>
        <xpath value="@value|f:*|h:div"/>
        <source value="http://hl7.org/fhir/StructureDefinition/Element"/>
      </constraint>
      <isModifier value="false"/>
      <isSummary value="false"/>
    </element>
    <element id="ClinicalImpression.problem">
      <path value="ClinicalImpression.problem"/>
      <short value="Relevant impressions of patient state"/>
      <definition value="A list of the relevant problems/conditions for a patient."/>
      <comment value="e.g. The patient is a pregnant, has congestive heart failure, has an Adenocarcinoma, and is allergic to penicillin."/>
      <min value="0"/>
      <max value="0"/>
      <base>
        <path value="ClinicalImpression.problem"/>
        <min value="0"/>
        <max value="*"/>
      </base>
      <type>
        <code value="Reference"/>
        <targetProfile value="http://hl7.org/fhir/StructureDefinition/Condition"/>
        <targetProfile value="http://hl7.org/fhir/StructureDefinition/AllergyIntolerance"/>
      </type>
      <constraint>
        <key value="ele-1"/>
        <severity value="error"/>
        <human value="All FHIR elements must have a @value or children"/>
        <expression value="hasValue() or (children().count() &gt; id.count())"/>
        <xpath value="@value|f:*|h:div"/>
        <source value="http://hl7.org/fhir/StructureDefinition/Element"/>
      </constraint>
      <isModifier value="false"/>
      <isSummary value="true"/>
      <mapping>
        <identity value="w5"/>
        <map value="FiveWs.why[x]"/>
      </mapping>
      <mapping>
        <identity value="v2"/>
        <map value="PRB-3 / IAM-7"/>
      </mapping>
    </element>
    <element id="ClinicalImpression.investigation">
      <path value="ClinicalImpression.investigation"/>
      <short value="One or more sets of investigations (signs, symptoms, etc.)"/>
      <definition value="One or more sets of investigations (signs, symptoms, etc.). The actual grouping of investigations varies greatly depending on the type and context of the assessment. These investigations may include data generated during the assessment process, or data previously generated and recorded that is pertinent to the outcomes."/>
      <min value="0"/>
      <max value="1"/>
      <base>
        <path value="ClinicalImpression.investigation"/>
        <min value="0"/>
        <max value="*"/>
      </base>
      <type>
        <code value="BackboneElement"/>
      </type>
      <constraint>
        <key value="ele-1"/>
        <severity value="error"/>
        <human value="All FHIR elements must have a @value or children"/>
        <expression value="hasValue() or (children().count() &gt; id.count())"/>
        <xpath value="@value|f:*|h:div"/>
        <source value="http://hl7.org/fhir/StructureDefinition/Element"/>
      </constraint>
      <mustSupport value="true"/>
      <isModifier value="false"/>
      <isSummary value="false"/>
    </element>
    <element id="ClinicalImpression.investigation.id">
      <path value="ClinicalImpression.investigation.id"/>
      <representation value="xmlAttr"/>
      <short value="Unique id for inter-element referencing"/>
      <definition value="Unique id for the element within a resource (for internal references). This may be any string value that does not contain spaces."/>
      <min value="0"/>
      <max value="1"/>
      <base>
        <path value="Element.id"/>
        <min value="0"/>
        <max value="1"/>
      </base>
      <type>
        <extension url="http://hl7.org/fhir/StructureDefinition/structuredefinition-fhir-type">
          <valueUrl value="string"/>
        </extension>
        <code value="http://hl7.org/fhirpath/System.String"/>
      </type>
      <isModifier value="false"/>
      <isSummary value="false"/>
      <mapping>
        <identity value="rim"/>
        <map value="n/a"/>
      </mapping>
    </element>
    <element id="ClinicalImpression.investigation.extension">
      <path value="ClinicalImpression.investigation.extension"/>
      <short value="Additional content defined by implementations"/>
      <definition value="May be used to represent additional information that is not part of the basic definition of the element. To make the use of extensions safe and manageable, there is a strict set of governance  applied to the definition and use of extensions. Though any implementer can define an extension, there is a set of requirements that SHALL be met as part of the definition of the extension."/>
      <comment value="There can be no stigma associated with the use of extensions by any application, project, or standard - regardless of the institution or jurisdiction that uses or defines the extensions.  The use of extensions is what allows the FHIR specification to retain a core level of simplicity for everyone."/>
      <alias value="extensions"/>
      <alias value="user content"/>
      <min value="0"/>
      <max value="*"/>
      <base>
        <path value="Element.extension"/>
        <min value="0"/>
        <max value="*"/>
      </base>
      <type>
        <code value="Extension"/>
      </type>
      <constraint>
        <key value="ele-1"/>
        <severity value="error"/>
        <human value="All FHIR elements must have a @value or children"/>
        <expression value="hasValue() or (children().count() &gt; id.count())"/>
        <xpath value="@value|f:*|h:div"/>
        <source value="http://hl7.org/fhir/StructureDefinition/Element"/>
      </constraint>
      <constraint>
        <key value="ext-1"/>
        <severity value="error"/>
        <human value="Must have either extensions or value[x], not both"/>
        <expression value="extension.exists() != value.exists()"/>
        <xpath value="exists(f:extension)!=exists(f:*[starts-with(local-name(.), &quot;value&quot;)])"/>
        <source value="http://hl7.org/fhir/StructureDefinition/Extension"/>
      </constraint>
      <isModifier value="false"/>
      <isSummary value="false"/>
      <mapping>
        <identity value="rim"/>
        <map value="n/a"/>
      </mapping>
    </element>
    <element id="ClinicalImpression.investigation.modifierExtension">
      <path value="ClinicalImpression.investigation.modifierExtension"/>
      <short value="Extensions that cannot be ignored even if unrecognized"/>
      <definition value="May be used to represent additional information that is not part of the basic definition of the element and that modifies the understanding of the element in which it is contained and/or the understanding of the containing element's descendants. Usually modifier elements provide negation or qualification. To make the use of extensions safe and manageable, there is a strict set of governance applied to the definition and use of extensions. Though any implementer can define an extension, there is a set of requirements that SHALL be met as part of the definition of the extension. Applications processing a resource are required to check for modifier extensions.&#xA;&#xA;Modifier extensions SHALL NOT change the meaning of any elements on Resource or DomainResource (including cannot change the meaning of modifierExtension itself)."/>
      <comment value="There can be no stigma associated with the use of extensions by any application, project, or standard - regardless of the institution or jurisdiction that uses or defines the extensions.  The use of extensions is what allows the FHIR specification to retain a core level of simplicity for everyone."/>
      <requirements value="Modifier extensions allow for extensions that *cannot* be safely ignored to be clearly distinguished from the vast majority of extensions which can be safely ignored.  This promotes interoperability by eliminating the need for implementers to prohibit the presence of extensions. For further information, see the [definition of modifier extensions](http://hl7.org/fhir/R4/extensibility.html#modifierExtension)."/>
      <alias value="extensions"/>
      <alias value="user content"/>
      <alias value="modifiers"/>
      <min value="0"/>
      <max value="*"/>
      <base>
        <path value="BackboneElement.modifierExtension"/>
        <min value="0"/>
        <max value="*"/>
      </base>
      <type>
        <code value="Extension"/>
      </type>
      <constraint>
        <key value="ele-1"/>
        <severity value="error"/>
        <human value="All FHIR elements must have a @value or children"/>
        <expression value="hasValue() or (children().count() &gt; id.count())"/>
        <xpath value="@value|f:*|h:div"/>
        <source value="http://hl7.org/fhir/StructureDefinition/Element"/>
      </constraint>
      <constraint>
        <key value="ext-1"/>
        <severity value="error"/>
        <human value="Must have either extensions or value[x], not both"/>
        <expression value="extension.exists() != value.exists()"/>
        <xpath value="exists(f:extension)!=exists(f:*[starts-with(local-name(.), &quot;value&quot;)])"/>
        <source value="http://hl7.org/fhir/StructureDefinition/Extension"/>
      </constraint>
      <isModifier value="true"/>
      <isModifierReason value="Modifier extensions are expected to modify the meaning or interpretation of the element that contains them"/>
      <isSummary value="true"/>
      <mapping>
        <identity value="rim"/>
        <map value="N/A"/>
      </mapping>
    </element>
    <element id="ClinicalImpression.investigation.code">
      <path value="ClinicalImpression.investigation.code"/>
      <short value="A name/code for the set"/>
      <definition value="A name/code for the group (&quot;set&quot;) of investigations. Typically, this will be something like &quot;signs&quot;, &quot;symptoms&quot;, &quot;clinical&quot;, &quot;diagnostic&quot;, but the list is not constrained, and others such groups such as (exposure|family|travel|nutritional) history may be used."/>
      <min value="1"/>
      <max value="1"/>
      <base>
        <path value="ClinicalImpression.investigation.code"/>
        <min value="1"/>
        <max value="1"/>
      </base>
      <type>
        <code value="CodeableConcept"/>
      </type>
      <constraint>
        <key value="ele-1"/>
        <severity value="error"/>
        <human value="All FHIR elements must have a @value or children"/>
        <expression value="hasValue() or (children().count() &gt; id.count())"/>
        <xpath value="@value|f:*|h:div"/>
        <source value="http://hl7.org/fhir/StructureDefinition/Element"/>
      </constraint>
      <isModifier value="false"/>
      <isSummary value="false"/>
      <binding>
        <extension url="http://hl7.org/fhir/StructureDefinition/elementdefinition-bindingName">
          <valueString value="InvestigationGroupType"/>
        </extension>
        <strength value="example"/>
        <description value="A name/code for a set of investigations."/>
        <valueSet value="http://hl7.org/fhir/ValueSet/investigation-sets"/>
      </binding>
    </element>
    <element id="ClinicalImpression.investigation.code.id">
      <path value="ClinicalImpression.investigation.code.id"/>
      <representation value="xmlAttr"/>
      <short value="Unique id for inter-element referencing"/>
      <definition value="Unique id for the element within a resource (for internal references). This may be any string value that does not contain spaces."/>
      <min value="0"/>
      <max value="1"/>
      <base>
        <path value="Element.id"/>
        <min value="0"/>
        <max value="1"/>
      </base>
      <type>
        <extension url="http://hl7.org/fhir/StructureDefinition/structuredefinition-fhir-type">
          <valueUrl value="string"/>
        </extension>
        <code value="http://hl7.org/fhirpath/System.String"/>
      </type>
      <isModifier value="false"/>
      <isSummary value="false"/>
      <mapping>
        <identity value="rim"/>
        <map value="n/a"/>
      </mapping>
    </element>
    <element id="ClinicalImpression.investigation.code.extension">
      <path value="ClinicalImpression.investigation.code.extension"/>
      <slicing>
        <discriminator>
          <type value="value"/>
          <path value="url"/>
        </discriminator>
        <description value="Extensions are always sliced by (at least) url"/>
        <rules value="open"/>
      </slicing>
      <short value="Additional content defined by implementations"/>
      <definition value="May be used to represent additional information that is not part of the basic definition of the element. To make the use of extensions safe and manageable, there is a strict set of governance  applied to the definition and use of extensions. Though any implementer can define an extension, there is a set of requirements that SHALL be met as part of the definition of the extension."/>
      <comment value="There can be no stigma associated with the use of extensions by any application, project, or standard - regardless of the institution or jurisdiction that uses or defines the extensions.  The use of extensions is what allows the FHIR specification to retain a core level of simplicity for everyone."/>
      <alias value="extensions"/>
      <alias value="user content"/>
      <min value="0"/>
      <max value="*"/>
      <base>
        <path value="Element.extension"/>
        <min value="0"/>
        <max value="*"/>
      </base>
      <type>
        <code value="Extension"/>
      </type>
      <constraint>
        <key value="ele-1"/>
        <severity value="error"/>
        <human value="All FHIR elements must have a @value or children"/>
        <expression value="hasValue() or (children().count() &gt; id.count())"/>
        <xpath value="@value|f:*|h:div"/>
        <source value="http://hl7.org/fhir/StructureDefinition/Element"/>
      </constraint>
      <constraint>
        <key value="ext-1"/>
        <severity value="error"/>
        <human value="Must have either extensions or value[x], not both"/>
        <expression value="extension.exists() != value.exists()"/>
        <xpath value="exists(f:extension)!=exists(f:*[starts-with(local-name(.), &quot;value&quot;)])"/>
        <source value="http://hl7.org/fhir/StructureDefinition/Extension"/>
      </constraint>
      <isModifier value="false"/>
      <isSummary value="false"/>
      <mapping>
        <identity value="rim"/>
        <map value="n/a"/>
      </mapping>
    </element>
    <element id="ClinicalImpression.investigation.code.coding">
      <path value="ClinicalImpression.investigation.code.coding"/>
      <short value="[DK] oplysningsaktivitetsObservationstype"/>
      <definition value="A reference to a code defined by a terminology system."/>
      <comment value="Codes may be defined very casually in enumerations, or code lists, up to very formal definitions such as SNOMED CT - see the HL7 v3 Core Principles for more information.  Ordering of codings is undefined and SHALL NOT be used to infer meaning. Generally, at most only one of the coding values will be labeled as UserSelected = true."/>
      <requirements value="Allows for alternative encodings within a code system, and translations to other code systems."/>
      <min value="0"/>
      <max value="*"/>
      <base>
        <path value="CodeableConcept.coding"/>
        <min value="0"/>
        <max value="*"/>
      </base>
      <type>
        <code value="Coding"/>
      </type>
      <constraint>
        <key value="ele-1"/>
        <severity value="error"/>
        <human value="All FHIR elements must have a @value or children"/>
        <expression value="hasValue() or (children().count() &gt; id.count())"/>
        <xpath value="@value|f:*|h:div"/>
        <source value="http://hl7.org/fhir/StructureDefinition/Element"/>
      </constraint>
      <isModifier value="false"/>
      <isSummary value="true"/>
      <mapping>
        <identity value="v2"/>
        <map value="C*E.1-8, C*E.10-22"/>
      </mapping>
      <mapping>
        <identity value="rim"/>
        <map value="union(., ./translation)"/>
      </mapping>
      <mapping>
        <identity value="orim"/>
        <map value="fhir:CodeableConcept.coding rdfs:subPropertyOf dt:CD.coding"/>
      </mapping>
    </element>
    <element id="ClinicalImpression.investigation.code.text">
      <extension url="http://hl7.org/fhir/StructureDefinition/elementdefinition-translatable">
        <valueBoolean value="true"/>
      </extension>
      <path value="ClinicalImpression.investigation.code.text"/>
      <short value="Plain text representation of the concept"/>
      <definition value="A human language representation of the concept as seen/selected/uttered by the user who entered the data and/or which represents the intended meaning of the user."/>
      <comment value="Very often the text is the same as a displayName of one of the codings."/>
      <requirements value="The codes from the terminologies do not always capture the correct meaning with all the nuances of the human using them, or sometimes there is no appropriate code at all. In these cases, the text is used to capture the full meaning of the source."/>
      <min value="0"/>
      <max value="1"/>
      <base>
        <path value="CodeableConcept.text"/>
        <min value="0"/>
        <max value="1"/>
      </base>
      <type>
        <code value="string"/>
      </type>
      <constraint>
        <key value="ele-1"/>
        <severity value="error"/>
        <human value="All FHIR elements must have a @value or children"/>
        <expression value="hasValue() or (children().count() &gt; id.count())"/>
        <xpath value="@value|f:*|h:div"/>
        <source value="http://hl7.org/fhir/StructureDefinition/Element"/>
      </constraint>
      <isModifier value="false"/>
      <isSummary value="true"/>
      <mapping>
        <identity value="v2"/>
        <map value="C*E.9. But note many systems use C*E.2 for this"/>
      </mapping>
      <mapping>
        <identity value="rim"/>
        <map value="./originalText[mediaType/code=&quot;text/plain&quot;]/data"/>
      </mapping>
      <mapping>
        <identity value="orim"/>
        <map value="fhir:CodeableConcept.text rdfs:subPropertyOf dt:CD.originalText"/>
      </mapping>
    </element>
    <element id="ClinicalImpression.investigation.item">
      <path value="ClinicalImpression.investigation.item"/>
      <short value="[DK] oplysningsaktivitetsKonklusion"/>
      <definition value="A record of a specific investigation that was undertaken."/>
      <comment value="Most investigations are observations of one kind or another but some other specific types of data collection resources can also be used."/>
      <min value="0"/>
      <max value="*"/>
      <base>
        <path value="ClinicalImpression.investigation.item"/>
        <min value="0"/>
        <max value="*"/>
      </base>
      <type>
        <code value="Reference"/>
        <targetProfile value="http://fhir.kl.dk/ffbreporting/StructureDefinition/kl-reporting-ffb-careEvaluation"/>
      </type>
      <constraint>
        <key value="ele-1"/>
        <severity value="error"/>
        <human value="All FHIR elements must have a @value or children"/>
        <expression value="hasValue() or (children().count() &gt; id.count())"/>
        <xpath value="@value|f:*|h:div"/>
        <source value="http://hl7.org/fhir/StructureDefinition/Element"/>
      </constraint>
      <mustSupport value="true"/>
      <isModifier value="false"/>
      <isSummary value="false"/>
      <mapping>
        <identity value="v2"/>
        <map value="OBX-21"/>
      </mapping>
    </element>
    <element id="ClinicalImpression.protocol">
      <path value="ClinicalImpression.protocol"/>
      <short value="Clinical Protocol followed"/>
      <definition value="Reference to a specific published clinical protocol that was followed during this assessment, and/or that provides evidence in support of the diagnosis."/>
      <min value="0"/>
      <max value="0"/>
      <base>
        <path value="ClinicalImpression.protocol"/>
        <min value="0"/>
        <max value="*"/>
      </base>
      <type>
        <code value="uri"/>
      </type>
      <constraint>
        <key value="ele-1"/>
        <severity value="error"/>
        <human value="All FHIR elements must have a @value or children"/>
        <expression value="hasValue() or (children().count() &gt; id.count())"/>
        <xpath value="@value|f:*|h:div"/>
        <source value="http://hl7.org/fhir/StructureDefinition/Element"/>
      </constraint>
      <isModifier value="false"/>
      <isSummary value="false"/>
    </element>
    <element id="ClinicalImpression.summary">
      <path value="ClinicalImpression.summary"/>
      <short value="Summary of the assessment"/>
      <definition value="A text summary of the investigations and the diagnosis."/>
      <min value="0"/>
      <max value="0"/>
      <base>
        <path value="ClinicalImpression.summary"/>
        <min value="0"/>
        <max value="1"/>
      </base>
      <type>
        <code value="string"/>
      </type>
      <constraint>
        <key value="ele-1"/>
        <severity value="error"/>
        <human value="All FHIR elements must have a @value or children"/>
        <expression value="hasValue() or (children().count() &gt; id.count())"/>
        <xpath value="@value|f:*|h:div"/>
        <source value="http://hl7.org/fhir/StructureDefinition/Element"/>
      </constraint>
      <isModifier value="false"/>
      <isSummary value="false"/>
      <mapping>
        <identity value="v2"/>
        <map value="OBX"/>
      </mapping>
    </element>
    <element id="ClinicalImpression.finding">
      <path value="ClinicalImpression.finding"/>
      <short value="Possible or likely findings and diagnoses"/>
      <definition value="Specific findings or diagnoses that were considered likely or relevant to ongoing treatment."/>
      <min value="0"/>
      <max value="*"/>
      <base>
        <path value="ClinicalImpression.finding"/>
        <min value="0"/>
        <max value="*"/>
      </base>
      <type>
        <code value="BackboneElement"/>
      </type>
      <constraint>
        <key value="ele-1"/>
        <severity value="error"/>
        <human value="All FHIR elements must have a @value or children"/>
        <expression value="hasValue() or (children().count() &gt; id.count())"/>
        <xpath value="@value|f:*|h:div"/>
        <source value="http://hl7.org/fhir/StructureDefinition/Element"/>
      </constraint>
      <mustSupport value="true"/>
      <isModifier value="false"/>
      <isSummary value="false"/>
    </element>
    <element id="ClinicalImpression.finding.id">
      <path value="ClinicalImpression.finding.id"/>
      <representation value="xmlAttr"/>
      <short value="Unique id for inter-element referencing"/>
      <definition value="Unique id for the element within a resource (for internal references). This may be any string value that does not contain spaces."/>
      <min value="0"/>
      <max value="1"/>
      <base>
        <path value="Element.id"/>
        <min value="0"/>
        <max value="1"/>
      </base>
      <type>
        <extension url="http://hl7.org/fhir/StructureDefinition/structuredefinition-fhir-type">
          <valueUrl value="string"/>
        </extension>
        <code value="http://hl7.org/fhirpath/System.String"/>
      </type>
      <isModifier value="false"/>
      <isSummary value="false"/>
      <mapping>
        <identity value="rim"/>
        <map value="n/a"/>
      </mapping>
    </element>
    <element id="ClinicalImpression.finding.extension">
      <path value="ClinicalImpression.finding.extension"/>
      <short value="Extension"/>
      <definition value="An Extension"/>
      <min value="0"/>
      <max value="0"/>
      <base>
        <path value="Element.extension"/>
        <min value="0"/>
        <max value="*"/>
      </base>
      <type>
        <code value="Extension"/>
      </type>
      <constraint>
        <key value="ele-1"/>
        <severity value="error"/>
        <human value="All FHIR elements must have a @value or children"/>
        <expression value="hasValue() or (children().count() &gt; id.count())"/>
        <xpath value="@value|f:*|h:div"/>
        <source value="http://hl7.org/fhir/StructureDefinition/Element"/>
      </constraint>
      <constraint>
        <key value="ext-1"/>
        <severity value="error"/>
        <human value="Must have either extensions or value[x], not both"/>
        <expression value="extension.exists() != value.exists()"/>
        <xpath value="exists(f:extension)!=exists(f:*[starts-with(local-name(.), &quot;value&quot;)])"/>
        <source value="http://hl7.org/fhir/StructureDefinition/Extension"/>
      </constraint>
      <isModifier value="false"/>
      <isSummary value="false"/>
    </element>
    <element id="ClinicalImpression.finding.modifierExtension">
      <path value="ClinicalImpression.finding.modifierExtension"/>
      <short value="Extension"/>
      <definition value="An Extension"/>
      <min value="0"/>
      <max value="0"/>
      <base>
        <path value="BackboneElement.modifierExtension"/>
        <min value="0"/>
        <max value="*"/>
      </base>
      <type>
        <code value="Extension"/>
      </type>
      <constraint>
        <key value="ele-1"/>
        <severity value="error"/>
        <human value="All FHIR elements must have a @value or children"/>
        <expression value="hasValue() or (children().count() &gt; id.count())"/>
        <xpath value="@value|f:*|h:div"/>
        <source value="http://hl7.org/fhir/StructureDefinition/Element"/>
      </constraint>
      <constraint>
        <key value="ext-1"/>
        <severity value="error"/>
        <human value="Must have either extensions or value[x], not both"/>
        <expression value="extension.exists() != value.exists()"/>
        <xpath value="exists(f:extension)!=exists(f:*[starts-with(local-name(.), &quot;value&quot;)])"/>
        <source value="http://hl7.org/fhir/StructureDefinition/Extension"/>
      </constraint>
      <isModifier value="true"/>
      <isModifierReason value="Modifier extensions are expected to modify the meaning or interpretation of the element that contains them"/>
      <isSummary value="true"/>
    </element>
    <element id="ClinicalImpression.finding.itemCodeableConcept">
      <path value="ClinicalImpression.finding.itemCodeableConcept"/>
      <short value="What was found"/>
      <definition value="Specific text or code for finding or diagnosis, which may include ruled-out or resolved conditions."/>
      <min value="0"/>
      <max value="0"/>
      <base>
        <path value="ClinicalImpression.finding.itemCodeableConcept"/>
        <min value="0"/>
        <max value="1"/>
      </base>
      <type>
        <code value="CodeableConcept"/>
      </type>
      <constraint>
        <key value="ele-1"/>
        <severity value="error"/>
        <human value="All FHIR elements must have a @value or children"/>
        <expression value="hasValue() or (children().count() &gt; id.count())"/>
        <xpath value="@value|f:*|h:div"/>
        <source value="http://hl7.org/fhir/StructureDefinition/Element"/>
      </constraint>
      <isModifier value="false"/>
      <isSummary value="false"/>
      <binding>
        <extension url="http://hl7.org/fhir/StructureDefinition/elementdefinition-bindingName">
          <valueString value="ConditionKind"/>
        </extension>
        <strength value="example"/>
        <description value="Identification of the Condition or diagnosis."/>
        <valueSet value="http://hl7.org/fhir/ValueSet/condition-code"/>
      </binding>
      <mapping>
        <identity value="v2"/>
        <map value="OBX"/>
      </mapping>
    </element>
    <element id="ClinicalImpression.finding.itemReference">
      <path value="ClinicalImpression.finding.itemReference"/>
      <short value="[DK] oplysningsaktivitetsTilstand"/>
      <definition value="Specific reference for finding or diagnosis, which may include ruled-out or resolved conditions."/>
      <min value="0"/>
      <max value="1"/>
      <base>
        <path value="ClinicalImpression.finding.itemReference"/>
        <min value="0"/>
        <max value="1"/>
      </base>
      <type>
        <code value="Reference"/>
        <targetProfile value="http://fhir.kl.dk/ffbreporting/StructureDefinition/kl-reporting-ffb-condition"/>
        <aggregation value="bundled"/>
      </type>
      <constraint>
        <key value="ele-1"/>
        <severity value="error"/>
        <human value="All FHIR elements must have a @value or children"/>
        <expression value="hasValue() or (children().count() &gt; id.count())"/>
        <xpath value="@value|f:*|h:div"/>
        <source value="http://hl7.org/fhir/StructureDefinition/Element"/>
      </constraint>
      <mustSupport value="true"/>
      <isModifier value="false"/>
      <isSummary value="false"/>
      <mapping>
        <identity value="v2"/>
        <map value="OBX"/>
      </mapping>
    </element>
    <element id="ClinicalImpression.finding.basis">
      <path value="ClinicalImpression.finding.basis"/>
      <short value="Which investigations support finding"/>
      <definition value="Which investigations support finding or diagnosis."/>
      <min value="0"/>
      <max value="0"/>
      <base>
        <path value="ClinicalImpression.finding.basis"/>
        <min value="0"/>
        <max value="1"/>
      </base>
      <type>
        <code value="string"/>
      </type>
      <constraint>
        <key value="ele-1"/>
        <severity value="error"/>
        <human value="All FHIR elements must have a @value or children"/>
        <expression value="hasValue() or (children().count() &gt; id.count())"/>
        <xpath value="@value|f:*|h:div"/>
        <source value="http://hl7.org/fhir/StructureDefinition/Element"/>
      </constraint>
      <isModifier value="false"/>
      <isSummary value="false"/>
    </element>
    <element id="ClinicalImpression.prognosisCodeableConcept">
      <path value="ClinicalImpression.prognosisCodeableConcept"/>
      <short value="Estimate of likely outcome"/>
      <definition value="Estimate of likely outcome."/>
      <min value="0"/>
      <max value="*"/>
      <base>
        <path value="ClinicalImpression.prognosisCodeableConcept"/>
        <min value="0"/>
        <max value="*"/>
      </base>
      <type>
        <code value="CodeableConcept"/>
      </type>
      <constraint>
        <key value="ele-1"/>
        <severity value="error"/>
        <human value="All FHIR elements must have a @value or children"/>
        <expression value="hasValue() or (children().count() &gt; id.count())"/>
        <xpath value="@value|f:*|h:div"/>
        <source value="http://hl7.org/fhir/StructureDefinition/Element"/>
      </constraint>
      <isModifier value="false"/>
      <isSummary value="false"/>
      <binding>
        <extension url="http://hl7.org/fhir/StructureDefinition/elementdefinition-bindingName">
          <valueString value="ClinicalImpressionPrognosis"/>
        </extension>
        <strength value="example"/>
        <description value="Prognosis or outlook findings."/>
        <valueSet value="http://hl7.org/fhir/ValueSet/clinicalimpression-prognosis"/>
      </binding>
      <mapping>
        <identity value="v2"/>
        <map value="PRB-22"/>
      </mapping>
    </element>
    <element id="ClinicalImpression.prognosisReference">
      <path value="ClinicalImpression.prognosisReference"/>
      <short value="RiskAssessment expressing likely outcome"/>
      <definition value="RiskAssessment expressing likely outcome."/>
      <min value="0"/>
      <max value="*"/>
      <base>
        <path value="ClinicalImpression.prognosisReference"/>
        <min value="0"/>
        <max value="*"/>
      </base>
      <type>
        <code value="Reference"/>
        <targetProfile value="http://hl7.org/fhir/StructureDefinition/RiskAssessment"/>
      </type>
      <constraint>
        <key value="ele-1"/>
        <severity value="error"/>
        <human value="All FHIR elements must have a @value or children"/>
        <expression value="hasValue() or (children().count() &gt; id.count())"/>
        <xpath value="@value|f:*|h:div"/>
        <source value="http://hl7.org/fhir/StructureDefinition/Element"/>
      </constraint>
      <isModifier value="false"/>
      <isSummary value="false"/>
    </element>
    <element id="ClinicalImpression.supportingInfo">
      <path value="ClinicalImpression.supportingInfo"/>
      <short value="Information supporting the clinical impression"/>
      <definition value="Information supporting the clinical impression."/>
      <min value="0"/>
      <max value="*"/>
      <base>
        <path value="ClinicalImpression.supportingInfo"/>
        <min value="0"/>
        <max value="*"/>
      </base>
      <type>
        <code value="Reference"/>
        <targetProfile value="http://hl7.org/fhir/StructureDefinition/Resource"/>
      </type>
      <constraint>
        <key value="ele-1"/>
        <severity value="error"/>
        <human value="All FHIR elements must have a @value or children"/>
        <expression value="hasValue() or (children().count() &gt; id.count())"/>
        <xpath value="@value|f:*|h:div"/>
        <source value="http://hl7.org/fhir/StructureDefinition/Element"/>
      </constraint>
      <isModifier value="false"/>
      <isSummary value="false"/>
    </element>
    <element id="ClinicalImpression.note">
      <path value="ClinicalImpression.note"/>
      <short value="Comments made about the ClinicalImpression"/>
      <definition value="Commentary about the impression, typically recorded after the impression itself was made, though supplemental notes by the original author could also appear."/>
      <comment value="Don't use this element for content that should more properly appear as one of the specific elements of the impression."/>
      <min value="0"/>
      <max value="*"/>
      <base>
        <path value="ClinicalImpression.note"/>
        <min value="0"/>
        <max value="*"/>
      </base>
      <type>
        <code value="Annotation"/>
      </type>
      <constraint>
        <key value="ele-1"/>
        <severity value="error"/>
        <human value="All FHIR elements must have a @value or children"/>
        <expression value="hasValue() or (children().count() &gt; id.count())"/>
        <xpath value="@value|f:*|h:div"/>
        <source value="http://hl7.org/fhir/StructureDefinition/Element"/>
      </constraint>
      <isModifier value="false"/>
      <isSummary value="false"/>
      <mapping>
        <identity value="workflow"/>
        <map value="Event.note"/>
      </mapping>
    </element>
  </snapshot>
  <differential>
    <element id="ClinicalImpression">
      <path value="ClinicalImpression"/>
    </element>
    <element id="ClinicalImpression.implicitRules">
      <path value="ClinicalImpression.implicitRules"/>
      <max value="0"/>
    </element>
    <element id="ClinicalImpression.language">
      <path value="ClinicalImpression.language"/>
      <max value="0"/>
    </element>
    <element id="ClinicalImpression.contained">
      <path value="ClinicalImpression.contained"/>
      <max value="0"/>
    </element>
    <element id="ClinicalImpression.extension">
      <path value="ClinicalImpression.extension"/>
      <slicing>
        <discriminator>
          <type value="value"/>
          <path value="url"/>
        </discriminator>
        <ordered value="false"/>
        <rules value="closed"/>
      </slicing>
      <min value="1"/>
    </element>
    <element id="ClinicalImpression.extension:basedOnServiceRequest">
      <path value="ClinicalImpression.extension"/>
      <sliceName value="basedOnServiceRequest"/>
      <short value="[DK] oplysningsaktivitetsordre"/>
      <min value="1"/>
      <max value="1"/>
      <type>
        <code value="Extension"/>
        <profile value="http://fhir.kl.dk/core/StructureDefinition/BasedOnServiceRequest"/>
      </type>
      <mustSupport value="true"/>
    </element>
    <element id="ClinicalImpression.extension:basedOnServiceRequest.value[x]">
      <path value="ClinicalImpression.extension.value[x]"/>
      <type>
        <code value="Reference"/>
        <targetProfile value="http://fhir.kl.dk/ffbreporting/StructureDefinition/kl-reporting-ffb-serviceRequest"/>
        <aggregation value="bundled"/>
      </type>
    </element>
    <element id="ClinicalImpression.modifierExtension">
      <path value="ClinicalImpression.modifierExtension"/>
      <max value="0"/>
    </element>
    <element id="ClinicalImpression.identifier">
      <path value="ClinicalImpression.identifier"/>
      <max value="0"/>
    </element>
    <element id="ClinicalImpression.status">
      <path value="ClinicalImpression.status"/>
      <short value="[DK] oplysningsaktivitetsstatus"/>
      <mustSupport value="true"/>
    </element>
    <element id="ClinicalImpression.statusReason">
      <path value="ClinicalImpression.statusReason"/>
      <max value="0"/>
    </element>
    <element id="ClinicalImpression.code">
      <path value="ClinicalImpression.code"/>
      <max value="0"/>
    </element>
    <element id="ClinicalImpression.code.coding">
      <path value="ClinicalImpression.code.coding"/>
      <short value="[DK] oplysningsaktivitetstype"/>
    </element>
    <element id="ClinicalImpression.description">
      <path value="ClinicalImpression.description"/>
      <max value="0"/>
    </element>
    <element id="ClinicalImpression.subject">
      <path value="ClinicalImpression.subject"/>
      <short value="[DK] oplysningsaktivitetsubjekt"/>
      <type>
        <code value="Reference"/>
        <targetProfile value="http://fhir.kl.dk/ffbreporting/StructureDefinition/kl-reporting-ffb-citizen"/>
        <aggregation value="bundled"/>
      </type>
      <mustSupport value="true"/>
    </element>
    <element id="ClinicalImpression.encounter">
      <path value="ClinicalImpression.encounter"/>
      <short value="[DK] oplysningsaktivitetskontakt"/>
      <max value="0"/>
    </element>
    <element id="ClinicalImpression.effective[x]">
      <path value="ClinicalImpression.effective[x]"/>
      <short value="[DK] oplysningsaktivitetstid"/>
      <min value="1"/>
      <type>
        <code value="dateTime"/>
      </type>
      <mustSupport value="true"/>
    </element>
    <element id="ClinicalImpression.date">
      <path value="ClinicalImpression.date"/>
      <max value="0"/>
    </element>
    <element id="ClinicalImpression.assessor">
      <path value="ClinicalImpression.assessor"/>
      <short value="[DK] oplysningsaktivitetsudfører"/>
      <max value="0"/>
    </element>
    <element id="ClinicalImpression.previous">
      <path value="ClinicalImpression.previous"/>
      <max value="0"/>
    </element>
    <element id="ClinicalImpression.problem">
      <path value="ClinicalImpression.problem"/>
      <max value="0"/>
    </element>
    <element id="ClinicalImpression.investigation">
      <path value="ClinicalImpression.investigation"/>
      <max value="1"/>
      <mustSupport value="true"/>
    </element>
    <element id="ClinicalImpression.investigation.code.coding">
      <path value="ClinicalImpression.investigation.code.coding"/>
      <short value="[DK] oplysningsaktivitetsObservationstype"/>
    </element>
    <element id="ClinicalImpression.investigation.item">
      <path value="ClinicalImpression.investigation.item"/>
      <short value="[DK] oplysningsaktivitetsKonklusion"/>
      <type>
        <code value="Reference"/>
        <targetProfile value="http://fhir.kl.dk/ffbreporting/StructureDefinition/kl-reporting-ffb-careEvaluation"/>
      </type>
      <mustSupport value="true"/>
    </element>
    <element id="ClinicalImpression.protocol">
      <path value="ClinicalImpression.protocol"/>
      <max value="0"/>
    </element>
    <element id="ClinicalImpression.summary">
      <path value="ClinicalImpression.summary"/>
      <max value="0"/>
    </element>
    <element id="ClinicalImpression.finding">
      <path value="ClinicalImpression.finding"/>
      <mustSupport value="true"/>
    </element>
    <element id="ClinicalImpression.finding.extension">
      <path value="ClinicalImpression.finding.extension"/>
      <max value="0"/>
    </element>
    <element id="ClinicalImpression.finding.modifierExtension">
      <path value="ClinicalImpression.finding.modifierExtension"/>
      <max value="0"/>
    </element>
    <element id="ClinicalImpression.finding.itemCodeableConcept">
      <path value="ClinicalImpression.finding.itemCodeableConcept"/>
      <max value="0"/>
    </element>
    <element id="ClinicalImpression.finding.itemReference">
      <path value="ClinicalImpression.finding.itemReference"/>
      <short value="[DK] oplysningsaktivitetsTilstand"/>
      <type>
        <code value="Reference"/>
        <targetProfile value="http://fhir.kl.dk/ffbreporting/StructureDefinition/kl-reporting-ffb-condition"/>
        <aggregation value="bundled"/>
      </type>
      <mustSupport value="true"/>
    </element>
    <element id="ClinicalImpression.finding.basis">
      <path value="ClinicalImpression.finding.basis"/>
      <max value="0"/>
    </element>
  </differential>
</StructureDefinition>