<?xml version="1.0" encoding="UTF-8"?><ValueSet xmlns="http://hl7.org/fhir"><id value="KLChangeValueCodesFFB"/><text><status value="generated"/><div xmlns="http://www.w3.org/1999/xhtml"><ul><li>Import all the codes that are contained in <a href="http://fhir.kl.dk/term/1.0.0/ValueSet-KLChangeValueCodesFFB.html">KLMåltypekoderFFB</a></li></ul></div></text><url value="http://fhir.kl.dk/core/ValueSet/KLChangeValueCodesFFB"/><version value="1.2.0"/><name value="KLChangeValueCodesFFB"/><title value="KLMåltypekoderFFB"/><status value="active"/><date value="2023-06-07T17:47:41+02:00"/><publisher value="Kommunernes landsforening"/><contact><name value="Kommunernes landsforening"/><telecom><system value="url"/><value value="http://kl.dk"/></telecom></contact><description value="Change values for goals in FFB (FFB måltype). Express the target value for change of an activity or participation condition"/><compose><include><valueSet value="http://fhir.kl.dk/term/ValueSet/KLChangeValueCodesFFB"/></include></compose></ValueSet>