<?xml version="1.0" encoding="UTF-8"?><ValueSet xmlns="http://hl7.org/fhir"><id value="KLEvaluationTypeCodesSCT"/><text><status value="generated"/><div xmlns="http://www.w3.org/1999/xhtml"><ul><li>Import all the codes that are contained in <a href="http://fhir.kl.dk/term/1.0.0/ValueSet-KLEvaluationTypeCodesSCT.html">KLVurderingTypekoderSCT</a></li></ul></div></text><url value="http://fhir.kl.dk/core/ValueSet/KLEvaluationTypeCodesSCT"/><version value="1.2.0"/><name value="KLEvaluationTypeCodesSCT"/><title value="KLVurderingTypekoderSCT"/><status value="draft"/><date value="2023-06-07T16:28:58+02:00"/><publisher value="Kommunernes landsforening"/><contact><name value="Kommunernes landsforening"/><telecom><system value="url"/><value value="http://kl.dk"/></telecom></contact><description value="SNOMED CT codes used to distinguish different kinds of evaluations"/><compose><include><valueSet value="http://fhir.kl.dk/term/ValueSet/KLEvaluationTypeCodesSCT"/></include></compose></ValueSet>