{
  "resourceType" : "CarePlan",
  "id" : "BrunoforloebKostValidationerror",
  "meta" : {
    "profile" : ["http://fhir.kl.dk/prevention/StructureDefinition/klgateway-119-care-plan"]
  },
  "text" : {
    "status" : "generated",
    "div" : "<div xmlns=\"http://www.w3.org/1999/xhtml\"><p><b>Generated Narrative: CarePlan</b><a name=\"BrunoforloebKostValidationerror\"> </a></p><div style=\"display: inline-block; background-color: #d9e0e7; padding: 6px; margin: 4px; border: 1px solid #8da1b4; border-radius: 5px; line-height: 60%\"><p style=\"margin-bottom: 0px\">Resource CarePlan &quot;BrunoforloebKostValidationerror&quot; </p><p style=\"margin-bottom: 0px\">Profile: <a href=\"StructureDefinition-klgateway-119-care-plan.html\">KLGateway119CarePlan</a></p></div><p><b>status</b>: active</p><p><b>intent</b>: plan</p><p><b>category</b>: Opfølgningsforløb efter §119 <span style=\"background: LightGoldenRodYellow; margin: 4px; border: 1px solid khaki\"> (<a href=\"http://fhir.kl.dk/term/1.1.0/CodeSystem-CareSocialCodes.html\">CareSocialCodes</a>#9791e55a-656f-47eb-8fd5-c4a06b0a4662)</span></p><p><b>subject</b>: <a href=\"Patient-BrunoTestElmer.html\">Patient/BrunoTestElmer</a></p><p><b>period</b>: 2022-06-02 --&gt; (ongoing)</p><blockquote><p><b>activity</b></p><h3>Details</h3><table class=\"grid\"><tr><td style=\"display: none\">-</td><td><b>Status</b></td><td><b>Performer</b></td></tr><tr><td style=\"display: none\">*</td><td>in-progress</td><td><a href=\"Organization-UdfoererAfBrunosForebyggelse.html\">Organization/UdfoererAfBrunosForebyggelse</a></td></tr></table></blockquote></div>"
  },
  "status" : "active",
  "intent" : "plan",
  "category" : [{
    "coding" : [{
      "system" : "http://fhir.kl.dk/term/CodeSystem/CareSocialCodes",
      "code" : "9791e55a-656f-47eb-8fd5-c4a06b0a4662"
    }]
  }],
  "subject" : {
    "reference" : "Patient/BrunoTestElmer"
  },
  "period" : {
    "start" : "2022-06-02"
  },
  "activity" : [{
    "detail" : {
      "status" : "in-progress",
      "performer" : [{
        "reference" : "Organization/UdfoererAfBrunosForebyggelse"
      }]
    }
  }]
}