{
  "resourceType" : "Bundle",
  "id" : "69504bc8-f5e1-491f-b01b-1712be1681f0",
  "meta" : {
    "lastUpdated" : "2023-09-28T10:05:19.274+02:00"
  },
  "type" : "collection",
  "entry" : [{
    "fullUrl" : "http://fhir.kl.dk/rehab/ValueSet/ServiceRequestTypes140",
    "resource" : {
      "resourceType" : "ValueSet",
      "text" : {
        "status" : "generated",
        "div" : "<div xmlns=\"http://www.w3.org/1999/xhtml\"><p>This value set contains 5 concepts</p><p style=\"border: black 1px dotted; background-color: #EEEEEE; padding: 8px; margin-bottom: 8px\">Expansion based on <a href=\"CodeSystem-Tempcodes.html\">codesystem Tempcodes v1.0.0 (CodeSystem)</a></p><table class=\"codes\"><tr><td style=\"white-space:nowrap\"><b>Code</b></td><td><b>System</b></td><td><b>Display</b></td><td><b>Definition</b></td></tr><tr><td style=\"white-space:nowrap\"><a name=\"http---fhir.kl.dk-rehab-CodeSystem-Tempcodes-ffd81f78-352e-4589-a195-5350dd1df2a4\"> </a>\u00a0\u00a0<a href=\"CodeSystem-Tempcodes.html#Tempcodes-ffd81f78-352e-4589-a195-5350dd1df2a4\">ffd81f78-352e-4589-a195-5350dd1df2a4</a></td><td>http://fhir.kl.dk/rehab/CodeSystem/Tempcodes</td><td>almen</td><td><div><p>Midlertidig kopi af MedComs kode for genoptræning på alment niveau, som specificeret af den gode genoptræningsplan, https://svn.medcom.dk/svn/releases/Standarder/National%20Sygehus-Kommunesamarbejde/GGOP/Dokumentation/GGOP.pdf</p>\n</div></td></tr><tr><td style=\"white-space:nowrap\"><a name=\"http---fhir.kl.dk-rehab-CodeSystem-Tempcodes-8b962281-2ab6-4b10-9c91-4bac592d6d49\"> </a>\u00a0\u00a0<a href=\"CodeSystem-Tempcodes.html#Tempcodes-8b962281-2ab6-4b10-9c91-4bac592d6d49\">8b962281-2ab6-4b10-9c91-4bac592d6d49</a></td><td>http://fhir.kl.dk/rehab/CodeSystem/Tempcodes</td><td>basal</td><td><div><p>Almen genoptræning på basalt niveau</p>\n</div></td></tr><tr><td style=\"white-space:nowrap\"><a name=\"http---fhir.kl.dk-rehab-CodeSystem-Tempcodes-b679c454-2da2-46dd-9425-0e52d4aa2bf3\"> </a>\u00a0\u00a0<a href=\"CodeSystem-Tempcodes.html#Tempcodes-b679c454-2da2-46dd-9425-0e52d4aa2bf3\">b679c454-2da2-46dd-9425-0e52d4aa2bf3</a></td><td>http://fhir.kl.dk/rehab/CodeSystem/Tempcodes</td><td>avanceret</td><td><div><p>Almen genoptræning på avanceret niveau</p>\n</div></td></tr><tr><td style=\"white-space:nowrap\"><a name=\"http---fhir.kl.dk-rehab-CodeSystem-Tempcodes-0c8e2bfc-1350-45d1-90da-c07e2645d073\"> </a>\u00a0\u00a0<a href=\"CodeSystem-Tempcodes.html#Tempcodes-0c8e2bfc-1350-45d1-90da-c07e2645d073\">0c8e2bfc-1350-45d1-90da-c07e2645d073</a></td><td>http://fhir.kl.dk/rehab/CodeSystem/Tempcodes</td><td>specialiseret</td><td><div><p>Midlertidig kopi af MedComs kode for genoptræning på specialieret niveau, som specificeret af den gode genoptræningsplan, https://svn.medcom.dk/svn/releases/Standarder/National%20Sygehus-Kommunesamarbejde/GGOP/Dokumentation/GGOP.pdf</p>\n</div></td></tr><tr><td style=\"white-space:nowrap\"><a name=\"http---fhir.kl.dk-rehab-CodeSystem-Tempcodes-83c89857-8fb8-4163-97b1-eb1a56345c29\"> </a>\u00a0\u00a0<a href=\"CodeSystem-Tempcodes.html#Tempcodes-83c89857-8fb8-4163-97b1-eb1a56345c29\">83c89857-8fb8-4163-97b1-eb1a56345c29</a></td><td>http://fhir.kl.dk/rehab/CodeSystem/Tempcodes</td><td>rehabilitering</td><td><div><p>Midlertidig kopi af MedComs kode for rehabilitering på specialiseret niveau, som specificeret af den gode genoptræningsplan, https://svn.medcom.dk/svn/releases/Standarder/National%20Sygehus-Kommunesamarbejde/GGOP/Dokumentation/GGOP.pdf</p>\n</div></td></tr></table></div>"
      },
      "url" : "http://fhir.kl.dk/rehab/ValueSet/ServiceRequestTypes140",
      "version" : "1.0.0",
      "name" : "ServiceRequestTypes140",
      "title" : "ServiceRequestTypes",
      "status" : "active",
      "experimental" : false,
      "date" : "2023-09-28T10:05:19+02:00",
      "expansion" : {
        "identifier" : "urn:uuid:c7aa5081-313c-4a76-b389-4db0f7a53af2",
        "timestamp" : "2023-09-28T10:05:37+02:00",
        "total" : 5,
        "parameter" : [{
          "name" : "excludeNested",
          "valueBoolean" : false
        },
        {
          "name" : "used-codesystem",
          "valueUri" : "http://fhir.kl.dk/rehab/CodeSystem/Tempcodes|1.0.0"
        }],
        "contains" : [{
          "system" : "http://fhir.kl.dk/rehab/CodeSystem/Tempcodes",
          "code" : "ffd81f78-352e-4589-a195-5350dd1df2a4",
          "display" : "almen"
        },
        {
          "system" : "http://fhir.kl.dk/rehab/CodeSystem/Tempcodes",
          "code" : "8b962281-2ab6-4b10-9c91-4bac592d6d49",
          "display" : "basal"
        },
        {
          "system" : "http://fhir.kl.dk/rehab/CodeSystem/Tempcodes",
          "code" : "b679c454-2da2-46dd-9425-0e52d4aa2bf3",
          "display" : "avanceret"
        },
        {
          "system" : "http://fhir.kl.dk/rehab/CodeSystem/Tempcodes",
          "code" : "0c8e2bfc-1350-45d1-90da-c07e2645d073",
          "display" : "specialiseret"
        },
        {
          "system" : "http://fhir.kl.dk/rehab/CodeSystem/Tempcodes",
          "code" : "83c89857-8fb8-4163-97b1-eb1a56345c29",
          "display" : "rehabilitering"
        }]
      }
    }
  },
  {
    "fullUrl" : "http://fhir.kl.dk/rehab/ValueSet/ServiceRequestStatusReasons140",
    "resource" : {
      "resourceType" : "ValueSet",
      "text" : {
        "status" : "generated",
        "div" : "<div xmlns=\"http://www.w3.org/1999/xhtml\"><p>This value set contains 5 concepts</p><p style=\"border: black 1px dotted; background-color: #EEEEEE; padding: 8px; margin-bottom: 8px\">Expansion based on <a href=\"CodeSystem-Tempcodes.html\">codesystem Tempcodes v1.0.0 (CodeSystem)</a></p><table class=\"codes\"><tr><td style=\"white-space:nowrap\"><b>Code</b></td><td><b>System</b></td><td><b>Display</b></td><td><b>Definition</b></td></tr><tr><td style=\"white-space:nowrap\"><a name=\"http---fhir.kl.dk-rehab-CodeSystem-Tempcodes-f64b8f5e-8ced-4a8b-ab73-8994fb524915\"> </a>\u00a0\u00a0<a href=\"CodeSystem-Tempcodes.html#Tempcodes-f64b8f5e-8ced-4a8b-ab73-8994fb524915\">f64b8f5e-8ced-4a8b-ab73-8994fb524915</a></td><td>http://fhir.kl.dk/rehab/CodeSystem/Tempcodes</td><td>Anden kommmune</td><td><div><p>Overgivet til anden kommune, på borgers anmodning</p>\n</div></td></tr><tr><td style=\"white-space:nowrap\"><a name=\"http---fhir.kl.dk-rehab-CodeSystem-Tempcodes-a8632e22-bf0c-4f5a-92a7-70977ba104d5\"> </a>\u00a0\u00a0<a href=\"CodeSystem-Tempcodes.html#Tempcodes-a8632e22-bf0c-4f5a-92a7-70977ba104d5\">a8632e22-bf0c-4f5a-92a7-70977ba104d5</a></td><td>http://fhir.kl.dk/rehab/CodeSystem/Tempcodes</td><td>Udskudt</td><td><div><p>Udskudt opstart påkrævet som specificeret i GGOP</p>\n</div></td></tr><tr><td style=\"white-space:nowrap\"><a name=\"http---fhir.kl.dk-rehab-CodeSystem-Tempcodes-3796fa11-305f-47d6-b164-45b05489afb2\"> </a>\u00a0\u00a0<a href=\"CodeSystem-Tempcodes.html#Tempcodes-3796fa11-305f-47d6-b164-45b05489afb2\">3796fa11-305f-47d6-b164-45b05489afb2</a></td><td>http://fhir.kl.dk/rehab/CodeSystem/Tempcodes</td><td>FritValg</td><td><div><p>Overgået til FritValg</p>\n</div></td></tr><tr><td style=\"white-space:nowrap\"><a name=\"http---fhir.kl.dk-rehab-CodeSystem-Tempcodes-8ac7be88-5d16-4dbd-a61a-ab02673f4b34\"> </a>\u00a0\u00a0<a href=\"CodeSystem-Tempcodes.html#Tempcodes-8ac7be88-5d16-4dbd-a61a-ab02673f4b34\">8ac7be88-5d16-4dbd-a61a-ab02673f4b34</a></td><td>http://fhir.kl.dk/rehab/CodeSystem/Tempcodes</td><td>Fejl</td><td><div><p>Fejlafsendt GGOP</p>\n</div></td></tr><tr><td style=\"white-space:nowrap\"><a name=\"http---fhir.kl.dk-rehab-CodeSystem-Tempcodes-46a6bc1f-bfe8-4390-a71f-44ad4a384b9d\"> </a>\u00a0\u00a0<a href=\"CodeSystem-Tempcodes.html#Tempcodes-46a6bc1f-bfe8-4390-a71f-44ad4a384b9d\">46a6bc1f-bfe8-4390-a71f-44ad4a384b9d</a></td><td>http://fhir.kl.dk/rehab/CodeSystem/Tempcodes</td><td>FritValg afslået</td><td><div><p>borger tilbudt fritValg, men vil hellere vente</p>\n</div></td></tr></table></div>"
      },
      "url" : "http://fhir.kl.dk/rehab/ValueSet/ServiceRequestStatusReasons140",
      "version" : "1.0.0",
      "name" : "ServiceRequestStatusReasons140",
      "title" : "ServiceRequestStatusReasons",
      "status" : "active",
      "experimental" : false,
      "date" : "2023-09-28T10:05:19+02:00",
      "expansion" : {
        "identifier" : "urn:uuid:ef91a924-dc5e-4431-8275-36d982294882",
        "timestamp" : "2023-09-28T10:05:38+02:00",
        "total" : 5,
        "parameter" : [{
          "name" : "excludeNested",
          "valueBoolean" : false
        },
        {
          "name" : "used-codesystem",
          "valueUri" : "http://fhir.kl.dk/rehab/CodeSystem/Tempcodes|1.0.0"
        }],
        "contains" : [{
          "system" : "http://fhir.kl.dk/rehab/CodeSystem/Tempcodes",
          "code" : "f64b8f5e-8ced-4a8b-ab73-8994fb524915",
          "display" : "Anden kommmune"
        },
        {
          "system" : "http://fhir.kl.dk/rehab/CodeSystem/Tempcodes",
          "code" : "a8632e22-bf0c-4f5a-92a7-70977ba104d5",
          "display" : "Udskudt"
        },
        {
          "system" : "http://fhir.kl.dk/rehab/CodeSystem/Tempcodes",
          "code" : "3796fa11-305f-47d6-b164-45b05489afb2",
          "display" : "FritValg"
        },
        {
          "system" : "http://fhir.kl.dk/rehab/CodeSystem/Tempcodes",
          "code" : "8ac7be88-5d16-4dbd-a61a-ab02673f4b34",
          "display" : "Fejl"
        },
        {
          "system" : "http://fhir.kl.dk/rehab/CodeSystem/Tempcodes",
          "code" : "46a6bc1f-bfe8-4390-a71f-44ad4a384b9d",
          "display" : "FritValg afslået"
        }]
      }
    }
  },
  {
    "fullUrl" : "http://fhir.kl.dk/rehab/ValueSet/CarePlanCategories140",
    "resource" : {
      "resourceType" : "ValueSet",
      "text" : {
        "status" : "generated",
        "div" : "<div xmlns=\"http://www.w3.org/1999/xhtml\"><p>This value set contains 2 concepts</p><p style=\"border: black 1px dotted; background-color: #EEEEEE; padding: 8px; margin-bottom: 8px\">Expansion based on <a href=\"http://fhir.kl.dk/term/1.1.0/CodeSystem-CareSocialCodes.html\">codesystem CareSocialCodes v1.1.0 (CodeSystem)</a></p><table class=\"codes\"><tr><td style=\"white-space:nowrap\"><b>Code</b></td><td><b>System</b></td><td><b>Display</b></td><td><b>Definition</b></td></tr><tr><td style=\"white-space:nowrap\"><a name=\"http---fhir.kl.dk-term-CodeSystem-CareSocialCodes-4863001e-14c7-4be8-a2da-e4f21a4b6ac4\"> </a>\u00a0\u00a0<a href=\"http://fhir.kl.dk/term/1.1.0/CodeSystem-CareSocialCodes.html#CareSocialCodes-4863001e-14c7-4be8-a2da-e4f21a4b6ac4\">4863001e-14c7-4be8-a2da-e4f21a4b6ac4</a></td><td>http://fhir.kl.dk/term/CodeSystem/CareSocialCodes</td><td>Opfølgningsforløb efter §140</td><td><div><p>Planlagt indsatsforløb efter §140 der består af opfølgningsindsatser. Anvendes hvis der i forvejen planlægges opfølgning ved flere forskellige lejligheder fx efter 2,4 og 6 måneder.</p>\n</div></td></tr><tr><td style=\"white-space:nowrap\"><a name=\"http---fhir.kl.dk-term-CodeSystem-CareSocialCodes-f15b2663-94d9-4d0c-a5de-d8bd8e1e4ebb\"> </a>\u00a0\u00a0<a href=\"http://fhir.kl.dk/term/1.1.0/CodeSystem-CareSocialCodes.html#CareSocialCodes-f15b2663-94d9-4d0c-a5de-d8bd8e1e4ebb\">f15b2663-94d9-4d0c-a5de-d8bd8e1e4ebb</a></td><td>http://fhir.kl.dk/term/CodeSystem/CareSocialCodes</td><td>Interventionsforløb efter §140</td><td><div><p>Et planlagt §140 indsatsforløb, som udelukkende indeholder interventioner, og som leveres samlet. Med interventioner menes indsatser, der søger at forbedre borgers tilstand. For §140 kunne et interventionsforløb fx være et Knæ-genoptræningshold der indeholder indsatserne fysisk træning, funktionstræning og vejledning og undervisning.</p>\n</div></td></tr></table></div>"
      },
      "url" : "http://fhir.kl.dk/rehab/ValueSet/CarePlanCategories140",
      "version" : "1.0.0",
      "name" : "CarePlanCategories140",
      "title" : "CarePlanCategories",
      "status" : "active",
      "experimental" : false,
      "date" : "2023-09-28T10:05:19+02:00",
      "expansion" : {
        "identifier" : "urn:uuid:f6c385cc-f391-46cc-b54b-cecdf6b8e6cc",
        "timestamp" : "2023-09-28T10:05:39+02:00",
        "total" : 2,
        "parameter" : [{
          "name" : "excludeNested",
          "valueBoolean" : false
        },
        {
          "name" : "used-codesystem",
          "valueUri" : "http://fhir.kl.dk/term/CodeSystem/CareSocialCodes|1.1.0"
        }],
        "contains" : [{
          "system" : "http://fhir.kl.dk/term/CodeSystem/CareSocialCodes",
          "code" : "4863001e-14c7-4be8-a2da-e4f21a4b6ac4",
          "display" : "Opfølgningsforløb efter §140"
        },
        {
          "system" : "http://fhir.kl.dk/term/CodeSystem/CareSocialCodes",
          "code" : "f15b2663-94d9-4d0c-a5de-d8bd8e1e4ebb",
          "display" : "Interventionsforløb efter §140"
        }]
      }
    }
  },
  {
    "fullUrl" : "http://fhir.kl.dk/rehab/ValueSet/CancellationTypes",
    "resource" : {
      "resourceType" : "ValueSet",
      "text" : {
        "status" : "generated",
        "div" : "<div xmlns=\"http://www.w3.org/1999/xhtml\"><p>This value set contains 9 concepts</p><div style=\"border: black 1px dotted; background-color: #EEEEEE; padding: 8px; margin-bottom: 8px\"><p>Expansion based on: </p><ul><li><a href=\"CodeSystem-Tempcodes.html\">codesystem Tempcodes v1.0.0 (CodeSystem)</a></li><li><a href=\"http://fhir.kl.dk/term/1.1.0/CodeSystem-CareSocialCodes.html\">codesystem CareSocialCodes v1.1.0 (CodeSystem)</a></li></ul></div><table class=\"codes\"><tr><td style=\"white-space:nowrap\"><b>Code</b></td><td><b>System</b></td><td><b>Display</b></td><td><b>Definition</b></td></tr><tr><td style=\"white-space:nowrap\"><a name=\"http---fhir.kl.dk-term-CodeSystem-CareSocialCodes-4bbf6d6a-a1c6-41c2-b8c1-7352b7378adf\"> </a>\u00a0\u00a0<a href=\"http://fhir.kl.dk/term/1.1.0/CodeSystem-CareSocialCodes.html#CareSocialCodes-4bbf6d6a-a1c6-41c2-b8c1-7352b7378adf\">4bbf6d6a-a1c6-41c2-b8c1-7352b7378adf</a></td><td>http://fhir.kl.dk/term/CodeSystem/CareSocialCodes</td><td>Ikke yderligere behov (borger-vurderet)</td><td><div><p>Borger vurderer, at han/hun ikke har yderligere behov og afslutter derfor før tid</p>\n</div></td></tr><tr><td style=\"white-space:nowrap\"><a name=\"http---fhir.kl.dk-term-CodeSystem-CareSocialCodes-a63b6aa6-7d56-4e67-a5b3-d73f6d262af5\"> </a>\u00a0\u00a0<a href=\"http://fhir.kl.dk/term/1.1.0/CodeSystem-CareSocialCodes.html#CareSocialCodes-a63b6aa6-7d56-4e67-a5b3-d73f6d262af5\">a63b6aa6-7d56-4e67-a5b3-d73f6d262af5</a></td><td>http://fhir.kl.dk/term/CodeSystem/CareSocialCodes</td><td>Ikke yderligere behov (fagperson-vurderet)</td><td><div><p>Fagperson vurderer, at borger ikke har yderligere behov og afslutter derfor før tid</p>\n</div></td></tr><tr><td style=\"white-space:nowrap\"><a name=\"http---fhir.kl.dk-term-CodeSystem-CareSocialCodes-3a5a72b7-addf-4857-b80c-04e4246e3072\"> </a>\u00a0\u00a0<a href=\"http://fhir.kl.dk/term/1.1.0/CodeSystem-CareSocialCodes.html#CareSocialCodes-3a5a72b7-addf-4857-b80c-04e4246e3072\">3a5a72b7-addf-4857-b80c-04e4246e3072</a></td><td>http://fhir.kl.dk/term/CodeSystem/CareSocialCodes</td><td>Aktivt fravalg</td><td><div><p>Borger har behov, men har foretaget et aktivt fravalg</p>\n</div></td></tr><tr><td style=\"white-space:nowrap\"><a name=\"http---fhir.kl.dk-term-CodeSystem-CareSocialCodes-0cd5734d-b663-47c6-a3da-6b14a937d144\"> </a>\u00a0\u00a0<a href=\"http://fhir.kl.dk/term/1.1.0/CodeSystem-CareSocialCodes.html#CareSocialCodes-0cd5734d-b663-47c6-a3da-6b14a937d144\">0cd5734d-b663-47c6-a3da-6b14a937d144</a></td><td>http://fhir.kl.dk/term/CodeSystem/CareSocialCodes</td><td>Aktivt fravalg pga. anden sygdom</td><td><div><p>Borger har behov, men har foretaget et aktivt fravalg pga. anden sygdom</p>\n</div></td></tr><tr><td style=\"white-space:nowrap\"><a name=\"http---fhir.kl.dk-term-CodeSystem-CareSocialCodes-f8436c2e-af1c-44fe-939d-473b518dd01d\"> </a>\u00a0\u00a0<a href=\"http://fhir.kl.dk/term/1.1.0/CodeSystem-CareSocialCodes.html#CareSocialCodes-f8436c2e-af1c-44fe-939d-473b518dd01d\">f8436c2e-af1c-44fe-939d-473b518dd01d</a></td><td>http://fhir.kl.dk/term/CodeSystem/CareSocialCodes</td><td>Aktivt fravalg pga. økonomi ifm. transport</td><td><div><p>Borger har behov, men har foretaget et aktivt fravalg pga. den omkostning der er forbundet med transport til det sted indsatsen tilbydes</p>\n</div></td></tr><tr><td style=\"white-space:nowrap\"><a name=\"http---fhir.kl.dk-term-CodeSystem-CareSocialCodes-8371b769-4bfb-4ac8-b130-d91c54784a56\"> </a>\u00a0\u00a0<a href=\"http://fhir.kl.dk/term/1.1.0/CodeSystem-CareSocialCodes.html#CareSocialCodes-8371b769-4bfb-4ac8-b130-d91c54784a56\">8371b769-4bfb-4ac8-b130-d91c54784a56</a></td><td>http://fhir.kl.dk/term/CodeSystem/CareSocialCodes</td><td>Aktivt fravalg pga. logistik ifm. transport</td><td><div><p>Borger har behov, men har foretaget et aktivt fravalg pga. den logistiske udfordring det er mht. transport, at nå frem til det sted indsatsen tilbydes</p>\n</div></td></tr><tr><td style=\"white-space:nowrap\"><a name=\"http---fhir.kl.dk-term-CodeSystem-CareSocialCodes-a3f2bd01-078b-486e-81be-797d192ad7bd\"> </a>\u00a0\u00a0<a href=\"http://fhir.kl.dk/term/1.1.0/CodeSystem-CareSocialCodes.html#CareSocialCodes-a3f2bd01-078b-486e-81be-797d192ad7bd\">a3f2bd01-078b-486e-81be-797d192ad7bd</a></td><td>http://fhir.kl.dk/term/CodeSystem/CareSocialCodes</td><td>Aktivt fravalg pga. anden træning</td><td><div><p>Borger har behov, men har foretaget et aktivt fravalg fordi han/hun er påbegyndt træning i andet regi fx fitnesscenter</p>\n</div></td></tr><tr><td style=\"white-space:nowrap\"><a name=\"http---fhir.kl.dk-term-CodeSystem-CareSocialCodes-82e99421-31da-4915-96ed-168ccfa1d20c\"> </a>\u00a0\u00a0<a href=\"http://fhir.kl.dk/term/1.1.0/CodeSystem-CareSocialCodes.html#CareSocialCodes-82e99421-31da-4915-96ed-168ccfa1d20c\">82e99421-31da-4915-96ed-168ccfa1d20c</a></td><td>http://fhir.kl.dk/term/CodeSystem/CareSocialCodes</td><td>Hændelse medfører ophør</td><td><div><p>Hændelse, som ikke er et aktivt fravalg eller en behovsvurdering medfører ophør. Det kan fx være en længere hospitalsindlæggelse, eller at borger flytter.</p>\n</div></td></tr><tr><td style=\"white-space:nowrap\"><a name=\"http---fhir.kl.dk-rehab-CodeSystem-Tempcodes-ef491570-7884-4acd-bcf7-43d6b2c64762\"> </a>\u00a0\u00a0<a href=\"CodeSystem-Tempcodes.html#Tempcodes-ef491570-7884-4acd-bcf7-43d6b2c64762\">ef491570-7884-4acd-bcf7-43d6b2c64762</a></td><td>http://fhir.kl.dk/rehab/CodeSystem/Tempcodes</td><td>Borger har ikke henvendt sig eller er udeblevet</td><td><div></div></td></tr></table></div>"
      },
      "url" : "http://fhir.kl.dk/rehab/ValueSet/CancellationTypes",
      "version" : "1.0.0",
      "name" : "CancellationTypes",
      "title" : "CancellationTypes",
      "status" : "active",
      "experimental" : false,
      "date" : "2023-09-28T10:05:19+02:00",
      "expansion" : {
        "identifier" : "urn:uuid:4d88b6f0-272f-4a8b-ad91-e0ba49a6a41a",
        "timestamp" : "2023-09-28T10:05:39+02:00",
        "total" : 9,
        "parameter" : [{
          "name" : "excludeNested",
          "valueBoolean" : false
        },
        {
          "name" : "used-codesystem",
          "valueUri" : "http://fhir.kl.dk/term/CodeSystem/CareSocialCodes|1.1.0"
        },
        {
          "name" : "used-codesystem",
          "valueUri" : "http://fhir.kl.dk/rehab/CodeSystem/Tempcodes|1.0.0"
        }],
        "contains" : [{
          "system" : "http://fhir.kl.dk/term/CodeSystem/CareSocialCodes",
          "code" : "4bbf6d6a-a1c6-41c2-b8c1-7352b7378adf",
          "display" : "Ikke yderligere behov (borger-vurderet)"
        },
        {
          "system" : "http://fhir.kl.dk/term/CodeSystem/CareSocialCodes",
          "code" : "a63b6aa6-7d56-4e67-a5b3-d73f6d262af5",
          "display" : "Ikke yderligere behov (fagperson-vurderet)"
        },
        {
          "system" : "http://fhir.kl.dk/term/CodeSystem/CareSocialCodes",
          "code" : "3a5a72b7-addf-4857-b80c-04e4246e3072",
          "display" : "Aktivt fravalg"
        },
        {
          "system" : "http://fhir.kl.dk/term/CodeSystem/CareSocialCodes",
          "code" : "0cd5734d-b663-47c6-a3da-6b14a937d144",
          "display" : "Aktivt fravalg pga. anden sygdom"
        },
        {
          "system" : "http://fhir.kl.dk/term/CodeSystem/CareSocialCodes",
          "code" : "f8436c2e-af1c-44fe-939d-473b518dd01d",
          "display" : "Aktivt fravalg pga. økonomi ifm. transport"
        },
        {
          "system" : "http://fhir.kl.dk/term/CodeSystem/CareSocialCodes",
          "code" : "8371b769-4bfb-4ac8-b130-d91c54784a56",
          "display" : "Aktivt fravalg pga. logistik ifm. transport"
        },
        {
          "system" : "http://fhir.kl.dk/term/CodeSystem/CareSocialCodes",
          "code" : "a3f2bd01-078b-486e-81be-797d192ad7bd",
          "display" : "Aktivt fravalg pga. anden træning"
        },
        {
          "system" : "http://fhir.kl.dk/term/CodeSystem/CareSocialCodes",
          "code" : "82e99421-31da-4915-96ed-168ccfa1d20c",
          "display" : "Hændelse medfører ophør"
        },
        {
          "system" : "http://fhir.kl.dk/rehab/CodeSystem/Tempcodes",
          "code" : "ef491570-7884-4acd-bcf7-43d6b2c64762",
          "display" : "Borger har ikke henvendt sig eller er udeblevet"
        }]
      }
    }
  },
  {
    "fullUrl" : "http://fhir.kl.dk/rehab/ValueSet/DeliveryTypes140",
    "resource" : {
      "resourceType" : "ValueSet",
      "text" : {
        "status" : "generated",
        "div" : "<div xmlns=\"http://www.w3.org/1999/xhtml\"><p>This value set contains 2 concepts</p><p style=\"border: black 1px dotted; background-color: #EEEEEE; padding: 8px; margin-bottom: 8px\">Expansion based on <a href=\"http://fhir.kl.dk/term/1.1.0/CodeSystem-CareSocialCodes.html\">codesystem CareSocialCodes v1.1.0 (CodeSystem)</a></p><table class=\"codes\"><tr><td style=\"white-space:nowrap\"><b>Code</b></td><td><b>System</b></td><td><b>Display</b></td><td><b>Definition</b></td></tr><tr><td style=\"white-space:nowrap\"><a name=\"http---fhir.kl.dk-term-CodeSystem-CareSocialCodes-2865f123-15a7-4a36-a514-32ea37c400ca\"> </a>\u00a0\u00a0<a href=\"http://fhir.kl.dk/term/1.1.0/CodeSystem-CareSocialCodes.html#CareSocialCodes-2865f123-15a7-4a36-a514-32ea37c400ca\">2865f123-15a7-4a36-a514-32ea37c400ca</a></td><td>http://fhir.kl.dk/term/CodeSystem/CareSocialCodes</td><td>Gruppebaseret indsats</td><td><div><p>Indsats leveres i gruppe</p>\n</div></td></tr><tr><td style=\"white-space:nowrap\"><a name=\"http---fhir.kl.dk-term-CodeSystem-CareSocialCodes-8d12d74c-17da-47a7-a4fe-e69dbaec0a8c\"> </a>\u00a0\u00a0<a href=\"http://fhir.kl.dk/term/1.1.0/CodeSystem-CareSocialCodes.html#CareSocialCodes-8d12d74c-17da-47a7-a4fe-e69dbaec0a8c\">8d12d74c-17da-47a7-a4fe-e69dbaec0a8c</a></td><td>http://fhir.kl.dk/term/CodeSystem/CareSocialCodes</td><td>Individuel indsats</td><td><div><p>Indsats leveres individuelt</p>\n</div></td></tr></table></div>"
      },
      "url" : "http://fhir.kl.dk/rehab/ValueSet/DeliveryTypes140",
      "version" : "1.0.0",
      "name" : "DeliveryTypes140",
      "title" : "DeliveryTypes",
      "status" : "active",
      "experimental" : false,
      "date" : "2023-09-28T10:05:19+02:00",
      "expansion" : {
        "identifier" : "urn:uuid:026c8cb8-bf70-47c5-881e-83e8e5c462e7",
        "timestamp" : "2023-09-28T10:05:41+02:00",
        "total" : 2,
        "parameter" : [{
          "name" : "excludeNested",
          "valueBoolean" : false
        },
        {
          "name" : "used-codesystem",
          "valueUri" : "http://fhir.kl.dk/term/CodeSystem/CareSocialCodes|1.1.0"
        }],
        "contains" : [{
          "system" : "http://fhir.kl.dk/term/CodeSystem/CareSocialCodes",
          "code" : "2865f123-15a7-4a36-a514-32ea37c400ca",
          "display" : "Gruppebaseret indsats"
        },
        {
          "system" : "http://fhir.kl.dk/term/CodeSystem/CareSocialCodes",
          "code" : "8d12d74c-17da-47a7-a4fe-e69dbaec0a8c",
          "display" : "Individuel indsats"
        }]
      }
    }
  },
  {
    "fullUrl" : "http://fhir.kl.dk/rehab/ValueSet/ServiceTypes140",
    "resource" : {
      "resourceType" : "ValueSet",
      "text" : {
        "status" : "generated",
        "div" : "<div xmlns=\"http://www.w3.org/1999/xhtml\"><p>This value set contains 1 concepts</p><p style=\"border: black 1px dotted; background-color: #EEEEEE; padding: 8px; margin-bottom: 8px\">Expansion based on <a href=\"http://fhir.kl.dk/term/1.1.0/CodeSystem-CareSocialCodes.html\">codesystem CareSocialCodes v1.1.0 (CodeSystem)</a></p><table class=\"codes\"><tr><td style=\"white-space:nowrap\"><b>Code</b></td><td><b>System</b></td><td><b>Display</b></td><td><b>Definition</b></td></tr><tr><td style=\"white-space:nowrap\"><a name=\"http---fhir.kl.dk-term-CodeSystem-CareSocialCodes-7fc66c15-0cb3-4c89-9e18-f3a01e6a6592\"> </a>\u00a0\u00a0<a href=\"http://fhir.kl.dk/term/1.1.0/CodeSystem-CareSocialCodes.html#CareSocialCodes-7fc66c15-0cb3-4c89-9e18-f3a01e6a6592\">7fc66c15-0cb3-4c89-9e18-f3a01e6a6592</a></td><td>http://fhir.kl.dk/term/CodeSystem/CareSocialCodes</td><td>Træning</td><td><div><p>Der anmodes om træning</p>\n</div></td></tr></table></div>"
      },
      "url" : "http://fhir.kl.dk/rehab/ValueSet/ServiceTypes140",
      "version" : "1.0.0",
      "name" : "ServiceTypes140",
      "title" : "ServiceTypes",
      "status" : "active",
      "experimental" : false,
      "date" : "2023-09-28T10:05:19+02:00",
      "expansion" : {
        "identifier" : "urn:uuid:1012f3b0-dd20-402d-a899-dd15acf79593",
        "timestamp" : "2023-09-28T10:05:42+02:00",
        "total" : 1,
        "parameter" : [{
          "name" : "excludeNested",
          "valueBoolean" : false
        },
        {
          "name" : "used-codesystem",
          "valueUri" : "http://fhir.kl.dk/term/CodeSystem/CareSocialCodes|1.1.0"
        }],
        "contains" : [{
          "system" : "http://fhir.kl.dk/term/CodeSystem/CareSocialCodes",
          "code" : "7fc66c15-0cb3-4c89-9e18-f3a01e6a6592",
          "display" : "Træning"
        }]
      }
    }
  }]
}