<?xml version="1.0" encoding="UTF-8"?>

<Observation xmlns="http://hl7.org/fhir">
  <id value="RikkeFeedingObservationError"/>
  <meta>
    <profile value="http://fhir.kl.dk/children/StructureDefinition/klgateway-children-feeding-observation"/>
  </meta>
  <text>
    <status value="generated"/><div xmlns="http://www.w3.org/1999/xhtml"><p><b>Generated Narrative: Observation</b><a name="RikkeFeedingObservationError"> </a></p><div style="display: inline-block; background-color: #d9e0e7; padding: 6px; margin: 4px; border: 1px solid #8da1b4; border-radius: 5px; line-height: 60%"><p style="margin-bottom: 0px">Resource Observation &quot;RikkeFeedingObservationError&quot; </p><p style="margin-bottom: 0px">Profile: <a href="StructureDefinition-klgateway-children-feeding-observation.html">KLGatewayChildrenFeedingObservation</a></p></div><p><b>status</b>: final</p><p><b>code</b>: Infant feeding method <span style="background: LightGoldenRodYellow; margin: 4px; border: 1px solid khaki"> (<a href="https://browser.ihtsdotools.org/">SNOMED CT</a>#169740003)</span></p><p><b>subject</b>: <a href="Patient-Rikke.html">Patient/Rikke</a></p><p><b>encounter</b>: <a href="Encounter-2mthEncounter.html">Encounter/2mthEncounter</a></p><p><b>effective</b>: 2020-07-07 12:45:00+0000</p><p><b>value</b>: Exclusively breastfed <span style="background: LightGoldenRodYellow; margin: 4px; border: 1px solid khaki"> (<a href="https://browser.ihtsdotools.org/">SNOMED CT</a>#1145307003)</span></p></div>
  </text>
  <status value="final"/>
  <code>
    <coding>
      <system value="http://snomed.info/sct"/>
      <code value="169740003"/>
    </coding>
  </code>
  <subject>
    <reference value="Patient/Rikke"/>
  </subject>
  <encounter>
    <reference value="Encounter/2mthEncounter"/>
  </encounter>
  <effectiveDateTime value="2020-07-07T12:45:00.000Z"/>
  <valueCodeableConcept>
    <coding>
      <system value="http://snomed.info/sct"/>
      <code value="1145307003"/>
    </coding>
  </valueCodeableConcept>
</Observation>