<?xml version="1.0" encoding="UTF-8"?>

<Patient xmlns="http://hl7.org/fhir">
  <id value="Lars"/>
  <meta>
    <profile value="http://fhir.kl.dk/children/StructureDefinition/klgateway-children-citizen"/>
  </meta>
  <text>
    <status value="generated"/><div xmlns="http://www.w3.org/1999/xhtml"><p style="border: 1px #661aff solid; background-color: #e6e6ff; padding: 10px;"><b>Anonymous Patient</b> (no stated gender), DoB Unknown ( id: 0505159995 (use: OFFICIAL))</p><hr/><table class="grid"><tr><td style="background-color: #f3f5da" title="Patient Links">Links:</td><td colspan="3"><ul><li>Managing Organization: <span>id: 123456789012345 (use: OFFICIAL)</span></li></ul></td></tr></table></div>
  </text>
  <identifier>
    <use value="official"/>
    <system value="urn:oid:1.2.208.176.1.2"/>
    <value value="0505159995"/>
  </identifier>
  <managingOrganization>
    <identifier>
      <use value="official"/>
      <system value="urn:oid:1.2.208.176.1.1"/>
      <value value="123456789012345"/>
    </identifier>
  </managingOrganization>
</Patient>