<?xml version="1.0" encoding="UTF-8"?>

<RelatedPerson xmlns="http://hl7.org/fhir">
  <id value="RikkesParent"/>
  <meta>
    <profile value="http://fhir.kl.dk/children/StructureDefinition/klgateway-children-related-parent"/>
  </meta>
  <text>
    <status value="generated"/><div xmlns="http://www.w3.org/1999/xhtml"><p><b>Generated Narrative: RelatedPerson</b><a name="RikkesParent"> </a></p><div style="display: inline-block; background-color: #d9e0e7; padding: 6px; margin: 4px; border: 1px solid #8da1b4; border-radius: 5px; line-height: 60%"><p style="margin-bottom: 0px">Resource RelatedPerson &quot;RikkesParent&quot; </p><p style="margin-bottom: 0px">Profile: <a href="StructureDefinition-klgateway-children-related-parent.html">KLGatewayChildrenRelatedParent</a></p></div><p><b>patient</b>: <a href="Patient-Rikke.html">Patient/Rikke</a></p><p><b>relationship</b>: parent <span style="background: LightGoldenRodYellow; margin: 4px; border: 1px solid khaki"> (<a href="http://terminology.hl7.org/5.0.0/CodeSystem-v3-RoleCode.html">RoleCode</a>#PRN)</span></p></div>
  </text>
  <patient>
    <reference value="Patient/Rikke"/>
  </patient>
  <relationship>
    <coding>
      <system value="http://terminology.hl7.org/CodeSystem/v3-RoleCode"/>
      <code value="PRN"/>
    </coding>
  </relationship>
</RelatedPerson>