<?xml version="1.0" encoding="UTF-8"?>

<ValueSet xmlns="http://hl7.org/fhir">
  <id value="EncounterTypes"/>
  <text>
    <status value="generated"/><div xmlns="http://www.w3.org/1999/xhtml"><p>This value set includes codes based on the following rules:</p><ul><li>Include codes from <a href="http://fhir.kl.dk/term/1.1.0/CodeSystem-FBOE.html"><code>http://fhir.kl.dk/term/CodeSystem/FBOE</code></a> where concept  is-a  <a href="http://fhir.kl.dk/term/1.1.0/CodeSystem-FBOE.html#FBOE-6c2a4f15-d775-47f3-9868-b26fbff9ff8b">6c2a4f15-d775-47f3-9868-b26fbff9ff8b</a></li><li>Include codes from <a href="http://fhir.kl.dk/term/1.1.0/CodeSystem-FBOE.html"><code>http://fhir.kl.dk/term/CodeSystem/FBOE</code></a> where concept  is-a  <a href="http://fhir.kl.dk/term/1.1.0/CodeSystem-FBOE.html#FBOE-4b039ba1-4005-42e6-b672-09b81ad7578a">4b039ba1-4005-42e6-b672-09b81ad7578a</a></li><li>Include codes from <a href="http://fhir.kl.dk/term/1.1.0/CodeSystem-FBOE.html"><code>http://fhir.kl.dk/term/CodeSystem/FBOE</code></a> where concept  is-a  <a href="http://fhir.kl.dk/term/1.1.0/CodeSystem-FBOE.html#FBOE-b30f139c-fac5-416e-b84a-a3429f0222c2">b30f139c-fac5-416e-b84a-a3429f0222c2</a></li><li>Include codes from <a href="http://fhir.kl.dk/term/1.1.0/CodeSystem-FBOE.html"><code>http://fhir.kl.dk/term/CodeSystem/FBOE</code></a> where concept  is-a  <a href="http://fhir.kl.dk/term/1.1.0/CodeSystem-FBOE.html#FBOE-9f3d853c-88d3-47e9-92a1-c7bbe0f9b4eb">9f3d853c-88d3-47e9-92a1-c7bbe0f9b4eb</a></li><li>Include codes from <a href="http://fhir.kl.dk/term/1.1.0/CodeSystem-FBOE.html"><code>http://fhir.kl.dk/term/CodeSystem/FBOE</code></a> where concept  is-a  <a href="http://fhir.kl.dk/term/1.1.0/CodeSystem-FBOE.html#FBOE-606c6585-444b-4ecd-885c-2ee59dc33f32">606c6585-444b-4ecd-885c-2ee59dc33f32</a></li><li>Include codes from <a href="http://fhir.kl.dk/term/1.1.0/CodeSystem-FBOE.html"><code>http://fhir.kl.dk/term/CodeSystem/FBOE</code></a> where concept  is-a  <a href="http://fhir.kl.dk/term/1.1.0/CodeSystem-FBOE.html#FBOE-17f5f9fa-3e1c-42fe-9ef3-178bc7900f67">17f5f9fa-3e1c-42fe-9ef3-178bc7900f67</a></li></ul></div>
  </text>
  <url value="http://fhir.kl.dk/children/ValueSet/EncounterTypes"/>
  <version value="1.0.0"/>
  <name value="EncounterTypes"/>
  <title value="EncounterTypes"/>
  <status value="active"/>
  <experimental value="false"/>
  <date value="2023-09-30T15:38:37+02:00"/>
  <publisher value="Kommunernes Landsforening"/>
  <contact>
    <name value="Kommunernes Landsforening"/>
    <telecom>
      <system value="url"/>
      <value value="http://kl.dk"/>
    </telecom>
  </contact>
  <description value="Extension on encountertype valueset, to be implemented in KL-term and FKI, does not use exciting codes only those specific to childrens nursing"/>
  <compose>
    <include>
      <system value="http://fhir.kl.dk/term/CodeSystem/FBOE"/>
      <filter>
        <property value="concept"/>
        <op value="is-a"/>
        <value value="6c2a4f15-d775-47f3-9868-b26fbff9ff8b"/>
      </filter>
    </include>
    <include>
      <system value="http://fhir.kl.dk/term/CodeSystem/FBOE"/>
      <filter>
        <property value="concept"/>
        <op value="is-a"/>
        <value value="4b039ba1-4005-42e6-b672-09b81ad7578a"/>
      </filter>
    </include>
    <include>
      <system value="http://fhir.kl.dk/term/CodeSystem/FBOE"/>
      <filter>
        <property value="concept"/>
        <op value="is-a"/>
        <value value="b30f139c-fac5-416e-b84a-a3429f0222c2"/>
      </filter>
    </include>
    <include>
      <system value="http://fhir.kl.dk/term/CodeSystem/FBOE"/>
      <filter>
        <property value="concept"/>
        <op value="is-a"/>
        <value value="9f3d853c-88d3-47e9-92a1-c7bbe0f9b4eb"/>
      </filter>
    </include>
    <include>
      <system value="http://fhir.kl.dk/term/CodeSystem/FBOE"/>
      <filter>
        <property value="concept"/>
        <op value="is-a"/>
        <value value="606c6585-444b-4ecd-885c-2ee59dc33f32"/>
      </filter>
    </include>
    <include>
      <system value="http://fhir.kl.dk/term/CodeSystem/FBOE"/>
      <filter>
        <property value="concept"/>
        <op value="is-a"/>
        <value value="17f5f9fa-3e1c-42fe-9ef3-178bc7900f67"/>
      </filter>
    </include>
  </compose>
</ValueSet>