{
  "resourceType" : "Patient",
  "id" : "BrunoTestElmer",
  "meta" : {
    "profile" : ["http://fhir.kl.dk/prevention/StructureDefinition/klgateway-119-citizen"]
  },
  "text" : {
    "status" : "generated",
    "div" : "<div xmlns=\"http://www.w3.org/1999/xhtml\"><p style=\"border: 1px #661aff solid; background-color: #e6e6ff; padding: 10px;\"><b>Anonymous Patient</b> (no stated gender), DoB Unknown ( <code>urn:oid:1.2.208.176.1.2</code>/2509479989\u00a0(use:\u00a0official))</p><hr/><table class=\"grid\"><tr><td style=\"background-color: #f3f5da\" title=\"Known status of Patient\">Deceased:</td><td colspan=\"3\">false</td></tr><tr><td style=\"background-color: #f3f5da\" title=\"Patient Links\">Links:</td><td colspan=\"3\"><ul><li>Managing Organization: <span><code>urn:oid:1.2.208.176.1.1</code>/451000016003\u00a0(use:\u00a0official)</span></li></ul></td></tr></table></div>"
  },
  "identifier" : [{
    "use" : "official",
    "system" : "urn:oid:1.2.208.176.1.2",
    "value" : "2509479989"
  }],
  "deceasedBoolean" : false,
  "managingOrganization" : {
    "identifier" : {
      "use" : "official",
      "system" : "urn:oid:1.2.208.176.1.1",
      "value" : "451000016003"
    }
  }
}