{
  "resourceType" : "ValueSet",
  "id" : "ServiceTypes119",
  "text" : {
    "status" : "extensions",
    "div" : "<div xmlns=\"http://www.w3.org/1999/xhtml\">Placeholder</div>"
  },
  "url" : "http://fhir.kl.dk/prevention/ValueSet/ServiceTypes119",
  "version" : "1.0.0",
  "name" : "ServiceTypes119",
  "title" : "ServiceTypes",
  "status" : "active",
  "experimental" : false,
  "date" : "2023-09-28T10:27:14+02:00",
  "publisher" : "Kommunernes Landsforening",
  "contact" : [{
    "name" : "Kommunernes Landsforening",
    "telecom" : [{
      "system" : "url",
      "value" : "http://kl.dk"
    }]
  }],
  "description" : "The service types allowed in §119",
  "compose" : {
    "include" : [{
      "system" : "http://fhir.kl.dk/term/CodeSystem/CareSocialCodes",
      "concept" : [{
        "code" : "a71921ea-fe83-441d-933b-cc21d0b3c8c3"
      }]
    }]
  }
}