{
  "resourceType" : "ValueSet",
  "id" : "CancellationTypes",
  "text" : {
    "status" : "extensions",
    "div" : "<div xmlns=\"http://www.w3.org/1999/xhtml\">Placeholder</div>"
  },
  "url" : "http://fhir.kl.dk/prevention/ValueSet/CancellationTypes",
  "version" : "1.0.0",
  "name" : "CancellationTypes",
  "title" : "CancellationTypes",
  "status" : "active",
  "experimental" : false,
  "date" : "2023-09-28T10:27:14+02:00",
  "publisher" : "Kommunernes Landsforening",
  "contact" : [{
    "name" : "Kommunernes Landsforening",
    "telecom" : [{
      "system" : "url",
      "value" : "http://kl.dk"
    }]
  }],
  "description" : "Cancellation valueset, to be implemented in KL-term and FKI",
  "compose" : {
    "include" : [{
      "system" : "http://fhir.kl.dk/term/CodeSystem/CareSocialCodes",
      "concept" : [{
        "code" : "4bbf6d6a-a1c6-41c2-b8c1-7352b7378adf"
      },
      {
        "code" : "a63b6aa6-7d56-4e67-a5b3-d73f6d262af5"
      },
      {
        "code" : "3a5a72b7-addf-4857-b80c-04e4246e3072"
      },
      {
        "code" : "0cd5734d-b663-47c6-a3da-6b14a937d144"
      },
      {
        "code" : "f8436c2e-af1c-44fe-939d-473b518dd01d"
      },
      {
        "code" : "8371b769-4bfb-4ac8-b130-d91c54784a56"
      },
      {
        "code" : "a3f2bd01-078b-486e-81be-797d192ad7bd"
      },
      {
        "code" : "82e99421-31da-4915-96ed-168ccfa1d20c"
      }]
    },
    {
      "system" : "http://fhir.kl.dk/prevention/CodeSystem/Tempcodes",
      "concept" : [{
        "code" : "ef491570-7884-4acd-bcf7-43d6b2c64762"
      }]
    }]
  }
}