<?xml version="1.0" encoding="UTF-8"?><ValueSet xmlns="http://hl7.org/fhir"><id value="KLGatewayCareMatterOfInterestValues"/><text><status value="generated"/><div xmlns="http://www.w3.org/1999/xhtml"><ul><li>Include these codes as defined in <a href="https://build.fhir.org/ig/hl7dk/KL-dk//CodeSystem-FSIII.html"><code>http://kl.dk/fhir/common/caresocial/CodeSystem/FSIII</code></a><table class="none"><tr><td style="white-space:nowrap"><b>Code</b></td><td><b>Display</b></td></tr><tr><td><a href="https://build.fhir.org/ig/hl7dk/KL-dk//CodeSystem-FSIII.html#FSIII-B6">B6</a></td><td>Ikke relevant</td></tr></table></li></ul></div></text><url value="http://gateway.kl.dk/1.0/ValueSet/KLGatewayCareMatterOfInterestValues"/><version value="1.0.4"/><name value="KLGatewayCareMatterOfInterestValues"/><title value="KLGatewayCareMatterOfInterestValues"/><status value="active"/><date value="2023-07-06T11:09:58+02:00"/><publisher value="KL"/><contact><name value="KL"/><telecom><system value="url"/><value value="http://www.kl.dk"/></telecom></contact><description value="Values of Matters of Interests (areas)"/><jurisdiction><coding><system value="urn:iso:std:iso:3166"/><code value="DK"/><display value="Denmark"/></coding></jurisdiction><compose><include><system value="http://kl.dk/fhir/common/caresocial/CodeSystem/FSIII"/><concept><code value="B6"/><display value="Ikke relevant"/></concept></include></compose></ValueSet>