<?xml version="1.0" encoding="UTF-8"?>

<Bundle xmlns="http://hl7.org/fhir">
  <id value="cc93afc5-7849-4895-84eb-00bb5c129c0b"/>
  <meta>
    <profile value="http://gateway.kl.dk/1.0/StructureDefinition/klgateway-care-delivery-report"/>
  </meta>
  <type value="collection"/>
  <timestamp value="2021-02-17T11:51:44Z"/>
  <entry>
    <fullUrl value="Patient/4a45e179-ace1-4ace-9991-8276c0ba490a"/>
    <resource>
      <Patient>
        <id value="4a45e179-ace1-4ace-9991-8276c0ba490a"/>
        <meta>
          <profile value="http://gateway.kl.dk/1.0/StructureDefinition/klgateway-care-citizen"/>
        </meta>
        <text>
          <status value="generated"/><div xmlns="http://www.w3.org/1999/xhtml"><p><b>Generated Narrative: Patient</b><a name="4a45e179-ace1-4ace-9991-8276c0ba490a"> </a></p><div style="display: inline-block; background-color: #d9e0e7; padding: 6px; margin: 4px; border: 1px solid #8da1b4; border-radius: 5px; line-height: 60%"><p style="margin-bottom: 0px">Resource Patient &quot;4a45e179-ace1-4ace-9991-8276c0ba490a&quot; </p><p style="margin-bottom: 0px">Profile: <a href="StructureDefinition-klgateway-care-citizen.html">CareCitizen</a></p></div><p><b>identifier</b>: id: 0101570001 (use: OFFICIAL)</p><p><b>managingOrganization</b>: <span/></p></div>
        </text>
        <identifier>
          <use value="official"/>
          <system value="urn:oid:1.2.208.176.1.2"/>
          <value value="0101570001"/>
        </identifier>
        <managingOrganization>
          <identifier>
            <use value="official"/>
            <system value="urn:oid:1.2.208.176.1.1"/>
            <value value="123456789012345"/>
          </identifier>
        </managingOrganization>
      </Patient>
    </resource>
  </entry>
  <entry>
    <fullUrl value="Condition/ad506910-9030-4ddb-b8ce-7bb6a69d808e"/>
    <resource>
      <Condition>
        <id value="ad506910-9030-4ddb-b8ce-7bb6a69d808e"/>
        <meta>
          <profile value="http://gateway.kl.dk/1.0/StructureDefinition/klgateway-care-condition"/>
        </meta>
        <text>
          <status value="generated"/><div xmlns="http://www.w3.org/1999/xhtml"><p><b>Generated Narrative: Condition</b><a name="ad506910-9030-4ddb-b8ce-7bb6a69d808e"> </a></p><div style="display: inline-block; background-color: #d9e0e7; padding: 6px; margin: 4px; border: 1px solid #8da1b4; border-radius: 5px; line-height: 60%"><p style="margin-bottom: 0px">Resource Condition &quot;ad506910-9030-4ddb-b8ce-7bb6a69d808e&quot; </p><p style="margin-bottom: 0px">Profile: <a href="StructureDefinition-klgateway-care-condition.html">CareCondition</a></p></div><p><b>clinicalStatus</b>: Inactive <span style="background: LightGoldenRodYellow; margin: 4px; border: 1px solid khaki"> (<a href="http://terminology.hl7.org/5.0.0/CodeSystem-condition-clinical.html">Condition Clinical Status Codes</a>#inactive)</span></p><p><b>code</b>: Problemer med mobilitet og bevægelse <span style="background: LightGoldenRodYellow; margin: 4px; border: 1px solid khaki"> (<a href="https://build.fhir.org/ig/hl7dk/KL-dk//CodeSystem-FSIII.html">FSIII</a>#I2.1)</span></p><p><b>subject</b>: <a href="#Patient_4a45e179-ace1-4ace-9991-8276c0ba490a">See above (Patient/4a45e179-ace1-4ace-9991-8276c0ba490a)</a></p><p><b>recordedDate</b>: 2021-02-15</p></div>
        </text>
        <clinicalStatus>
          <coding>
            <system value="http://terminology.hl7.org/CodeSystem/condition-clinical"/>
            <code value="inactive"/>
          </coding>
        </clinicalStatus>
        <code>
          <coding>
            <system value="http://kl.dk/fhir/common/caresocial/CodeSystem/FSIII"/>
            <code value="I2.1"/>
          </coding>
        </code>
        <subject>
          <reference value="Patient/4a45e179-ace1-4ace-9991-8276c0ba490a"/>
        </subject>
        <recordedDate value="2021-02-15"/>
      </Condition>
    </resource>
  </entry>
  <entry>
    <fullUrl value="CarePlan/f99b219d-8b70-4423-a32f-d7e97d553305"/>
    <resource>
      <CarePlan>
        <id value="f99b219d-8b70-4423-a32f-d7e97d553305"/>
        <meta>
          <profile value="http://gateway.kl.dk/1.0/StructureDefinition/klgateway-care-planned-intervention"/>
        </meta>
        <text>
          <status value="generated"/><div xmlns="http://www.w3.org/1999/xhtml"><p><b>Generated Narrative: CarePlan</b><a name="f99b219d-8b70-4423-a32f-d7e97d553305"> </a></p><div style="display: inline-block; background-color: #d9e0e7; padding: 6px; margin: 4px; border: 1px solid #8da1b4; border-radius: 5px; line-height: 60%"><p style="margin-bottom: 0px">Resource CarePlan &quot;f99b219d-8b70-4423-a32f-d7e97d553305&quot; </p><p style="margin-bottom: 0px">Profile: <a href="StructureDefinition-klgateway-care-planned-intervention.html">CarePlannedIntervention</a></p></div><p><b>status</b>: completed</p><p><b>intent</b>: plan</p><p><b>subject</b>: <a href="#Patient_4a45e179-ace1-4ace-9991-8276c0ba490a">See above (Patient/4a45e179-ace1-4ace-9991-8276c0ba490a)</a></p><p><b>period</b>: 2021-02-10 --&gt; 2021-02-17</p><blockquote><p><b>activity</b></p><h3>Details</h3><table class="grid"><tr><td>-</td><td><b>Code</b></td><td><b>ReasonReference</b></td><td><b>Status</b></td></tr><tr><td>*</td><td>Respiratorbehandling <span style="background: LightGoldenRodYellow; margin: 4px; border: 1px solid khaki"> (<a href="https://build.fhir.org/ig/hl7dk/KL-dk//CodeSystem-FSIII.html">FSIII</a>#G1.30)</span></td><td><a href="#Condition_ad506910-9030-4ddb-b8ce-7bb6a69d808e">See above (Condition/ad506910-9030-4ddb-b8ce-7bb6a69d808e)</a></td><td>in-progress</td></tr></table></blockquote></div>
        </text>
        <status value="completed"/>
        <intent value="plan"/>
        <subject>
          <reference value="Patient/4a45e179-ace1-4ace-9991-8276c0ba490a"/>
        </subject>
        <period>
          <start value="2021-02-10"/>
          <end value="2021-02-17"/>
        </period>
        <activity>
          <detail>
            <code>
              <coding>
                <system value="http://kl.dk/fhir/common/caresocial/CodeSystem/FSIII"/>
                <code value="G1.30"/>
              </coding>
            </code>
            <reasonReference>
              <reference value="Condition/ad506910-9030-4ddb-b8ce-7bb6a69d808e"/>
            </reasonReference>
            <status value="in-progress"/>
          </detail>
        </activity>
      </CarePlan>
    </resource>
  </entry>
  <entry>
    <fullUrl value="Observation/357d2a34-8a4d-4302-988d-de69c4bfe0de"/>
    <resource>
      <Observation>
        <id value="357d2a34-8a4d-4302-988d-de69c4bfe0de"/>
        <meta>
          <profile value="http://gateway.kl.dk/1.0/StructureDefinition/klgateway-care-matter-of-interest-observation"/>
        </meta>
        <text>
          <status value="generated"/><div xmlns="http://www.w3.org/1999/xhtml"><p><b>Generated Narrative: Observation</b><a name="357d2a34-8a4d-4302-988d-de69c4bfe0de"> </a></p><div style="display: inline-block; background-color: #d9e0e7; padding: 6px; margin: 4px; border: 1px solid #8da1b4; border-radius: 5px; line-height: 60%"><p style="margin-bottom: 0px">Resource Observation &quot;357d2a34-8a4d-4302-988d-de69c4bfe0de&quot; </p><p style="margin-bottom: 0px">Profile: <a href="StructureDefinition-klgateway-care-matter-of-interest-observation.html">CareMatterOfInterestObservation</a></p></div><p><b>status</b>: final</p><p><b>code</b>: Psykosociale forhold <span style="background: LightGoldenRodYellow; margin: 4px; border: 1px solid khaki"> (<a href="https://build.fhir.org/ig/hl7dk/KL-dk//CodeSystem-FSIII.html">FSIII</a>#I6)</span></p><p><b>subject</b>: <a href="#Patient_4a45e179-ace1-4ace-9991-8276c0ba490a">See above (Patient/4a45e179-ace1-4ace-9991-8276c0ba490a)</a></p><p><b>effective</b>: 2021-02-17</p></div>
        </text>
        <status value="final"/>
        <code>
          <coding>
            <system value="http://kl.dk/fhir/common/caresocial/CodeSystem/FSIII"/>
            <code value="I6"/>
          </coding>
        </code>
        <subject>
          <reference value="Patient/4a45e179-ace1-4ace-9991-8276c0ba490a"/>
        </subject>
        <effectiveDateTime value="2021-02-17"/>
      </Observation>
    </resource>
  </entry>
  <entry>
    <fullUrl value="Observation/f5c24a73-fac8-44c8-972e-7b4aa13c1c40"/>
    <resource>
      <Observation>
        <id value="f5c24a73-fac8-44c8-972e-7b4aa13c1c40"/>
        <meta>
          <profile value="http://gateway.kl.dk/1.0/StructureDefinition/klgateway-care-matter-of-interest-observation"/>
        </meta>
        <text>
          <status value="generated"/><div xmlns="http://www.w3.org/1999/xhtml"><p><b>Generated Narrative: Observation</b><a name="f5c24a73-fac8-44c8-972e-7b4aa13c1c40"> </a></p><div style="display: inline-block; background-color: #d9e0e7; padding: 6px; margin: 4px; border: 1px solid #8da1b4; border-radius: 5px; line-height: 60%"><p style="margin-bottom: 0px">Resource Observation &quot;f5c24a73-fac8-44c8-972e-7b4aa13c1c40&quot; </p><p style="margin-bottom: 0px">Profile: <a href="StructureDefinition-klgateway-care-matter-of-interest-observation.html">CareMatterOfInterestObservation</a></p></div><p><b>status</b>: final</p><p><b>code</b>: Søvn og hvile <span style="background: LightGoldenRodYellow; margin: 4px; border: 1px solid khaki"> (<a href="https://build.fhir.org/ig/hl7dk/KL-dk//CodeSystem-FSIII.html">FSIII</a>#I10)</span></p><p><b>subject</b>: <a href="#Patient_4a45e179-ace1-4ace-9991-8276c0ba490a">See above (Patient/4a45e179-ace1-4ace-9991-8276c0ba490a)</a></p><p><b>effective</b>: 2021-02-17</p></div>
        </text>
        <status value="final"/>
        <code>
          <coding>
            <system value="http://kl.dk/fhir/common/caresocial/CodeSystem/FSIII"/>
            <code value="I10"/>
          </coding>
        </code>
        <subject>
          <reference value="Patient/4a45e179-ace1-4ace-9991-8276c0ba490a"/>
        </subject>
        <effectiveDateTime value="2021-02-17"/>
      </Observation>
    </resource>
  </entry>
  <entry>
    <fullUrl value="Observation/d54367e4-c2c5-49f6-bd28-a154af029b36"/>
    <resource>
      <Observation>
        <id value="d54367e4-c2c5-49f6-bd28-a154af029b36"/>
        <meta>
          <profile value="http://gateway.kl.dk/1.0/StructureDefinition/klgateway-care-follow-up-observation"/>
        </meta>
        <text>
          <status value="generated"/><div xmlns="http://www.w3.org/1999/xhtml"><p><b>Generated Narrative: Observation</b><a name="d54367e4-c2c5-49f6-bd28-a154af029b36"> </a></p><div style="display: inline-block; background-color: #d9e0e7; padding: 6px; margin: 4px; border: 1px solid #8da1b4; border-radius: 5px; line-height: 60%"><p style="margin-bottom: 0px">Resource Observation &quot;d54367e4-c2c5-49f6-bd28-a154af029b36&quot; </p><p style="margin-bottom: 0px">Profile: <a href="StructureDefinition-klgateway-care-follow-up-observation.html">CareFollowUpObservation</a></p></div><p><b>status</b>: final</p><p><b>code</b>: Evaluation of care plan (procedure) <span style="background: LightGoldenRodYellow; margin: 4px; border: 1px solid khaki"> (<a href="https://browser.ihtsdotools.org/">SNOMED CT</a>#712744002)</span></p><p><b>subject</b>: <a href="#Patient_4a45e179-ace1-4ace-9991-8276c0ba490a">See above (Patient/4a45e179-ace1-4ace-9991-8276c0ba490a)</a></p><p><b>focus</b>: <a href="#Condition_ad506910-9030-4ddb-b8ce-7bb6a69d808e">See above (Condition/ad506910-9030-4ddb-b8ce-7bb6a69d808e)</a></p><p><b>effective</b>: 2021-02-17</p><p><b>value</b>: Afsluttes <span style="background: LightGoldenRodYellow; margin: 4px; border: 1px solid khaki"> (<a href="https://build.fhir.org/ig/hl7dk/KL-dk//CodeSystem-FSIII.html">FSIII</a>#E3)</span></p></div>
        </text>
        <status value="final"/>
        <code>
          <coding>
            <system value="http://snomed.info/sct"/>
            <code value="712744002"/>
          </coding>
        </code>
        <subject>
          <reference value="Patient/4a45e179-ace1-4ace-9991-8276c0ba490a"/>
        </subject>
        <focus>
          <reference value="Condition/ad506910-9030-4ddb-b8ce-7bb6a69d808e"/>
        </focus>
        <effectiveDateTime value="2021-02-17"/>
        <valueCodeableConcept>
          <coding>
            <system value="http://kl.dk/fhir/common/caresocial/CodeSystem/FSIII"/>
            <code value="E3"/>
          </coding>
        </valueCodeableConcept>
      </Observation>
    </resource>
  </entry>
</Bundle>