<?xml version="1.0" encoding="UTF-8"?>

<Bundle xmlns="http://hl7.org/fhir">
  <id value="abc81b1f-b3ba-41f0-9f4b-2fc4df5aaabb"/>
  <meta>
    <profile value="http://gateway.kl.dk/1.0/StructureDefinition/klgateway-care-delivery-report"/>
  </meta>
  <type value="collection"/>
  <timestamp value="2021-02-12T12:46:48Z"/>
  <entry>
    <fullUrl value="Patient/4a45e179-ace1-4ace-9991-8276c0ba490a"/>
    <resource>
      <Patient>
        <id value="4a45e179-ace1-4ace-9991-8276c0ba490a"/>
        <meta>
          <profile value="http://gateway.kl.dk/1.0/StructureDefinition/klgateway-care-citizen"/>
        </meta>
        <text>
          <status value="generated"/><div xmlns="http://www.w3.org/1999/xhtml"><p><b>Generated Narrative: Patient</b><a name="4a45e179-ace1-4ace-9991-8276c0ba490a"> </a></p><div style="display: inline-block; background-color: #d9e0e7; padding: 6px; margin: 4px; border: 1px solid #8da1b4; border-radius: 5px; line-height: 60%"><p style="margin-bottom: 0px">Resource Patient &quot;4a45e179-ace1-4ace-9991-8276c0ba490a&quot; </p><p style="margin-bottom: 0px">Profile: <a href="StructureDefinition-klgateway-care-citizen.html">CareCitizen</a></p></div><p><b>identifier</b>: id: 0101570001 (use: OFFICIAL)</p><p><b>managingOrganization</b>: <span/></p></div>
        </text>
        <identifier>
          <use value="official"/>
          <system value="urn:oid:1.2.208.176.1.2"/>
          <value value="0101570001"/>
        </identifier>
        <managingOrganization>
          <identifier>
            <use value="official"/>
            <system value="urn:oid:1.2.208.176.1.1"/>
            <value value="123456789012345"/>
          </identifier>
        </managingOrganization>
      </Patient>
    </resource>
  </entry>
  <entry>
    <fullUrl value="Condition/a881788d-1b27-46e3-8b76-607bc49876fd"/>
    <resource>
      <Condition>
        <id value="a881788d-1b27-46e3-8b76-607bc49876fd"/>
        <meta>
          <profile value="http://gateway.kl.dk/1.0/StructureDefinition/klgateway-care-condition"/>
        </meta>
        <text>
          <status value="extensions"/><div xmlns="http://www.w3.org/1999/xhtml"><p><b>Generated Narrative: Condition</b><a name="a881788d-1b27-46e3-8b76-607bc49876fd"> </a></p><div style="display: inline-block; background-color: #d9e0e7; padding: 6px; margin: 4px; border: 1px solid #8da1b4; border-radius: 5px; line-height: 60%"><p style="margin-bottom: 0px">Resource Condition &quot;a881788d-1b27-46e3-8b76-607bc49876fd&quot; </p><p style="margin-bottom: 0px">Profile: <a href="StructureDefinition-klgateway-care-condition.html">CareCondition</a></p></div><p><b>CareFollowUpEncounterExtension</b>: <a href="#Encounter_817de94d-84f0-47c3-839a-ae438075ec6f">See above (Encounter/817de94d-84f0-47c3-839a-ae438075ec6f)</a></p><p><b>clinicalStatus</b>: Inactive <span style="background: LightGoldenRodYellow; margin: 4px; border: 1px solid khaki"> (<a href="http://terminology.hl7.org/5.0.0/CodeSystem-condition-clinical.html">Condition Clinical Status Codes</a>#inactive)</span></p><p><b>code</b>: Respirationsproblemer <span style="background: LightGoldenRodYellow; margin: 4px; border: 1px solid khaki"> (<a href="https://build.fhir.org/ig/hl7dk/KL-dk//CodeSystem-FSIII.html">FSIII</a>#I7.1)</span></p><p><b>subject</b>: <a href="#Patient_4a45e179-ace1-4ace-9991-8276c0ba490a">See above (Patient/4a45e179-ace1-4ace-9991-8276c0ba490a)</a></p><p><b>recordedDate</b>: 2021-02-10</p></div>
        </text>
        <extension url="http://gateway.kl.dk/1.0/StructureDefinition/klgateway-care-follow-up-encounter-extension">
          <valueReference>
            <reference value="Encounter/817de94d-84f0-47c3-839a-ae438075ec6f"/>
          </valueReference>
        </extension>
        <clinicalStatus>
          <coding>
            <system value="http://terminology.hl7.org/CodeSystem/condition-clinical"/>
            <code value="inactive"/>
          </coding>
        </clinicalStatus>
        <code>
          <coding>
            <system value="http://kl.dk/fhir/common/caresocial/CodeSystem/FSIII"/>
            <code value="I7.1"/>
          </coding>
        </code>
        <subject>
          <reference value="Patient/4a45e179-ace1-4ace-9991-8276c0ba490a"/>
        </subject>
        <recordedDate value="2021-02-10"/>
      </Condition>
    </resource>
  </entry>
  <entry>
    <fullUrl value="Condition/ad506910-9030-4ddb-b8ce-7bb6a69d808e"/>
    <resource>
      <Condition>
        <id value="ad506910-9030-4ddb-b8ce-7bb6a69d808e"/>
        <meta>
          <profile value="http://gateway.kl.dk/1.0/StructureDefinition/klgateway-care-condition"/>
        </meta>
        <text>
          <status value="extensions"/><div xmlns="http://www.w3.org/1999/xhtml"><p><b>Generated Narrative: Condition</b><a name="ad506910-9030-4ddb-b8ce-7bb6a69d808e"> </a></p><div style="display: inline-block; background-color: #d9e0e7; padding: 6px; margin: 4px; border: 1px solid #8da1b4; border-radius: 5px; line-height: 60%"><p style="margin-bottom: 0px">Resource Condition &quot;ad506910-9030-4ddb-b8ce-7bb6a69d808e&quot; </p><p style="margin-bottom: 0px">Profile: <a href="StructureDefinition-klgateway-care-condition.html">CareCondition</a></p></div><p><b>CareFollowUpEncounterExtension</b>: <a href="#Encounter_817de94d-84f0-47c3-839a-ae438075ec6f">See above (Encounter/817de94d-84f0-47c3-839a-ae438075ec6f)</a></p><p><b>clinicalStatus</b>: Active <span style="background: LightGoldenRodYellow; margin: 4px; border: 1px solid khaki"> (<a href="http://terminology.hl7.org/5.0.0/CodeSystem-condition-clinical.html">Condition Clinical Status Codes</a>#active)</span></p><p><b>category</b>: Problem List Item <span style="background: LightGoldenRodYellow; margin: 4px; border: 1px solid khaki"> (<a href="http://terminology.hl7.org/5.0.0/CodeSystem-condition-category.html">Condition Category Codes</a>#problem-list-item)</span></p><p><b>code</b>: Problemer med mobilitet og bevægelse <span style="background: LightGoldenRodYellow; margin: 4px; border: 1px solid khaki"> (<a href="https://build.fhir.org/ig/hl7dk/KL-dk//CodeSystem-FSIII.html">FSIII</a>#I2.1)</span></p><p><b>subject</b>: <a href="#Patient_4a45e179-ace1-4ace-9991-8276c0ba490a">See above (Patient/4a45e179-ace1-4ace-9991-8276c0ba490a)</a></p><p><b>recordedDate</b>: 2021-02-10</p></div>
        </text>
        <extension url="http://gateway.kl.dk/1.0/StructureDefinition/klgateway-care-follow-up-encounter-extension">
          <valueReference>
            <reference value="Encounter/817de94d-84f0-47c3-839a-ae438075ec6f"/>
          </valueReference>
        </extension>
        <clinicalStatus>
          <coding>
            <system value="http://terminology.hl7.org/CodeSystem/condition-clinical"/>
            <code value="active"/>
          </coding>
        </clinicalStatus>
        <category>
          <coding>
            <system value="http://terminology.hl7.org/CodeSystem/condition-category"/>
            <code value="problem-list-item"/>
          </coding>
        </category>
        <code>
          <coding>
            <system value="http://kl.dk/fhir/common/caresocial/CodeSystem/FSIII"/>
            <code value="I2.1"/>
          </coding>
        </code>
        <subject>
          <reference value="Patient/4a45e179-ace1-4ace-9991-8276c0ba490a"/>
        </subject>
        <recordedDate value="2021-02-10"/>
      </Condition>
    </resource>
  </entry>
  <entry>
    <fullUrl value="Observation/ee421741-4e60-46f2-b4d6-fc60bf85c42b"/>
    <resource>
      <Observation>
        <id value="ee421741-4e60-46f2-b4d6-fc60bf85c42b"/>
        <meta>
          <profile value="http://gateway.kl.dk/1.0/StructureDefinition/klgateway-care-follow-up-observation"/>
        </meta>
        <text>
          <status value="generated"/><div xmlns="http://www.w3.org/1999/xhtml"><p><b>Generated Narrative: Observation</b><a name="ee421741-4e60-46f2-b4d6-fc60bf85c42b"> </a></p><div style="display: inline-block; background-color: #d9e0e7; padding: 6px; margin: 4px; border: 1px solid #8da1b4; border-radius: 5px; line-height: 60%"><p style="margin-bottom: 0px">Resource Observation &quot;ee421741-4e60-46f2-b4d6-fc60bf85c42b&quot; </p><p style="margin-bottom: 0px">Profile: <a href="StructureDefinition-klgateway-care-follow-up-observation.html">CareFollowUpObservation</a></p></div><p><b>status</b>: final</p><p><b>code</b>: Evaluation of care plan (procedure) <span style="background: LightGoldenRodYellow; margin: 4px; border: 1px solid khaki"> (<a href="https://browser.ihtsdotools.org/">SNOMED CT</a>#712744002)</span></p><p><b>subject</b>: <a href="#Patient_4a45e179-ace1-4ace-9991-8276c0ba490a">See above (Patient/4a45e179-ace1-4ace-9991-8276c0ba490a)</a></p><p><b>focus</b>: </p><ul><li><a href="#Condition_a881788d-1b27-46e3-8b76-607bc49876fd">See above (Condition/a881788d-1b27-46e3-8b76-607bc49876fd)</a></li><li><a href="#Condition_ad506910-9030-4ddb-b8ce-7bb6a69d808e">See above (Condition/ad506910-9030-4ddb-b8ce-7bb6a69d808e)</a></li></ul><p><b>effective</b>: 2021-02-12</p><p><b>value</b>: Fortsættes <span style="background: LightGoldenRodYellow; margin: 4px; border: 1px solid khaki"> (<a href="https://build.fhir.org/ig/hl7dk/KL-dk//CodeSystem-FSIII.html">FSIII</a>#E1)</span></p></div>
        </text>
        <status value="final"/>
        <code>
          <coding>
            <system value="http://snomed.info/sct"/>
            <code value="712744002"/>
          </coding>
        </code>
        <subject>
          <reference value="Patient/4a45e179-ace1-4ace-9991-8276c0ba490a"/>
        </subject>
        <focus>
          <reference value="Condition/a881788d-1b27-46e3-8b76-607bc49876fd"/>
        </focus>
        <focus>
          <reference value="Condition/ad506910-9030-4ddb-b8ce-7bb6a69d808e"/>
        </focus>
        <effectiveDateTime value="2021-02-12"/>
        <valueCodeableConcept>
          <coding>
            <system value="http://kl.dk/fhir/common/caresocial/CodeSystem/FSIII"/>
            <code value="E1"/>
          </coding>
        </valueCodeableConcept>
      </Observation>
    </resource>
  </entry>
  <entry>
    <fullUrl value="Encounter/817de94d-84f0-47c3-839a-ae438075ec6f"/>
    <resource>
      <Encounter>
        <id value="817de94d-84f0-47c3-839a-ae438075ec6f"/>
        <meta>
          <profile value="http://gateway.kl.dk/1.0/StructureDefinition/klgateway-care-encounter"/>
        </meta>
        <text>
          <status value="generated"/><div xmlns="http://www.w3.org/1999/xhtml"><p><b>Generated Narrative: Encounter</b><a name="817de94d-84f0-47c3-839a-ae438075ec6f"> </a></p><div style="display: inline-block; background-color: #d9e0e7; padding: 6px; margin: 4px; border: 1px solid #8da1b4; border-radius: 5px; line-height: 60%"><p style="margin-bottom: 0px">Resource Encounter &quot;817de94d-84f0-47c3-839a-ae438075ec6f&quot; </p><p style="margin-bottom: 0px">Profile: <a href="StructureDefinition-klgateway-care-encounter.html">CareEncounter</a></p></div><p><b>status</b>: planned</p><p><b>class</b>: home health (Details: http://terminology.hl7.org/CodeSystem/v3-ActCode code HH = 'home health', stated as 'null')</p><p><b>type</b>: opfølgning <span style="background: LightGoldenRodYellow; margin: 4px; border: 1px solid khaki"> (<a href="https://build.fhir.org/ig/hl7dk/KL-dk//CodeSystem-KLCommonCareSocialCodes.html">KLCommonCareSocialCodes</a>#9f03dfbb-7a97-45a5-94db-d4c3501714a9)</span></p><p><b>subject</b>: <a href="#Patient_4a45e179-ace1-4ace-9991-8276c0ba490a">See above (Patient/4a45e179-ace1-4ace-9991-8276c0ba490a)</a></p><p><b>period</b>: 2021-02-14 --&gt; (ongoing)</p></div>
        </text>
        <status value="planned"/>
        <class>
          <system value="http://terminology.hl7.org/CodeSystem/v3-ActCode"/>
          <code value="HH"/>
        </class>
        <type>
          <coding>
            <system value="http://kl.dk/fhir/common/caresocial/CodeSystem/KLCommonCareSocialCodes"/>
            <code value="9f03dfbb-7a97-45a5-94db-d4c3501714a9"/>
          </coding>
        </type>
        <subject>
          <reference value="Patient/4a45e179-ace1-4ace-9991-8276c0ba490a"/>
        </subject>
        <period>
          <start value="2021-02-14"/>
        </period>
      </Encounter>
    </resource>
  </entry>
</Bundle>