<?xml version="1.0" encoding="UTF-8"?>

<Bundle xmlns="http://hl7.org/fhir">
  <id value="643c3e42-ab90-4354-9b98-f01b4740d3d9"/>
  <meta>
    <profile value="http://gateway.kl.dk/1.0/StructureDefinition/klgateway-care-delivery-report"/>
  </meta>
  <type value="collection"/>
  <timestamp value="2021-02-24T08:46:36Z"/>
  <entry>
    <fullUrl value="Patient/eec9e8e9-221d-4eae-a54d-cdd403661def"/>
    <resource>
      <Patient>
        <id value="eec9e8e9-221d-4eae-a54d-cdd403661def"/>
        <meta>
          <profile value="http://gateway.kl.dk/1.0/StructureDefinition/klgateway-care-citizen"/>
        </meta>
        <text>
          <status value="generated"/><div xmlns="http://www.w3.org/1999/xhtml"><p><b>Generated Narrative: Patient</b><a name="eec9e8e9-221d-4eae-a54d-cdd403661def"> </a></p><div style="display: inline-block; background-color: #d9e0e7; padding: 6px; margin: 4px; border: 1px solid #8da1b4; border-radius: 5px; line-height: 60%"><p style="margin-bottom: 0px">Resource Patient &quot;eec9e8e9-221d-4eae-a54d-cdd403661def&quot; </p><p style="margin-bottom: 0px">Profile: <a href="StructureDefinition-klgateway-care-citizen.html">CareCitizen</a></p></div><p><b>identifier</b>: id: 0101410001 (use: OFFICIAL)</p><p><b>managingOrganization</b>: <span/></p></div>
        </text>
        <identifier>
          <use value="official"/>
          <system value="urn:oid:1.2.208.176.1.2"/>
          <value value="0101410001"/>
        </identifier>
        <managingOrganization>
          <identifier>
            <use value="official"/>
            <system value="urn:oid:1.2.208.176.1.1"/>
            <value value="123456789012345"/>
          </identifier>
        </managingOrganization>
      </Patient>
    </resource>
  </entry>
  <entry>
    <fullUrl value="Condition/d45b02d1-be76-4968-812b-6b32338ad8ad"/>
    <resource>
      <Condition>
        <id value="d45b02d1-be76-4968-812b-6b32338ad8ad"/>
        <meta>
          <profile value="http://gateway.kl.dk/1.0/StructureDefinition/klgateway-care-condition"/>
        </meta>
        <text>
          <status value="extensions"/><div xmlns="http://www.w3.org/1999/xhtml"><p><b>Generated Narrative: Condition</b><a name="d45b02d1-be76-4968-812b-6b32338ad8ad"> </a></p><div style="display: inline-block; background-color: #d9e0e7; padding: 6px; margin: 4px; border: 1px solid #8da1b4; border-radius: 5px; line-height: 60%"><p style="margin-bottom: 0px">Resource Condition &quot;d45b02d1-be76-4968-812b-6b32338ad8ad&quot; </p><p style="margin-bottom: 0px">Profile: <a href="StructureDefinition-klgateway-care-condition.html">CareCondition</a></p></div><p><b>CareFollowUpEncounterExtension</b>: <a href="#Encounter_fbf243bb-9d70-489d-875d-87e14c980d7c">See above (Encounter/fbf243bb-9d70-489d-875d-87e14c980d7c)</a></p><p><b>clinicalStatus</b>: Active <span style="background: LightGoldenRodYellow; margin: 4px; border: 1px solid khaki"> (<a href="http://terminology.hl7.org/5.0.0/CodeSystem-condition-clinical.html">Condition Clinical Status Codes</a>#active)</span></p><p><b>category</b>: Problem List Item <span style="background: LightGoldenRodYellow; margin: 4px; border: 1px solid khaki"> (<a href="http://terminology.hl7.org/5.0.0/CodeSystem-condition-category.html">Condition Category Codes</a>#problem-list-item)</span></p><p><b>severity</b>: Moderate begrænsninger <span style="background: LightGoldenRodYellow; margin: 4px; border: 1px solid khaki"> (<a href="https://build.fhir.org/ig/hl7dk/KL-dk//CodeSystem-FSIII.html">FSIII</a>#B3)</span></p><p><b>code</b>: Af- og påklædning <span style="background: LightGoldenRodYellow; margin: 4px; border: 1px solid khaki"> (<a href="https://build.fhir.org/ig/hl7dk/KL-dk//CodeSystem-FSIII.html">FSIII</a>#J1.3)</span></p><p><b>subject</b>: <a href="#Patient_eec9e8e9-221d-4eae-a54d-cdd403661def">See above (Patient/eec9e8e9-221d-4eae-a54d-cdd403661def)</a></p><p><b>recordedDate</b>: 2021-02-10</p></div>
        </text>
        <extension url="http://gateway.kl.dk/1.0/StructureDefinition/klgateway-care-follow-up-encounter-extension">
          <valueReference>
            <reference value="Encounter/fbf243bb-9d70-489d-875d-87e14c980d7c"/>
          </valueReference>
        </extension>
        <clinicalStatus>
          <coding>
            <system value="http://terminology.hl7.org/CodeSystem/condition-clinical"/>
            <code value="active"/>
          </coding>
        </clinicalStatus>
        <category>
          <coding>
            <system value="http://terminology.hl7.org/CodeSystem/condition-category"/>
            <code value="problem-list-item"/>
          </coding>
        </category>
        <severity>
          <coding>
            <system value="http://kl.dk/fhir/common/caresocial/CodeSystem/FSIII"/>
            <code value="B3"/>
          </coding>
        </severity>
        <code>
          <coding>
            <system value="http://kl.dk/fhir/common/caresocial/CodeSystem/FSIII"/>
            <code value="J1.3"/>
          </coding>
        </code>
        <subject>
          <reference value="Patient/eec9e8e9-221d-4eae-a54d-cdd403661def"/>
        </subject>
        <recordedDate value="2021-02-10"/>
      </Condition>
    </resource>
  </entry>
  <entry>
    <fullUrl value="Condition/34665f6d-7573-46fb-8b4d-72f30641284b"/>
    <resource>
      <Condition>
        <id value="34665f6d-7573-46fb-8b4d-72f30641284b"/>
        <meta>
          <profile value="http://gateway.kl.dk/1.0/StructureDefinition/klgateway-care-condition"/>
        </meta>
        <text>
          <status value="extensions"/><div xmlns="http://www.w3.org/1999/xhtml"><p><b>Generated Narrative: Condition</b><a name="34665f6d-7573-46fb-8b4d-72f30641284b"> </a></p><div style="display: inline-block; background-color: #d9e0e7; padding: 6px; margin: 4px; border: 1px solid #8da1b4; border-radius: 5px; line-height: 60%"><p style="margin-bottom: 0px">Resource Condition &quot;34665f6d-7573-46fb-8b4d-72f30641284b&quot; </p><p style="margin-bottom: 0px">Profile: <a href="StructureDefinition-klgateway-care-condition.html">CareCondition</a></p></div><p><b>CareFollowUpEncounterExtension</b>: <a href="#Encounter_fbf243bb-9d70-489d-875d-87e14c980d7c">See above (Encounter/fbf243bb-9d70-489d-875d-87e14c980d7c)</a></p><p><b>clinicalStatus</b>: Active <span style="background: LightGoldenRodYellow; margin: 4px; border: 1px solid khaki"> (<a href="http://terminology.hl7.org/5.0.0/CodeSystem-condition-clinical.html">Condition Clinical Status Codes</a>#active)</span></p><p><b>category</b>: Problem List Item <span style="background: LightGoldenRodYellow; margin: 4px; border: 1px solid khaki"> (<a href="http://terminology.hl7.org/5.0.0/CodeSystem-condition-category.html">Condition Category Codes</a>#problem-list-item)</span></p><p><b>severity</b>: Moderate begrænsninger <span style="background: LightGoldenRodYellow; margin: 4px; border: 1px solid khaki"> (<a href="https://build.fhir.org/ig/hl7dk/KL-dk//CodeSystem-FSIII.html">FSIII</a>#B3)</span></p><p><b>code</b>: Udføre daglige rutiner <span style="background: LightGoldenRodYellow; margin: 4px; border: 1px solid khaki"> (<a href="https://build.fhir.org/ig/hl7dk/KL-dk//CodeSystem-FSIII.html">FSIII</a>#J2.3)</span></p><p><b>subject</b>: <a href="#Patient_eec9e8e9-221d-4eae-a54d-cdd403661def">See above (Patient/eec9e8e9-221d-4eae-a54d-cdd403661def)</a></p><p><b>recordedDate</b>: 2021-02-10</p></div>
        </text>
        <extension url="http://gateway.kl.dk/1.0/StructureDefinition/klgateway-care-follow-up-encounter-extension">
          <valueReference>
            <reference value="Encounter/fbf243bb-9d70-489d-875d-87e14c980d7c"/>
          </valueReference>
        </extension>
        <clinicalStatus>
          <coding>
            <system value="http://terminology.hl7.org/CodeSystem/condition-clinical"/>
            <code value="active"/>
          </coding>
        </clinicalStatus>
        <category>
          <coding>
            <system value="http://terminology.hl7.org/CodeSystem/condition-category"/>
            <code value="problem-list-item"/>
          </coding>
        </category>
        <severity>
          <coding>
            <system value="http://kl.dk/fhir/common/caresocial/CodeSystem/FSIII"/>
            <code value="B3"/>
          </coding>
        </severity>
        <code>
          <coding>
            <system value="http://kl.dk/fhir/common/caresocial/CodeSystem/FSIII"/>
            <code value="J2.3"/>
          </coding>
        </code>
        <subject>
          <reference value="Patient/eec9e8e9-221d-4eae-a54d-cdd403661def"/>
        </subject>
        <recordedDate value="2021-02-10"/>
      </Condition>
    </resource>
  </entry>
  <entry>
    <fullUrl value="Condition/067e0542-1d8a-404d-b6db-f2bfa6a03c2e"/>
    <resource>
      <Condition>
        <id value="067e0542-1d8a-404d-b6db-f2bfa6a03c2e"/>
        <meta>
          <profile value="http://gateway.kl.dk/1.0/StructureDefinition/klgateway-care-condition"/>
        </meta>
        <text>
          <status value="extensions"/><div xmlns="http://www.w3.org/1999/xhtml"><p><b>Generated Narrative: Condition</b><a name="067e0542-1d8a-404d-b6db-f2bfa6a03c2e"> </a></p><div style="display: inline-block; background-color: #d9e0e7; padding: 6px; margin: 4px; border: 1px solid #8da1b4; border-radius: 5px; line-height: 60%"><p style="margin-bottom: 0px">Resource Condition &quot;067e0542-1d8a-404d-b6db-f2bfa6a03c2e&quot; </p><p style="margin-bottom: 0px">Profile: <a href="StructureDefinition-klgateway-care-condition.html">CareCondition</a></p></div><p><b>CareFollowUpEncounterExtension</b>: <a href="#Encounter_fbf243bb-9d70-489d-875d-87e14c980d7c">See above (Encounter/fbf243bb-9d70-489d-875d-87e14c980d7c)</a></p><p><b>clinicalStatus</b>: Active <span style="background: LightGoldenRodYellow; margin: 4px; border: 1px solid khaki"> (<a href="http://terminology.hl7.org/5.0.0/CodeSystem-condition-clinical.html">Condition Clinical Status Codes</a>#active)</span></p><p><b>category</b>: Problem List Item <span style="background: LightGoldenRodYellow; margin: 4px; border: 1px solid khaki"> (<a href="http://terminology.hl7.org/5.0.0/CodeSystem-condition-category.html">Condition Category Codes</a>#problem-list-item)</span></p><p><b>severity</b>: Moderate begrænsninger <span style="background: LightGoldenRodYellow; margin: 4px; border: 1px solid khaki"> (<a href="https://build.fhir.org/ig/hl7dk/KL-dk//CodeSystem-FSIII.html">FSIII</a>#B3)</span></p><p><b>code</b>: Lave mad <span style="background: LightGoldenRodYellow; margin: 4px; border: 1px solid khaki"> (<a href="https://build.fhir.org/ig/hl7dk/KL-dk//CodeSystem-FSIII.html">FSIII</a>#J2.2)</span></p><p><b>subject</b>: <a href="#Patient_eec9e8e9-221d-4eae-a54d-cdd403661def">See above (Patient/eec9e8e9-221d-4eae-a54d-cdd403661def)</a></p><p><b>recordedDate</b>: 2021-02-10</p></div>
        </text>
        <extension url="http://gateway.kl.dk/1.0/StructureDefinition/klgateway-care-follow-up-encounter-extension">
          <valueReference>
            <reference value="Encounter/fbf243bb-9d70-489d-875d-87e14c980d7c"/>
          </valueReference>
        </extension>
        <clinicalStatus>
          <coding>
            <system value="http://terminology.hl7.org/CodeSystem/condition-clinical"/>
            <code value="active"/>
          </coding>
        </clinicalStatus>
        <category>
          <coding>
            <system value="http://terminology.hl7.org/CodeSystem/condition-category"/>
            <code value="problem-list-item"/>
          </coding>
        </category>
        <severity>
          <coding>
            <system value="http://kl.dk/fhir/common/caresocial/CodeSystem/FSIII"/>
            <code value="B3"/>
          </coding>
        </severity>
        <code>
          <coding>
            <system value="http://kl.dk/fhir/common/caresocial/CodeSystem/FSIII"/>
            <code value="J2.2"/>
          </coding>
        </code>
        <subject>
          <reference value="Patient/eec9e8e9-221d-4eae-a54d-cdd403661def"/>
        </subject>
        <recordedDate value="2021-02-10"/>
      </Condition>
    </resource>
  </entry>
  <entry>
    <fullUrl value="Condition/cd8643fd-8a42-4ef8-81b4-bf5ec2253f14"/>
    <resource>
      <Condition>
        <id value="cd8643fd-8a42-4ef8-81b4-bf5ec2253f14"/>
        <meta>
          <profile value="http://gateway.kl.dk/1.0/StructureDefinition/klgateway-care-condition"/>
        </meta>
        <text>
          <status value="extensions"/><div xmlns="http://www.w3.org/1999/xhtml"><p><b>Generated Narrative: Condition</b><a name="cd8643fd-8a42-4ef8-81b4-bf5ec2253f14"> </a></p><div style="display: inline-block; background-color: #d9e0e7; padding: 6px; margin: 4px; border: 1px solid #8da1b4; border-radius: 5px; line-height: 60%"><p style="margin-bottom: 0px">Resource Condition &quot;cd8643fd-8a42-4ef8-81b4-bf5ec2253f14&quot; </p><p style="margin-bottom: 0px">Profile: <a href="StructureDefinition-klgateway-care-condition.html">CareCondition</a></p></div><p><b>CareFollowUpEncounterExtension</b>: <a href="#Encounter_fbf243bb-9d70-489d-875d-87e14c980d7c">See above (Encounter/fbf243bb-9d70-489d-875d-87e14c980d7c)</a></p><p><b>clinicalStatus</b>: Active <span style="background: LightGoldenRodYellow; margin: 4px; border: 1px solid khaki"> (<a href="http://terminology.hl7.org/5.0.0/CodeSystem-condition-clinical.html">Condition Clinical Status Codes</a>#active)</span></p><p><b>category</b>: Problem List Item <span style="background: LightGoldenRodYellow; margin: 4px; border: 1px solid khaki"> (<a href="http://terminology.hl7.org/5.0.0/CodeSystem-condition-category.html">Condition Category Codes</a>#problem-list-item)</span></p><p><b>severity</b>: Moderate begrænsninger <span style="background: LightGoldenRodYellow; margin: 4px; border: 1px solid khaki"> (<a href="https://build.fhir.org/ig/hl7dk/KL-dk//CodeSystem-FSIII.html">FSIII</a>#B3)</span></p><p><b>code</b>: Lave husligt arbejde <span style="background: LightGoldenRodYellow; margin: 4px; border: 1px solid khaki"> (<a href="https://build.fhir.org/ig/hl7dk/KL-dk//CodeSystem-FSIII.html">FSIII</a>#J2.1)</span></p><p><b>subject</b>: <a href="#Patient_eec9e8e9-221d-4eae-a54d-cdd403661def">See above (Patient/eec9e8e9-221d-4eae-a54d-cdd403661def)</a></p><p><b>recordedDate</b>: 2021-02-10</p></div>
        </text>
        <extension url="http://gateway.kl.dk/1.0/StructureDefinition/klgateway-care-follow-up-encounter-extension">
          <valueReference>
            <reference value="Encounter/fbf243bb-9d70-489d-875d-87e14c980d7c"/>
          </valueReference>
        </extension>
        <clinicalStatus>
          <coding>
            <system value="http://terminology.hl7.org/CodeSystem/condition-clinical"/>
            <code value="active"/>
          </coding>
        </clinicalStatus>
        <category>
          <coding>
            <system value="http://terminology.hl7.org/CodeSystem/condition-category"/>
            <code value="problem-list-item"/>
          </coding>
        </category>
        <severity>
          <coding>
            <system value="http://kl.dk/fhir/common/caresocial/CodeSystem/FSIII"/>
            <code value="B3"/>
          </coding>
        </severity>
        <code>
          <coding>
            <system value="http://kl.dk/fhir/common/caresocial/CodeSystem/FSIII"/>
            <code value="J2.1"/>
          </coding>
        </code>
        <subject>
          <reference value="Patient/eec9e8e9-221d-4eae-a54d-cdd403661def"/>
        </subject>
        <recordedDate value="2021-02-10"/>
      </Condition>
    </resource>
  </entry>
  <entry>
    <fullUrl value="Condition/806d1cf8-5a4a-4c0d-a020-8a3bb3eacebd"/>
    <resource>
      <Condition>
        <id value="806d1cf8-5a4a-4c0d-a020-8a3bb3eacebd"/>
        <meta>
          <profile value="http://gateway.kl.dk/1.0/StructureDefinition/klgateway-care-condition"/>
        </meta>
        <text>
          <status value="extensions"/><div xmlns="http://www.w3.org/1999/xhtml"><p><b>Generated Narrative: Condition</b><a name="806d1cf8-5a4a-4c0d-a020-8a3bb3eacebd"> </a></p><div style="display: inline-block; background-color: #d9e0e7; padding: 6px; margin: 4px; border: 1px solid #8da1b4; border-radius: 5px; line-height: 60%"><p style="margin-bottom: 0px">Resource Condition &quot;806d1cf8-5a4a-4c0d-a020-8a3bb3eacebd&quot; </p><p style="margin-bottom: 0px">Profile: <a href="StructureDefinition-klgateway-care-condition.html">CareCondition</a></p></div><p><b>CareFollowUpEncounterExtension</b>: <a href="#Encounter_fbf243bb-9d70-489d-875d-87e14c980d7c">See above (Encounter/fbf243bb-9d70-489d-875d-87e14c980d7c)</a></p><p><b>clinicalStatus</b>: Active <span style="background: LightGoldenRodYellow; margin: 4px; border: 1px solid khaki"> (<a href="http://terminology.hl7.org/5.0.0/CodeSystem-condition-clinical.html">Condition Clinical Status Codes</a>#active)</span></p><p><b>category</b>: Problem List Item <span style="background: LightGoldenRodYellow; margin: 4px; border: 1px solid khaki"> (<a href="http://terminology.hl7.org/5.0.0/CodeSystem-condition-category.html">Condition Category Codes</a>#problem-list-item)</span></p><p><b>severity</b>: Moderate begrænsninger <span style="background: LightGoldenRodYellow; margin: 4px; border: 1px solid khaki"> (<a href="https://build.fhir.org/ig/hl7dk/KL-dk//CodeSystem-FSIII.html">FSIII</a>#B3)</span></p><p><b>code</b>: Gå <span style="background: LightGoldenRodYellow; margin: 4px; border: 1px solid khaki"> (<a href="https://build.fhir.org/ig/hl7dk/KL-dk//CodeSystem-FSIII.html">FSIII</a>#J3.8)</span></p><p><b>subject</b>: <a href="#Patient_eec9e8e9-221d-4eae-a54d-cdd403661def">See above (Patient/eec9e8e9-221d-4eae-a54d-cdd403661def)</a></p><p><b>recordedDate</b>: 2021-02-10</p></div>
        </text>
        <extension url="http://gateway.kl.dk/1.0/StructureDefinition/klgateway-care-follow-up-encounter-extension">
          <valueReference>
            <reference value="Encounter/fbf243bb-9d70-489d-875d-87e14c980d7c"/>
          </valueReference>
        </extension>
        <clinicalStatus>
          <coding>
            <system value="http://terminology.hl7.org/CodeSystem/condition-clinical"/>
            <code value="active"/>
          </coding>
        </clinicalStatus>
        <category>
          <coding>
            <system value="http://terminology.hl7.org/CodeSystem/condition-category"/>
            <code value="problem-list-item"/>
          </coding>
        </category>
        <severity>
          <coding>
            <system value="http://kl.dk/fhir/common/caresocial/CodeSystem/FSIII"/>
            <code value="B3"/>
          </coding>
        </severity>
        <code>
          <coding>
            <system value="http://kl.dk/fhir/common/caresocial/CodeSystem/FSIII"/>
            <code value="J3.8"/>
          </coding>
        </code>
        <subject>
          <reference value="Patient/eec9e8e9-221d-4eae-a54d-cdd403661def"/>
        </subject>
        <recordedDate value="2021-02-10"/>
      </Condition>
    </resource>
  </entry>
  <entry>
    <fullUrl value="Condition/5ad5649a-6317-41de-8cc4-364b9bafd298"/>
    <resource>
      <Condition>
        <id value="5ad5649a-6317-41de-8cc4-364b9bafd298"/>
        <meta>
          <profile value="http://gateway.kl.dk/1.0/StructureDefinition/klgateway-care-condition"/>
        </meta>
        <text>
          <status value="extensions"/><div xmlns="http://www.w3.org/1999/xhtml"><p><b>Generated Narrative: Condition</b><a name="5ad5649a-6317-41de-8cc4-364b9bafd298"> </a></p><div style="display: inline-block; background-color: #d9e0e7; padding: 6px; margin: 4px; border: 1px solid #8da1b4; border-radius: 5px; line-height: 60%"><p style="margin-bottom: 0px">Resource Condition &quot;5ad5649a-6317-41de-8cc4-364b9bafd298&quot; </p><p style="margin-bottom: 0px">Profile: <a href="StructureDefinition-klgateway-care-condition.html">CareCondition</a></p></div><p><b>CareFollowUpEncounterExtension</b>: <a href="#Encounter_fbf243bb-9d70-489d-875d-87e14c980d7c">See above (Encounter/fbf243bb-9d70-489d-875d-87e14c980d7c)</a></p><p><b>clinicalStatus</b>: Active <span style="background: LightGoldenRodYellow; margin: 4px; border: 1px solid khaki"> (<a href="http://terminology.hl7.org/5.0.0/CodeSystem-condition-clinical.html">Condition Clinical Status Codes</a>#active)</span></p><p><b>category</b>: Problem List Item <span style="background: LightGoldenRodYellow; margin: 4px; border: 1px solid khaki"> (<a href="http://terminology.hl7.org/5.0.0/CodeSystem-condition-category.html">Condition Category Codes</a>#problem-list-item)</span></p><p><b>severity</b>: Moderate begrænsninger <span style="background: LightGoldenRodYellow; margin: 4px; border: 1px solid khaki"> (<a href="https://build.fhir.org/ig/hl7dk/KL-dk//CodeSystem-FSIII.html">FSIII</a>#B3)</span></p><p><b>code</b>: Bevæge sig omkring <span style="background: LightGoldenRodYellow; margin: 4px; border: 1px solid khaki"> (<a href="https://build.fhir.org/ig/hl7dk/KL-dk//CodeSystem-FSIII.html">FSIII</a>#J3.2)</span></p><p><b>subject</b>: <a href="#Patient_eec9e8e9-221d-4eae-a54d-cdd403661def">See above (Patient/eec9e8e9-221d-4eae-a54d-cdd403661def)</a></p><p><b>recordedDate</b>: 2021-02-10</p></div>
        </text>
        <extension url="http://gateway.kl.dk/1.0/StructureDefinition/klgateway-care-follow-up-encounter-extension">
          <valueReference>
            <reference value="Encounter/fbf243bb-9d70-489d-875d-87e14c980d7c"/>
          </valueReference>
        </extension>
        <clinicalStatus>
          <coding>
            <system value="http://terminology.hl7.org/CodeSystem/condition-clinical"/>
            <code value="active"/>
          </coding>
        </clinicalStatus>
        <category>
          <coding>
            <system value="http://terminology.hl7.org/CodeSystem/condition-category"/>
            <code value="problem-list-item"/>
          </coding>
        </category>
        <severity>
          <coding>
            <system value="http://kl.dk/fhir/common/caresocial/CodeSystem/FSIII"/>
            <code value="B3"/>
          </coding>
        </severity>
        <code>
          <coding>
            <system value="http://kl.dk/fhir/common/caresocial/CodeSystem/FSIII"/>
            <code value="J3.2"/>
          </coding>
        </code>
        <subject>
          <reference value="Patient/eec9e8e9-221d-4eae-a54d-cdd403661def"/>
        </subject>
        <recordedDate value="2021-02-10"/>
      </Condition>
    </resource>
  </entry>
  <entry>
    <fullUrl value="Condition/fcc4040a-1803-434f-b633-8b354c5fbfb4"/>
    <resource>
      <Condition>
        <id value="fcc4040a-1803-434f-b633-8b354c5fbfb4"/>
        <meta>
          <profile value="http://gateway.kl.dk/1.0/StructureDefinition/klgateway-care-condition"/>
        </meta>
        <text>
          <status value="extensions"/><div xmlns="http://www.w3.org/1999/xhtml"><p><b>Generated Narrative: Condition</b><a name="fcc4040a-1803-434f-b633-8b354c5fbfb4"> </a></p><div style="display: inline-block; background-color: #d9e0e7; padding: 6px; margin: 4px; border: 1px solid #8da1b4; border-radius: 5px; line-height: 60%"><p style="margin-bottom: 0px">Resource Condition &quot;fcc4040a-1803-434f-b633-8b354c5fbfb4&quot; </p><p style="margin-bottom: 0px">Profile: <a href="StructureDefinition-klgateway-care-condition.html">CareCondition</a></p></div><p><b>CareFollowUpEncounterExtension</b>: <a href="#Encounter_fbf243bb-9d70-489d-875d-87e14c980d7c">See above (Encounter/fbf243bb-9d70-489d-875d-87e14c980d7c)</a></p><p><b>clinicalStatus</b>: Active <span style="background: LightGoldenRodYellow; margin: 4px; border: 1px solid khaki"> (<a href="http://terminology.hl7.org/5.0.0/CodeSystem-condition-clinical.html">Condition Clinical Status Codes</a>#active)</span></p><p><b>category</b>: Problem List Item <span style="background: LightGoldenRodYellow; margin: 4px; border: 1px solid khaki"> (<a href="http://terminology.hl7.org/5.0.0/CodeSystem-condition-category.html">Condition Category Codes</a>#problem-list-item)</span></p><p><b>severity</b>: Moderate begrænsninger <span style="background: LightGoldenRodYellow; margin: 4px; border: 1px solid khaki"> (<a href="https://build.fhir.org/ig/hl7dk/KL-dk//CodeSystem-FSIII.html">FSIII</a>#B3)</span></p><p><b>code</b>: Muskelstyrke <span style="background: LightGoldenRodYellow; margin: 4px; border: 1px solid khaki"> (<a href="https://build.fhir.org/ig/hl7dk/KL-dk//CodeSystem-FSIII.html">FSIII</a>#J3.7)</span></p><p><b>subject</b>: <a href="#Patient_eec9e8e9-221d-4eae-a54d-cdd403661def">See above (Patient/eec9e8e9-221d-4eae-a54d-cdd403661def)</a></p><p><b>recordedDate</b>: 2021-02-10</p></div>
        </text>
        <extension url="http://gateway.kl.dk/1.0/StructureDefinition/klgateway-care-follow-up-encounter-extension">
          <valueReference>
            <reference value="Encounter/fbf243bb-9d70-489d-875d-87e14c980d7c"/>
          </valueReference>
        </extension>
        <clinicalStatus>
          <coding>
            <system value="http://terminology.hl7.org/CodeSystem/condition-clinical"/>
            <code value="active"/>
          </coding>
        </clinicalStatus>
        <category>
          <coding>
            <system value="http://terminology.hl7.org/CodeSystem/condition-category"/>
            <code value="problem-list-item"/>
          </coding>
        </category>
        <severity>
          <coding>
            <system value="http://kl.dk/fhir/common/caresocial/CodeSystem/FSIII"/>
            <code value="B3"/>
          </coding>
        </severity>
        <code>
          <coding>
            <system value="http://kl.dk/fhir/common/caresocial/CodeSystem/FSIII"/>
            <code value="J3.7"/>
          </coding>
        </code>
        <subject>
          <reference value="Patient/eec9e8e9-221d-4eae-a54d-cdd403661def"/>
        </subject>
        <recordedDate value="2021-02-10"/>
      </Condition>
    </resource>
  </entry>
  <entry>
    <fullUrl value="Goal/91bed89f-4365-4878-849c-61554de55248"/>
    <resource>
      <Goal>
        <id value="91bed89f-4365-4878-849c-61554de55248"/>
        <meta>
          <profile value="http://gateway.kl.dk/1.0/StructureDefinition/klgateway-care-goal"/>
        </meta>
        <text>
          <status value="generated"/><div xmlns="http://www.w3.org/1999/xhtml"><p><b>Generated Narrative: Goal</b><a name="91bed89f-4365-4878-849c-61554de55248"> </a></p><div style="display: inline-block; background-color: #d9e0e7; padding: 6px; margin: 4px; border: 1px solid #8da1b4; border-radius: 5px; line-height: 60%"><p style="margin-bottom: 0px">Resource Goal &quot;91bed89f-4365-4878-849c-61554de55248&quot; </p><p style="margin-bottom: 0px">Profile: <a href="StructureDefinition-klgateway-care-goal.html">CareGoal</a></p></div><p><b>lifecycleStatus</b>: planned</p><p><b>category</b>: FSIII tilstandsmål <span style="background: LightGoldenRodYellow; margin: 4px; border: 1px solid khaki"> (<a href="https://build.fhir.org/ig/hl7dk/KL-dk//CodeSystem-KLCommonCareSocialCodes.html">KLCommonCareSocialCodes</a>#ca552020-6ed1-4cdc-b0d4-32697f1f27ad)</span></p><p><b>description</b>: Tilstand forsvinder, mindskes eller forbliver uændret <span style="background: LightGoldenRodYellow; margin: 4px; border: 1px solid khaki"> (<a href="https://build.fhir.org/ig/hl7dk/KL-dk//CodeSystem-FSIII.html">FSIII</a>#e182c5dc-9f91-474a-92e8-f62be3d498f4)</span></p><p><b>subject</b>: <a href="#Patient_eec9e8e9-221d-4eae-a54d-cdd403661def">See above (Patient/eec9e8e9-221d-4eae-a54d-cdd403661def)</a></p><p><b>start</b>: 2021-02-10</p><h3>Targets</h3><table class="grid"><tr><td>-</td><td><b>Measure</b></td><td><b>Detail[x]</b></td></tr><tr><td>*</td><td>funktionsevneniveau <span style="background: LightGoldenRodYellow; margin: 4px; border: 1px solid khaki"> (<a href="https://build.fhir.org/ig/hl7dk/KL-dk//CodeSystem-KLCommonCareSocialCodes.html">KLCommonCareSocialCodes</a>#66959f77-6e2a-4574-8423-3ff097f8b9fa)</span></td><td>Ingen/ubetydelige begrænsninger <span style="background: LightGoldenRodYellow; margin: 4px; border: 1px solid khaki"> (<a href="https://build.fhir.org/ig/hl7dk/KL-dk//CodeSystem-FSIII.html">FSIII</a>#B1)</span></td></tr></table><p><b>addresses</b>: <a href="#Condition_d45b02d1-be76-4968-812b-6b32338ad8ad">See above (Condition/d45b02d1-be76-4968-812b-6b32338ad8ad)</a></p></div>
        </text>
        <lifecycleStatus value="planned"/>
        <category>
          <coding>
            <system value="http://kl.dk/fhir/common/caresocial/CodeSystem/KLCommonCareSocialCodes"/>
            <code value="ca552020-6ed1-4cdc-b0d4-32697f1f27ad"/>
          </coding>
        </category>
        <description>
          <coding>
            <system value="http://kl.dk/fhir/common/caresocial/CodeSystem/FSIII"/>
            <code value="e182c5dc-9f91-474a-92e8-f62be3d498f4"/>
          </coding>
        </description>
        <subject>
          <reference value="Patient/eec9e8e9-221d-4eae-a54d-cdd403661def"/>
        </subject>
        <startDate value="2021-02-10"/>
        <target>
          <measure>
            <coding>
              <system value="http://kl.dk/fhir/common/caresocial/CodeSystem/KLCommonCareSocialCodes"/>
              <code value="66959f77-6e2a-4574-8423-3ff097f8b9fa"/>
            </coding>
          </measure>
          <detailCodeableConcept>
            <coding>
              <system value="http://kl.dk/fhir/common/caresocial/CodeSystem/FSIII"/>
              <code value="B1"/>
            </coding>
          </detailCodeableConcept>
        </target>
        <addresses>
          <reference value="Condition/d45b02d1-be76-4968-812b-6b32338ad8ad"/>
        </addresses>
      </Goal>
    </resource>
  </entry>
  <entry>
    <fullUrl value="Goal/33cd1262-c00f-440a-9e30-620166ff6b7a"/>
    <resource>
      <Goal>
        <id value="33cd1262-c00f-440a-9e30-620166ff6b7a"/>
        <meta>
          <profile value="http://gateway.kl.dk/1.0/StructureDefinition/klgateway-care-goal"/>
        </meta>
        <text>
          <status value="generated"/><div xmlns="http://www.w3.org/1999/xhtml"><p><b>Generated Narrative: Goal</b><a name="33cd1262-c00f-440a-9e30-620166ff6b7a"> </a></p><div style="display: inline-block; background-color: #d9e0e7; padding: 6px; margin: 4px; border: 1px solid #8da1b4; border-radius: 5px; line-height: 60%"><p style="margin-bottom: 0px">Resource Goal &quot;33cd1262-c00f-440a-9e30-620166ff6b7a&quot; </p><p style="margin-bottom: 0px">Profile: <a href="StructureDefinition-klgateway-care-goal.html">CareGoal</a></p></div><p><b>lifecycleStatus</b>: planned</p><p><b>category</b>: FSIII tilstandsmål <span style="background: LightGoldenRodYellow; margin: 4px; border: 1px solid khaki"> (<a href="https://build.fhir.org/ig/hl7dk/KL-dk//CodeSystem-KLCommonCareSocialCodes.html">KLCommonCareSocialCodes</a>#ca552020-6ed1-4cdc-b0d4-32697f1f27ad)</span></p><p><b>description</b>: Tilstand forsvinder, mindskes eller forbliver uændret <span style="background: LightGoldenRodYellow; margin: 4px; border: 1px solid khaki"> (<a href="https://build.fhir.org/ig/hl7dk/KL-dk//CodeSystem-FSIII.html">FSIII</a>#e182c5dc-9f91-474a-92e8-f62be3d498f4)</span></p><p><b>subject</b>: <a href="#Patient_eec9e8e9-221d-4eae-a54d-cdd403661def">See above (Patient/eec9e8e9-221d-4eae-a54d-cdd403661def)</a></p><p><b>start</b>: 2021-02-10</p><h3>Targets</h3><table class="grid"><tr><td>-</td><td><b>Measure</b></td><td><b>Detail[x]</b></td></tr><tr><td>*</td><td>funktionsevneniveau <span style="background: LightGoldenRodYellow; margin: 4px; border: 1px solid khaki"> (<a href="https://build.fhir.org/ig/hl7dk/KL-dk//CodeSystem-KLCommonCareSocialCodes.html">KLCommonCareSocialCodes</a>#66959f77-6e2a-4574-8423-3ff097f8b9fa)</span></td><td>Ingen/ubetydelige begrænsninger <span style="background: LightGoldenRodYellow; margin: 4px; border: 1px solid khaki"> (<a href="https://build.fhir.org/ig/hl7dk/KL-dk//CodeSystem-FSIII.html">FSIII</a>#B1)</span></td></tr></table><p><b>addresses</b>: <a href="#Condition_34665f6d-7573-46fb-8b4d-72f30641284b">See above (Condition/34665f6d-7573-46fb-8b4d-72f30641284b)</a></p></div>
        </text>
        <lifecycleStatus value="planned"/>
        <category>
          <coding>
            <system value="http://kl.dk/fhir/common/caresocial/CodeSystem/KLCommonCareSocialCodes"/>
            <code value="ca552020-6ed1-4cdc-b0d4-32697f1f27ad"/>
          </coding>
        </category>
        <description>
          <coding>
            <system value="http://kl.dk/fhir/common/caresocial/CodeSystem/FSIII"/>
            <code value="e182c5dc-9f91-474a-92e8-f62be3d498f4"/>
          </coding>
        </description>
        <subject>
          <reference value="Patient/eec9e8e9-221d-4eae-a54d-cdd403661def"/>
        </subject>
        <startDate value="2021-02-10"/>
        <target>
          <measure>
            <coding>
              <system value="http://kl.dk/fhir/common/caresocial/CodeSystem/KLCommonCareSocialCodes"/>
              <code value="66959f77-6e2a-4574-8423-3ff097f8b9fa"/>
            </coding>
          </measure>
          <detailCodeableConcept>
            <coding>
              <system value="http://kl.dk/fhir/common/caresocial/CodeSystem/FSIII"/>
              <code value="B1"/>
            </coding>
          </detailCodeableConcept>
        </target>
        <addresses>
          <reference value="Condition/34665f6d-7573-46fb-8b4d-72f30641284b"/>
        </addresses>
      </Goal>
    </resource>
  </entry>
  <entry>
    <fullUrl value="Goal/a638744a-c6a9-49c5-940e-e16f94e806b9"/>
    <resource>
      <Goal>
        <id value="a638744a-c6a9-49c5-940e-e16f94e806b9"/>
        <meta>
          <profile value="http://gateway.kl.dk/1.0/StructureDefinition/klgateway-care-goal"/>
        </meta>
        <text>
          <status value="generated"/><div xmlns="http://www.w3.org/1999/xhtml"><p><b>Generated Narrative: Goal</b><a name="a638744a-c6a9-49c5-940e-e16f94e806b9"> </a></p><div style="display: inline-block; background-color: #d9e0e7; padding: 6px; margin: 4px; border: 1px solid #8da1b4; border-radius: 5px; line-height: 60%"><p style="margin-bottom: 0px">Resource Goal &quot;a638744a-c6a9-49c5-940e-e16f94e806b9&quot; </p><p style="margin-bottom: 0px">Profile: <a href="StructureDefinition-klgateway-care-goal.html">CareGoal</a></p></div><p><b>lifecycleStatus</b>: planned</p><p><b>category</b>: FSIII tilstandsmål <span style="background: LightGoldenRodYellow; margin: 4px; border: 1px solid khaki"> (<a href="https://build.fhir.org/ig/hl7dk/KL-dk//CodeSystem-KLCommonCareSocialCodes.html">KLCommonCareSocialCodes</a>#ca552020-6ed1-4cdc-b0d4-32697f1f27ad)</span></p><p><b>description</b>: Tilstand forsvinder, mindskes eller forbliver uændret <span style="background: LightGoldenRodYellow; margin: 4px; border: 1px solid khaki"> (<a href="https://build.fhir.org/ig/hl7dk/KL-dk//CodeSystem-FSIII.html">FSIII</a>#e182c5dc-9f91-474a-92e8-f62be3d498f4)</span></p><p><b>subject</b>: <a href="#Patient_eec9e8e9-221d-4eae-a54d-cdd403661def">See above (Patient/eec9e8e9-221d-4eae-a54d-cdd403661def)</a></p><p><b>start</b>: 2021-02-10</p><h3>Targets</h3><table class="grid"><tr><td>-</td><td><b>Measure</b></td><td><b>Detail[x]</b></td></tr><tr><td>*</td><td>funktionsevneniveau <span style="background: LightGoldenRodYellow; margin: 4px; border: 1px solid khaki"> (<a href="https://build.fhir.org/ig/hl7dk/KL-dk//CodeSystem-KLCommonCareSocialCodes.html">KLCommonCareSocialCodes</a>#66959f77-6e2a-4574-8423-3ff097f8b9fa)</span></td><td>Lette begrænsninger <span style="background: LightGoldenRodYellow; margin: 4px; border: 1px solid khaki"> (<a href="https://build.fhir.org/ig/hl7dk/KL-dk//CodeSystem-FSIII.html">FSIII</a>#B2)</span></td></tr></table><p><b>addresses</b>: <a href="#Condition_067e0542-1d8a-404d-b6db-f2bfa6a03c2e">See above (Condition/067e0542-1d8a-404d-b6db-f2bfa6a03c2e)</a></p></div>
        </text>
        <lifecycleStatus value="planned"/>
        <category>
          <coding>
            <system value="http://kl.dk/fhir/common/caresocial/CodeSystem/KLCommonCareSocialCodes"/>
            <code value="ca552020-6ed1-4cdc-b0d4-32697f1f27ad"/>
          </coding>
        </category>
        <description>
          <coding>
            <system value="http://kl.dk/fhir/common/caresocial/CodeSystem/FSIII"/>
            <code value="e182c5dc-9f91-474a-92e8-f62be3d498f4"/>
          </coding>
        </description>
        <subject>
          <reference value="Patient/eec9e8e9-221d-4eae-a54d-cdd403661def"/>
        </subject>
        <startDate value="2021-02-10"/>
        <target>
          <measure>
            <coding>
              <system value="http://kl.dk/fhir/common/caresocial/CodeSystem/KLCommonCareSocialCodes"/>
              <code value="66959f77-6e2a-4574-8423-3ff097f8b9fa"/>
            </coding>
          </measure>
          <detailCodeableConcept>
            <coding>
              <system value="http://kl.dk/fhir/common/caresocial/CodeSystem/FSIII"/>
              <code value="B2"/>
            </coding>
          </detailCodeableConcept>
        </target>
        <addresses>
          <reference value="Condition/067e0542-1d8a-404d-b6db-f2bfa6a03c2e"/>
        </addresses>
      </Goal>
    </resource>
  </entry>
  <entry>
    <fullUrl value="Goal/1c62dbc4-91f7-4ad8-86be-783b7158c475"/>
    <resource>
      <Goal>
        <id value="1c62dbc4-91f7-4ad8-86be-783b7158c475"/>
        <meta>
          <profile value="http://gateway.kl.dk/1.0/StructureDefinition/klgateway-care-goal"/>
        </meta>
        <text>
          <status value="generated"/><div xmlns="http://www.w3.org/1999/xhtml"><p><b>Generated Narrative: Goal</b><a name="1c62dbc4-91f7-4ad8-86be-783b7158c475"> </a></p><div style="display: inline-block; background-color: #d9e0e7; padding: 6px; margin: 4px; border: 1px solid #8da1b4; border-radius: 5px; line-height: 60%"><p style="margin-bottom: 0px">Resource Goal &quot;1c62dbc4-91f7-4ad8-86be-783b7158c475&quot; </p><p style="margin-bottom: 0px">Profile: <a href="StructureDefinition-klgateway-care-goal.html">CareGoal</a></p></div><p><b>lifecycleStatus</b>: planned</p><p><b>category</b>: FSIII tilstandsmål <span style="background: LightGoldenRodYellow; margin: 4px; border: 1px solid khaki"> (<a href="https://build.fhir.org/ig/hl7dk/KL-dk//CodeSystem-KLCommonCareSocialCodes.html">KLCommonCareSocialCodes</a>#ca552020-6ed1-4cdc-b0d4-32697f1f27ad)</span></p><p><b>description</b>: Tilstand forsvinder, mindskes eller forbliver uændret <span style="background: LightGoldenRodYellow; margin: 4px; border: 1px solid khaki"> (<a href="https://build.fhir.org/ig/hl7dk/KL-dk//CodeSystem-FSIII.html">FSIII</a>#e182c5dc-9f91-474a-92e8-f62be3d498f4)</span></p><p><b>subject</b>: <a href="#Patient_eec9e8e9-221d-4eae-a54d-cdd403661def">See above (Patient/eec9e8e9-221d-4eae-a54d-cdd403661def)</a></p><p><b>start</b>: 2021-02-10</p><h3>Targets</h3><table class="grid"><tr><td>-</td><td><b>Measure</b></td><td><b>Detail[x]</b></td></tr><tr><td>*</td><td>funktionsevneniveau <span style="background: LightGoldenRodYellow; margin: 4px; border: 1px solid khaki"> (<a href="https://build.fhir.org/ig/hl7dk/KL-dk//CodeSystem-KLCommonCareSocialCodes.html">KLCommonCareSocialCodes</a>#66959f77-6e2a-4574-8423-3ff097f8b9fa)</span></td><td>Lette begrænsninger <span style="background: LightGoldenRodYellow; margin: 4px; border: 1px solid khaki"> (<a href="https://build.fhir.org/ig/hl7dk/KL-dk//CodeSystem-FSIII.html">FSIII</a>#B2)</span></td></tr></table><p><b>addresses</b>: <a href="#Condition_cd8643fd-8a42-4ef8-81b4-bf5ec2253f14">See above (Condition/cd8643fd-8a42-4ef8-81b4-bf5ec2253f14)</a></p></div>
        </text>
        <lifecycleStatus value="planned"/>
        <category>
          <coding>
            <system value="http://kl.dk/fhir/common/caresocial/CodeSystem/KLCommonCareSocialCodes"/>
            <code value="ca552020-6ed1-4cdc-b0d4-32697f1f27ad"/>
          </coding>
        </category>
        <description>
          <coding>
            <system value="http://kl.dk/fhir/common/caresocial/CodeSystem/FSIII"/>
            <code value="e182c5dc-9f91-474a-92e8-f62be3d498f4"/>
          </coding>
        </description>
        <subject>
          <reference value="Patient/eec9e8e9-221d-4eae-a54d-cdd403661def"/>
        </subject>
        <startDate value="2021-02-10"/>
        <target>
          <measure>
            <coding>
              <system value="http://kl.dk/fhir/common/caresocial/CodeSystem/KLCommonCareSocialCodes"/>
              <code value="66959f77-6e2a-4574-8423-3ff097f8b9fa"/>
            </coding>
          </measure>
          <detailCodeableConcept>
            <coding>
              <system value="http://kl.dk/fhir/common/caresocial/CodeSystem/FSIII"/>
              <code value="B2"/>
            </coding>
          </detailCodeableConcept>
        </target>
        <addresses>
          <reference value="Condition/cd8643fd-8a42-4ef8-81b4-bf5ec2253f14"/>
        </addresses>
      </Goal>
    </resource>
  </entry>
  <entry>
    <fullUrl value="Goal/cc6288f9-48d4-4aac-b640-b750a2dfeb0d"/>
    <resource>
      <Goal>
        <id value="cc6288f9-48d4-4aac-b640-b750a2dfeb0d"/>
        <meta>
          <profile value="http://gateway.kl.dk/1.0/StructureDefinition/klgateway-care-goal"/>
        </meta>
        <text>
          <status value="generated"/><div xmlns="http://www.w3.org/1999/xhtml"><p><b>Generated Narrative: Goal</b><a name="cc6288f9-48d4-4aac-b640-b750a2dfeb0d"> </a></p><div style="display: inline-block; background-color: #d9e0e7; padding: 6px; margin: 4px; border: 1px solid #8da1b4; border-radius: 5px; line-height: 60%"><p style="margin-bottom: 0px">Resource Goal &quot;cc6288f9-48d4-4aac-b640-b750a2dfeb0d&quot; </p><p style="margin-bottom: 0px">Profile: <a href="StructureDefinition-klgateway-care-goal.html">CareGoal</a></p></div><p><b>lifecycleStatus</b>: planned</p><p><b>category</b>: FSIII tilstandsmål <span style="background: LightGoldenRodYellow; margin: 4px; border: 1px solid khaki"> (<a href="https://build.fhir.org/ig/hl7dk/KL-dk//CodeSystem-KLCommonCareSocialCodes.html">KLCommonCareSocialCodes</a>#ca552020-6ed1-4cdc-b0d4-32697f1f27ad)</span></p><p><b>description</b>: Tilstand forsvinder, mindskes eller forbliver uændret <span style="background: LightGoldenRodYellow; margin: 4px; border: 1px solid khaki"> (<a href="https://build.fhir.org/ig/hl7dk/KL-dk//CodeSystem-FSIII.html">FSIII</a>#e182c5dc-9f91-474a-92e8-f62be3d498f4)</span></p><p><b>subject</b>: <a href="#Patient_eec9e8e9-221d-4eae-a54d-cdd403661def">See above (Patient/eec9e8e9-221d-4eae-a54d-cdd403661def)</a></p><p><b>start</b>: 2021-02-10</p><h3>Targets</h3><table class="grid"><tr><td>-</td><td><b>Measure</b></td><td><b>Detail[x]</b></td></tr><tr><td>*</td><td>funktionsevneniveau <span style="background: LightGoldenRodYellow; margin: 4px; border: 1px solid khaki"> (<a href="https://build.fhir.org/ig/hl7dk/KL-dk//CodeSystem-KLCommonCareSocialCodes.html">KLCommonCareSocialCodes</a>#66959f77-6e2a-4574-8423-3ff097f8b9fa)</span></td><td>Ingen/ubetydelige begrænsninger <span style="background: LightGoldenRodYellow; margin: 4px; border: 1px solid khaki"> (<a href="https://build.fhir.org/ig/hl7dk/KL-dk//CodeSystem-FSIII.html">FSIII</a>#B1)</span></td></tr></table><p><b>addresses</b>: <a href="#Condition_806d1cf8-5a4a-4c0d-a020-8a3bb3eacebd">See above (Condition/806d1cf8-5a4a-4c0d-a020-8a3bb3eacebd)</a></p></div>
        </text>
        <lifecycleStatus value="planned"/>
        <category>
          <coding>
            <system value="http://kl.dk/fhir/common/caresocial/CodeSystem/KLCommonCareSocialCodes"/>
            <code value="ca552020-6ed1-4cdc-b0d4-32697f1f27ad"/>
          </coding>
        </category>
        <description>
          <coding>
            <system value="http://kl.dk/fhir/common/caresocial/CodeSystem/FSIII"/>
            <code value="e182c5dc-9f91-474a-92e8-f62be3d498f4"/>
          </coding>
        </description>
        <subject>
          <reference value="Patient/eec9e8e9-221d-4eae-a54d-cdd403661def"/>
        </subject>
        <startDate value="2021-02-10"/>
        <target>
          <measure>
            <coding>
              <system value="http://kl.dk/fhir/common/caresocial/CodeSystem/KLCommonCareSocialCodes"/>
              <code value="66959f77-6e2a-4574-8423-3ff097f8b9fa"/>
            </coding>
          </measure>
          <detailCodeableConcept>
            <coding>
              <system value="http://kl.dk/fhir/common/caresocial/CodeSystem/FSIII"/>
              <code value="B1"/>
            </coding>
          </detailCodeableConcept>
        </target>
        <addresses>
          <reference value="Condition/806d1cf8-5a4a-4c0d-a020-8a3bb3eacebd"/>
        </addresses>
      </Goal>
    </resource>
  </entry>
  <entry>
    <fullUrl value="Goal/dc40bf0d-4411-4317-b424-9bad5045836e"/>
    <resource>
      <Goal>
        <id value="dc40bf0d-4411-4317-b424-9bad5045836e"/>
        <meta>
          <profile value="http://gateway.kl.dk/1.0/StructureDefinition/klgateway-care-goal"/>
        </meta>
        <text>
          <status value="generated"/><div xmlns="http://www.w3.org/1999/xhtml"><p><b>Generated Narrative: Goal</b><a name="dc40bf0d-4411-4317-b424-9bad5045836e"> </a></p><div style="display: inline-block; background-color: #d9e0e7; padding: 6px; margin: 4px; border: 1px solid #8da1b4; border-radius: 5px; line-height: 60%"><p style="margin-bottom: 0px">Resource Goal &quot;dc40bf0d-4411-4317-b424-9bad5045836e&quot; </p><p style="margin-bottom: 0px">Profile: <a href="StructureDefinition-klgateway-care-goal.html">CareGoal</a></p></div><p><b>lifecycleStatus</b>: planned</p><p><b>category</b>: FSIII tilstandsmål <span style="background: LightGoldenRodYellow; margin: 4px; border: 1px solid khaki"> (<a href="https://build.fhir.org/ig/hl7dk/KL-dk//CodeSystem-KLCommonCareSocialCodes.html">KLCommonCareSocialCodes</a>#ca552020-6ed1-4cdc-b0d4-32697f1f27ad)</span></p><p><b>description</b>: Tilstand forsvinder, mindskes eller forbliver uændret <span style="background: LightGoldenRodYellow; margin: 4px; border: 1px solid khaki"> (<a href="https://build.fhir.org/ig/hl7dk/KL-dk//CodeSystem-FSIII.html">FSIII</a>#e182c5dc-9f91-474a-92e8-f62be3d498f4)</span></p><p><b>subject</b>: <a href="#Patient_eec9e8e9-221d-4eae-a54d-cdd403661def">See above (Patient/eec9e8e9-221d-4eae-a54d-cdd403661def)</a></p><p><b>start</b>: 2021-02-10</p><h3>Targets</h3><table class="grid"><tr><td>-</td><td><b>Measure</b></td><td><b>Detail[x]</b></td></tr><tr><td>*</td><td>funktionsevneniveau <span style="background: LightGoldenRodYellow; margin: 4px; border: 1px solid khaki"> (<a href="https://build.fhir.org/ig/hl7dk/KL-dk//CodeSystem-KLCommonCareSocialCodes.html">KLCommonCareSocialCodes</a>#66959f77-6e2a-4574-8423-3ff097f8b9fa)</span></td><td>Ingen/ubetydelige begrænsninger <span style="background: LightGoldenRodYellow; margin: 4px; border: 1px solid khaki"> (<a href="https://build.fhir.org/ig/hl7dk/KL-dk//CodeSystem-FSIII.html">FSIII</a>#B1)</span></td></tr></table><p><b>addresses</b>: <a href="#Condition_5ad5649a-6317-41de-8cc4-364b9bafd298">See above (Condition/5ad5649a-6317-41de-8cc4-364b9bafd298)</a></p></div>
        </text>
        <lifecycleStatus value="planned"/>
        <category>
          <coding>
            <system value="http://kl.dk/fhir/common/caresocial/CodeSystem/KLCommonCareSocialCodes"/>
            <code value="ca552020-6ed1-4cdc-b0d4-32697f1f27ad"/>
          </coding>
        </category>
        <description>
          <coding>
            <system value="http://kl.dk/fhir/common/caresocial/CodeSystem/FSIII"/>
            <code value="e182c5dc-9f91-474a-92e8-f62be3d498f4"/>
          </coding>
        </description>
        <subject>
          <reference value="Patient/eec9e8e9-221d-4eae-a54d-cdd403661def"/>
        </subject>
        <startDate value="2021-02-10"/>
        <target>
          <measure>
            <coding>
              <system value="http://kl.dk/fhir/common/caresocial/CodeSystem/KLCommonCareSocialCodes"/>
              <code value="66959f77-6e2a-4574-8423-3ff097f8b9fa"/>
            </coding>
          </measure>
          <detailCodeableConcept>
            <coding>
              <system value="http://kl.dk/fhir/common/caresocial/CodeSystem/FSIII"/>
              <code value="B1"/>
            </coding>
          </detailCodeableConcept>
        </target>
        <addresses>
          <reference value="Condition/5ad5649a-6317-41de-8cc4-364b9bafd298"/>
        </addresses>
      </Goal>
    </resource>
  </entry>
  <entry>
    <fullUrl value="Goal/1efb9aec-4e79-4ead-8502-50168f569a18"/>
    <resource>
      <Goal>
        <id value="1efb9aec-4e79-4ead-8502-50168f569a18"/>
        <meta>
          <profile value="http://gateway.kl.dk/1.0/StructureDefinition/klgateway-care-goal"/>
        </meta>
        <text>
          <status value="generated"/><div xmlns="http://www.w3.org/1999/xhtml"><p><b>Generated Narrative: Goal</b><a name="1efb9aec-4e79-4ead-8502-50168f569a18"> </a></p><div style="display: inline-block; background-color: #d9e0e7; padding: 6px; margin: 4px; border: 1px solid #8da1b4; border-radius: 5px; line-height: 60%"><p style="margin-bottom: 0px">Resource Goal &quot;1efb9aec-4e79-4ead-8502-50168f569a18&quot; </p><p style="margin-bottom: 0px">Profile: <a href="StructureDefinition-klgateway-care-goal.html">CareGoal</a></p></div><p><b>lifecycleStatus</b>: planned</p><p><b>category</b>: FSIII tilstandsmål <span style="background: LightGoldenRodYellow; margin: 4px; border: 1px solid khaki"> (<a href="https://build.fhir.org/ig/hl7dk/KL-dk//CodeSystem-KLCommonCareSocialCodes.html">KLCommonCareSocialCodes</a>#ca552020-6ed1-4cdc-b0d4-32697f1f27ad)</span></p><p><b>description</b>: Tilstand forsvinder, mindskes eller forbliver uændret <span style="background: LightGoldenRodYellow; margin: 4px; border: 1px solid khaki"> (<a href="https://build.fhir.org/ig/hl7dk/KL-dk//CodeSystem-FSIII.html">FSIII</a>#e182c5dc-9f91-474a-92e8-f62be3d498f4)</span></p><p><b>subject</b>: <a href="#Patient_eec9e8e9-221d-4eae-a54d-cdd403661def">See above (Patient/eec9e8e9-221d-4eae-a54d-cdd403661def)</a></p><p><b>start</b>: 2021-02-10</p><h3>Targets</h3><table class="grid"><tr><td>-</td><td><b>Measure</b></td><td><b>Detail[x]</b></td></tr><tr><td>*</td><td>funktionsevneniveau <span style="background: LightGoldenRodYellow; margin: 4px; border: 1px solid khaki"> (<a href="https://build.fhir.org/ig/hl7dk/KL-dk//CodeSystem-KLCommonCareSocialCodes.html">KLCommonCareSocialCodes</a>#66959f77-6e2a-4574-8423-3ff097f8b9fa)</span></td><td>Ingen/ubetydelige begrænsninger <span style="background: LightGoldenRodYellow; margin: 4px; border: 1px solid khaki"> (<a href="https://build.fhir.org/ig/hl7dk/KL-dk//CodeSystem-FSIII.html">FSIII</a>#B1)</span></td></tr></table><p><b>addresses</b>: <a href="#Condition_fcc4040a-1803-434f-b633-8b354c5fbfb4">See above (Condition/fcc4040a-1803-434f-b633-8b354c5fbfb4)</a></p></div>
        </text>
        <lifecycleStatus value="planned"/>
        <category>
          <coding>
            <system value="http://kl.dk/fhir/common/caresocial/CodeSystem/KLCommonCareSocialCodes"/>
            <code value="ca552020-6ed1-4cdc-b0d4-32697f1f27ad"/>
          </coding>
        </category>
        <description>
          <coding>
            <system value="http://kl.dk/fhir/common/caresocial/CodeSystem/FSIII"/>
            <code value="e182c5dc-9f91-474a-92e8-f62be3d498f4"/>
          </coding>
        </description>
        <subject>
          <reference value="Patient/eec9e8e9-221d-4eae-a54d-cdd403661def"/>
        </subject>
        <startDate value="2021-02-10"/>
        <target>
          <measure>
            <coding>
              <system value="http://kl.dk/fhir/common/caresocial/CodeSystem/KLCommonCareSocialCodes"/>
              <code value="66959f77-6e2a-4574-8423-3ff097f8b9fa"/>
            </coding>
          </measure>
          <detailCodeableConcept>
            <coding>
              <system value="http://kl.dk/fhir/common/caresocial/CodeSystem/FSIII"/>
              <code value="B1"/>
            </coding>
          </detailCodeableConcept>
        </target>
        <addresses>
          <reference value="Condition/fcc4040a-1803-434f-b633-8b354c5fbfb4"/>
        </addresses>
      </Goal>
    </resource>
  </entry>
  <entry>
    <fullUrl value="CarePlan/9ace0320-a6bd-4d90-bfed-b6e5d219dba3"/>
    <resource>
      <CarePlan>
        <id value="9ace0320-a6bd-4d90-bfed-b6e5d219dba3"/>
        <meta>
          <profile value="http://gateway.kl.dk/1.0/StructureDefinition/klgateway-care-planned-intervention"/>
        </meta>
        <text>
          <status value="generated"/><div xmlns="http://www.w3.org/1999/xhtml"><p><b>Generated Narrative: CarePlan</b><a name="9ace0320-a6bd-4d90-bfed-b6e5d219dba3"> </a></p><div style="display: inline-block; background-color: #d9e0e7; padding: 6px; margin: 4px; border: 1px solid #8da1b4; border-radius: 5px; line-height: 60%"><p style="margin-bottom: 0px">Resource CarePlan &quot;9ace0320-a6bd-4d90-bfed-b6e5d219dba3&quot; </p><p style="margin-bottom: 0px">Profile: <a href="StructureDefinition-klgateway-care-planned-intervention.html">CarePlannedIntervention</a></p></div><p><b>status</b>: completed</p><p><b>intent</b>: plan</p><p><b>subject</b>: <a href="#Patient_eec9e8e9-221d-4eae-a54d-cdd403661def">See above (Patient/eec9e8e9-221d-4eae-a54d-cdd403661def)</a></p><p><b>period</b>: 2021-02-12 --&gt; 2021-02-24</p><blockquote><p><b>activity</b></p><h3>Details</h3><table class="grid"><tr><td>-</td><td><b>Code</b></td><td><b>ReasonReference</b></td><td><b>Status</b></td></tr><tr><td>*</td><td>Personlig hygiejne <span style="background: LightGoldenRodYellow; margin: 4px; border: 1px solid khaki"> (<a href="https://build.fhir.org/ig/hl7dk/KL-dk//CodeSystem-FSIII.html">FSIII</a>#H1.1)</span></td><td><a href="#Condition_d45b02d1-be76-4968-812b-6b32338ad8ad">See above (Condition/d45b02d1-be76-4968-812b-6b32338ad8ad)</a></td><td>in-progress</td></tr></table></blockquote></div>
        </text>
        <status value="completed"/>
        <intent value="plan"/>
        <subject>
          <reference value="Patient/eec9e8e9-221d-4eae-a54d-cdd403661def"/>
        </subject>
        <period>
          <start value="2021-02-12"/>
          <end value="2021-02-24"/>
        </period>
        <activity>
          <detail>
            <code>
              <coding>
                <system value="http://kl.dk/fhir/common/caresocial/CodeSystem/FSIII"/>
                <code value="H1.1"/>
              </coding>
            </code>
            <reasonReference>
              <reference value="Condition/d45b02d1-be76-4968-812b-6b32338ad8ad"/>
            </reasonReference>
            <status value="in-progress"/>
          </detail>
        </activity>
      </CarePlan>
    </resource>
  </entry>
  <entry>
    <fullUrl value="CarePlan/4f325b94-99fe-4781-9e05-97e27279f8ec"/>
    <resource>
      <CarePlan>
        <id value="9ace0320-a6bd-4d90-bfed-b6e5d219dba3"/>
        <meta>
          <profile value="http://gateway.kl.dk/1.0/StructureDefinition/klgateway-care-planned-intervention"/>
        </meta>
        <text>
          <status value="generated"/><div xmlns="http://www.w3.org/1999/xhtml"><p><b>Generated Narrative: CarePlan</b><a name="9ace0320-a6bd-4d90-bfed-b6e5d219dba3"> </a></p><div style="display: inline-block; background-color: #d9e0e7; padding: 6px; margin: 4px; border: 1px solid #8da1b4; border-radius: 5px; line-height: 60%"><p style="margin-bottom: 0px">Resource CarePlan &quot;9ace0320-a6bd-4d90-bfed-b6e5d219dba3&quot; </p><p style="margin-bottom: 0px">Profile: <a href="StructureDefinition-klgateway-care-planned-intervention.html">CarePlannedIntervention</a></p></div><p><b>status</b>: active</p><p><b>intent</b>: plan</p><p><b>subject</b>: <a href="#Patient_eec9e8e9-221d-4eae-a54d-cdd403661def">See above (Patient/eec9e8e9-221d-4eae-a54d-cdd403661def)</a></p><p><b>period</b>: 2021-02-12 --&gt; (ongoing)</p><blockquote><p><b>activity</b></p><h3>Details</h3><table class="grid"><tr><td>-</td><td><b>Code</b></td><td><b>ReasonReference</b></td><td><b>Status</b></td></tr><tr><td>*</td><td>Hverdagens aktiviteter <span style="background: LightGoldenRodYellow; margin: 4px; border: 1px solid khaki"> (<a href="https://build.fhir.org/ig/hl7dk/KL-dk//CodeSystem-FSIII.html">FSIII</a>#H1.5)</span></td><td><a href="#Condition_cd8643fd-8a42-4ef8-81b4-bf5ec2253f14">See above (Condition/cd8643fd-8a42-4ef8-81b4-bf5ec2253f14)</a></td><td>in-progress</td></tr></table></blockquote></div>
        </text>
        <status value="active"/>
        <intent value="plan"/>
        <subject>
          <reference value="Patient/eec9e8e9-221d-4eae-a54d-cdd403661def"/>
        </subject>
        <period>
          <start value="2021-02-12"/>
        </period>
        <activity>
          <detail>
            <code>
              <coding>
                <system value="http://kl.dk/fhir/common/caresocial/CodeSystem/FSIII"/>
                <code value="H1.5"/>
              </coding>
            </code>
            <reasonReference>
              <reference value="Condition/cd8643fd-8a42-4ef8-81b4-bf5ec2253f14"/>
            </reasonReference>
            <status value="in-progress"/>
          </detail>
        </activity>
      </CarePlan>
    </resource>
  </entry>
  <entry>
    <fullUrl value="CarePlan/d8130c0c-d8a1-47c7-acdf-d32f23c58db9"/>
    <resource>
      <CarePlan>
        <id value="9ace0320-a6bd-4d90-bfed-b6e5d219dba3"/>
        <meta>
          <profile value="http://gateway.kl.dk/1.0/StructureDefinition/klgateway-care-planned-intervention"/>
        </meta>
        <text>
          <status value="generated"/><div xmlns="http://www.w3.org/1999/xhtml"><p><b>Generated Narrative: CarePlan</b><a name="9ace0320-a6bd-4d90-bfed-b6e5d219dba3"> </a></p><div style="display: inline-block; background-color: #d9e0e7; padding: 6px; margin: 4px; border: 1px solid #8da1b4; border-radius: 5px; line-height: 60%"><p style="margin-bottom: 0px">Resource CarePlan &quot;9ace0320-a6bd-4d90-bfed-b6e5d219dba3&quot; </p><p style="margin-bottom: 0px">Profile: <a href="StructureDefinition-klgateway-care-planned-intervention.html">CarePlannedIntervention</a></p></div><p><b>status</b>: completed</p><p><b>intent</b>: plan</p><p><b>subject</b>: <a href="#Patient_eec9e8e9-221d-4eae-a54d-cdd403661def">See above (Patient/eec9e8e9-221d-4eae-a54d-cdd403661def)</a></p><p><b>period</b>: 2021-02-12 --&gt; 2021-02-24</p><blockquote><p><b>activity</b></p><h3>Details</h3><table class="grid"><tr><td>-</td><td><b>Code</b></td><td><b>ReasonReference</b></td><td><b>Status</b></td></tr><tr><td>*</td><td>Mobilitet <span style="background: LightGoldenRodYellow; margin: 4px; border: 1px solid khaki"> (<a href="https://build.fhir.org/ig/hl7dk/KL-dk//CodeSystem-FSIII.html">FSIII</a>#H1.4)</span></td><td><a href="#Condition_806d1cf8-5a4a-4c0d-a020-8a3bb3eacebd">See above (Condition/806d1cf8-5a4a-4c0d-a020-8a3bb3eacebd)</a>, <a href="#Condition_5ad5649a-6317-41de-8cc4-364b9bafd298">See above (Condition/5ad5649a-6317-41de-8cc4-364b9bafd298)</a>, <a href="#Condition_fcc4040a-1803-434f-b633-8b354c5fbfb4">See above (Condition/fcc4040a-1803-434f-b633-8b354c5fbfb4)</a></td><td>in-progress</td></tr></table></blockquote></div>
        </text>
        <status value="completed"/>
        <intent value="plan"/>
        <subject>
          <reference value="Patient/eec9e8e9-221d-4eae-a54d-cdd403661def"/>
        </subject>
        <period>
          <start value="2021-02-12"/>
          <end value="2021-02-24"/>
        </period>
        <activity>
          <detail>
            <code>
              <coding>
                <system value="http://kl.dk/fhir/common/caresocial/CodeSystem/FSIII"/>
                <code value="H1.4"/>
              </coding>
            </code>
            <reasonReference>
              <reference value="Condition/806d1cf8-5a4a-4c0d-a020-8a3bb3eacebd"/>
            </reasonReference>
            <reasonReference>
              <reference value="Condition/5ad5649a-6317-41de-8cc4-364b9bafd298"/>
            </reasonReference>
            <reasonReference>
              <reference value="Condition/fcc4040a-1803-434f-b633-8b354c5fbfb4"/>
            </reasonReference>
            <status value="in-progress"/>
          </detail>
        </activity>
      </CarePlan>
    </resource>
  </entry>
  <entry>
    <fullUrl value="CarePlan/7c22ac66-f42b-476e-8d54-0607ea06f9bf"/>
    <resource>
      <CarePlan>
        <id value="7c22ac66-f42b-476e-8d54-0607ea06f9bf"/>
        <meta>
          <profile value="http://gateway.kl.dk/1.0/StructureDefinition/klgateway-care-planned-intervention"/>
        </meta>
        <text>
          <status value="generated"/><div xmlns="http://www.w3.org/1999/xhtml"><p><b>Generated Narrative: CarePlan</b><a name="7c22ac66-f42b-476e-8d54-0607ea06f9bf"> </a></p><div style="display: inline-block; background-color: #d9e0e7; padding: 6px; margin: 4px; border: 1px solid #8da1b4; border-radius: 5px; line-height: 60%"><p style="margin-bottom: 0px">Resource CarePlan &quot;7c22ac66-f42b-476e-8d54-0607ea06f9bf&quot; </p><p style="margin-bottom: 0px">Profile: <a href="StructureDefinition-klgateway-care-planned-intervention.html">CarePlannedIntervention</a></p></div><p><b>status</b>: active</p><p><b>intent</b>: plan</p><p><b>subject</b>: <a href="#Patient_eec9e8e9-221d-4eae-a54d-cdd403661def">See above (Patient/eec9e8e9-221d-4eae-a54d-cdd403661def)</a></p><p><b>period</b>: 2021-02-25 --&gt; (ongoing)</p><blockquote><p><b>activity</b></p><h3>Details</h3><table class="grid"><tr><td>-</td><td><b>Code</b></td><td><b>ReasonReference</b></td><td><b>Status</b></td></tr><tr><td>*</td><td>RH Personlig hygiejne <span style="background: LightGoldenRodYellow; margin: 4px; border: 1px solid khaki"> (<a href="https://build.fhir.org/ig/hl7dk/KL-dk//CodeSystem-FSIII.html">FSIII</a>#H2.5)</span></td><td><a href="#Condition_d45b02d1-be76-4968-812b-6b32338ad8ad">See above (Condition/d45b02d1-be76-4968-812b-6b32338ad8ad)</a></td><td>in-progress</td></tr></table></blockquote></div>
        </text>
        <status value="active"/>
        <intent value="plan"/>
        <subject>
          <reference value="Patient/eec9e8e9-221d-4eae-a54d-cdd403661def"/>
        </subject>
        <period>
          <start value="2021-02-25"/>
        </period>
        <activity>
          <detail>
            <code>
              <coding>
                <system value="http://kl.dk/fhir/common/caresocial/CodeSystem/FSIII"/>
                <code value="H2.5"/>
              </coding>
            </code>
            <reasonReference>
              <reference value="Condition/d45b02d1-be76-4968-812b-6b32338ad8ad"/>
            </reasonReference>
            <status value="in-progress"/>
          </detail>
        </activity>
      </CarePlan>
    </resource>
  </entry>
  <entry>
    <fullUrl value="CarePlan/5eb9f137-bd44-481a-95b0-18dacdb4c757"/>
    <resource>
      <CarePlan>
        <id value="5eb9f137-bd44-481a-95b0-18dacdb4c757"/>
        <meta>
          <profile value="http://gateway.kl.dk/1.0/StructureDefinition/klgateway-care-planned-intervention"/>
        </meta>
        <text>
          <status value="generated"/><div xmlns="http://www.w3.org/1999/xhtml"><p><b>Generated Narrative: CarePlan</b><a name="5eb9f137-bd44-481a-95b0-18dacdb4c757"> </a></p><div style="display: inline-block; background-color: #d9e0e7; padding: 6px; margin: 4px; border: 1px solid #8da1b4; border-radius: 5px; line-height: 60%"><p style="margin-bottom: 0px">Resource CarePlan &quot;5eb9f137-bd44-481a-95b0-18dacdb4c757&quot; </p><p style="margin-bottom: 0px">Profile: <a href="StructureDefinition-klgateway-care-planned-intervention.html">CarePlannedIntervention</a></p></div><p><b>status</b>: active</p><p><b>intent</b>: plan</p><p><b>subject</b>: <a href="#Patient_eec9e8e9-221d-4eae-a54d-cdd403661def">See above (Patient/eec9e8e9-221d-4eae-a54d-cdd403661def)</a></p><p><b>period</b>: 2021-02-25 --&gt; (ongoing)</p><blockquote><p><b>activity</b></p><h3>Details</h3><table class="grid"><tr><td>-</td><td><b>Code</b></td><td><b>ReasonReference</b></td><td><b>Status</b></td></tr><tr><td>*</td><td>RH Hverdagens aktiviteter <span style="background: LightGoldenRodYellow; margin: 4px; border: 1px solid khaki"> (<a href="https://build.fhir.org/ig/hl7dk/KL-dk//CodeSystem-FSIII.html">FSIII</a>#H2.2)</span></td><td><a href="#Condition_34665f6d-7573-46fb-8b4d-72f30641284b">See above (Condition/34665f6d-7573-46fb-8b4d-72f30641284b)</a></td><td>in-progress</td></tr></table></blockquote></div>
        </text>
        <status value="active"/>
        <intent value="plan"/>
        <subject>
          <reference value="Patient/eec9e8e9-221d-4eae-a54d-cdd403661def"/>
        </subject>
        <period>
          <start value="2021-02-25"/>
        </period>
        <activity>
          <detail>
            <code>
              <coding>
                <system value="http://kl.dk/fhir/common/caresocial/CodeSystem/FSIII"/>
                <code value="H2.2"/>
              </coding>
            </code>
            <reasonReference>
              <reference value="Condition/34665f6d-7573-46fb-8b4d-72f30641284b"/>
            </reasonReference>
            <status value="in-progress"/>
          </detail>
        </activity>
      </CarePlan>
    </resource>
  </entry>
  <entry>
    <fullUrl value="CarePlan/e353b5b7-5e03-4142-bb74-e49015d95c50"/>
    <resource>
      <CarePlan>
        <id value="e353b5b7-5e03-4142-bb74-e49015d95c50"/>
        <meta>
          <profile value="http://gateway.kl.dk/1.0/StructureDefinition/klgateway-care-planned-intervention"/>
        </meta>
        <text>
          <status value="generated"/><div xmlns="http://www.w3.org/1999/xhtml"><p><b>Generated Narrative: CarePlan</b><a name="e353b5b7-5e03-4142-bb74-e49015d95c50"> </a></p><div style="display: inline-block; background-color: #d9e0e7; padding: 6px; margin: 4px; border: 1px solid #8da1b4; border-radius: 5px; line-height: 60%"><p style="margin-bottom: 0px">Resource CarePlan &quot;e353b5b7-5e03-4142-bb74-e49015d95c50&quot; </p><p style="margin-bottom: 0px">Profile: <a href="StructureDefinition-klgateway-care-planned-intervention.html">CarePlannedIntervention</a></p></div><p><b>status</b>: active</p><p><b>intent</b>: plan</p><p><b>subject</b>: <a href="#Patient_eec9e8e9-221d-4eae-a54d-cdd403661def">See above (Patient/eec9e8e9-221d-4eae-a54d-cdd403661def)</a></p><p><b>period</b>: 2021-02-25 --&gt; (ongoing)</p><blockquote><p><b>activity</b></p><h3>Details</h3><table class="grid"><tr><td>-</td><td><b>Code</b></td><td><b>ReasonReference</b></td><td><b>Status</b></td></tr><tr><td>*</td><td>RH Mobilitet <span style="background: LightGoldenRodYellow; margin: 4px; border: 1px solid khaki"> (<a href="https://build.fhir.org/ig/hl7dk/KL-dk//CodeSystem-FSIII.html">FSIII</a>#H2.4)</span></td><td><a href="#Condition_806d1cf8-5a4a-4c0d-a020-8a3bb3eacebd">See above (Condition/806d1cf8-5a4a-4c0d-a020-8a3bb3eacebd)</a>, <a href="#Condition_5ad5649a-6317-41de-8cc4-364b9bafd298">See above (Condition/5ad5649a-6317-41de-8cc4-364b9bafd298)</a>, <a href="#Condition_fcc4040a-1803-434f-b633-8b354c5fbfb4">See above (Condition/fcc4040a-1803-434f-b633-8b354c5fbfb4)</a></td><td>in-progress</td></tr></table></blockquote></div>
        </text>
        <status value="active"/>
        <intent value="plan"/>
        <subject>
          <reference value="Patient/eec9e8e9-221d-4eae-a54d-cdd403661def"/>
        </subject>
        <period>
          <start value="2021-02-25"/>
        </period>
        <activity>
          <detail>
            <code>
              <coding>
                <system value="http://kl.dk/fhir/common/caresocial/CodeSystem/FSIII"/>
                <code value="H2.4"/>
              </coding>
            </code>
            <reasonReference>
              <reference value="Condition/806d1cf8-5a4a-4c0d-a020-8a3bb3eacebd"/>
            </reasonReference>
            <reasonReference>
              <reference value="Condition/5ad5649a-6317-41de-8cc4-364b9bafd298"/>
            </reasonReference>
            <reasonReference>
              <reference value="Condition/fcc4040a-1803-434f-b633-8b354c5fbfb4"/>
            </reasonReference>
            <status value="in-progress"/>
          </detail>
        </activity>
      </CarePlan>
    </resource>
  </entry>
  <entry>
    <fullUrl value="Encounter/fbf243bb-9d70-489d-875d-87e14c980d7c"/>
    <resource>
      <Encounter>
        <id value="fbf243bb-9d70-489d-875d-87e14c980d7c"/>
        <meta>
          <profile value="http://gateway.kl.dk/1.0/StructureDefinition/klgateway-care-encounter"/>
        </meta>
        <text>
          <status value="generated"/><div xmlns="http://www.w3.org/1999/xhtml"><p><b>Generated Narrative: Encounter</b><a name="fbf243bb-9d70-489d-875d-87e14c980d7c"> </a></p><div style="display: inline-block; background-color: #d9e0e7; padding: 6px; margin: 4px; border: 1px solid #8da1b4; border-radius: 5px; line-height: 60%"><p style="margin-bottom: 0px">Resource Encounter &quot;fbf243bb-9d70-489d-875d-87e14c980d7c&quot; </p><p style="margin-bottom: 0px">Profile: <a href="StructureDefinition-klgateway-care-encounter.html">CareEncounter</a></p></div><p><b>status</b>: planned</p><p><b>class</b>: home health (Details: http://terminology.hl7.org/CodeSystem/v3-ActCode code HH = 'home health', stated as 'null')</p><p><b>type</b>: opfølgning <span style="background: LightGoldenRodYellow; margin: 4px; border: 1px solid khaki"> (<a href="https://build.fhir.org/ig/hl7dk/KL-dk//CodeSystem-KLCommonCareSocialCodes.html">KLCommonCareSocialCodes</a>#9f03dfbb-7a97-45a5-94db-d4c3501714a9)</span></p><p><b>subject</b>: <a href="#Patient_eec9e8e9-221d-4eae-a54d-cdd403661def">See above (Patient/eec9e8e9-221d-4eae-a54d-cdd403661def)</a></p><p><b>period</b>: 2021-03-10 --&gt; (ongoing)</p></div>
        </text>
        <status value="planned"/>
        <class>
          <system value="http://terminology.hl7.org/CodeSystem/v3-ActCode"/>
          <code value="HH"/>
        </class>
        <type>
          <coding>
            <system value="http://kl.dk/fhir/common/caresocial/CodeSystem/KLCommonCareSocialCodes"/>
            <code value="9f03dfbb-7a97-45a5-94db-d4c3501714a9"/>
          </coding>
        </type>
        <subject>
          <reference value="Patient/eec9e8e9-221d-4eae-a54d-cdd403661def"/>
        </subject>
        <period>
          <start value="2021-03-10"/>
        </period>
      </Encounter>
    </resource>
  </entry>
  <entry>
    <fullUrl value="Observation/e434699d-5f4e-491b-9f76-5c5dbd539edc"/>
    <resource>
      <Observation>
        <id value="e434699d-5f4e-491b-9f76-5c5dbd539edc"/>
        <meta>
          <profile value="http://gateway.kl.dk/1.0/StructureDefinition/klgateway-care-follow-up-observation"/>
        </meta>
        <text>
          <status value="generated"/><div xmlns="http://www.w3.org/1999/xhtml"><p><b>Generated Narrative: Observation</b><a name="e434699d-5f4e-491b-9f76-5c5dbd539edc"> </a></p><div style="display: inline-block; background-color: #d9e0e7; padding: 6px; margin: 4px; border: 1px solid #8da1b4; border-radius: 5px; line-height: 60%"><p style="margin-bottom: 0px">Resource Observation &quot;e434699d-5f4e-491b-9f76-5c5dbd539edc&quot; </p><p style="margin-bottom: 0px">Profile: <a href="StructureDefinition-klgateway-care-follow-up-observation.html">CareFollowUpObservation</a></p></div><p><b>status</b>: final</p><p><b>code</b>: Evaluation of care plan (procedure) <span style="background: LightGoldenRodYellow; margin: 4px; border: 1px solid khaki"> (<a href="https://browser.ihtsdotools.org/">SNOMED CT</a>#712744002)</span></p><p><b>subject</b>: <a href="#Patient_eec9e8e9-221d-4eae-a54d-cdd403661def">See above (Patient/eec9e8e9-221d-4eae-a54d-cdd403661def)</a></p><p><b>focus</b>: </p><ul><li><a href="#Condition_d45b02d1-be76-4968-812b-6b32338ad8ad">See above (Condition/d45b02d1-be76-4968-812b-6b32338ad8ad)</a></li><li><a href="#Condition_34665f6d-7573-46fb-8b4d-72f30641284b">See above (Condition/34665f6d-7573-46fb-8b4d-72f30641284b)</a></li><li><a href="#Condition_067e0542-1d8a-404d-b6db-f2bfa6a03c2e">See above (Condition/067e0542-1d8a-404d-b6db-f2bfa6a03c2e)</a></li><li><a href="#Condition_cd8643fd-8a42-4ef8-81b4-bf5ec2253f14">See above (Condition/cd8643fd-8a42-4ef8-81b4-bf5ec2253f14)</a></li><li><a href="#Condition_806d1cf8-5a4a-4c0d-a020-8a3bb3eacebd">See above (Condition/806d1cf8-5a4a-4c0d-a020-8a3bb3eacebd)</a></li><li><a href="#Condition_5ad5649a-6317-41de-8cc4-364b9bafd298">See above (Condition/5ad5649a-6317-41de-8cc4-364b9bafd298)</a></li><li><a href="#Condition_fcc4040a-1803-434f-b633-8b354c5fbfb4">See above (Condition/fcc4040a-1803-434f-b633-8b354c5fbfb4)</a></li></ul><p><b>effective</b>: 2021-02-24</p><p><b>value</b>: Revisitation <span style="background: LightGoldenRodYellow; margin: 4px; border: 1px solid khaki"> (<a href="https://build.fhir.org/ig/hl7dk/KL-dk//CodeSystem-FSIII.html">FSIII</a>#E4)</span></p></div>
        </text>
        <status value="final"/>
        <code>
          <coding>
            <system value="http://snomed.info/sct"/>
            <code value="712744002"/>
          </coding>
        </code>
        <subject>
          <reference value="Patient/eec9e8e9-221d-4eae-a54d-cdd403661def"/>
        </subject>
        <focus>
          <reference value="Condition/d45b02d1-be76-4968-812b-6b32338ad8ad"/>
        </focus>
        <focus>
          <reference value="Condition/34665f6d-7573-46fb-8b4d-72f30641284b"/>
        </focus>
        <focus>
          <reference value="Condition/067e0542-1d8a-404d-b6db-f2bfa6a03c2e"/>
        </focus>
        <focus>
          <reference value="Condition/cd8643fd-8a42-4ef8-81b4-bf5ec2253f14"/>
        </focus>
        <focus>
          <reference value="Condition/806d1cf8-5a4a-4c0d-a020-8a3bb3eacebd"/>
        </focus>
        <focus>
          <reference value="Condition/5ad5649a-6317-41de-8cc4-364b9bafd298"/>
        </focus>
        <focus>
          <reference value="Condition/fcc4040a-1803-434f-b633-8b354c5fbfb4"/>
        </focus>
        <effectiveDateTime value="2021-02-24"/>
        <valueCodeableConcept>
          <coding>
            <system value="http://kl.dk/fhir/common/caresocial/CodeSystem/FSIII"/>
            <code value="E4"/>
          </coding>
        </valueCodeableConcept>
      </Observation>
    </resource>
  </entry>
</Bundle>