<?xml version="1.0" encoding="UTF-8"?>

<Goal xmlns="http://hl7.org/fhir">
  <id value="ForventetIngenBegraensninger"/>
  <meta>
    <profile value="http://gateway.kl.dk/1.0/StructureDefinition/klgateway-care-goal"/>
  </meta>
  <text>
    <status value="generated"/><div xmlns="http://www.w3.org/1999/xhtml"><p><b>Generated Narrative: Goal</b><a name="ForventetIngenBegraensninger"> </a></p><div style="display: inline-block; background-color: #d9e0e7; padding: 6px; margin: 4px; border: 1px solid #8da1b4; border-radius: 5px; line-height: 60%"><p style="margin-bottom: 0px">Resource Goal &quot;ForventetIngenBegraensninger&quot; </p><p style="margin-bottom: 0px">Profile: <a href="StructureDefinition-klgateway-care-goal.html">CareGoal</a></p></div><p><b>lifecycleStatus</b>: planned</p><p><b>category</b>: FSIII tilstandsmål <span style="background: LightGoldenRodYellow; margin: 4px; border: 1px solid khaki"> (<a href="https://build.fhir.org/ig/hl7dk/KL-dk//CodeSystem-KLCommonCareSocialCodes.html">KLCommonCareSocialCodes</a>#ca552020-6ed1-4cdc-b0d4-32697f1f27ad)</span></p><p><b>description</b>: Tilstand forsvinder, mindskes eller forbliver uændret <span style="background: LightGoldenRodYellow; margin: 4px; border: 1px solid khaki"> (<a href="https://build.fhir.org/ig/hl7dk/KL-dk//CodeSystem-FSIII.html">FSIII</a>#e182c5dc-9f91-474a-92e8-f62be3d498f4)</span></p><p><b>subject</b>: <a href="Patient-TestPerson.html">Patient/TestPerson</a></p><p><b>start</b>: 2020-08-14</p><h3>Targets</h3><table class="grid"><tr><td>-</td><td><b>Measure</b></td><td><b>Detail[x]</b></td></tr><tr><td>*</td><td>funktionsevneniveau <span style="background: LightGoldenRodYellow; margin: 4px; border: 1px solid khaki"> (<a href="https://build.fhir.org/ig/hl7dk/KL-dk//CodeSystem-KLCommonCareSocialCodes.html">KLCommonCareSocialCodes</a>#66959f77-6e2a-4574-8423-3ff097f8b9fa)</span></td><td>Lette begrænsninger <span style="background: LightGoldenRodYellow; margin: 4px; border: 1px solid khaki"> (<a href="https://build.fhir.org/ig/hl7dk/KL-dk//CodeSystem-FSIII.html">FSIII</a>#B2)</span></td></tr></table><p><b>addresses</b>: <a href="Condition-VaskeSigLetteBegraensninger.html">Condition/VaskeSigLetteBegraensninger</a></p></div>
  </text>
  <lifecycleStatus value="planned"/>
  <category>
    <coding>
      <system value="http://kl.dk/fhir/common/caresocial/CodeSystem/KLCommonCareSocialCodes"/>
      <code value="ca552020-6ed1-4cdc-b0d4-32697f1f27ad"/>
    </coding>
  </category>
  <description>
    <coding>
      <system value="http://kl.dk/fhir/common/caresocial/CodeSystem/FSIII"/>
      <code value="e182c5dc-9f91-474a-92e8-f62be3d498f4"/>
    </coding>
  </description>
  <subject>
    <reference value="Patient/TestPerson"/>
  </subject>
  <startDate value="2020-08-14"/>
  <target>
    <measure>
      <coding>
        <system value="http://kl.dk/fhir/common/caresocial/CodeSystem/KLCommonCareSocialCodes"/>
        <code value="66959f77-6e2a-4574-8423-3ff097f8b9fa"/>
      </coding>
    </measure>
    <detailCodeableConcept>
      <coding>
        <system value="http://kl.dk/fhir/common/caresocial/CodeSystem/FSIII"/>
        <code value="B2"/>
      </coding>
    </detailCodeableConcept>
  </target>
  <addresses>
    <reference value="Condition/VaskeSigLetteBegraensninger"/>
  </addresses>
</Goal>