{
  "resourceType" : "CarePlan",
  "id" : "Dialyse",
  "meta" : {
    "profile" : ["http://fhir.kl.dk/gateway/StructureDefinition/klgateway-care-planned-intervention"]
  },
  "text" : {
    "status" : "generated",
    "div" : "<div xmlns=\"http://www.w3.org/1999/xhtml\"><p><b>Generated Narrative: CarePlan</b><a name=\"Dialyse\"> </a></p><div style=\"display: inline-block; background-color: #d9e0e7; padding: 6px; margin: 4px; border: 1px solid #8da1b4; border-radius: 5px; line-height: 60%\"><p style=\"margin-bottom: 0px\">Resource CarePlan &quot;Dialyse&quot; </p><p style=\"margin-bottom: 0px\">Profile: <a href=\"StructureDefinition-klgateway-care-planned-intervention.html\">CarePlannedIntervention</a></p></div><p><b>status</b>: active</p><p><b>intent</b>: plan</p><p><b>subject</b>: <a href=\"Patient-TestPerson.html\">Patient/TestPerson</a></p><p><b>period</b>: 2020-08-14 --&gt; (ongoing)</p><blockquote><p><b>activity</b></p><h3>Details</h3><table class=\"grid\"><tr><td>-</td><td><b>Code</b></td><td><b>Status</b></td></tr><tr><td>*</td><td>Dialyse <span style=\"background: LightGoldenRodYellow; margin: 4px; border: 1px solid khaki\"> (<a href=\"http://fhir.kl.dk/term/1.0.0/CodeSystem-FSIII.html\">FSIII</a>#G1.10)</span></td><td>in-progress</td></tr></table></blockquote></div>"
  },
  "status" : "active",
  "intent" : "plan",
  "subject" : {
    "reference" : "Patient/TestPerson"
  },
  "period" : {
    "start" : "2020-08-14"
  },
  "activity" : [{
    "detail" : {
      "code" : {
        "coding" : [{
          "system" : "urn:oid:1.2.208.176.2.21",
          "code" : "G1.10"
        }]
      },
      "status" : "in-progress"
    }
  }]
}