{
  "resourceType" : "Goal",
  "id" : "ForventetIngenBegraensninger",
  "meta" : {
    "profile" : ["http://fhir.kl.dk/gateway/StructureDefinition/klgateway-care-goal"]
  },
  "text" : {
    "status" : "generated",
    "div" : "<div xmlns=\"http://www.w3.org/1999/xhtml\"><p><b>Generated Narrative: Goal</b><a name=\"ForventetIngenBegraensninger\"> </a></p><div style=\"display: inline-block; background-color: #d9e0e7; padding: 6px; margin: 4px; border: 1px solid #8da1b4; border-radius: 5px; line-height: 60%\"><p style=\"margin-bottom: 0px\">Resource Goal &quot;ForventetIngenBegraensninger&quot; </p><p style=\"margin-bottom: 0px\">Profile: <a href=\"StructureDefinition-klgateway-care-goal.html\">CareGoal</a></p></div><p><b>lifecycleStatus</b>: planned</p><p><b>category</b>: FSIII tilstandsmål <span style=\"background: LightGoldenRodYellow; margin: 4px; border: 1px solid khaki\"> (<a href=\"http://fhir.kl.dk/term/1.0.0/CodeSystem-CareSocialCodes.html\">CareSocialCodes</a>#ca552020-6ed1-4cdc-b0d4-32697f1f27ad)</span></p><p><b>description</b>: Tilstand forsvinder, mindskes eller forbliver uændret <span style=\"background: LightGoldenRodYellow; margin: 4px; border: 1px solid khaki\"> (<a href=\"http://fhir.kl.dk/term/1.0.0/CodeSystem-FSIII.html\">FSIII</a>#e182c5dc-9f91-474a-92e8-f62be3d498f4)</span></p><p><b>subject</b>: <a href=\"Patient-TestPerson.html\">Patient/TestPerson</a></p><p><b>start</b>: 2020-08-14</p><h3>Targets</h3><table class=\"grid\"><tr><td>-</td><td><b>Measure</b></td><td><b>Detail[x]</b></td></tr><tr><td>*</td><td>funktionsevneniveau <span style=\"background: LightGoldenRodYellow; margin: 4px; border: 1px solid khaki\"> (<a href=\"http://fhir.kl.dk/term/1.0.0/CodeSystem-CareSocialCodes.html\">CareSocialCodes</a>#66959f77-6e2a-4574-8423-3ff097f8b9fa)</span></td><td>Lette begrænsninger <span style=\"background: LightGoldenRodYellow; margin: 4px; border: 1px solid khaki\"> (<a href=\"http://fhir.kl.dk/term/1.0.0/CodeSystem-FSIII.html\">FSIII</a>#B2)</span></td></tr></table><p><b>addresses</b>: <a href=\"Condition-VaskeSigLetteBegraensninger.html\">Condition/VaskeSigLetteBegraensninger</a></p></div>"
  },
  "lifecycleStatus" : "planned",
  "category" : [{
    "coding" : [{
      "system" : "http://fhir.kl.dk/term/CodeSystem/CareSocialCodes",
      "code" : "ca552020-6ed1-4cdc-b0d4-32697f1f27ad"
    }]
  }],
  "description" : {
    "coding" : [{
      "system" : "urn:oid:1.2.208.176.2.21",
      "code" : "e182c5dc-9f91-474a-92e8-f62be3d498f4"
    }]
  },
  "subject" : {
    "reference" : "Patient/TestPerson"
  },
  "startDate" : "2020-08-14",
  "target" : [{
    "measure" : {
      "coding" : [{
        "system" : "http://fhir.kl.dk/term/CodeSystem/CareSocialCodes",
        "code" : "66959f77-6e2a-4574-8423-3ff097f8b9fa"
      }]
    },
    "detailCodeableConcept" : {
      "coding" : [{
        "system" : "urn:oid:1.2.208.176.2.21",
        "code" : "B2"
      }]
    }
  }],
  "addresses" : [{
    "reference" : "Condition/VaskeSigLetteBegraensninger"
  }]
}