<?xml version="1.0" encoding="UTF-8"?>

<Observation xmlns="http://hl7.org/fhir">
  <id value="EgensomsorgBegraensninger"/>
  <meta>
    <profile value="http://fhir.kl.dk/gateway/StructureDefinition/klgateway-care-matter-of-interest-observation"/>
  </meta>
  <text>
    <status value="generated"/><div xmlns="http://www.w3.org/1999/xhtml"><p><b>Generated Narrative: Observation</b><a name="EgensomsorgBegraensninger"> </a></p><div style="display: inline-block; background-color: #d9e0e7; padding: 6px; margin: 4px; border: 1px solid #8da1b4; border-radius: 5px; line-height: 60%"><p style="margin-bottom: 0px">Resource Observation &quot;EgensomsorgBegraensninger&quot; </p><p style="margin-bottom: 0px">Profile: <a href="StructureDefinition-klgateway-care-matter-of-interest-observation.html">CareMatterOfInterestObservation</a></p></div><p><b>status</b>: final</p><p><b>code</b>: Egenomsorg <span style="background: LightGoldenRodYellow; margin: 4px; border: 1px solid khaki"> (<a href="http://fhir.kl.dk/term/1.0.0/CodeSystem-FSIII.html">FSIII</a>#J1)</span></p><p><b>subject</b>: <a href="Patient-TestPerson.html">Patient/TestPerson</a></p><p><b>effective</b>: 2020-08-14</p></div>
  </text>
  <status value="final"/>
  <code>
    <coding>
      <system value="urn:oid:1.2.208.176.2.21"/>
      <code value="J1"/>
    </coding>
  </code>
  <subject>
    <reference value="Patient/TestPerson"/>
  </subject>
  <effectiveDateTime value="2020-08-14"/>
</Observation>