{
  "resourceType" : "Patient",
  "id" : "TestPerson",
  "meta" : {
    "profile" : ["http://fhir.kl.dk/gateway/StructureDefinition/klgateway-care-citizen"]
  },
  "text" : {
    "status" : "generated",
    "div" : "<div xmlns=\"http://www.w3.org/1999/xhtml\"><p style=\"border: 1px #661aff solid; background-color: #e6e6ff; padding: 10px;\"><b>Anonymous Patient</b> (no stated gender), DoB Unknown ( id:\u00a00101010101\u00a0(use:\u00a0OFFICIAL))</p><hr/><table class=\"grid\"><tr><td style=\"background-color: #f3f5da\" title=\"Patient Links\">Links:</td><td colspan=\"3\"><ul><li>Managing Organization: <span/></li></ul></td></tr></table></div>"
  },
  "identifier" : [{
    "use" : "official",
    "system" : "urn:oid:1.2.208.176.1.2",
    "value" : "0101010101"
  }],
  "managingOrganization" : {
    "identifier" : {
      "use" : "official",
      "system" : "urn:oid:1.2.208.176.1.1",
      "value" : "123456789012345"
    }
  }
}