<?xml version="1.0" encoding="UTF-8"?><CodeSystem xmlns="http://hl7.org/fhir"><id value="kl-messaging-ffb-participantRoleCodes"/><text><status value="generated"/><div xmlns="http://www.w3.org/1999/xhtml"><p>This  code system <code>http://fhir.kl.dk/ffbmessaging/CodeSystem/kl-messaging-ffb-participantRoleCodes</code> defines the following codes:</p><table class="codes"><tr><td style="white-space:nowrap"><b>Code</b></td><td><b>Display</b></td></tr><tr><td style="white-space:nowrap">koordinerende-myndighed<a name="kl-messaging-ffb-participantRoleCodes-koordinerende-myndighed"> </a></td><td>Ansvarlig for koordinering af myndighedssamarbejde</td></tr><tr><td style="white-space:nowrap">samarbejdende-myndighed<a name="kl-messaging-ffb-participantRoleCodes-samarbejdende-myndighed"> </a></td><td>Samarbejdende myndighed</td></tr><tr><td style="white-space:nowrap">koordinerende-udfører<a name="kl-messaging-ffb-participantRoleCodes-koordinerende-udf.248rer"> </a></td><td>Ansvarlig for koordinering af udførersamarbejde</td></tr></table></div></text><url value="http://fhir.kl.dk/ffbmessaging/CodeSystem/kl-messaging-ffb-participantRoleCodes"/><version value="1.0.0"/><name value="KLMessagingFFBParticipantRoleCodes"/><title value="ParticipantRoleSystem"/><status value="active"/><date value="2023-08-27T08:19:39+02:00"/><publisher value="KL"/><contact><name value="KL"/><telecom><system value="url"/><value value="http://www.kl.dk"/></telecom></contact><description value="Participant role code system for FFB messaging"/><jurisdiction><coding><system value="urn:iso:std:iso:3166"/><code value="DK"/><display value="Denmark"/></coding></jurisdiction><content value="complete"/><count value="3"/><concept><code value="koordinerende-myndighed"/><display value="Ansvarlig for koordinering af myndighedssamarbejde"/></concept><concept><code value="samarbejdende-myndighed"/><display value="Samarbejdende myndighed"/></concept><concept><code value="koordinerende-udfører"/><display value="Ansvarlig for koordinering af udførersamarbejde"/></concept></CodeSystem>