<?xml version="1.0" encoding="UTF-8"?><ValueSet xmlns="http://hl7.org/fhir"><id value="kl-messaging-ffb-relationshipTypeValues"/><text><status value="extensions"/><div xmlns="http://www.w3.org/1999/xhtml"><p>This value set includes codes based on the following rules:</p><ul><li>Include these codes as defined in <a href="http://terminology.hl7.org/5.0.0/CodeSystem-v3-RoleCode.html"><code>http://terminology.hl7.org/CodeSystem/v3-RoleCode</code></a><table class="none"><tr><td style="white-space:nowrap"><b>Code</b></td><td><b>Display</b></td><td><b>Definition</b></td></tr><tr><td><a href="http://terminology.hl7.org/5.0.0/CodeSystem-v3-RoleCode.html#v3-RoleCode-GUARD">GUARD</a></td><td style="color: #cccccc">guardian</td><td>The role played by a person or institution legally empowered with responsibility for the care of a ward.</td></tr><tr><td><a href="http://terminology.hl7.org/5.0.0/CodeSystem-v3-RoleCode.html#v3-RoleCode-POWATT">POWATT</a></td><td style="color: #cccccc">power of attorney</td><td>A relationship between two people in which one person authorizes another to act for him in a manner which is a legally binding upon the person giving such authority as if he or she personally were to do the acts.</td></tr></table></li><li>Include all codes defined in <a href="CodeSystem-kl-messaging-ffb-relationshipTypeCodes.html"><code>http://fhir.kl.dk/ffbmessaging/CodeSystem/kl-messaging-ffb-relationshipTypeCodes</code></a></li><li>Include all codes defined in <a href="http://terminology.hl7.org/5.0.0/CodeSystem-v2-0131.html"><code>http://terminology.hl7.org/CodeSystem/v2-0131</code></a></li></ul></div></text><url value="http://fhir.kl.dk/ffbmessaging/ValueSet/kl-messaging-ffb-relationshipTypeValues"/><version value="1.0.0"/><name value="KLMessagingFFBRelationshipTypeValues"/><title value="RelationshipTypes"/><status value="active"/><date value="2023-08-27T08:19:39+02:00"/><publisher value="KL"/><contact><name value="KL"/><telecom><system value="url"/><value value="http://www.kl.dk"/></telecom></contact><description value="Relationship type roles to use in FFB messaging"/><jurisdiction><coding><system value="urn:iso:std:iso:3166"/><code value="DK"/><display value="Denmark"/></coding></jurisdiction><compose><include><system value="http://terminology.hl7.org/CodeSystem/v3-RoleCode"/><concept><code value="GUARD"/></concept><concept><code value="POWATT"/></concept></include><include><system value="http://fhir.kl.dk/ffbmessaging/CodeSystem/kl-messaging-ffb-relationshipTypeCodes"/></include><include><system value="http://terminology.hl7.org/CodeSystem/v2-0131"/></include></compose></ValueSet>