{"resourceType":"ValueSet","id":"KLCarePlanCategoryCodes","text":{"status":"generated","div":"<div xmlns=\"http://www.w3.org/1999/xhtml\"><ul><li>Import all the codes that are contained in <a href=\"http://fhir.kl.dk/term/1.0.0/ValueSet-KLCarePlanCategoryCodes.html\">KLIndsatsforløbTypekoder</a></li></ul></div>"},"url":"http://fhir.kl.dk/core/ValueSet/KLCarePlanCategoryCodes","version":"1.2.0","name":"KLCarePlanCategoryCodes","title":"KLIndsatsforløbTypekoder","status":"draft","date":"2023-06-07T16:33:10+02:00","publisher":"Kommunernes landsforening","contact":[{"name":"Kommunernes landsforening","telecom":[{"system":"url","value":"http://kl.dk"}]}],"description":"Codes for constraining the CarePlan category","compose":{"include":[{"valueSet":["http://fhir.kl.dk/term/ValueSet/KLCarePlanCategoryCodes"]}]}}