{"resourceType":"ValueSet","id":"KLComplicationCodesSCT","text":{"status":"generated","div":"<div xmlns=\"http://www.w3.org/1999/xhtml\"><ul><li>Import all the codes that are contained in <a href=\"http://fhir.kl.dk/term/1.0.0/ValueSet-KLComplicationCodesSCT.html\">KLKomplikationskoderSCT</a></li></ul></div>"},"url":"http://fhir.kl.dk/core/ValueSet/KLComplicationCodesSCT","version":"1.2.0","name":"KLComplicationCodesSCT","title":"KLKomplikationskoderSCT","status":"draft","date":"2023-06-07T16:33:10+02:00","publisher":"Kommunernes landsforening","contact":[{"name":"Kommunernes landsforening","telecom":[{"system":"url","value":"http://kl.dk"}]}],"description":"Codes that indicate whether an intervention had complications or not","compose":{"include":[{"valueSet":["http://fhir.kl.dk/term/ValueSet/KLComplicationCodesSCT"]}]}}