{"resourceType":"ValueSet","id":"KLInterventionsFSIII","text":{"status":"generated","div":"<div xmlns=\"http://www.w3.org/1999/xhtml\"><ul><li>Import all the codes that are contained in <a href=\"http://fhir.kl.dk/term/1.0.0/ValueSet-KLInterventionsFSIII.html\">KLIndsatserFSIII</a></li></ul></div>"},"url":"http://fhir.kl.dk/core/ValueSet/KLInterventionsFSIII","version":"1.2.0","name":"KLInterventionsFSIII","title":"KLIndsatserFSIII","status":"draft","date":"2023-06-07T16:33:10+02:00","publisher":"Kommunernes landsforening","contact":[{"name":"Kommunernes landsforening","telecom":[{"system":"url","value":"http://kl.dk"}]}],"description":"Interventions as described by FSIII","compose":{"include":[{"valueSet":["http://fhir.kl.dk/term/ValueSet/KLInterventionsFSIII"]}]}}