{"resourceType":"ValueSet","id":"KLObservationCodes","text":{"status":"generated","div":"<div xmlns=\"http://www.w3.org/1999/xhtml\"><ul><li>Import all the codes that are contained in <a href=\"http://fhir.kl.dk/term/1.0.0/ValueSet-KLObservationCodes.html\">KLObservationskoder</a></li></ul></div>"},"url":"http://fhir.kl.dk/core/ValueSet/KLObservationCodes","version":"1.2.0","name":"KLObservationCodes","title":"KLObservationskoder","status":"active","date":"2023-06-07T17:51:55+02:00","publisher":"Kommunernes landsforening","contact":[{"name":"Kommunernes landsforening","telecom":[{"system":"url","value":"http://kl.dk"}]}],"description":"SNOMED CT and NPU codes used in Danish municipalities","compose":{"include":[{"valueSet":["http://fhir.kl.dk/term/ValueSet/KLObservationCodes"]}]}}