{"resourceType":"ValueSet","id":"KLTargetMeasureCodes","text":{"status":"generated","div":"<div xmlns=\"http://www.w3.org/1999/xhtml\"><ul><li>Import all the codes that are contained in <a href=\"http://fhir.kl.dk/term/1.0.0/ValueSet-KLTargetMeasureCodes.html\">KLTypeAfObservationPåMål</a></li></ul></div>"},"url":"http://fhir.kl.dk/core/ValueSet/KLTargetMeasureCodes","version":"1.2.0","name":"KLTargetMeasureCodes","title":"KLTypeAfObservationPåMål","status":"active","date":"2023-06-07T17:51:55+02:00","publisher":"Kommunernes landsforening","contact":[{"name":"Kommunernes landsforening","telecom":[{"system":"url","value":"http://kl.dk"}]}],"description":"Target measure code, that determines whether the target is expressed as a severity, change value or using another observation","compose":{"include":[{"valueSet":["http://fhir.kl.dk/term/ValueSet/KLTargetMeasureCodes"]}]}}