{"resourceType":"ValueSet","id":"KLGoalTypeCodes","text":{"status":"generated","div":"<div xmlns=\"http://www.w3.org/1999/xhtml\"><ul><li>Import all the codes that are contained in <a href=\"http://fhir.kl.dk/term/1.0.0/ValueSet-KLGoalTypeCodes.html\">KLMålKategoriKoder</a></li></ul></div>"},"url":"http://fhir.kl.dk/core/ValueSet/KLGoalTypeCodes","version":"1.2.0","name":"KLGoalTypeCodes","title":"KLMålKategoriKoder","status":"draft","date":"2023-06-07T16:33:10+02:00","publisher":"Kommunernes landsforening","contact":[{"name":"Kommunernes landsforening","telecom":[{"system":"url","value":"http://kl.dk"}]}],"description":"Codes used to distinguish different kinds of goals","compose":{"include":[{"valueSet":["http://fhir.kl.dk/term/ValueSet/KLGoalTypeCodes"]}]}}