{"resourceType":"ValueSet","id":"KLConditionFFCodesFFB","text":{"status":"generated","div":"<div xmlns=\"http://www.w3.org/1999/xhtml\"><ul><li>Import all the codes that are contained in <a href=\"http://fhir.kl.dk/term/1.0.0/ValueSet-KLConditionFFCodesFFB.html\">KLTilstandFFKoderFFB</a></li></ul></div>"},"url":"http://fhir.kl.dk/core/ValueSet/KLConditionFFCodesFFB","version":"1.2.0","name":"KLConditionFFCodesFFB","title":"KLTilstandFFKoderFFB","status":"active","date":"2023-06-07T17:51:55+02:00","publisher":"Kommunernes landsforening","contact":[{"name":"Kommunernes landsforening","telecom":[{"system":"url","value":"http://kl.dk"}]}],"description":"Danish municipality FFB condition codes for body functions and structures","compose":{"include":[{"valueSet":["http://fhir.kl.dk/term/ValueSet/KLConditionFFCodesFFB"]}]}}