{"resourceType":"ValueSet","id":"KLHomeCareAreasFSIII","text":{"status":"generated","div":"<div xmlns=\"http://www.w3.org/1999/xhtml\"><ul><li>Import all the codes that are contained in <a href=\"http://fhir.kl.dk/term/1.0.0/ValueSet-KLHomeCareAreasFSIII.html\">KLHjemmeplejeOmråderFSIII</a></li></ul></div>"},"url":"http://fhir.kl.dk/core/ValueSet/KLHomeCareAreasFSIII","version":"1.2.0","name":"KLHomeCareAreasFSIII","title":"KLHjemmeplejeOmråderFSIII","status":"active","date":"2023-06-07T17:51:55+02:00","publisher":"Kommunernes landsforening","contact":[{"name":"Kommunernes landsforening","telecom":[{"system":"url","value":"http://kl.dk"}]}],"description":"Observation codes for the five home care areas as defined by FSIII","compose":{"include":[{"valueSet":["http://fhir.kl.dk/term/ValueSet/KLHomeCareAreasFSIII"]}]}}