{"resourceType":"ValueSet","id":"KLMatterOfInterestInformerFFB","text":{"status":"generated","div":"<div xmlns=\"http://www.w3.org/1999/xhtml\"><ul><li>Import all the codes that are contained in <a href=\"http://fhir.kl.dk/term/1.0.0/ValueSet-KLMatterOfInterestInformerFFB.html\">KLKildeTilOplysningFFB</a></li></ul></div>"},"url":"http://fhir.kl.dk/core/ValueSet/KLMatterOfInterestInformerFFB","version":"1.2.0","name":"KLMatterOfInterestInformerFFB","title":"KLKildeTilOplysningFFB","status":"active","date":"2023-06-07T17:51:55+02:00","publisher":"Kommunernes landsforening","contact":[{"name":"Kommunernes landsforening","telecom":[{"system":"url","value":"http://kl.dk"}]}],"description":"Codes that identify who's perspective the matter-of-interest is comming from","compose":{"include":[{"valueSet":["http://fhir.kl.dk/term/ValueSet/KLMatterOfInterestInformerFFB"]}]}}