{"resourceType":"ValueSet","id":"KLTrainingInterventionsFSIII","text":{"status":"generated","div":"<div xmlns=\"http://www.w3.org/1999/xhtml\"><ul><li>Import all the codes that are contained in <a href=\"http://fhir.kl.dk/term/1.0.0/ValueSet-KLTrainingInterventionsFSIII.html\">KLTræningIndsatserFSIII</a></li></ul></div>"},"url":"http://fhir.kl.dk/core/ValueSet/KLTrainingInterventionsFSIII","version":"1.2.0","name":"KLTrainingInterventionsFSIII","title":"KLTræningIndsatserFSIII","status":"draft","date":"2023-06-07T16:33:10+02:00","publisher":"Kommunernes landsforening","contact":[{"name":"Kommunernes landsforening","telecom":[{"system":"url","value":"http://kl.dk"}]}],"description":"Training interventions as defined by FSIII","compose":{"include":[{"valueSet":["http://fhir.kl.dk/term/ValueSet/KLTrainingInterventionsFSIII"]}]}}