{"resourceType":"ValueSet","id":"KLCitizenObservationCodesFSIII","text":{"status":"generated","div":"<div xmlns=\"http://www.w3.org/1999/xhtml\"><ul><li>Import all the codes that are contained in <a href=\"http://fhir.kl.dk/term/1.0.0/ValueSet-KLCitizenObservationCodesFSIII.html\">KLBorgervurderingsObservationskoderFSIII</a></li></ul></div>"},"url":"http://fhir.kl.dk/core/ValueSet/KLCitizenObservationCodesFSIII","version":"1.2.0","name":"KLCitizenObservationCodesFSIII","title":"KLBorgervurderingsObservationskoderFSIII","status":"active","date":"2023-06-07T17:51:55+02:00","publisher":"Kommunernes landsforening","contact":[{"name":"Kommunernes landsforening","telecom":[{"system":"url","value":"http://kl.dk"}]}],"description":"Observation codes for citizens own observations as defined by FSIII","compose":{"include":[{"valueSet":["http://fhir.kl.dk/term/ValueSet/KLCitizenObservationCodesFSIII"]}]}}