{"resourceType":"CodeSystem","id":"kl-messaging-ffb-messageEventSystem","text":{"status":"generated","div":"<div xmlns=\"http://www.w3.org/1999/xhtml\"><p>This  code system <code>http://fhir.kl.dk/ffbmessaging/CodeSystem/kl-messaging-ffb-messageEventSystem</code> defines the following code:</p><table class=\"codes\"><tr><td style=\"white-space:nowrap\"><b>Code</b></td><td><b>Display</b></td></tr><tr><td style=\"white-space:nowrap\">ffb-order<a name=\"kl-messaging-ffb-messageEventSystem-ffb-order\"> </a></td><td>order</td></tr></table></div>"},"url":"http://fhir.kl.dk/ffbmessaging/CodeSystem/kl-messaging-ffb-messageEventSystem","version":"1.0.0","name":"KLMessagingMessageEventSystem","title":"MessageEventSystem","status":"active","date":"2023-08-27T07:54:57+02:00","publisher":"KL","contact":[{"name":"KL","telecom":[{"system":"url","value":"http://www.kl.dk"}]}],"description":"Event codes for FFB messages","jurisdiction":[{"coding":[{"system":"urn:iso:std:iso:3166","code":"DK","display":"Denmark"}]}],"content":"complete","count":1,"concept":[{"code":"ffb-order","display":"order"}]}