{"resourceType":"CodeSystem","id":"kl-messaging-ffb-guardianshipFormCodes","text":{"status":"generated","div":"<div xmlns=\"http://www.w3.org/1999/xhtml\"><p>This  code system <code>http://fhir.kl.dk/ffbmessaging/CodeSystem/kl-messaging-ffb-guardianshipFormCodes</code> defines the following codes:</p><table class=\"codes\"><tr><td style=\"white-space:nowrap\"><b>Code</b></td><td><b>Display</b></td></tr><tr><td style=\"white-space:nowrap\">5<a name=\"kl-messaging-ffb-guardianshipFormCodes-5\"> </a></td><td>Personlige og/eller økonomiske forhold, værgemålslovens § 5</td></tr><tr><td style=\"white-space:nowrap\">6<a name=\"kl-messaging-ffb-guardianshipFormCodes-6\"> </a></td><td>Fratagelse af retlig handleevne, værgemålslovens § 6</td></tr><tr><td style=\"white-space:nowrap\">7<a name=\"kl-messaging-ffb-guardianshipFormCodes-7\"> </a></td><td>Samværgemål, værgemålslovens § 7</td></tr></table></div>"},"url":"http://fhir.kl.dk/ffbmessaging/CodeSystem/kl-messaging-ffb-guardianshipFormCodes","version":"1.0.0","name":"KLMessagingFFBGuardianshipFormCodes","title":"GuardianshipFormSystem","status":"active","date":"2023-08-27T07:54:57+02:00","publisher":"KL","contact":[{"name":"KL","telecom":[{"system":"url","value":"http://www.kl.dk"}]}],"description":"Guardianship form code system for citizens in FFB messaging","jurisdiction":[{"coding":[{"system":"urn:iso:std:iso:3166","code":"DK","display":"Denmark"}]}],"content":"complete","count":3,"concept":[{"code":"5","display":"Personlige og/eller økonomiske forhold, værgemålslovens § 5"},{"code":"6","display":"Fratagelse af retlig handleevne, værgemålslovens § 6"},{"code":"7","display":"Samværgemål, værgemålslovens § 7"}]}