{"resourceType":"ImplementationGuide","id":"kl.dk.fhir.ffbmessaging","text":{"status":"extensions","div":"<div xmlns=\"http://www.w3.org/1999/xhtml\"><h2>KLFFBMessaging</h2><p>The official URL for this implementation guide is: </p><pre>http://fhir.kl.dk/ffbmessaging/ImplementationGuide/kl.dk.fhir.ffbmessaging</pre><div><p>Danish municipalities implementation guide for FFB messaging. A standard for exchanging social information from citizen journals between municipalities. The aim is to support citizens continuously, e.g. when they move, or receives interventions outside their home municipality.</p>\n</div></div>"},"url":"http://fhir.kl.dk/ffbmessaging/ImplementationGuide/kl.dk.fhir.ffbmessaging","version":"1.0.0","name":"KLFFBMessaging","title":"Implementation Guide for FFB messaging (FFB udvekslingsdatasæt)","status":"active","date":"2023-08-26T15:31:03+02:00","publisher":"KL","contact":[{"name":"KL","telecom":[{"system":"url","value":"http://www.kl.dk"}]}],"description":"Danish municipalities implementation guide for FFB messaging. A standard for exchanging social information from citizen journals between municipalities. The aim is to support citizens continuously, e.g. when they move, or receives interventions outside their home municipality.","jurisdiction":[{"coding":[{"system":"urn:iso:std:iso:3166","code":"DK","display":"Denmark"}]}],"packageId":"kl.dk.fhir.ffbmessaging","license":"CC0-1.0","fhirVersion":["4.0.1"],"dependsOn":[{"id":"hl7tx","extension":[{"url":"http://hl7.org/fhir/tools/StructureDefinition/implementationguide-dependency-comment","valueMarkdown":"Automatically added as a dependency - all IGs depend on HL7 Terminology"}],"uri":"http://terminology.hl7.org/ImplementationGuide/hl7.terminology","packageId":"hl7.terminology.r4","version":"5.0.0"},{"id":"hl7ext","extension":[{"url":"http://hl7.org/fhir/tools/StructureDefinition/implementationguide-dependency-comment","valueMarkdown":"Automatically added as a dependency - all IGs depend on the HL7 Extension Pack"}],"uri":"http://hl7.org/fhir/extensions/ImplementationGuide/hl7.fhir.uv.extensions","packageId":"hl7.fhir.uv.extensions.r4","version":"1.0.0"},{"id":"hl7_fhir_dk_core","uri":"http://hl7.dk/fhir/core/ImplementationGuide/hl7.fhir.dk.core","packageId":"hl7.fhir.dk.core","version":"1.1.0"},{"id":"kl_dk_fhir_term","uri":"http://fhir.kl.dk/term/ImplementationGuide/kl.dk.fhir.term","packageId":"kl.dk.fhir.term","version":"1.0.0"},{"id":"kl_dk_fhir_core","uri":"http://fhir.kl.dk/core/ImplementationGuide/kl.dk.fhir.core","packageId":"kl.dk.fhir.core","version":"1.2.0"}],"definition":{"extension":[{"extension":[{"url":"code","valueString":"copyrightyear"},{"url":"value","valueString":"2021+"}],"url":"http://hl7.org/fhir/tools/StructureDefinition/ig-parameter"},{"extension":[{"url":"code","valueString":"releaselabel"},{"url":"value","valueString":"release"}],"url":"http://hl7.org/fhir/tools/StructureDefinition/ig-parameter"},{"extension":[{"url":"code","valueString":"autoload-resources"},{"url":"value","valueString":"true"}],"url":"http://hl7.org/fhir/tools/StructureDefinition/ig-parameter"},{"extension":[{"url":"code","valueString":"path-liquid"},{"url":"value","valueString":"template/liquid"}],"url":"http://hl7.org/fhir/tools/StructureDefinition/ig-parameter"},{"extension":[{"url":"code","valueString":"path-liquid"},{"url":"value","valueString":"input/liquid"}],"url":"http://hl7.org/fhir/tools/StructureDefinition/ig-parameter"},{"extension":[{"url":"code","valueString":"path-qa"},{"url":"value","valueString":"temp/qa"}],"url":"http://hl7.org/fhir/tools/StructureDefinition/ig-parameter"},{"extension":[{"url":"code","valueString":"path-temp"},{"url":"value","valueString":"temp/pages"}],"url":"http://hl7.org/fhir/tools/StructureDefinition/ig-parameter"},{"extension":[{"url":"code","valueString":"path-output"},{"url":"value","valueString":"output"}],"url":"http://hl7.org/fhir/tools/StructureDefinition/ig-parameter"},{"extension":[{"url":"code","valueString":"path-suppressed-warnings"},{"url":"value","valueString":"input/ignoreWarnings.txt"}],"url":"http://hl7.org/fhir/tools/StructureDefinition/ig-parameter"},{"extension":[{"url":"code","valueString":"path-history"},{"url":"value","valueString":"http://fhir.kl.dk/ffbmessaging/history.html"}],"url":"http://hl7.org/fhir/tools/StructureDefinition/ig-parameter"},{"extension":[{"url":"code","valueString":"template-html"},{"url":"value","valueString":"template-page.html"}],"url":"http://hl7.org/fhir/tools/StructureDefinition/ig-parameter"},{"extension":[{"url":"code","valueString":"template-md"},{"url":"value","valueString":"template-page-md.html"}],"url":"http://hl7.org/fhir/tools/StructureDefinition/ig-parameter"},{"extension":[{"url":"code","valueString":"apply-contact"},{"url":"value","valueString":"true"}],"url":"http://hl7.org/fhir/tools/StructureDefinition/ig-parameter"},{"extension":[{"url":"code","valueString":"apply-context"},{"url":"value","valueString":"true"}],"url":"http://hl7.org/fhir/tools/StructureDefinition/ig-parameter"},{"extension":[{"url":"code","valueString":"apply-copyright"},{"url":"value","valueString":"true"}],"url":"http://hl7.org/fhir/tools/StructureDefinition/ig-parameter"},{"extension":[{"url":"code","valueString":"apply-jurisdiction"},{"url":"value","valueString":"true"}],"url":"http://hl7.org/fhir/tools/StructureDefinition/ig-parameter"},{"extension":[{"url":"code","valueString":"apply-license"},{"url":"value","valueString":"true"}],"url":"http://hl7.org/fhir/tools/StructureDefinition/ig-parameter"},{"extension":[{"url":"code","valueString":"apply-publisher"},{"url":"value","valueString":"true"}],"url":"http://hl7.org/fhir/tools/StructureDefinition/ig-parameter"},{"extension":[{"url":"code","valueString":"apply-version"},{"url":"value","valueString":"true"}],"url":"http://hl7.org/fhir/tools/StructureDefinition/ig-parameter"},{"extension":[{"url":"code","valueString":"active-tables"},{"url":"value","valueString":"true"}],"url":"http://hl7.org/fhir/tools/StructureDefinition/ig-parameter"},{"extension":[{"url":"code","valueString":"fmm-definition"},{"url":"value","valueString":"http://hl7.org/fhir/versions.html#maturity"}],"url":"http://hl7.org/fhir/tools/StructureDefinition/ig-parameter"},{"extension":[{"url":"code","valueString":"propagate-status"},{"url":"value","valueString":"true"}],"url":"http://hl7.org/fhir/tools/StructureDefinition/ig-parameter"},{"extension":[{"url":"code","valueString":"excludelogbinaryformat"},{"url":"value","valueString":"true"}],"url":"http://hl7.org/fhir/tools/StructureDefinition/ig-parameter"},{"extension":[{"url":"code","valueString":"tabbed-snapshots"},{"url":"value","valueString":"true"}],"url":"http://hl7.org/fhir/tools/StructureDefinition/ig-parameter"},{"url":"http://hl7.org/fhir/tools/StructureDefinition/ig-internal-dependency","valueCode":"hl7.fhir.uv.tools#current"},{"extension":[{"url":"code","valueCode":"copyrightyear"},{"url":"value","valueString":"2021+"}],"url":"http://hl7.org/fhir/tools/StructureDefinition/ig-parameter"},{"extension":[{"url":"code","valueCode":"releaselabel"},{"url":"value","valueString":"release"}],"url":"http://hl7.org/fhir/tools/StructureDefinition/ig-parameter"},{"extension":[{"url":"code","valueCode":"autoload-resources"},{"url":"value","valueString":"true"}],"url":"http://hl7.org/fhir/tools/StructureDefinition/ig-parameter"},{"extension":[{"url":"code","valueCode":"path-liquid"},{"url":"value","valueString":"template/liquid"}],"url":"http://hl7.org/fhir/tools/StructureDefinition/ig-parameter"},{"extension":[{"url":"code","valueCode":"path-liquid"},{"url":"value","valueString":"input/liquid"}],"url":"http://hl7.org/fhir/tools/StructureDefinition/ig-parameter"},{"extension":[{"url":"code","valueCode":"path-qa"},{"url":"value","valueString":"temp/qa"}],"url":"http://hl7.org/fhir/tools/StructureDefinition/ig-parameter"},{"extension":[{"url":"code","valueCode":"path-temp"},{"url":"value","valueString":"temp/pages"}],"url":"http://hl7.org/fhir/tools/StructureDefinition/ig-parameter"},{"extension":[{"url":"code","valueCode":"path-output"},{"url":"value","valueString":"output"}],"url":"http://hl7.org/fhir/tools/StructureDefinition/ig-parameter"},{"extension":[{"url":"code","valueCode":"path-suppressed-warnings"},{"url":"value","valueString":"input/ignoreWarnings.txt"}],"url":"http://hl7.org/fhir/tools/StructureDefinition/ig-parameter"},{"extension":[{"url":"code","valueCode":"path-history"},{"url":"value","valueString":"http://fhir.kl.dk/ffbmessaging/history.html"}],"url":"http://hl7.org/fhir/tools/StructureDefinition/ig-parameter"},{"extension":[{"url":"code","valueCode":"template-html"},{"url":"value","valueString":"template-page.html"}],"url":"http://hl7.org/fhir/tools/StructureDefinition/ig-parameter"},{"extension":[{"url":"code","valueCode":"template-md"},{"url":"value","valueString":"template-page-md.html"}],"url":"http://hl7.org/fhir/tools/StructureDefinition/ig-parameter"},{"extension":[{"url":"code","valueCode":"apply-contact"},{"url":"value","valueString":"true"}],"url":"http://hl7.org/fhir/tools/StructureDefinition/ig-parameter"},{"extension":[{"url":"code","valueCode":"apply-context"},{"url":"value","valueString":"true"}],"url":"http://hl7.org/fhir/tools/StructureDefinition/ig-parameter"},{"extension":[{"url":"code","valueCode":"apply-copyright"},{"url":"value","valueString":"true"}],"url":"http://hl7.org/fhir/tools/StructureDefinition/ig-parameter"},{"extension":[{"url":"code","valueCode":"apply-jurisdiction"},{"url":"value","valueString":"true"}],"url":"http://hl7.org/fhir/tools/StructureDefinition/ig-parameter"},{"extension":[{"url":"code","valueCode":"apply-license"},{"url":"value","valueString":"true"}],"url":"http://hl7.org/fhir/tools/StructureDefinition/ig-parameter"},{"extension":[{"url":"code","valueCode":"apply-publisher"},{"url":"value","valueString":"true"}],"url":"http://hl7.org/fhir/tools/StructureDefinition/ig-parameter"},{"extension":[{"url":"code","valueCode":"apply-version"},{"url":"value","valueString":"true"}],"url":"http://hl7.org/fhir/tools/StructureDefinition/ig-parameter"},{"extension":[{"url":"code","valueCode":"active-tables"},{"url":"value","valueString":"true"}],"url":"http://hl7.org/fhir/tools/StructureDefinition/ig-parameter"},{"extension":[{"url":"code","valueCode":"fmm-definition"},{"url":"value","valueString":"http://hl7.org/fhir/versions.html#maturity"}],"url":"http://hl7.org/fhir/tools/StructureDefinition/ig-parameter"},{"extension":[{"url":"code","valueCode":"propagate-status"},{"url":"value","valueString":"true"}],"url":"http://hl7.org/fhir/tools/StructureDefinition/ig-parameter"},{"extension":[{"url":"code","valueCode":"excludelogbinaryformat"},{"url":"value","valueString":"true"}],"url":"http://hl7.org/fhir/tools/StructureDefinition/ig-parameter"},{"extension":[{"url":"code","valueCode":"tabbed-snapshots"},{"url":"value","valueString":"true"}],"url":"http://hl7.org/fhir/tools/StructureDefinition/ig-parameter"},{"extension":[{"url":"code","valueCode":"copyrightyear"},{"url":"value","valueString":"2021+"}],"url":"http://hl7.org/fhir/tools/StructureDefinition/ig-parameter"},{"extension":[{"url":"code","valueCode":"releaselabel"},{"url":"value","valueString":"release"}],"url":"http://hl7.org/fhir/tools/StructureDefinition/ig-parameter"},{"extension":[{"url":"code","valueCode":"autoload-resources"},{"url":"value","valueString":"true"}],"url":"http://hl7.org/fhir/tools/StructureDefinition/ig-parameter"},{"extension":[{"url":"code","valueCode":"path-liquid"},{"url":"value","valueString":"template/liquid"}],"url":"http://hl7.org/fhir/tools/StructureDefinition/ig-parameter"},{"extension":[{"url":"code","valueCode":"path-liquid"},{"url":"value","valueString":"input/liquid"}],"url":"http://hl7.org/fhir/tools/StructureDefinition/ig-parameter"},{"extension":[{"url":"code","valueCode":"path-qa"},{"url":"value","valueString":"temp/qa"}],"url":"http://hl7.org/fhir/tools/StructureDefinition/ig-parameter"},{"extension":[{"url":"code","valueCode":"path-temp"},{"url":"value","valueString":"temp/pages"}],"url":"http://hl7.org/fhir/tools/StructureDefinition/ig-parameter"},{"extension":[{"url":"code","valueCode":"path-output"},{"url":"value","valueString":"output"}],"url":"http://hl7.org/fhir/tools/StructureDefinition/ig-parameter"},{"extension":[{"url":"code","valueCode":"path-suppressed-warnings"},{"url":"value","valueString":"input/ignoreWarnings.txt"}],"url":"http://hl7.org/fhir/tools/StructureDefinition/ig-parameter"},{"extension":[{"url":"code","valueCode":"path-history"},{"url":"value","valueString":"http://fhir.kl.dk/ffbmessaging/history.html"}],"url":"http://hl7.org/fhir/tools/StructureDefinition/ig-parameter"},{"extension":[{"url":"code","valueCode":"template-html"},{"url":"value","valueString":"template-page.html"}],"url":"http://hl7.org/fhir/tools/StructureDefinition/ig-parameter"},{"extension":[{"url":"code","valueCode":"template-md"},{"url":"value","valueString":"template-page-md.html"}],"url":"http://hl7.org/fhir/tools/StructureDefinition/ig-parameter"},{"extension":[{"url":"code","valueCode":"apply-contact"},{"url":"value","valueString":"true"}],"url":"http://hl7.org/fhir/tools/StructureDefinition/ig-parameter"},{"extension":[{"url":"code","valueCode":"apply-context"},{"url":"value","valueString":"true"}],"url":"http://hl7.org/fhir/tools/StructureDefinition/ig-parameter"},{"extension":[{"url":"code","valueCode":"apply-copyright"},{"url":"value","valueString":"true"}],"url":"http://hl7.org/fhir/tools/StructureDefinition/ig-parameter"},{"extension":[{"url":"code","valueCode":"apply-jurisdiction"},{"url":"value","valueString":"true"}],"url":"http://hl7.org/fhir/tools/StructureDefinition/ig-parameter"},{"extension":[{"url":"code","valueCode":"apply-license"},{"url":"value","valueString":"true"}],"url":"http://hl7.org/fhir/tools/StructureDefinition/ig-parameter"},{"extension":[{"url":"code","valueCode":"apply-publisher"},{"url":"value","valueString":"true"}],"url":"http://hl7.org/fhir/tools/StructureDefinition/ig-parameter"},{"extension":[{"url":"code","valueCode":"apply-version"},{"url":"value","valueString":"true"}],"url":"http://hl7.org/fhir/tools/StructureDefinition/ig-parameter"},{"extension":[{"url":"code","valueCode":"active-tables"},{"url":"value","valueString":"true"}],"url":"http://hl7.org/fhir/tools/StructureDefinition/ig-parameter"},{"extension":[{"url":"code","valueCode":"fmm-definition"},{"url":"value","valueString":"http://hl7.org/fhir/versions.html#maturity"}],"url":"http://hl7.org/fhir/tools/StructureDefinition/ig-parameter"},{"extension":[{"url":"code","valueCode":"propagate-status"},{"url":"value","valueString":"true"}],"url":"http://hl7.org/fhir/tools/StructureDefinition/ig-parameter"},{"extension":[{"url":"code","valueCode":"excludelogbinaryformat"},{"url":"value","valueString":"true"}],"url":"http://hl7.org/fhir/tools/StructureDefinition/ig-parameter"},{"extension":[{"url":"code","valueCode":"tabbed-snapshots"},{"url":"value","valueString":"true"}],"url":"http://hl7.org/fhir/tools/StructureDefinition/ig-parameter"}],"grouping":[{"id":"-str-profile","name":"Structures: Resource Profiles","description":"These define constraints on FHIR resources for systems conforming to this implementation guide."},{"id":"-str-datatype","name":"Structures: Data Type Profiles","description":"These define constraints on FHIR data types for systems conforming to this implementation guide."},{"id":"-str-extension","name":"Structures: Extension Definitions","description":"These define constraints on FHIR data types for systems conforming to this implementation guide."},{"id":"-term-valueset","name":"Terminology: Value Sets","description":"These define sets of codes used by systems conforming to this implementation guide."},{"id":"-term-codesystem","name":"Terminology: Code Systems","description":"These define new code systems used by systems conforming to this implementation guide."},{"id":"-ex-example","name":"Example: Example Instances","description":"These are example instances that show what data produced and consumed by systems conforming with this implementation guide might look like."}],"resource":[{"extension":[{"url":"http://hl7.org/fhir/tools/StructureDefinition/resource-sort","valueInteger":999999999},{"url":"http://hl7.org/fhir/StructureDefinition/implementationguide-page","valueUri":"StructureDefinition-kl-messaging-ffb-account.html"}],"reference":{"reference":"StructureDefinition/kl-messaging-ffb-account"},"name":"Account","description":"Account Information for FFB messaging","exampleBoolean":false,"groupingId":"-str-profile"},{"extension":[{"url":"http://hl7.org/fhir/tools/StructureDefinition/resource-sort","valueInteger":999999999},{"url":"http://hl7.org/fhir/StructureDefinition/implementationguide-page","valueUri":"StructureDefinition-kl-messaging-ffb-accountOwner.html"}],"reference":{"reference":"StructureDefinition/kl-messaging-ffb-accountOwner"},"name":"AccountOwner","description":"Organization behind an account","exampleBoolean":false,"groupingId":"-str-profile"},{"extension":[{"url":"http://hl7.org/fhir/tools/StructureDefinition/resource-sort","valueInteger":999999999},{"url":"http://hl7.org/fhir/StructureDefinition/implementationguide-page","valueUri":"StructureDefinition-kl-messaging-ffb-citizen.html"}],"reference":{"reference":"StructureDefinition/kl-messaging-ffb-citizen"},"name":"Citizen","description":"Citizen for FFB messaging","exampleBoolean":false,"groupingId":"-str-profile"},{"extension":[{"url":"http://hl7.org/fhir/tools/StructureDefinition/resource-sort","valueInteger":999999999},{"url":"http://hl7.org/fhir/StructureDefinition/implementationguide-page","valueUri":"StructureDefinition-kl-messaging-ffb-citizenObjective.html"}],"reference":{"reference":"StructureDefinition/kl-messaging-ffb-citizenObjective"},"name":"CitizenObjective","description":"The overall objective of the citizen","exampleBoolean":false,"groupingId":"-str-profile"},{"extension":[{"url":"http://hl7.org/fhir/tools/StructureDefinition/resource-sort","valueInteger":999999999},{"url":"http://hl7.org/fhir/StructureDefinition/implementationguide-page","valueUri":"StructureDefinition-kl-messaging-ffb-condition.html"}],"reference":{"reference":"StructureDefinition/kl-messaging-ffb-condition"},"name":"Condition","description":"Condition according to FFB","exampleBoolean":false,"groupingId":"-str-profile"},{"extension":[{"url":"http://hl7.org/fhir/tools/StructureDefinition/resource-sort","valueInteger":999999999},{"url":"http://hl7.org/fhir/StructureDefinition/implementationguide-page","valueUri":"StructureDefinition-kl-messaging-ffb-consent.html"}],"reference":{"reference":"StructureDefinition/kl-messaging-ffb-consent"},"name":"Consent","description":"Consent given for a related person in FFB Messaging","exampleBoolean":false,"groupingId":"-str-profile"},{"extension":[{"url":"http://hl7.org/fhir/tools/StructureDefinition/resource-sort","valueInteger":999999999},{"url":"http://hl7.org/fhir/StructureDefinition/implementationguide-page","valueUri":"StructureDefinition-kl-messaging-ffb-disgnosis.html"}],"reference":{"reference":"StructureDefinition/kl-messaging-ffb-disgnosis"},"name":"Diagnosis","description":"A diagnosis of the citizen","exampleBoolean":false,"groupingId":"-str-profile"},{"extension":[{"url":"http://hl7.org/fhir/tools/StructureDefinition/resource-sort","valueInteger":999999999},{"url":"http://hl7.org/fhir/StructureDefinition/implementationguide-page","valueUri":"StructureDefinition-kl-messaging-ffb-documentReference.html"}],"reference":{"reference":"StructureDefinition/kl-messaging-ffb-documentReference"},"name":"DocumentReference","description":"Document reference to attachment","exampleBoolean":false,"groupingId":"-str-profile"},{"extension":[{"url":"http://hl7.org/fhir/tools/StructureDefinition/resource-sort","valueInteger":999999999},{"url":"http://hl7.org/fhir/StructureDefinition/implementationguide-page","valueUri":"StructureDefinition-kl-messaging-ffb-evaluation.html"}],"reference":{"reference":"StructureDefinition/kl-messaging-ffb-evaluation"},"name":"Evaluation","description":"Vurdering","exampleBoolean":false,"groupingId":"-str-profile"},{"extension":[{"url":"http://hl7.org/fhir/tools/StructureDefinition/resource-sort","valueInteger":999999999},{"url":"http://hl7.org/fhir/StructureDefinition/implementationguide-page","valueUri":"StructureDefinition-kl-messaging-ffb-followUp.html"}],"reference":{"reference":"StructureDefinition/kl-messaging-ffb-followUp"},"name":"FollowUp","description":"Follow-up encounter for conditions","exampleBoolean":false,"groupingId":"-str-profile"},{"extension":[{"url":"http://hl7.org/fhir/tools/StructureDefinition/resource-sort","valueInteger":999999999},{"url":"http://hl7.org/fhir/StructureDefinition/implementationguide-page","valueUri":"StructureDefinition-kl-messaging-ffb-guardian.html"}],"reference":{"reference":"StructureDefinition/kl-messaging-ffb-guardian"},"name":"Guardian","description":"Guardian for citizen in FFB messaging","exampleBoolean":false,"groupingId":"-str-profile"},{"extension":[{"url":"http://hl7.org/fhir/tools/StructureDefinition/resource-sort","valueInteger":999999999},{"url":"http://hl7.org/fhir/StructureDefinition/implementationguide-page","valueUri":"StructureDefinition-kl-messaging-ffb-informationGathering.html"}],"reference":{"reference":"StructureDefinition/kl-messaging-ffb-informationGathering"},"name":"InformationGathering","description":"Assessment of the citizen","exampleBoolean":false,"groupingId":"-str-profile"},{"extension":[{"url":"http://hl7.org/fhir/tools/StructureDefinition/resource-sort","valueInteger":999999999},{"url":"http://hl7.org/fhir/StructureDefinition/implementationguide-page","valueUri":"StructureDefinition-kl-messaging-ffb-intervention.html"}],"reference":{"reference":"StructureDefinition/kl-messaging-ffb-intervention"},"name":"Intervention","description":"Intervention in a ordered care plan","exampleBoolean":false,"groupingId":"-str-profile"},{"extension":[{"url":"http://hl7.org/fhir/tools/StructureDefinition/resource-sort","valueInteger":999999999},{"url":"http://hl7.org/fhir/StructureDefinition/implementationguide-page","valueUri":"StructureDefinition-kl-messaging-ffb-interventionGoal.html"}],"reference":{"reference":"StructureDefinition/kl-messaging-ffb-interventionGoal"},"name":"InterventionGoal","description":"Goal related to an intervention for a citizen","exampleBoolean":false,"groupingId":"-str-profile"},{"extension":[{"url":"http://hl7.org/fhir/tools/StructureDefinition/resource-sort","valueInteger":999999999},{"url":"http://hl7.org/fhir/StructureDefinition/implementationguide-page","valueUri":"StructureDefinition-kl-messaging-ffb-interventionPurpose.html"}],"reference":{"reference":"StructureDefinition/kl-messaging-ffb-interventionPurpose"},"name":"InterventionPurpose","description":"Purpose of an intervention for a citizen","exampleBoolean":false,"groupingId":"-str-profile"},{"extension":[{"url":"http://hl7.org/fhir/tools/StructureDefinition/resource-sort","valueInteger":999999999},{"url":"http://hl7.org/fhir/StructureDefinition/implementationguide-page","valueUri":"StructureDefinition-kl-messaging-ffb-matterOfInterest.html"}],"reference":{"reference":"StructureDefinition/kl-messaging-ffb-matterOfInterest"},"name":"MatterOfInterest","description":"Matter of interest for FFB Themes","exampleBoolean":false,"groupingId":"-str-profile"},{"extension":[{"url":"http://hl7.org/fhir/tools/StructureDefinition/resource-sort","valueInteger":999999999},{"url":"http://hl7.org/fhir/StructureDefinition/implementationguide-page","valueUri":"StructureDefinition-kl-messaging-ffb-messagingOrganization.html"}],"reference":{"reference":"StructureDefinition/kl-messaging-ffb-messagingOrganization"},"name":"MessagingOrganization","description":"Organization for sending or receiving messages","exampleBoolean":false,"groupingId":"-str-profile"},{"extension":[{"url":"http://hl7.org/fhir/tools/StructureDefinition/resource-sort","valueInteger":999999999},{"url":"http://hl7.org/fhir/StructureDefinition/implementationguide-page","valueUri":"StructureDefinition-kl-messaging-ffb-orderCarePlan.html"}],"reference":{"reference":"StructureDefinition/kl-messaging-ffb-orderCarePlan"},"name":"OrderCarePlan","description":"FFB care plan being ordered","exampleBoolean":false,"groupingId":"-str-profile"},{"extension":[{"url":"http://hl7.org/fhir/tools/StructureDefinition/resource-sort","valueInteger":999999999},{"url":"http://hl7.org/fhir/StructureDefinition/implementationguide-page","valueUri":"StructureDefinition-kl-messaging-ffb-orderMessage.html"}],"reference":{"reference":"StructureDefinition/kl-messaging-ffb-orderMessage"},"name":"OrderMessage","description":"Message for sending an order from an authority organization to a provider organization","exampleBoolean":false,"groupingId":"-str-profile"},{"extension":[{"url":"http://hl7.org/fhir/tools/StructureDefinition/resource-sort","valueInteger":999999999},{"url":"http://hl7.org/fhir/StructureDefinition/implementationguide-page","valueUri":"StructureDefinition-kl-messaging-ffb-orderMessageHeader.html"}],"reference":{"reference":"StructureDefinition/kl-messaging-ffb-orderMessageHeader"},"name":"OrderMessageHeader","description":"Message header for an FFB order message","exampleBoolean":false,"groupingId":"-str-profile"},{"extension":[{"url":"http://hl7.org/fhir/tools/StructureDefinition/resource-sort","valueInteger":999999999},{"url":"http://hl7.org/fhir/StructureDefinition/implementationguide-page","valueUri":"StructureDefinition-kl-messaging-ffb-participatingOrganization.html"}],"reference":{"reference":"StructureDefinition/kl-messaging-ffb-participatingOrganization"},"name":"ParticipatingOrganization","description":"Organization involved in the care plan for the citizen","exampleBoolean":false,"groupingId":"-str-profile"},{"extension":[{"url":"http://hl7.org/fhir/tools/StructureDefinition/resource-sort","valueInteger":999999999},{"url":"http://hl7.org/fhir/StructureDefinition/implementationguide-page","valueUri":"StructureDefinition-kl-messaging-ffb-relatedCarePlan.html"}],"reference":{"reference":"StructureDefinition/kl-messaging-ffb-relatedCarePlan"},"name":"RelatedCarePlan","description":"FFB care plan related to the order","exampleBoolean":false,"groupingId":"-str-profile"},{"extension":[{"url":"http://hl7.org/fhir/tools/StructureDefinition/resource-sort","valueInteger":999999999},{"url":"http://hl7.org/fhir/StructureDefinition/implementationguide-page","valueUri":"StructureDefinition-kl-messaging-ffb-relatedPerson.html"}],"reference":{"reference":"StructureDefinition/kl-messaging-ffb-relatedPerson"},"name":"RelatedPerson","description":"Related person for a citizen in FFB messaging","exampleBoolean":false,"groupingId":"-str-profile"},{"extension":[{"url":"http://hl7.org/fhir/tools/StructureDefinition/resource-sort","valueInteger":999999999},{"url":"http://hl7.org/fhir/StructureDefinition/implementationguide-page","valueUri":"StructureDefinition-kl-messaging-ffb-servicePerformer.html"}],"reference":{"reference":"StructureDefinition/kl-messaging-ffb-servicePerformer"},"name":"ServicePerformer","description":"ServicePerformer information and relevant related persons","exampleBoolean":false,"groupingId":"-str-profile"},{"extension":[{"url":"http://hl7.org/fhir/tools/StructureDefinition/resource-sort","valueInteger":999999999},{"url":"http://hl7.org/fhir/StructureDefinition/implementationguide-page","valueUri":"StructureDefinition-kl-messaging-ffb-targetGroup.html"}],"reference":{"reference":"StructureDefinition/kl-messaging-ffb-targetGroup"},"name":"TargetGroup","description":"Target group of a citizen","exampleBoolean":false,"groupingId":"-str-profile"},{"extension":[{"url":"http://hl7.org/fhir/tools/StructureDefinition/resource-sort","valueInteger":999999999},{"url":"http://hl7.org/fhir/StructureDefinition/implementationguide-page","valueUri":"StructureDefinition-kl-messaging-ffb-eanIdentifier.html"}],"reference":{"reference":"StructureDefinition/kl-messaging-ffb-eanIdentifier"},"name":"EANIdentifier","description":"EAN identifier","exampleBoolean":false,"groupingId":"-str-datatype"},{"extension":[{"url":"http://hl7.org/fhir/tools/StructureDefinition/resource-sort","valueInteger":999999999},{"url":"http://hl7.org/fhir/StructureDefinition/implementationguide-page","valueUri":"StructureDefinition-kl-messaging-ffb-actingMunicipality.html"}],"reference":{"reference":"StructureDefinition/kl-messaging-ffb-actingMunicipality"},"name":"ActingMunicipality","description":"Municipality acting for the subject in social matters","exampleBoolean":false,"groupingId":"-str-extension"},{"extension":[{"url":"http://hl7.org/fhir/tools/StructureDefinition/resource-sort","valueInteger":999999999},{"url":"http://hl7.org/fhir/StructureDefinition/implementationguide-page","valueUri":"StructureDefinition-kl-messaging-ffb-guardianshipForm.html"}],"reference":{"reference":"StructureDefinition/kl-messaging-ffb-guardianshipForm"},"name":"GuardianshipForm","description":"Form of guardianship for citizens in FFB messaging","exampleBoolean":false,"groupingId":"-str-extension"},{"extension":[{"url":"http://hl7.org/fhir/tools/StructureDefinition/resource-sort","valueInteger":999999999},{"url":"http://hl7.org/fhir/StructureDefinition/implementationguide-page","valueUri":"StructureDefinition-kl-messaging-ffb-participationDescription.html"}],"reference":{"reference":"StructureDefinition/kl-messaging-ffb-participationDescription"},"name":"ParticipationDescription","description":"Decription of participants involvement in a careteam","exampleBoolean":false,"groupingId":"-str-extension"},{"extension":[{"url":"http://hl7.org/fhir/tools/StructureDefinition/resource-sort","valueInteger":999999999},{"url":"http://hl7.org/fhir/StructureDefinition/implementationguide-page","valueUri":"ValueSet-kl-messaging-ffb-consentPolicyValues.html"}],"reference":{"reference":"ValueSet/kl-messaging-ffb-consentPolicyValues"},"name":"ConsentPolicies","description":"Consent policy value set for FFB messaging","exampleBoolean":false,"groupingId":"-term-valueset"},{"extension":[{"url":"http://hl7.org/fhir/tools/StructureDefinition/resource-sort","valueInteger":999999999},{"url":"http://hl7.org/fhir/StructureDefinition/implementationguide-page","valueUri":"ValueSet-kl-messaging-ffb-guardianshipFormValues.html"}],"reference":{"reference":"ValueSet/kl-messaging-ffb-guardianshipFormValues"},"name":"GuardianshipForms","description":"Guardianship form value set for citizens in FFB messaging","exampleBoolean":false,"groupingId":"-term-valueset"},{"extension":[{"url":"http://hl7.org/fhir/tools/StructureDefinition/resource-sort","valueInteger":999999999},{"url":"http://hl7.org/fhir/StructureDefinition/implementationguide-page","valueUri":"ValueSet-kl-messaging-ffb-participantRoleValues.html"}],"reference":{"reference":"ValueSet/kl-messaging-ffb-participantRoleValues"},"name":"ParticipantRoles","description":"Participant roles in a care team for FFB Messaging","exampleBoolean":false,"groupingId":"-term-valueset"},{"extension":[{"url":"http://hl7.org/fhir/tools/StructureDefinition/resource-sort","valueInteger":999999999},{"url":"http://hl7.org/fhir/StructureDefinition/implementationguide-page","valueUri":"ValueSet-kl-messaging-ffb-relationshipTypeValues.html"}],"reference":{"reference":"ValueSet/kl-messaging-ffb-relationshipTypeValues"},"name":"RelationshipTypes","description":"Relationship type roles to use in FFB messaging","exampleBoolean":false,"groupingId":"-term-valueset"},{"extension":[{"url":"http://hl7.org/fhir/tools/StructureDefinition/resource-sort","valueInteger":999999999},{"url":"http://hl7.org/fhir/StructureDefinition/implementationguide-page","valueUri":"CodeSystem-kl-messaging-ffb-consentPolicyCodes.html"}],"reference":{"reference":"CodeSystem/kl-messaging-ffb-consentPolicyCodes"},"name":"ConsentPolicySystem","description":"Consent policy code system for FFB messaging","exampleBoolean":false,"groupingId":"-term-codesystem"},{"extension":[{"url":"http://hl7.org/fhir/tools/StructureDefinition/resource-sort","valueInteger":999999999},{"url":"http://hl7.org/fhir/StructureDefinition/implementationguide-page","valueUri":"CodeSystem-kl-messaging-ffb-guardianshipFormCodes.html"}],"reference":{"reference":"CodeSystem/kl-messaging-ffb-guardianshipFormCodes"},"name":"GuardianshipFormSystem","description":"Guardianship form code system for citizens in FFB messaging","exampleBoolean":false,"groupingId":"-term-codesystem"},{"extension":[{"url":"http://hl7.org/fhir/tools/StructureDefinition/resource-sort","valueInteger":999999999},{"url":"http://hl7.org/fhir/StructureDefinition/implementationguide-page","valueUri":"CodeSystem-kl-messaging-ffb-messageEventSystem.html"}],"reference":{"reference":"CodeSystem/kl-messaging-ffb-messageEventSystem"},"name":"MessageEventSystem","description":"Event codes for FFB messages","exampleBoolean":false,"groupingId":"-term-codesystem"},{"extension":[{"url":"http://hl7.org/fhir/tools/StructureDefinition/resource-sort","valueInteger":999999999},{"url":"http://hl7.org/fhir/StructureDefinition/implementationguide-page","valueUri":"CodeSystem-kl-messaging-ffb-participantRoleCodes.html"}],"reference":{"reference":"CodeSystem/kl-messaging-ffb-participantRoleCodes"},"name":"ParticipantRoleSystem","description":"Participant role code system for FFB messaging","exampleBoolean":false,"groupingId":"-term-codesystem"},{"extension":[{"url":"http://hl7.org/fhir/tools/StructureDefinition/resource-sort","valueInteger":999999999},{"url":"http://hl7.org/fhir/StructureDefinition/implementationguide-page","valueUri":"CodeSystem-kl-messaging-ffb-relationshipTypeCodes.html"}],"reference":{"reference":"CodeSystem/kl-messaging-ffb-relationshipTypeCodes"},"name":"RelationshipTypeSystem","description":"Relationship type code system for a related person in FFB messaging","exampleBoolean":false,"groupingId":"-term-codesystem"},{"extension":[{"url":"http://hl7.org/fhir/tools/StructureDefinition/resource-sort","valueInteger":999999999},{"url":"http://hl7.org/fhir/StructureDefinition/implementationguide-page","valueUri":"Bundle-909e720e-3edb-45b9-aeb2-655a97861f7c.html"}],"reference":{"reference":"Bundle/909e720e-3edb-45b9-aeb2-655a97861f7c"},"name":"Service request example message","description":"Example of a service request from an authority to a seervice provider","exampleCanonical":"http://fhir.kl.dk/ffbmessaging/StructureDefinition/kl-messaging-ffb-orderMessage","groupingId":"-ex-example"}],"page":{"extension":[{"url":"http://hl7.org/fhir/tools/StructureDefinition/ig-page-name","valueUrl":"toc.html"}],"nameUrl":"toc.html","title":"Table of Contents","generation":"html","page":[{"extension":[{"url":"http://hl7.org/fhir/tools/StructureDefinition/ig-page-name","valueUrl":"index.html"}],"nameUrl":"index.html","title":"Home","generation":"markdown"},{"extension":[{"url":"http://hl7.org/fhir/tools/StructureDefinition/ig-page-name","valueUrl":"artifacts.html"}],"nameUrl":"artifacts.html","title":"Artifacts Summary","generation":"html","page":[{"extension":[{"url":"http://hl7.org/fhir/tools/StructureDefinition/ig-page-name","valueUrl":"StructureDefinition-kl-messaging-ffb-account.html"}],"nameUrl":"StructureDefinition-kl-messaging-ffb-account.html","title":"Account","generation":"generated"},{"extension":[{"url":"http://hl7.org/fhir/tools/StructureDefinition/ig-page-name","valueUrl":"StructureDefinition-kl-messaging-ffb-accountOwner.html"}],"nameUrl":"StructureDefinition-kl-messaging-ffb-accountOwner.html","title":"AccountOwner","generation":"generated"},{"extension":[{"url":"http://hl7.org/fhir/tools/StructureDefinition/ig-page-name","valueUrl":"StructureDefinition-kl-messaging-ffb-citizen.html"}],"nameUrl":"StructureDefinition-kl-messaging-ffb-citizen.html","title":"Citizen","generation":"generated"},{"extension":[{"url":"http://hl7.org/fhir/tools/StructureDefinition/ig-page-name","valueUrl":"StructureDefinition-kl-messaging-ffb-citizenObjective.html"}],"nameUrl":"StructureDefinition-kl-messaging-ffb-citizenObjective.html","title":"CitizenObjective","generation":"generated"},{"extension":[{"url":"http://hl7.org/fhir/tools/StructureDefinition/ig-page-name","valueUrl":"StructureDefinition-kl-messaging-ffb-condition.html"}],"nameUrl":"StructureDefinition-kl-messaging-ffb-condition.html","title":"Condition","generation":"generated"},{"extension":[{"url":"http://hl7.org/fhir/tools/StructureDefinition/ig-page-name","valueUrl":"StructureDefinition-kl-messaging-ffb-consent.html"}],"nameUrl":"StructureDefinition-kl-messaging-ffb-consent.html","title":"Consent","generation":"generated"},{"extension":[{"url":"http://hl7.org/fhir/tools/StructureDefinition/ig-page-name","valueUrl":"StructureDefinition-kl-messaging-ffb-disgnosis.html"}],"nameUrl":"StructureDefinition-kl-messaging-ffb-disgnosis.html","title":"Diagnosis","generation":"generated"},{"extension":[{"url":"http://hl7.org/fhir/tools/StructureDefinition/ig-page-name","valueUrl":"StructureDefinition-kl-messaging-ffb-documentReference.html"}],"nameUrl":"StructureDefinition-kl-messaging-ffb-documentReference.html","title":"DocumentReference","generation":"generated"},{"extension":[{"url":"http://hl7.org/fhir/tools/StructureDefinition/ig-page-name","valueUrl":"StructureDefinition-kl-messaging-ffb-evaluation.html"}],"nameUrl":"StructureDefinition-kl-messaging-ffb-evaluation.html","title":"Evaluation","generation":"generated"},{"extension":[{"url":"http://hl7.org/fhir/tools/StructureDefinition/ig-page-name","valueUrl":"StructureDefinition-kl-messaging-ffb-followUp.html"}],"nameUrl":"StructureDefinition-kl-messaging-ffb-followUp.html","title":"FollowUp","generation":"generated"},{"extension":[{"url":"http://hl7.org/fhir/tools/StructureDefinition/ig-page-name","valueUrl":"StructureDefinition-kl-messaging-ffb-guardian.html"}],"nameUrl":"StructureDefinition-kl-messaging-ffb-guardian.html","title":"Guardian","generation":"generated"},{"extension":[{"url":"http://hl7.org/fhir/tools/StructureDefinition/ig-page-name","valueUrl":"StructureDefinition-kl-messaging-ffb-informationGathering.html"}],"nameUrl":"StructureDefinition-kl-messaging-ffb-informationGathering.html","title":"InformationGathering","generation":"generated"},{"extension":[{"url":"http://hl7.org/fhir/tools/StructureDefinition/ig-page-name","valueUrl":"StructureDefinition-kl-messaging-ffb-intervention.html"}],"nameUrl":"StructureDefinition-kl-messaging-ffb-intervention.html","title":"Intervention","generation":"generated"},{"extension":[{"url":"http://hl7.org/fhir/tools/StructureDefinition/ig-page-name","valueUrl":"StructureDefinition-kl-messaging-ffb-interventionGoal.html"}],"nameUrl":"StructureDefinition-kl-messaging-ffb-interventionGoal.html","title":"InterventionGoal","generation":"generated"},{"extension":[{"url":"http://hl7.org/fhir/tools/StructureDefinition/ig-page-name","valueUrl":"StructureDefinition-kl-messaging-ffb-interventionPurpose.html"}],"nameUrl":"StructureDefinition-kl-messaging-ffb-interventionPurpose.html","title":"InterventionPurpose","generation":"generated"},{"extension":[{"url":"http://hl7.org/fhir/tools/StructureDefinition/ig-page-name","valueUrl":"StructureDefinition-kl-messaging-ffb-matterOfInterest.html"}],"nameUrl":"StructureDefinition-kl-messaging-ffb-matterOfInterest.html","title":"MatterOfInterest","generation":"generated"},{"extension":[{"url":"http://hl7.org/fhir/tools/StructureDefinition/ig-page-name","valueUrl":"StructureDefinition-kl-messaging-ffb-messagingOrganization.html"}],"nameUrl":"StructureDefinition-kl-messaging-ffb-messagingOrganization.html","title":"MessagingOrganization","generation":"generated"},{"extension":[{"url":"http://hl7.org/fhir/tools/StructureDefinition/ig-page-name","valueUrl":"StructureDefinition-kl-messaging-ffb-orderCarePlan.html"}],"nameUrl":"StructureDefinition-kl-messaging-ffb-orderCarePlan.html","title":"OrderCarePlan","generation":"generated"},{"extension":[{"url":"http://hl7.org/fhir/tools/StructureDefinition/ig-page-name","valueUrl":"StructureDefinition-kl-messaging-ffb-orderMessage.html"}],"nameUrl":"StructureDefinition-kl-messaging-ffb-orderMessage.html","title":"OrderMessage","generation":"generated"},{"extension":[{"url":"http://hl7.org/fhir/tools/StructureDefinition/ig-page-name","valueUrl":"StructureDefinition-kl-messaging-ffb-orderMessageHeader.html"}],"nameUrl":"StructureDefinition-kl-messaging-ffb-orderMessageHeader.html","title":"OrderMessageHeader","generation":"generated"},{"extension":[{"url":"http://hl7.org/fhir/tools/StructureDefinition/ig-page-name","valueUrl":"StructureDefinition-kl-messaging-ffb-participatingOrganization.html"}],"nameUrl":"StructureDefinition-kl-messaging-ffb-participatingOrganization.html","title":"ParticipatingOrganization","generation":"generated"},{"extension":[{"url":"http://hl7.org/fhir/tools/StructureDefinition/ig-page-name","valueUrl":"StructureDefinition-kl-messaging-ffb-relatedCarePlan.html"}],"nameUrl":"StructureDefinition-kl-messaging-ffb-relatedCarePlan.html","title":"RelatedCarePlan","generation":"generated"},{"extension":[{"url":"http://hl7.org/fhir/tools/StructureDefinition/ig-page-name","valueUrl":"StructureDefinition-kl-messaging-ffb-relatedPerson.html"}],"nameUrl":"StructureDefinition-kl-messaging-ffb-relatedPerson.html","title":"RelatedPerson","generation":"generated"},{"extension":[{"url":"http://hl7.org/fhir/tools/StructureDefinition/ig-page-name","valueUrl":"StructureDefinition-kl-messaging-ffb-servicePerformer.html"}],"nameUrl":"StructureDefinition-kl-messaging-ffb-servicePerformer.html","title":"ServicePerformer","generation":"generated"},{"extension":[{"url":"http://hl7.org/fhir/tools/StructureDefinition/ig-page-name","valueUrl":"StructureDefinition-kl-messaging-ffb-targetGroup.html"}],"nameUrl":"StructureDefinition-kl-messaging-ffb-targetGroup.html","title":"TargetGroup","generation":"generated"},{"extension":[{"url":"http://hl7.org/fhir/tools/StructureDefinition/ig-page-name","valueUrl":"StructureDefinition-kl-messaging-ffb-eanIdentifier.html"}],"nameUrl":"StructureDefinition-kl-messaging-ffb-eanIdentifier.html","title":"EANIdentifier","generation":"generated"},{"extension":[{"url":"http://hl7.org/fhir/tools/StructureDefinition/ig-page-name","valueUrl":"StructureDefinition-kl-messaging-ffb-actingMunicipality.html"}],"nameUrl":"StructureDefinition-kl-messaging-ffb-actingMunicipality.html","title":"ActingMunicipality","generation":"generated"},{"extension":[{"url":"http://hl7.org/fhir/tools/StructureDefinition/ig-page-name","valueUrl":"StructureDefinition-kl-messaging-ffb-guardianshipForm.html"}],"nameUrl":"StructureDefinition-kl-messaging-ffb-guardianshipForm.html","title":"GuardianshipForm","generation":"generated"},{"extension":[{"url":"http://hl7.org/fhir/tools/StructureDefinition/ig-page-name","valueUrl":"StructureDefinition-kl-messaging-ffb-participationDescription.html"}],"nameUrl":"StructureDefinition-kl-messaging-ffb-participationDescription.html","title":"ParticipationDescription","generation":"generated"},{"extension":[{"url":"http://hl7.org/fhir/tools/StructureDefinition/ig-page-name","valueUrl":"ValueSet-kl-messaging-ffb-consentPolicyValues.html"}],"nameUrl":"ValueSet-kl-messaging-ffb-consentPolicyValues.html","title":"ConsentPolicies","generation":"generated"},{"extension":[{"url":"http://hl7.org/fhir/tools/StructureDefinition/ig-page-name","valueUrl":"ValueSet-kl-messaging-ffb-guardianshipFormValues.html"}],"nameUrl":"ValueSet-kl-messaging-ffb-guardianshipFormValues.html","title":"GuardianshipForms","generation":"generated"},{"extension":[{"url":"http://hl7.org/fhir/tools/StructureDefinition/ig-page-name","valueUrl":"ValueSet-kl-messaging-ffb-participantRoleValues.html"}],"nameUrl":"ValueSet-kl-messaging-ffb-participantRoleValues.html","title":"ParticipantRoles","generation":"generated"},{"extension":[{"url":"http://hl7.org/fhir/tools/StructureDefinition/ig-page-name","valueUrl":"ValueSet-kl-messaging-ffb-relationshipTypeValues.html"}],"nameUrl":"ValueSet-kl-messaging-ffb-relationshipTypeValues.html","title":"RelationshipTypes","generation":"generated"},{"extension":[{"url":"http://hl7.org/fhir/tools/StructureDefinition/ig-page-name","valueUrl":"CodeSystem-kl-messaging-ffb-consentPolicyCodes.html"}],"nameUrl":"CodeSystem-kl-messaging-ffb-consentPolicyCodes.html","title":"ConsentPolicySystem","generation":"generated"},{"extension":[{"url":"http://hl7.org/fhir/tools/StructureDefinition/ig-page-name","valueUrl":"CodeSystem-kl-messaging-ffb-guardianshipFormCodes.html"}],"nameUrl":"CodeSystem-kl-messaging-ffb-guardianshipFormCodes.html","title":"GuardianshipFormSystem","generation":"generated"},{"extension":[{"url":"http://hl7.org/fhir/tools/StructureDefinition/ig-page-name","valueUrl":"CodeSystem-kl-messaging-ffb-messageEventSystem.html"}],"nameUrl":"CodeSystem-kl-messaging-ffb-messageEventSystem.html","title":"MessageEventSystem","generation":"generated"},{"extension":[{"url":"http://hl7.org/fhir/tools/StructureDefinition/ig-page-name","valueUrl":"CodeSystem-kl-messaging-ffb-participantRoleCodes.html"}],"nameUrl":"CodeSystem-kl-messaging-ffb-participantRoleCodes.html","title":"ParticipantRoleSystem","generation":"generated"},{"extension":[{"url":"http://hl7.org/fhir/tools/StructureDefinition/ig-page-name","valueUrl":"CodeSystem-kl-messaging-ffb-relationshipTypeCodes.html"}],"nameUrl":"CodeSystem-kl-messaging-ffb-relationshipTypeCodes.html","title":"RelationshipTypeSystem","generation":"generated"},{"extension":[{"url":"http://hl7.org/fhir/tools/StructureDefinition/ig-page-name","valueUrl":"Bundle-909e720e-3edb-45b9-aeb2-655a97861f7c.html"}],"nameUrl":"Bundle-909e720e-3edb-45b9-aeb2-655a97861f7c.html","title":"Service request example message","generation":"generated"}]}]},"parameter":[{"code":"path-resource","value":"input/capabilities"},{"code":"path-resource","value":"input/examples"},{"code":"path-resource","value":"input/extensions"},{"code":"path-resource","value":"input/models"},{"code":"path-resource","value":"input/operations"},{"code":"path-resource","value":"input/profiles"},{"code":"path-resource","value":"input/resources"},{"code":"path-resource","value":"input/vocabulary"},{"code":"path-resource","value":"input/maps"},{"code":"path-resource","value":"input/testing"},{"code":"path-resource","value":"input/history"},{"code":"path-resource","value":"fsh-generated/resources"},{"code":"path-pages","value":"template/config"},{"code":"path-pages","value":"input/images"},{"code":"path-tx-cache","value":"input-cache/txcache"}]}}