{"resourceType":"ValueSet","id":"kl-messaging-ffb-relationshipTypeValues","text":{"status":"extensions","div":"<div xmlns=\"http://www.w3.org/1999/xhtml\"><p>This value set includes codes based on the following rules:</p><ul><li>Include these codes as defined in <a href=\"http://terminology.hl7.org/5.0.0/CodeSystem-v3-RoleCode.html\"><code>http://terminology.hl7.org/CodeSystem/v3-RoleCode</code></a><table class=\"none\"><tr><td style=\"white-space:nowrap\"><b>Code</b></td><td><b>Display</b></td><td><b>Definition</b></td></tr><tr><td><a href=\"http://terminology.hl7.org/5.0.0/CodeSystem-v3-RoleCode.html#v3-RoleCode-GUARD\">GUARD</a></td><td style=\"color: #cccccc\">guardian</td><td>The role played by a person or institution legally empowered with responsibility for the care of a ward.</td></tr><tr><td><a href=\"http://terminology.hl7.org/5.0.0/CodeSystem-v3-RoleCode.html#v3-RoleCode-POWATT\">POWATT</a></td><td style=\"color: #cccccc\">power of attorney</td><td>A relationship between two people in which one person authorizes another to act for him in a manner which is a legally binding upon the person giving such authority as if he or she personally were to do the acts.</td></tr></table></li><li>Include all codes defined in <a href=\"CodeSystem-kl-messaging-ffb-relationshipTypeCodes.html\"><code>http://fhir.kl.dk/ffbmessaging/CodeSystem/kl-messaging-ffb-relationshipTypeCodes</code></a></li><li>Include all codes defined in <a href=\"http://terminology.hl7.org/5.0.0/CodeSystem-v2-0131.html\"><code>http://terminology.hl7.org/CodeSystem/v2-0131</code></a></li></ul></div>"},"url":"http://fhir.kl.dk/ffbmessaging/ValueSet/kl-messaging-ffb-relationshipTypeValues","version":"1.0.0","name":"KLMessagingFFBRelationshipTypeValues","title":"RelationshipTypes","status":"active","date":"2023-08-26T15:31:03+02:00","publisher":"KL","contact":[{"name":"KL","telecom":[{"system":"url","value":"http://www.kl.dk"}]}],"description":"Relationship type roles to use in FFB messaging","jurisdiction":[{"coding":[{"system":"urn:iso:std:iso:3166","code":"DK","display":"Denmark"}]}],"compose":{"include":[{"system":"http://terminology.hl7.org/CodeSystem/v3-RoleCode","concept":[{"code":"GUARD"},{"code":"POWATT"}]},{"system":"http://fhir.kl.dk/ffbmessaging/CodeSystem/kl-messaging-ffb-relationshipTypeCodes"},{"system":"http://terminology.hl7.org/CodeSystem/v2-0131"}]}}