{"resourceType":"ValueSet","id":"kl-messaging-ffb-guardianshipFormValues","text":{"status":"generated","div":"<div xmlns=\"http://www.w3.org/1999/xhtml\"><ul><li>Include all codes defined in <a href=\"CodeSystem-kl-messaging-ffb-guardianshipFormCodes.html\"><code>http://fhir.kl.dk/ffbmessaging/CodeSystem/kl-messaging-ffb-guardianshipFormCodes</code></a></li></ul></div>"},"url":"http://fhir.kl.dk/ffbmessaging/ValueSet/kl-messaging-ffb-guardianshipFormValues","version":"1.0.0","name":"KLMessagingFFBGuardianshipFormValues","title":"GuardianshipForms","status":"active","date":"2023-08-26T15:31:03+02:00","publisher":"KL","contact":[{"name":"KL","telecom":[{"system":"url","value":"http://www.kl.dk"}]}],"description":"Guardianship form value set for citizens in FFB messaging","jurisdiction":[{"coding":[{"system":"urn:iso:std:iso:3166","code":"DK","display":"Denmark"}]}],"compose":{"include":[{"system":"http://fhir.kl.dk/ffbmessaging/CodeSystem/kl-messaging-ffb-guardianshipFormCodes"}]}}