{
  "resourceType" : "ValueSet",
  "id" : "e71e8bb8-1f0d-4093-9e77-cb0ca05963a2-147",
  "url" : "http://hl7.org/fhir/comparison/ValueSet/e71e8bb8-1f0d-4093-9e77-cb0ca05963a2-147",
  "name" : "IntersectionKLPreventionAreasFSIIIAndKLPreventionAreasFSIII",
  "title" : "Intersection of KLForebyggelseOmråderFSIII And KLForebyggelseOmråderFSIII",
  "status" : "active",
  "date" : "2023-07-10T23:08:21+02:00",
  "compose" : {
    "include" : [{
      "concept" : [{
        "code" : "d03da587-94dc-46e6-ba71-eb1e43ec7df6"
      },
      {
        "code" : "7b3b3587-4ddd-4b93-a81b-455bfc601492"
      },
      {
        "code" : "b349c7ec-86c5-4c52-aaf2-9034d98b0e3b"
      },
      {
        "code" : "3547a306-8623-4713-a8ce-db1e82839c50"
      }]
    }]
  },
  "expansion" : {
    "contains" : [{
      "system" : "urn:oid:1.2.208.176.2.21",
      "code" : "d03da587-94dc-46e6-ba71-eb1e43ec7df6",
      "display" : "Kroppen"
    },
    {
      "system" : "urn:oid:1.2.208.176.2.21",
      "code" : "7b3b3587-4ddd-4b93-a81b-455bfc601492",
      "display" : "Hverdagsliv"
    },
    {
      "system" : "urn:oid:1.2.208.176.2.21",
      "code" : "b349c7ec-86c5-4c52-aaf2-9034d98b0e3b",
      "display" : "Sundhedsadfærd"
    },
    {
      "system" : "urn:oid:1.2.208.176.2.21",
      "code" : "3547a306-8623-4713-a8ce-db1e82839c50",
      "display" : "Mental sundhed"
    }]
  }
}