{
  "resourceType" : "ValueSet",
  "id" : "e71e8bb8-1f0d-4093-9e77-cb0ca05963a2-129",
  "url" : "http://hl7.org/fhir/comparison/ValueSet/e71e8bb8-1f0d-4093-9e77-cb0ca05963a2-129",
  "name" : "IntersectionKLMatterOfInterestValuesAndKLMatterOfInterestValues",
  "title" : "Intersection of KLIngenOplysningerKoder And KLIngenOplysningerKoder",
  "status" : "active",
  "date" : "2023-07-10T23:08:21+02:00",
  "compose" : {
    "include" : [{
      "concept" : [{
        "code" : "B6"
      }]
    },
    {
      "concept" : [{
        "code" : "2254dac8-8aa3-4334-8502-9720194f49ad"
      }]
    }]
  },
  "expansion" : {
    "contains" : [{
      "system" : "urn:oid:1.2.208.176.2.21",
      "code" : "B6",
      "display" : "Ikke relevant"
    },
    {
      "system" : "urn:oid:1.2.208.176.2.22",
      "code" : "2254dac8-8aa3-4334-8502-9720194f49ad",
      "display" : "Ikke vurderet"
    }]
  }
}