{
  "resourceType" : "ValueSet",
  "id" : "e71e8bb8-1f0d-4093-9e77-cb0ca05963a2-180",
  "url" : "http://hl7.org/fhir/comparison/ValueSet/e71e8bb8-1f0d-4093-9e77-cb0ca05963a2-180",
  "name" : "IntersectionKLTheraphyAreasFSIIIAndKLTheraphyAreasFSIII",
  "title" : "Intersection of KLTræningOmråderFSIII And KLTræningOmråderFSIII",
  "status" : "active",
  "date" : "2023-07-10T23:08:21+02:00",
  "compose" : {
    "include" : [{
      "concept" : [{
        "code" : "7e608d37-3f3c-4374-bbc8-e317505d8bc2"
      },
      {
        "code" : "ebd91b5e-114a-48a5-90b8-d3c1fd50b72b"
      },
      {
        "code" : "ecb5e72d-40a2-4af3-9135-25974026bf02"
      },
      {
        "code" : "b9c4561d-20bc-48c9-a727-fea719424a86"
      },
      {
        "code" : "ddbd7477-9579-4a83-a3e7-74ed716a0451"
      },
      {
        "code" : "e3242303-2506-4a09-ac65-59dfd06cb489"
      },
      {
        "code" : "df62498e-7ad1-4f01-93ce-a0441f879a2c"
      },
      {
        "code" : "99b18761-88d7-44b2-915d-c64aa0b3b562"
      },
      {
        "code" : "2b11e7a0-1faf-4b45-a653-4c347f019266"
      },
      {
        "code" : "1dae1e1e-306e-48f2-b9e1-2a180301d8dd"
      },
      {
        "code" : "0337193a-b5cc-43e1-a324-fa28944bfc3b"
      }]
    }]
  },
  "expansion" : {
    "contains" : [{
      "system" : "urn:oid:1.2.208.176.2.21",
      "code" : "7e608d37-3f3c-4374-bbc8-e317505d8bc2",
      "display" : "Samfundsliv"
    },
    {
      "system" : "urn:oid:1.2.208.176.2.21",
      "code" : "ebd91b5e-114a-48a5-90b8-d3c1fd50b72b",
      "display" : "Viden og udvikling"
    },
    {
      "system" : "urn:oid:1.2.208.176.2.21",
      "code" : "ecb5e72d-40a2-4af3-9135-25974026bf02",
      "display" : "Ernæring"
    },
    {
      "system" : "urn:oid:1.2.208.176.2.21",
      "code" : "b9c4561d-20bc-48c9-a727-fea719424a86",
      "display" : "Praktiske opgaver"
    },
    {
      "system" : "urn:oid:1.2.208.176.2.21",
      "code" : "ddbd7477-9579-4a83-a3e7-74ed716a0451",
      "display" : "Hud og hævelser"
    },
    {
      "system" : "urn:oid:1.2.208.176.2.21",
      "code" : "e3242303-2506-4a09-ac65-59dfd06cb489",
      "display" : "Mobilitet"
    },
    {
      "system" : "urn:oid:1.2.208.176.2.21",
      "code" : "df62498e-7ad1-4f01-93ce-a0441f879a2c",
      "display" : "Egenomsorg"
    },
    {
      "system" : "urn:oid:1.2.208.176.2.21",
      "code" : "99b18761-88d7-44b2-915d-c64aa0b3b562",
      "display" : "Hjerte og lunger"
    },
    {
      "system" : "urn:oid:1.2.208.176.2.21",
      "code" : "2b11e7a0-1faf-4b45-a653-4c347f019266",
      "display" : "Bevægeapperatet"
    },
    {
      "system" : "urn:oid:1.2.208.176.2.21",
      "code" : "1dae1e1e-306e-48f2-b9e1-2a180301d8dd",
      "display" : "Mentale funktioner"
    },
    {
      "system" : "urn:oid:1.2.208.176.2.21",
      "code" : "0337193a-b5cc-43e1-a324-fa28944bfc3b",
      "display" : "Sanser og smerter"
    }]
  }
}