{
  "resourceType" : "ValueSet",
  "id" : "e71e8bb8-1f0d-4093-9e77-cb0ca05963a2-75",
  "url" : "http://hl7.org/fhir/comparison/ValueSet/e71e8bb8-1f0d-4093-9e77-cb0ca05963a2-75",
  "name" : "IntersectionKLEncounterTypesAndKLEncounterTypes",
  "title" : "Intersection of KLKontaktTyper And KLKontaktTyper",
  "status" : "active",
  "date" : "2023-07-10T23:08:20+02:00",
  "compose" : {
    "include" : [{
      "filter" : [{
        "property" : "concept",
        "op" : "descendent-of",
        "value" : "25303acd-dcaf-4a8e-a8a3-3961a43858aa"
      }]
    }]
  },
  "expansion" : {
    "contains" : [{
      "system" : "http://fhir.kl.dk/term/CodeSystem/CareSocialCodes",
      "code" : "829ac647-c7fc-4964-836b-f708d886e0e3",
      "display" : "oplysning"
    },
    {
      "system" : "http://fhir.kl.dk/term/CodeSystem/CareSocialCodes",
      "code" : "bb6fc544-7f4f-4b50-8868-1431e0df2381",
      "display" : "observation"
    },
    {
      "system" : "http://fhir.kl.dk/term/CodeSystem/CareSocialCodes",
      "code" : "784275f1-6822-4a88-b361-d958007d5253",
      "display" : "udførelse af planlagt indsats"
    },
    {
      "system" : "http://fhir.kl.dk/term/CodeSystem/CareSocialCodes",
      "code" : "9269c9a2-8220-447b-a127-811275b41062",
      "display" : "vurdering/bevilling"
    },
    {
      "system" : "http://fhir.kl.dk/term/CodeSystem/CareSocialCodes",
      "code" : "15775b0a-7ec6-469e-9d3c-a81fbc9a1b45",
      "display" : "udførelse af akutindsats"
    },
    {
      "system" : "http://fhir.kl.dk/term/CodeSystem/CareSocialCodes",
      "code" : "9f03dfbb-7a97-45a5-94db-d4c3501714a9",
      "display" : "opfølgning"
    },
    {
      "system" : "http://fhir.kl.dk/term/CodeSystem/CareSocialCodes",
      "code" : "c03b426a-4348-407f-b343-f4baa9759c72",
      "display" : "udførelse af ikke-bevilget indsats"
    }]
  }
}