{
  "resourceType" : "ValueSet",
  "id" : "e71e8bb8-1f0d-4093-9e77-cb0ca05963a2-83",
  "url" : "http://hl7.org/fhir/comparison/ValueSet/e71e8bb8-1f0d-4093-9e77-cb0ca05963a2-83",
  "name" : "UnionKLFollowUpCodesAndKLFollowUpCodes",
  "title" : "Union of KLOpfølgningKodes And KLOpfølgningKodes",
  "status" : "active",
  "date" : "2023-07-10T23:08:21+02:00",
  "compose" : {
    "include" : [{
      "valueSet" : ["http://fhir.kl.dk/term/ValueSet/KLFollowUpCodesFFB"]
    },
    {
      "valueSet" : ["http://fhir.kl.dk/term/ValueSet/KLFollowUpCodesFSIII"]
    }]
  },
  "expansion" : {
    "contains" : [{
      "system" : "urn:oid:1.2.208.176.2.22",
      "code" : "1e971d84-10a4-4ef8-a8b3-0daa4c7d088a",
      "display" : "Træf afgørelse om fortsættelse af indsats"
    },
    {
      "system" : "urn:oid:1.2.208.176.2.22",
      "code" : "b4c01aa8-82fd-44e4-83ff-ca19ec02c779",
      "display" : "Træf afgørelse om afslutning af indsats og visiter til ny"
    },
    {
      "system" : "urn:oid:1.2.208.176.2.22",
      "code" : "d7d03656-4c87-4e67-9146-aa5990460f16",
      "display" : "Træf afgørelse om afslutning af indsats"
    },
    {
      "system" : "urn:oid:1.2.208.176.2.21",
      "code" : "E3",
      "display" : "Afsluttes"
    },
    {
      "system" : "urn:oid:1.2.208.176.2.21",
      "code" : "E1",
      "display" : "Fortsættes"
    },
    {
      "system" : "urn:oid:1.2.208.176.2.21",
      "code" : "E2",
      "display" : "Ændres inden for rammen"
    },
    {
      "system" : "urn:oid:1.2.208.176.2.21",
      "code" : "E4",
      "display" : "Revisitation"
    }]
  }
}