{
  "resourceType" : "ValueSet",
  "id" : "e71e8bb8-1f0d-4093-9e77-cb0ca05963a2-149",
  "url" : "http://hl7.org/fhir/comparison/ValueSet/e71e8bb8-1f0d-4093-9e77-cb0ca05963a2-149",
  "name" : "UnionKLPreventionInterventionsFSIIIAndKLPreventionInterventionsFSIII",
  "title" : "Union of KLForebyggelseIndsatserFSIII And KLForebyggelseIndsatserFSIII",
  "status" : "active",
  "date" : "2023-07-10T23:08:21+02:00",
  "compose" : {
    "include" : [{
      "filter" : [{
        "property" : "concept",
        "op" : "descendent-of",
        "value" : "102ea764-d2cf-4a24-979d-68c2e8d638cf"
      }]
    }]
  },
  "expansion" : {
    "contains" : [{
      "system" : "urn:oid:1.2.208.176.2.21",
      "code" : "f30cab6d-2a42-4358-99d7-811127fb6e05",
      "display" : "Mental håndtering"
    },
    {
      "system" : "urn:oid:1.2.208.176.2.21",
      "code" : "e71b7d85-5c78-49c2-8624-8499d162317b",
      "display" : "Sygdomshåndtering"
    },
    {
      "system" : "urn:oid:1.2.208.176.2.21",
      "code" : "6eddbaf7-2a73-49d4-91e7-6138d419f58c",
      "display" : "Afklarende samtale"
    },
    {
      "system" : "urn:oid:1.2.208.176.2.21",
      "code" : "ee5606ac-1bed-487e-aa3c-72dcc30ec037",
      "display" : "Behovssamtale"
    },
    {
      "system" : "urn:oid:1.2.208.176.2.21",
      "code" : "924e9828-84cf-4689-9551-0ebb6dc71b98",
      "display" : "Samtale om alkohol"
    },
    {
      "system" : "urn:oid:1.2.208.176.2.21",
      "code" : "01a500f6-c221-4fd0-b518-cd361218b60d",
      "display" : "Madlavning i praksis"
    },
    {
      "system" : "urn:oid:1.2.208.176.2.21",
      "code" : "c203c6b5-3be0-40a8-8204-e93751deabf5",
      "display" : "Tobaksafvænning"
    },
    {
      "system" : "urn:oid:1.2.208.176.2.21",
      "code" : "cf7a55c2-7061-47ed-b7c5-e29620fe93bf",
      "display" : "Diætbehandling"
    },
    {
      "system" : "urn:oid:1.2.208.176.2.21",
      "code" : "c9a99304-1788-43b7-b7be-e187b092ae9c",
      "display" : "Kostvejledning"
    },
    {
      "system" : "urn:oid:1.2.208.176.2.21",
      "code" : "ab87c0b5-40be-4e0a-b749-d9f833bfed2d",
      "display" : "Fysisk træning"
    },
    {
      "system" : "urn:oid:1.2.208.176.2.21",
      "code" : "61692d91-69b8-4830-9453-3d58454e49d3",
      "display" : "Færdighedstræning"
    },
    {
      "system" : "urn:oid:1.2.208.176.2.21",
      "code" : "abe847e0-1ce0-44dc-a675-ce05b66f47e6",
      "display" : "Vejledning og introduktion til fysiske aktiviteter"
    },
    {
      "system" : "urn:oid:1.2.208.176.2.21",
      "code" : "03a3ebdb-9e2d-4be1-b32b-42f0bd2a3362",
      "display" : "Afsluttende samtale"
    },
    {
      "system" : "urn:oid:1.2.208.176.2.21",
      "code" : "d1e016b5-150a-4ac4-97ba-d3e19e28471e",
      "display" : "Opfølgning"
    }]
  }
}