{
  "resourceType" : "ValueSet",
  "id" : "e71e8bb8-1f0d-4093-9e77-cb0ca05963a2-156",
  "url" : "http://hl7.org/fhir/comparison/ValueSet/e71e8bb8-1f0d-4093-9e77-cb0ca05963a2-156",
  "name" : "IntersectionKLServiceCodesFFBAndKLServiceCodesFFB",
  "title" : "Intersection of KLTilbudsKoderFFB And KLTilbudsKoderFFB",
  "status" : "active",
  "date" : "2023-07-10T23:08:21+02:00",
  "compose" : {
    "include" : [{
      "concept" : [{
        "code" : "9401777d-bdc5-4f52-9804-63c8cae9a792"
      },
      {
        "code" : "a0fb02a2-367c-48bc-bacd-92e49a861a4c"
      },
      {
        "code" : "25de7444-3919-4dab-b844-8cec6c15f30e"
      },
      {
        "code" : "498fe92c-d7f7-41cd-9404-5b38fe113be0"
      },
      {
        "code" : "070016aa-e164-4813-aca5-b75acab89d63"
      },
      {
        "code" : "d90f4da6-f87a-43b5-833f-646b4baf16d6"
      },
      {
        "code" : "a7cbf55b-6906-4b2a-872e-c48b4d728837"
      },
      {
        "code" : "5ea75f09-8eec-4edc-aafd-a330a523c33e"
      }]
    }]
  },
  "expansion" : {
    "contains" : [{
      "system" : "urn:oid:1.2.208.176.2.22",
      "code" : "9401777d-bdc5-4f52-9804-63c8cae9a792",
      "display" : "Aktivitets- og samværstilbud\u00a0\u00a0"
    },
    {
      "system" : "urn:oid:1.2.208.176.2.22",
      "code" : "a0fb02a2-367c-48bc-bacd-92e49a861a4c",
      "display" : "Beskyttet beskæftigelsestilbud\u00a0\u00a0"
    },
    {
      "system" : "urn:oid:1.2.208.176.2.22",
      "code" : "25de7444-3919-4dab-b844-8cec6c15f30e",
      "display" : "Midlertidigt botilbud til voksne\u00a0\u00a0"
    },
    {
      "system" : "urn:oid:1.2.208.176.2.22",
      "code" : "498fe92c-d7f7-41cd-9404-5b38fe113be0",
      "display" : "Almindeligt længerevarende botilbud til voksne\u00a0\u00a0"
    },
    {
      "system" : "urn:oid:1.2.208.176.2.22",
      "code" : "070016aa-e164-4813-aca5-b75acab89d63",
      "display" : "Sikret længerevarende botilbud til voksne\u00a0\u00a0"
    },
    {
      "system" : "urn:oid:1.2.208.176.2.22",
      "code" : "d90f4da6-f87a-43b5-833f-646b4baf16d6",
      "display" : "Mobilt tilbud\u00a0\u00a0"
    },
    {
      "system" : "urn:oid:1.2.208.176.2.22",
      "code" : "a7cbf55b-6906-4b2a-872e-c48b4d728837",
      "display" : "Almen ældre- og handicapvenlig bolig\u00a0\u00a0"
    },
    {
      "system" : "urn:oid:1.2.208.176.2.22",
      "code" : "5ea75f09-8eec-4edc-aafd-a330a523c33e",
      "display" : "Socialt akuttilbud"
    }]
  }
}