{
  "resourceType" : "ValueSet",
  "id" : "e71e8bb8-1f0d-4093-9e77-cb0ca05963a2-183",
  "url" : "http://hl7.org/fhir/comparison/ValueSet/e71e8bb8-1f0d-4093-9e77-cb0ca05963a2-183",
  "name" : "IntersectionKLTrainingInterventionsFSIIIAndKLTrainingInterventionsFSIII",
  "title" : "Intersection of KLTræningIndsatserFSIII And KLTræningIndsatserFSIII",
  "status" : "active",
  "date" : "2023-07-10T23:08:21+02:00",
  "compose" : {
    "include" : [{
      "filter" : [{
        "property" : "concept",
        "op" : "descendent-of",
        "value" : "7deb81de-12c0-4a49-bd5b-72ea6fe89d83"
      }]
    }]
  },
  "expansion" : {
    "contains" : [{
      "system" : "urn:oid:1.2.208.176.2.21",
      "code" : "58293f63-00d7-4730-8dbc-c784d40f9e23",
      "display" : "Funktionstræning"
    },
    {
      "system" : "urn:oid:1.2.208.176.2.21",
      "code" : "2abe20c7-c0b4-41c1-b397-52acf36499ef",
      "display" : "Fysisk træning"
    },
    {
      "system" : "urn:oid:1.2.208.176.2.21",
      "code" : "7f825e3e-1a5c-4249-bf41-9f7171fb6b8a",
      "display" : "ADL-træning"
    },
    {
      "system" : "urn:oid:1.2.208.176.2.21",
      "code" : "571fa7da-a155-4a84-b780-ef19170d48a0",
      "display" : "Opfølgning"
    },
    {
      "system" : "urn:oid:1.2.208.176.2.21",
      "code" : "ba3e17bd-d4aa-4848-acad-25adc8285c19",
      "display" : "Koordinering og kommunikation"
    },
    {
      "system" : "urn:oid:1.2.208.176.2.21",
      "code" : "8d714c98-f23a-4722-8a2f-85c162fe4840",
      "display" : "Psykomotorisk træning"
    },
    {
      "system" : "urn:oid:1.2.208.176.2.21",
      "code" : "66fb32c9-ecc3-484b-be49-f20094be237c",
      "display" : "Vejledning og undervisning"
    },
    {
      "system" : "urn:oid:1.2.208.176.2.21",
      "code" : "1130ad70-6553-490d-87f8-5e8941687a0c",
      "display" : "Terapeutfaglig udredning"
    },
    {
      "system" : "urn:oid:1.2.208.176.2.21",
      "code" : "2c661159-1bb3-4af2-bdf1-f3a9927a99e2",
      "display" : "Kognitiv træning"
    },
    {
      "system" : "urn:oid:1.2.208.176.2.21",
      "code" : "f8ac963c-6ec5-4ec5-bd90-a22fea4e2d16",
      "display" : "Manuel behandling"
    }]
  }
}