{
  "resourceType" : "ValueSet",
  "id" : "e71e8bb8-1f0d-4093-9e77-cb0ca05963a2-159",
  "url" : "http://hl7.org/fhir/comparison/ValueSet/e71e8bb8-1f0d-4093-9e77-cb0ca05963a2-159",
  "name" : "IntersectionKLServicesTypesAndKLServicesTypes",
  "title" : "Intersection of KLServiceTyper And KLServiceTyper",
  "status" : "active",
  "date" : "2023-07-10T23:08:21+02:00",
  "compose" : {
    "include" : [{
      "filter" : [{
        "property" : "concept",
        "op" : "descendent-of",
        "value" : "7b41185e-eeb4-437d-8120-5d51bbd27a79"
      }]
    }]
  },
  "expansion" : {
    "contains" : [{
      "system" : "http://fhir.kl.dk/term/CodeSystem/CareSocialCodes",
      "code" : "490ab7be-ddb1-4a54-baf1-009fe6e8a83b",
      "display" : "Hjemmesygepleje"
    },
    {
      "system" : "http://fhir.kl.dk/term/CodeSystem/CareSocialCodes",
      "code" : "ad865929-7363-4b2d-a271-01993181fbaf",
      "display" : "Hjemmepleje"
    },
    {
      "system" : "http://fhir.kl.dk/term/CodeSystem/CareSocialCodes",
      "code" : "7fc66c15-0cb3-4c89-9e18-f3a01e6a6592",
      "display" : "Træning"
    },
    {
      "system" : "http://fhir.kl.dk/term/CodeSystem/CareSocialCodes",
      "code" : "a71921ea-fe83-441d-933b-cc21d0b3c8c3",
      "display" : "Sundhedsfremme og forebyggelse"
    },
    {
      "system" : "http://fhir.kl.dk/term/CodeSystem/CareSocialCodes",
      "code" : "4a297733-4d66-4726-a933-590d55cf91e0",
      "display" : "Social indsats"
    }]
  }
}