{
  "resourceType" : "ValueSet",
  "id" : "KLCitizenObservationCodesFSIII",
  "text" : {
    "status" : "extensions",
    "div" : "<div xmlns=\"http://www.w3.org/1999/xhtml\"><p class=\"res-header-id\"><b>Generated Narrative: ValueSet KLCitizenObservationCodesFSIII</b></p><a name=\"KLCitizenObservationCodesFSIII\"> </a><a name=\"hcKLCitizenObservationCodesFSIII\"> </a><a name=\"KLCitizenObservationCodesFSIII-en-US\"> </a><ul><li>Include these codes as defined in <a href=\"CodeSystem-FSIII.html\"><code>urn:oid:1.2.208.176.2.21</code></a><table class=\"none\"><tr><td style=\"white-space:nowrap\"><b>Code</b></td><td><b>Display</b></td><td><b>Definition</b></td></tr><tr><td><a href=\"CodeSystem-FSIII.html#FSIII-d6d48a71-b96f-4b88-86f9-b13bd3c03560\">d6d48a71-b96f-4b88-86f9-b13bd3c03560</a></td><td style=\"color: #cccccc\">Udførelse</td><td>Udførelse</td></tr><tr><td><a href=\"CodeSystem-FSIII.html#FSIII-687159ad-a61c-47c0-a878-53aa54bae2d5\">687159ad-a61c-47c0-a878-53aa54bae2d5</a></td><td style=\"color: #cccccc\">Betydning</td><td>Betydning</td></tr><tr><td><a href=\"CodeSystem-FSIII.html#FSIII-C\">C</a></td><td style=\"color: #cccccc\">Udførelse</td><td>Udførelse</td></tr><tr><td><a href=\"CodeSystem-FSIII.html#FSIII-D\">D</a></td><td style=\"color: #cccccc\">Betydning</td><td>Betydning</td></tr></table></li></ul></div>"
  },
  "url" : "http://fhir.kl.dk/term/ValueSet/KLCitizenObservationCodesFSIII",
  "version" : "2.2.0",
  "name" : "KLCitizenObservationCodesFSIII",
  "title" : "KLBorgervurderingsObservationskoderFSIII",
  "status" : "active",
  "experimental" : false,
  "date" : "2024-10-31T13:15:50+01:00",
  "publisher" : "Kommunernes Landsforening",
  "contact" : [{
    "name" : "Kommunernes Landsforening",
    "telecom" : [{
      "system" : "url",
      "value" : "http://kl.dk"
    }]
  }],
  "description" : "Observation codes for citizens own observations as defined by FSIII",
  "compose" : {
    "include" : [{
      "system" : "urn:oid:1.2.208.176.2.21",
      "concept" : [{
        "code" : "d6d48a71-b96f-4b88-86f9-b13bd3c03560"
      },
      {
        "code" : "687159ad-a61c-47c0-a878-53aa54bae2d5"
      },
      {
        "code" : "C"
      },
      {
        "code" : "D"
      }]
    }]
  }
}