<?xml version="1.0" encoding="UTF-8"?>

<ValueSet xmlns="http://hl7.org/fhir">
  <id value="ServiceRequestTypes140"/>
  <text>
    <status value="extensions"/><div xmlns="http://www.w3.org/1999/xhtml"><p class="res-header-id"><b>Generated Narrative: ValueSet ServiceRequestTypes140</b></p><a name="ServiceRequestTypes140"> </a><a name="hcServiceRequestTypes140"> </a><a name="hcServiceRequestTypes140-en-US"> </a><ul><li>Include these codes as defined in <a href="http://fhir.kl.dk/term/2.1.0/CodeSystem-CareSocialCodes.html"><code>http://fhir.kl.dk/term/CodeSystem/CareSocialCodes</code></a><table class="none"><tr><td style="white-space:nowrap"><b>Code</b></td><td><b>Display</b></td><td><b>Definition</b></td></tr><tr><td><a href="http://fhir.kl.dk/term/2.1.0/CodeSystem-CareSocialCodes.html#CareSocialCodes-ffd81f78-352e-4589-a195-5350dd1df2a4">ffd81f78-352e-4589-a195-5350dd1df2a4</a></td><td style="color: #cccccc">Almen</td><td>Midlertidig kopi af MedComs kode for genoptræning på alment niveau, som specificeret af den gode genoptræningsplan, https://svn.medcom.dk/svn/releases/Standarder/National%20Sygehus-Kommunesamarbejde/GGOP/Dokumentation/GGOP.pdf</td></tr><tr><td><a href="http://fhir.kl.dk/term/2.1.0/CodeSystem-CareSocialCodes.html#CareSocialCodes-8b962281-2ab6-4b10-9c91-4bac592d6d49">8b962281-2ab6-4b10-9c91-4bac592d6d49</a></td><td style="color: #cccccc">Basal</td><td>Almen genoptræning på basalt niveau</td></tr><tr><td><a href="http://fhir.kl.dk/term/2.1.0/CodeSystem-CareSocialCodes.html#CareSocialCodes-b679c454-2da2-46dd-9425-0e52d4aa2bf3">b679c454-2da2-46dd-9425-0e52d4aa2bf3</a></td><td style="color: #cccccc">Avanceret</td><td>Almen genoptræning på avanceret niveau</td></tr><tr><td><a href="http://fhir.kl.dk/term/2.1.0/CodeSystem-CareSocialCodes.html#CareSocialCodes-0c8e2bfc-1350-45d1-90da-c07e2645d073">0c8e2bfc-1350-45d1-90da-c07e2645d073</a></td><td style="color: #cccccc">Specialiseret</td><td>Midlertidig kopi af MedComs kode for genoptræning på specialieret niveau, som specificeret af den gode genoptræningsplan, https://svn.medcom.dk/svn/releases/Standarder/National%20Sygehus-Kommunesamarbejde/GGOP/Dokumentation/GGOP.pdf</td></tr><tr><td><a href="http://fhir.kl.dk/term/2.1.0/CodeSystem-CareSocialCodes.html#CareSocialCodes-83c89857-8fb8-4163-97b1-eb1a56345c29">83c89857-8fb8-4163-97b1-eb1a56345c29</a></td><td style="color: #cccccc">Rehabilitering</td><td>Midlertidig kopi af MedComs kode for rehabilitering på specialiseret niveau, som specificeret af den gode genoptræningsplan, https://svn.medcom.dk/svn/releases/Standarder/National%20Sygehus-Kommunesamarbejde/GGOP/Dokumentation/GGOP.pdf</td></tr></table></li></ul></div>
  </text>
  <url value="http://fhir.kl.dk/rehab/ValueSet/ServiceRequestTypes140"/>
  <version value="2.1.1"/>
  <name value="ServiceRequestTypes140"/>
  <title value="ServiceRequestTypes"/>
  <status value="active"/>
  <experimental value="false"/>
  <date value="2024-07-01T23:09:09+02:00"/>
  <publisher value="Kommunernes Landsforening"/>
  <contact>
    <name value="Kommunernes Landsforening"/>
    <telecom>
      <system value="url"/>
      <value value="http://kl.dk"/>
    </telecom>
  </contact>
  <description value="The type of ServicRequest (GGOP), as defined by MedCom, supplemented by the two municipality specific types"/>
  <compose>
    <include>
      <system value="http://fhir.kl.dk/term/CodeSystem/CareSocialCodes"/>
      <concept>
        <code value="ffd81f78-352e-4589-a195-5350dd1df2a4"/>
      </concept>
      <concept>
        <code value="8b962281-2ab6-4b10-9c91-4bac592d6d49"/>
      </concept>
      <concept>
        <code value="b679c454-2da2-46dd-9425-0e52d4aa2bf3"/>
      </concept>
      <concept>
        <code value="0c8e2bfc-1350-45d1-90da-c07e2645d073"/>
      </concept>
      <concept>
        <code value="83c89857-8fb8-4163-97b1-eb1a56345c29"/>
      </concept>
    </include>
  </compose>
</ValueSet>