<?xml version="1.0" encoding="UTF-8"?>

<ValueSet xmlns="http://hl7.org/fhir">
  <id value="CarePlanCategories140"/>
  <text>
    <status value="extensions"/><div xmlns="http://www.w3.org/1999/xhtml"><ul><li>Include these codes as defined in <a href="http://fhir.kl.dk/term/2.1.0/CodeSystem-CareSocialCodes.html"><code>http://fhir.kl.dk/term/CodeSystem/CareSocialCodes</code></a><table class="none"><tr><td style="white-space:nowrap"><b>Code</b></td><td><b>Display</b></td><td><b>Definition</b></td></tr><tr><td><a href="http://fhir.kl.dk/term/2.1.0/CodeSystem-CareSocialCodes.html#CareSocialCodes-4863001e-14c7-4be8-a2da-e4f21a4b6ac4">4863001e-14c7-4be8-a2da-e4f21a4b6ac4</a></td><td style="color: #cccccc">Opfølgningsforløb efter §140</td><td>Planlagt indsatsforløb efter §140 der består af opfølgningsindsatser. Anvendes hvis der i forvejen planlægges opfølgning ved flere forskellige lejligheder fx efter 2,4 og 6 måneder.</td></tr><tr><td><a href="http://fhir.kl.dk/term/2.1.0/CodeSystem-CareSocialCodes.html#CareSocialCodes-f15b2663-94d9-4d0c-a5de-d8bd8e1e4ebb">f15b2663-94d9-4d0c-a5de-d8bd8e1e4ebb</a></td><td style="color: #cccccc">Interventionsforløb efter §140</td><td>Et planlagt §140 indsatsforløb, som udelukkende indeholder interventioner, og som leveres samlet. Med interventioner menes indsatser, der søger at forbedre borgers tilstand. For §140 kunne et interventionsforløb fx være et Knæ-genoptræningshold der indeholder indsatserne fysisk træning, funktionstræning og vejledning og undervisning.</td></tr></table></li></ul></div>
  </text>
  <url value="http://fhir.kl.dk/rehab/ValueSet/CarePlanCategories140"/>
  <version value="2.1.1"/>
  <name value="CarePlanCategories140"/>
  <title value="CarePlanCategories"/>
  <status value="active"/>
  <experimental value="false"/>
  <date value="2024-06-24T12:49:29+02:00"/>
  <publisher value="Kommunernes Landsforening"/>
  <contact>
    <name value="Kommunernes Landsforening"/>
    <telecom>
      <system value="url"/>
      <value value="http://kl.dk"/>
    </telecom>
  </contact>
  <description value="The care plan categories usefull for §140"/>
  <compose>
    <include>
      <system value="http://fhir.kl.dk/term/CodeSystem/CareSocialCodes"/>
      <concept>
        <code value="4863001e-14c7-4be8-a2da-e4f21a4b6ac4"/>
      </concept>
      <concept>
        <code value="f15b2663-94d9-4d0c-a5de-d8bd8e1e4ebb"/>
      </concept>
    </include>
  </compose>
</ValueSet>