<?xml version="1.0" encoding="UTF-8"?>

<Patient xmlns="http://hl7.org/fhir">
  <id value="BrunoTestElmer"/>
  <meta>
    <profile value="http://fhir.kl.dk/prevention/StructureDefinition/klgateway-119-citizen"/>
  </meta>
  <text>
    <status value="generated"/><div xmlns="http://www.w3.org/1999/xhtml"><p style="border: 1px #661aff solid; background-color: #e6e6ff; padding: 10px;"><b>Anonymous Patient</b> (no stated gender), DoB Unknown ( <code>urn:oid:1.2.208.176.1.2</code>/2509479989 (use: official))</p><hr/><table class="grid"><tr><td style="background-color: #f3f5da" title="Known status of Patient">Deceased:</td><td colspan="3">false</td></tr><tr><td style="background-color: #f3f5da" title="Patient Links">Links:</td><td colspan="3"><ul><li>Managing Organization: <span><code>urn:oid:1.2.208.176.1.1</code>/451000016003 (use: official)</span></li></ul></td></tr></table></div>
  </text>
  <identifier>
    <use value="official"/>
    <system value="urn:oid:1.2.208.176.1.2"/>
    <value value="2509479989"/>
  </identifier>
  <deceasedBoolean value="false"/>
  <managingOrganization>
    <identifier>
      <use value="official"/>
      <system value="urn:oid:1.2.208.176.1.1"/>
      <value value="451000016003"/>
    </identifier>
  </managingOrganization>
</Patient>