URL,Version,Status,OIDs,Name,Title,Descriptino,Used
http://fhir.kl.dk/term/CodeSystem/CareSocialCodes,2.1.0,active,,CareSocialCodes,CareSocialCodes,"Administrative/technical codes in Local Govenment Denmark (KL), associated with common use cases across areas or kl-core","ValueSet/EncounterClassCodes,ValueSet/FindingInformerCodes"
http://fhir.kl.dk/term/CodeSystem/FBOE,2.1.0,active,,FBOE,FBOE,"Concepts used for standardizing documentation for Danish postpartum nursing/childrens health promotion program in schools (Da: Sundhedsplejen). The concepts are utilized in the National Database for Children and Youth (LDBU).","ValueSet/EncounterTypes,ValueSet/PhysicalActivityCodes,ValueSet/ParentSocialStatusCodes,ValueSet/NicotineCodes,ValueSet/ParentsMentalCodes,ValueSet/HearingCodes,ValueSet/PassiveSmokingCodes,ValueSet/ChildrenParentRelationshipCodes,ValueSet/CommunicationCodes,ValueSet/KLHealthNurseInterventions,ValueSet/SightCodes,ValueSet/ExamResults,ValueSet/FeedingResultsChildren,ValueSet/SocialSupportNetworkCodes,ValueSet/SleepCodes,ValueSet/KLHealthNurseConditions,ValueSet/SocialInteractionCodes,ValueSet/IndicatorCodesChildren,ValueSet/MotorFunctionCodes,ValueSet/NutritionCodes"
http://snomed.info/sct,2.0.1,active,"2.16.840.1.113883.6.96",SNOMED_CT_INT,SNOMED CT International Edition,"SNOMED CT is a core clinical healthcare terminology that contains concepts with unique meanings and formal logic based definitions organized into hierarchies.","ValueSet/BodyheightSCTobservablesChildren"
http://terminology.hl7.org/CodeSystem/v3-RoleCode,3.0.0,active,"2.16.840.1.113883.5.111",RoleCode,RoleCode,"A set of codes further specifying the kind of Role; specific classification codes for further qualifying RoleClass codes.","ValueSet/ParentTypes"
http://unitsofmeasure.org,3.0.0,active,"2.16.840.1.113883.6.8",UCUM,Unified Code for Units of Measure (UCUM),"The Unified Code for Units of Measure (UCUM) is a code system intended to include all units of measures being contemporarily used in international science, engineering, and business. The purpose is to facilitate unambiguous electronic communication of quantities together with their units. The focus is on electronic communication, as opposed to communication between humans. A typical application of The Unified Code for Units of Measure are electronic data interchange (EDI) protocols, but there is nothing that prevents it from being used in other types of machine communication.","ValueSet/ObservationUnitsWeight"
