{"resourceType":"CodeSystem","id":"SNOMED-CT-INT","language":"en","text":{"status":"generated","div":"<div xmlns=\"http://www.w3.org/1999/xhtml\" xml:lang=\"en\" lang=\"en\"><p>This case-sensitive code system <code>http://snomed.info/sct</code> provides <b>a fragment</b> that includes following codes:</p><table class=\"codes\"><tr><td style=\"white-space:nowrap\"><b>Code</b></td><td><b>Display</b></td></tr><tr><td style=\"white-space:nowrap\">27113001<a name=\"SNOMED-CT-INT-27113001\"> </a></td><td>Body weight</td></tr><tr><td style=\"white-space:nowrap\">363812007<a name=\"SNOMED-CT-INT-363812007\"> </a></td><td>Head circumference</td></tr><tr><td style=\"white-space:nowrap\">229819007<a name=\"SNOMED-CT-INT-229819007\"> </a></td><td>Tobacco use and exposure (observable entity)</td></tr><tr><td style=\"white-space:nowrap\">285854004<a name=\"SNOMED-CT-INT-285854004\"> </a></td><td>Emotion</td></tr><tr><td style=\"white-space:nowrap\">276885007<a name=\"SNOMED-CT-INT-276885007\"> </a></td><td>Core body temperature</td></tr><tr><td style=\"white-space:nowrap\">1153637007<a name=\"SNOMED-CT-INT-1153637007\"> </a></td><td>Body height (observable entity)</td></tr><tr><td style=\"white-space:nowrap\">248333004<a name=\"SNOMED-CT-INT-248333004\"> </a></td><td>Standing height</td></tr><tr><td style=\"white-space:nowrap\">1149101003<a name=\"SNOMED-CT-INT-1149101003\"> </a></td><td>Recumbent body height (observable entity)</td></tr><tr><td style=\"white-space:nowrap\">225597007<a name=\"SNOMED-CT-INT-225597007\"> </a></td><td>Ability to interact with others (observable entity)</td></tr><tr><td style=\"white-space:nowrap\">450320001<a name=\"SNOMED-CT-INT-450320001\"> </a></td><td>Edinburgh postnatal depression scale score</td></tr><tr><td style=\"white-space:nowrap\">718133008<a name=\"SNOMED-CT-INT-718133008\"> </a></td><td>Strengths and Difficulties Questionnaire for parents or teachers of 4-17 year olds score</td></tr><tr><td style=\"white-space:nowrap\">717639006<a name=\"SNOMED-CT-INT-717639006\"> </a></td><td>Strengths and Difficulties Questionnaire self-rated for 11-17 year old score</td></tr><tr><td style=\"white-space:nowrap\">169740003<a name=\"SNOMED-CT-INT-169740003\"> </a></td><td>Infant feeding method (observable entity)</td></tr><tr><td style=\"white-space:nowrap\">363788007<a name=\"SNOMED-CT-INT-363788007\"> </a></td><td>Clinical history/examination observable (observable entity)</td></tr></table></div>"},"extension":[{"url":"http://hl7.org/fhir/StructureDefinition/codesystem-properties-mode","valueCode":"not-present"}],"url":"http://snomed.info/sct","identifier":[{"system":"urn:ietf:rfc:3986","value":"urn:oid:2.16.840.1.113883.6.96"}],"version":"2.0.1","name":"SNOMED_CT_INT","title":"SNOMED CT International Edition","status":"active","experimental":false,"date":"2023-09-30","publisher":"Kommunernes Landsforening","contact":[{"name":"Kommunernes Landsforening","telecom":[{"system":"url","value":"http://kl.dk"}]}],"description":"SNOMED CT is a core clinical healthcare terminology that contains concepts with unique meanings and formal logic based definitions organized into hierarchies.","copyright":"This artefact includes content from SNOMED Clinical Terms (SNOMED CT) which is copyrighted material of the International Health Terminology Standards Development Organisation (IHTSDO). Where an implementation of this artefact makes use of SNOMED CT content, the implementer must have the appropriate SNOMED CT Affiliate license - for more information contact http://www.snomed.org/snomed-ct/get-snomed-ct or info@snomed.org","caseSensitive":true,"content":"fragment","concept":[{"code":"27113001","display":"Body weight"},{"code":"363812007","display":"Head circumference"},{"code":"229819007","display":"Tobacco use and exposure (observable entity)"},{"code":"285854004","display":"Emotion"},{"code":"276885007","display":"Core body temperature"},{"code":"1153637007","display":"Body height (observable entity)"},{"code":"248333004","display":"Standing height"},{"code":"1149101003","display":"Recumbent body height (observable entity)"},{"code":"225597007","display":"Ability to interact with others (observable entity)"},{"code":"450320001","display":"Edinburgh postnatal depression scale score"},{"code":"718133008","display":"Strengths and Difficulties Questionnaire for parents or teachers of 4-17 year olds score"},{"code":"717639006","display":"Strengths and Difficulties Questionnaire self-rated for 11-17 year old score"},{"code":"169740003","display":"Infant feeding method (observable entity)"},{"code":"363788007","display":"Clinical history/examination observable (observable entity)"}]}