{"resourceType":"ValueSet","id":"ParentTypes","text":{"status":"extensions","div":"<div xmlns=\"http://www.w3.org/1999/xhtml\"><p class=\"res-header-id\"><b>Generated Narrative: ValueSet ParentTypes</b></p><a name=\"ParentTypes\"> </a><a name=\"hcParentTypes\"> </a><a name=\"hcParentTypes-en-US\"> </a><ul><li>Include these codes as defined in <a href=\"http://terminology.hl7.org/5.5.0/CodeSystem-v3-RoleCode.html\"><code>http://terminology.hl7.org/CodeSystem/v3-RoleCode</code></a><table class=\"none\"><tr><td style=\"white-space:nowrap\"><b>Code</b></td><td><b>Display</b></td><td><b>Definition</b></td></tr><tr><td><a href=\"http://terminology.hl7.org/5.5.0/CodeSystem-v3-RoleCode.html#v3-RoleCode-PRN\">PRN</a></td><td style=\"color: #cccccc\">parent</td><td>The player of the role is one who begets, gives birth to, or nurtures and raises the scoping entity (child).</td></tr></table></li></ul></div>"},"url":"http://fhir.kl.dk/children/ValueSet/ParentTypes","version":"2.0.1","name":"ParentTypes","title":"ForælderTyper","status":"active","experimental":false,"date":"2024-07-01T22:52:03+02:00","publisher":"Kommunernes Landsforening","contact":[{"name":"Kommunernes Landsforening","telecom":[{"system":"url","value":"http://kl.dk"}]}],"description":"Limitation on HL7 role class to only represent parent-relationships, as accepted in the children data-set","compose":{"include":[{"system":"http://terminology.hl7.org/CodeSystem/v3-RoleCode","concept":[{"code":"PRN"}]}]}}