{"resourceType":"ValueSet","id":"NutritionCodes","text":{"status":"extensions","div":"<div xmlns=\"http://www.w3.org/1999/xhtml\"><p class=\"res-header-id\"><b>Generated Narrative: ValueSet NutritionCodes</b></p><a name=\"NutritionCodes\"> </a><a name=\"hcNutritionCodes\"> </a><a name=\"hcNutritionCodes-en-US\"> </a><ul><li>Include these codes as defined in <a href=\"http://fhir.kl.dk/term/2.1.0/CodeSystem-FBOE.html\"><code>http://fhir.kl.dk/term/CodeSystem/FBOE</code></a><table class=\"none\"><tr><td style=\"white-space:nowrap\"><b>Code</b></td><td><b>Display</b></td><td><b>Definition</b></td></tr><tr><td><a href=\"http://fhir.kl.dk/term/2.1.0/CodeSystem-FBOE.html#FBOE-78dcf013-8ae9-4541-b175-100cde77a9f0\">78dcf013-8ae9-4541-b175-100cde77a9f0</a></td><td style=\"color: #cccccc\">Almindeligt kostindtag</td><td>Skolebørn: Barnet spiser mad i tilstrækkelig mængde, og med passende sammensætning.</td></tr><tr><td><a href=\"http://fhir.kl.dk/term/2.1.0/CodeSystem-FBOE.html#FBOE-abecea75-32cd-4388-80fd-319a30701bf6\">abecea75-32cd-4388-80fd-319a30701bf6</a></td><td style=\"color: #cccccc\">Enkelte udfordringer med kost</td><td>Skolebørn: Der er enkelte udfordringer med barnets kost. Fx for meget sukker og fedt, får sjældent fisk, eller barnet drikker ikke mælk.</td></tr><tr><td><a href=\"http://fhir.kl.dk/term/2.1.0/CodeSystem-FBOE.html#FBOE-019e3a2d-775c-4660-8183-75206b47048f\">019e3a2d-775c-4660-8183-75206b47048f</a></td><td style=\"color: #cccccc\">Problem med kost</td><td>Skolebørn: Der er problemer med barnets kost. Fx barnet er meget småtspisende, overspisende eller får meget ensidig kost. Fx ikke frugt/grønt, mælk og for meget sukker og fedt.</td></tr></table></li></ul></div>"},"url":"http://fhir.kl.dk/children/ValueSet/NutritionCodes","version":"2.0.1","name":"NutritionCodes","title":"ErnæringKoder","status":"active","experimental":false,"date":"2024-07-01T22:52:03+02:00","publisher":"Kommunernes Landsforening","contact":[{"name":"Kommunernes Landsforening","telecom":[{"system":"url","value":"http://kl.dk"}]}],"description":"Mandatory result values for nutrition in school children","compose":{"include":[{"system":"http://fhir.kl.dk/term/CodeSystem/FBOE","concept":[{"code":"78dcf013-8ae9-4541-b175-100cde77a9f0"},{"code":"abecea75-32cd-4388-80fd-319a30701bf6"},{"code":"019e3a2d-775c-4660-8183-75206b47048f"}]}]}}