{"resourceType":"ValueSet","id":"TobaccoObservablesChildren","text":{"status":"generated","div":"<div xmlns=\"http://www.w3.org/1999/xhtml\"><ul><li>Include these codes as defined in <a href=\"http://www.snomed.org/\"><code>http://snomed.info/sct</code></a><table class=\"none\"><tr><td style=\"white-space:nowrap\"><b>Code</b></td><td><b>Display</b></td></tr><tr><td><a href=\"CodeSystem-SNOMED-CT-INT.html#SNOMED-CT-INT-229819007\">229819007</a></td><td style=\"color: #cccccc\">Tobacco use and exposure (observable entity)</td></tr></table></li></ul></div>"},"url":"http://fhir.kl.dk/children/ValueSet/TobaccoObservablesChildren","version":"1.0.0","name":"TobaccoObservablesChildren","title":"TobaccoobservablesChildren","status":"active","experimental":false,"date":"2023-09-30T15:40:30+02:00","publisher":"Kommunernes Landsforening","contact":[{"name":"Kommunernes Landsforening","telecom":[{"system":"url","value":"http://kl.dk"}]}],"description":"SNOMED CT observables for tobacco use and exposure","compose":{"include":[{"system":"http://snomed.info/sct","concept":[{"code":"229819007"}]}]}}