{"resourceType":"ValueSet","id":"IndicatorCodesChildren","text":{"status":"extensions","div":"<div xmlns=\"http://www.w3.org/1999/xhtml\"><ul><li>Include these codes as defined in <a href=\"http://fhir.kl.dk/term/2.0.0/CodeSystem-FBOE.html\"><code>http://fhir.kl.dk/term/CodeSystem/FBOE</code></a><table class=\"none\"><tr><td style=\"white-space:nowrap\"><b>Code</b></td><td><b>Display</b></td><td><b>Definition</b></td></tr><tr><td><a href=\"http://fhir.kl.dk/term/2.0.0/CodeSystem-FBOE.html#FBOE-2c39af9f-8e45-4c88-962f-e7a9e2cd31b6\">2c39af9f-8e45-4c88-962f-e7a9e2cd31b6</a></td><td style=\"color: #cccccc\">Forælders psykiske tilstand</td><td>Småbørn: Sundhedsplejerskens vurdering af den øjeblikkelige psykiske og emotionelle tilstand ifm. at få et barn. Fx nedtrykthed, modløshed, irritabilitet, ængstelse eller overbekymrethed.</td></tr><tr><td><a href=\"http://fhir.kl.dk/term/2.0.0/CodeSystem-FBOE.html#FBOE-58997614-ba43-4534-90bd-10c7e76802f4\">58997614-ba43-4534-90bd-10c7e76802f4</a></td><td style=\"color: #cccccc\">Forælders sårbarhed</td><td>Småbørn: Sundhedsplejerskens vurdering af forældrenes sociale eller helbredsmæssige udfordringer. Fx traumatiske oplevelser, fattigdom, misbrug, eller sygdom.</td></tr><tr><td><a href=\"http://fhir.kl.dk/term/2.0.0/CodeSystem-FBOE.html#FBOE-7e7fab2f-278a-4b14-9bc9-efc36fffcba5\">7e7fab2f-278a-4b14-9bc9-efc36fffcba5</a></td><td style=\"color: #cccccc\">Netværk</td><td>Forældrenes oplevelse af at have støtte fra venner, familie eller relationer omkring sig.</td></tr><tr><td><a href=\"http://fhir.kl.dk/term/2.0.0/CodeSystem-FBOE.html#FBOE-68605f88-49fb-44b9-b327-86947af6aa93\">68605f88-49fb-44b9-b327-86947af6aa93</a></td><td style=\"color: #cccccc\">Social kontakt</td><td>Småbørn: Sundhedsplejerskens vurdering af barnets evne til at interagere med andre. Fx øjenkontakt, kontaktsmil, respons på stimulation og selektivitet ved at foretrække omsorgspersoner. \n\nSkolebørn: Sundhedsplejerskens vurdering af barnets evne til at interagere med andre. Fx evnen til at aflæse andres følelser, vise hensyn og respekt eller reagere på andres følelser.</td></tr><tr><td><a href=\"http://fhir.kl.dk/term/2.0.0/CodeSystem-FBOE.html#FBOE-763c6f21-5467-4713-82fb-716c9d0a1fdf\">763c6f21-5467-4713-82fb-716c9d0a1fdf</a></td><td style=\"color: #cccccc\">Forældre-barn-relation</td><td>Småbørn: Sundhedsplejerskens vurdering af om barnets behov opfyldes i relationen til en eller begge forældre. Fx barnets behov for mad, søvn, nærvær samt forudsigelighed i responsen på barnets signaler.</td></tr><tr><td><a href=\"http://fhir.kl.dk/term/2.0.0/CodeSystem-FBOE.html#FBOE-653c2b0b-bb64-4906-888b-aea6fef3c3f8\">653c2b0b-bb64-4906-888b-aea6fef3c3f8</a></td><td style=\"color: #cccccc\">Kommunikation</td><td>Småbørn: Barnets frembringelse og udveksling af lyd, og tale eller kropssprog med andre. Fx alderssvarende reaktion på ord og kropssprog samt pludren.\n\nSkolebørn: Barnets frembringelse og udveksling af lyd, og tale eller kropssprog med andre. Fx aldersvarende sproganvendelse og evne til at fastholde opmærksomhed.</td></tr><tr><td><a href=\"http://fhir.kl.dk/term/2.0.0/CodeSystem-FBOE.html#FBOE-73f981f8-455a-4158-b435-7c6d83ab84da\">73f981f8-455a-4158-b435-7c6d83ab84da</a></td><td style=\"color: #cccccc\">Søvn</td><td>Småbørn: Omfatter mængden og kvaliteten af søvn samt forhold omkring indsovning og gennemsovning, og hvorvidt der er tale om en naturlig søvn med optimal fysisk og psykisk hvile og afslapning.\n\nSkolebørn: Omfatter mængden og kvaliteten af søvn samt forhold omkring indsovning og gennemsovning, og hvorvidt der er tale om en naturlig søvn med optimal fysisk og psykisk hvile og afslapning.</td></tr><tr><td><a href=\"http://fhir.kl.dk/term/2.0.0/CodeSystem-FBOE.html#FBOE-e04f2ca1-888a-4671-a97a-371b525cd2a3\">e04f2ca1-888a-4671-a97a-371b525cd2a3</a></td><td style=\"color: #cccccc\">Motorik</td><td>Småbørn: Barnets evne til at koordinere bevægelser mod et givent mål eller mestre en given opgave.\n\nSkolebørn: Barnets evne til at koordinere bevægelser mod et givent mål eller mestre en given opgave.</td></tr><tr><td><a href=\"http://fhir.kl.dk/term/2.0.0/CodeSystem-FBOE.html#FBOE-b331fe02-a781-4abd-b6db-9331d6a69b15\">b331fe02-a781-4abd-b6db-9331d6a69b15</a></td><td style=\"color: #cccccc\">Fysisk aktivitet</td><td>Skolebørn: Barnets fysiske aktivitetsniveau. Fx ved leg, fritidsaktiviteter, gåture og aktiv transport til og fra skole.</td></tr><tr><td><a href=\"http://fhir.kl.dk/term/2.0.0/CodeSystem-FBOE.html#FBOE-a22c4b53-b622-4394-ba13-910a7b0d7b0d\">a22c4b53-b622-4394-ba13-910a7b0d7b0d</a></td><td style=\"color: #cccccc\">Hørelse</td><td>Skolebørn: Resultat af screening af barnets opfattelse af lyde.</td></tr><tr><td><a href=\"http://fhir.kl.dk/term/2.0.0/CodeSystem-FBOE.html#FBOE-01fddd46-ed7c-423d-b191-ffdd977dd61e\">01fddd46-ed7c-423d-b191-ffdd977dd61e</a></td><td style=\"color: #cccccc\">Syn</td><td>Skolebørn: Resultat af screening af barnets evne til at se.</td></tr><tr><td><a href=\"http://fhir.kl.dk/term/2.0.0/CodeSystem-FBOE.html#FBOE-28972d4b-fea3-42ec-b2a5-e2a26f79b14d\">28972d4b-fea3-42ec-b2a5-e2a26f79b14d</a></td><td style=\"color: #cccccc\">Passiv rygning</td><td>Småbørn: Udsættelse for tobaksrøg, fx fra cigaretter eller pibe. Omfatter ikke damp fra e-cigaretter og lignende.\n\nSkolebørn: Udsættelse for tobaksrøg, fx fra cigaretter eller pibe. Omfatter ikke damp fra e-cigaretter og lignende.</td></tr><tr><td><a href=\"http://fhir.kl.dk/term/2.0.0/CodeSystem-FBOE.html#FBOE-76891f7b-cf49-4cb2-88d6-728a509eb75d\">76891f7b-cf49-4cb2-88d6-728a509eb75d</a></td><td style=\"color: #cccccc\">Brug af nikotin</td><td>Skolebørn: Barnets forbrug af nikotinholdige produkter, fx cigaretter, snus og e-cigaretter, vandpibe eller puff-bars.</td></tr><tr><td><a href=\"http://fhir.kl.dk/term/2.0.0/CodeSystem-FBOE.html#FBOE-e61e4dab-54bb-4bf4-9b76-8d991cf4de08\">e61e4dab-54bb-4bf4-9b76-8d991cf4de08</a></td><td style=\"color: #cccccc\">Ernæring</td><td>Småbørn: Barnets indtagelse af føde. Fx om barnet ammes, får flaske eller overgangskost.\n\nSkolebørn: Barnets indtagelse af føde fx indtagelse af fødemidler og kostens sammensætning.</td></tr></table></li></ul></div>"},"url":"http://fhir.kl.dk/children/ValueSet/IndicatorCodesChildren","version":"2.0.1","name":"IndicatorCodesChildren","title":"SundhedsplejeIndikatorkoder","status":"active","experimental":false,"date":"2024-06-21T14:15:43+02:00","publisher":"Kommunernes Landsforening","contact":[{"name":"Kommunernes Landsforening","telecom":[{"system":"url","value":"http://kl.dk"}]}],"description":"Indicator-observables for parents and children","compose":{"include":[{"system":"http://fhir.kl.dk/term/CodeSystem/FBOE","concept":[{"code":"2c39af9f-8e45-4c88-962f-e7a9e2cd31b6"},{"code":"58997614-ba43-4534-90bd-10c7e76802f4"},{"code":"7e7fab2f-278a-4b14-9bc9-efc36fffcba5"},{"code":"68605f88-49fb-44b9-b327-86947af6aa93"},{"code":"763c6f21-5467-4713-82fb-716c9d0a1fdf"},{"code":"653c2b0b-bb64-4906-888b-aea6fef3c3f8"},{"code":"73f981f8-455a-4158-b435-7c6d83ab84da"},{"code":"e04f2ca1-888a-4671-a97a-371b525cd2a3"},{"code":"b331fe02-a781-4abd-b6db-9331d6a69b15"},{"code":"a22c4b53-b622-4394-ba13-910a7b0d7b0d"},{"code":"01fddd46-ed7c-423d-b191-ffdd977dd61e"},{"code":"28972d4b-fea3-42ec-b2a5-e2a26f79b14d"},{"code":"76891f7b-cf49-4cb2-88d6-728a509eb75d"},{"code":"e61e4dab-54bb-4bf4-9b76-8d991cf4de08"}]}]}}