{"resourceType":"ValueSet","id":"ParentsMentalCodes","text":{"status":"extensions","div":"<div xmlns=\"http://www.w3.org/1999/xhtml\"><ul><li>Include these codes as defined in <a href=\"http://fhir.kl.dk/term/2.1.0/CodeSystem-FBOE.html\"><code>http://fhir.kl.dk/term/CodeSystem/FBOE</code></a><table class=\"none\"><tr><td style=\"white-space:nowrap\"><b>Code</b></td><td><b>Display</b></td><td><b>Definition</b></td></tr><tr><td><a href=\"http://fhir.kl.dk/term/2.1.0/CodeSystem-FBOE.html#FBOE-0e5db980-8c6e-4034-abab-054e0eb40935\">0e5db980-8c6e-4034-abab-054e0eb40935</a></td><td style=\"color: #cccccc\">Forventelig psykisk reaktion</td><td>Småbørn: Forælder har ingen eller mild psykisk reaktion indenfor normalen i forbindelse med forældreskab.</td></tr><tr><td><a href=\"http://fhir.kl.dk/term/2.1.0/CodeSystem-FBOE.html#FBOE-b8220216-e185-451b-8d2a-67cdf73c42c3\">b8220216-e185-451b-8d2a-67cdf73c42c3</a></td><td style=\"color: #cccccc\">Let psykisk reaktion</td><td>Småbørn: Forælder har få, ikke-kritiske tegn på psykisk reaktion i forbindelse med forældreskab. Fx kan lettere søvnforstyrrelser og træthed i en periode give dårligt humør, uden at der samlet er tegn på psykisk reaktion. Tegnene kræver opmærksomhed, men ikke indsats.</td></tr><tr><td><a href=\"http://fhir.kl.dk/term/2.1.0/CodeSystem-FBOE.html#FBOE-f86c2526-3b04-454c-a99e-d350f699dc94\">f86c2526-3b04-454c-a99e-d350f699dc94</a></td><td style=\"color: #cccccc\">Psykisk reaktion</td><td>Småbørn: Forælder har psykisk reaktion i forbindelse med forældreskab, mest typisk depressions- eller angstsymptomer, men der kan også være tale om andre symptombilleder. Kræver en indsats.</td></tr></table></li></ul></div>"},"url":"http://fhir.kl.dk/children/ValueSet/ParentsMentalCodes","version":"2.0.1","name":"ParentsMentalCodes","title":"ForældresPsykiskeTilstandKoder","status":"active","experimental":false,"date":"2024-06-24T13:11:12+02:00","publisher":"Kommunernes Landsforening","contact":[{"name":"Kommunernes Landsforening","telecom":[{"system":"url","value":"http://kl.dk"}]}],"description":"Mandatory result values for parents mental state","compose":{"include":[{"system":"http://fhir.kl.dk/term/CodeSystem/FBOE","concept":[{"code":"0e5db980-8c6e-4034-abab-054e0eb40935"},{"code":"b8220216-e185-451b-8d2a-67cdf73c42c3"},{"code":"f86c2526-3b04-454c-a99e-d350f699dc94"}]}]}}