<?xml version="1.0" encoding="UTF-8"?><ImplementationGuide xmlns="http://hl7.org/fhir"><id value="hl7.fhir.dk.kl.gateway.municipality-care-data"/><text><status value="extensions"/><div xmlns="http://www.w3.org/1999/xhtml"><h2>KLGatewayMunicipalityCareData</h2><p>The official URL for this implementation guide is: </p><pre>http://municipality-care-data.gateway.kl.dk/1.0/ImplementationGuide/hl7.fhir.dk.kl.gateway.municipality-care-data</pre></div></text><url value="http://municipality-care-data.gateway.kl.dk/1.0/ImplementationGuide/hl7.fhir.dk.kl.gateway.municipality-care-data"/><version value="1.0.1"/><name value="KLGatewayMunicipalityCareData"/><status value="draft"/><date value="2023-08-21T11:23:30+02:00"/><publisher value="KL"/><contact><name value="KL"/><telecom><system value="url"/><value value="http://www.kl.dk"/></telecom></contact><jurisdiction><coding><system value="urn:iso:std:iso:3166"/><code value="DK"/><display value="Denmark"/></coding></jurisdiction><packageId value="hl7.fhir.dk.kl.gateway.municipality-care-data"/><license value="CC0-1.0"/><fhirVersion value="4.0.1"/><dependsOn id="hl7tx"><extension url="http://hl7.org/fhir/tools/StructureDefinition/implementationguide-dependency-comment"><valueMarkdown value="Automatically added as a dependency - all IGs depend on HL7 Terminology"/></extension><uri value="http://terminology.hl7.org/ImplementationGuide/hl7.terminology"/><packageId value="hl7.terminology.r4"/><version value="5.0.0"/></dependsOn><dependsOn id="hl7ext"><extension url="http://hl7.org/fhir/tools/StructureDefinition/implementationguide-dependency-comment"><valueMarkdown value="Automatically added as a dependency - all IGs depend on the HL7 Extension Pack"/></extension><uri value="http://hl7.org/fhir/extensions/ImplementationGuide/hl7.fhir.uv.extensions"/><packageId value="hl7.fhir.uv.extensions.r4"/><version value="1.0.0"/></dependsOn><dependsOn id="hl7_fhir_dk_core"><uri value="https://hl7.dk/fhir/core"/><packageId value="hl7.fhir.dk.core"/><version value="1.1.0"/></dependsOn><dependsOn id="dk_fhir_ig_kl_common_caresocial"><uri value="https://fhir.kl.dk/caresocial"/><packageId value="dk.fhir.ig.kl.common.caresocial"/><version value="0.7.0"/></dependsOn><definition><extension url="http://hl7.org/fhir/tools/StructureDefinition/ig-parameter"><extension url="code"><valueString value="copyrightyear"/></extension><extension url="value"><valueString value="2021+"/></extension></extension><extension url="http://hl7.org/fhir/tools/StructureDefinition/ig-parameter"><extension url="code"><valueString value="releaselabel"/></extension><extension url="value"><valueString value="ci-build"/></extension></extension><extension url="http://hl7.org/fhir/tools/StructureDefinition/ig-parameter"><extension url="code"><valueString value="autoload-resources"/></extension><extension url="value"><valueString value="true"/></extension></extension><extension url="http://hl7.org/fhir/tools/StructureDefinition/ig-parameter"><extension url="code"><valueString value="path-liquid"/></extension><extension url="value"><valueString value="template/liquid"/></extension></extension><extension url="http://hl7.org/fhir/tools/StructureDefinition/ig-parameter"><extension url="code"><valueString value="path-liquid"/></extension><extension url="value"><valueString value="input/liquid"/></extension></extension><extension url="http://hl7.org/fhir/tools/StructureDefinition/ig-parameter"><extension url="code"><valueString value="path-qa"/></extension><extension url="value"><valueString value="temp/qa"/></extension></extension><extension url="http://hl7.org/fhir/tools/StructureDefinition/ig-parameter"><extension url="code"><valueString value="path-temp"/></extension><extension url="value"><valueString value="temp/pages"/></extension></extension><extension url="http://hl7.org/fhir/tools/StructureDefinition/ig-parameter"><extension url="code"><valueString value="path-output"/></extension><extension url="value"><valueString value="output"/></extension></extension><extension url="http://hl7.org/fhir/tools/StructureDefinition/ig-parameter"><extension url="code"><valueString value="path-suppressed-warnings"/></extension><extension url="value"><valueString value="input/ignoreWarnings.txt"/></extension></extension><extension url="http://hl7.org/fhir/tools/StructureDefinition/ig-parameter"><extension url="code"><valueString value="path-history"/></extension><extension url="value"><valueString value="http://municipality-care-data.gateway.kl.dk/1.0/history.html"/></extension></extension><extension url="http://hl7.org/fhir/tools/StructureDefinition/ig-parameter"><extension url="code"><valueString value="template-html"/></extension><extension url="value"><valueString value="template-page.html"/></extension></extension><extension url="http://hl7.org/fhir/tools/StructureDefinition/ig-parameter"><extension url="code"><valueString value="template-md"/></extension><extension url="value"><valueString value="template-page-md.html"/></extension></extension><extension url="http://hl7.org/fhir/tools/StructureDefinition/ig-parameter"><extension url="code"><valueString value="apply-contact"/></extension><extension url="value"><valueString value="true"/></extension></extension><extension url="http://hl7.org/fhir/tools/StructureDefinition/ig-parameter"><extension url="code"><valueString value="apply-context"/></extension><extension url="value"><valueString value="true"/></extension></extension><extension url="http://hl7.org/fhir/tools/StructureDefinition/ig-parameter"><extension url="code"><valueString value="apply-copyright"/></extension><extension url="value"><valueString value="true"/></extension></extension><extension url="http://hl7.org/fhir/tools/StructureDefinition/ig-parameter"><extension url="code"><valueString value="apply-jurisdiction"/></extension><extension url="value"><valueString value="true"/></extension></extension><extension url="http://hl7.org/fhir/tools/StructureDefinition/ig-parameter"><extension url="code"><valueString value="apply-license"/></extension><extension url="value"><valueString value="true"/></extension></extension><extension url="http://hl7.org/fhir/tools/StructureDefinition/ig-parameter"><extension url="code"><valueString value="apply-publisher"/></extension><extension url="value"><valueString value="true"/></extension></extension><extension url="http://hl7.org/fhir/tools/StructureDefinition/ig-parameter"><extension url="code"><valueString value="apply-version"/></extension><extension url="value"><valueString value="true"/></extension></extension><extension url="http://hl7.org/fhir/tools/StructureDefinition/ig-parameter"><extension url="code"><valueString value="active-tables"/></extension><extension url="value"><valueString value="true"/></extension></extension><extension url="http://hl7.org/fhir/tools/StructureDefinition/ig-parameter"><extension url="code"><valueString value="fmm-definition"/></extension><extension url="value"><valueString value="http://hl7.org/fhir/versions.html#maturity"/></extension></extension><extension url="http://hl7.org/fhir/tools/StructureDefinition/ig-parameter"><extension url="code"><valueString value="propagate-status"/></extension><extension url="value"><valueString value="true"/></extension></extension><extension url="http://hl7.org/fhir/tools/StructureDefinition/ig-parameter"><extension url="code"><valueString value="excludelogbinaryformat"/></extension><extension url="value"><valueString value="true"/></extension></extension><extension url="http://hl7.org/fhir/tools/StructureDefinition/ig-parameter"><extension url="code"><valueString value="tabbed-snapshots"/></extension><extension url="value"><valueString value="true"/></extension></extension><extension url="http://hl7.org/fhir/tools/StructureDefinition/ig-internal-dependency"><valueCode value="hl7.fhir.uv.tools#current"/></extension><extension url="http://hl7.org/fhir/tools/StructureDefinition/ig-parameter"><extension url="code"><valueCode value="copyrightyear"/></extension><extension url="value"><valueString value="2021+"/></extension></extension><extension url="http://hl7.org/fhir/tools/StructureDefinition/ig-parameter"><extension url="code"><valueCode value="releaselabel"/></extension><extension url="value"><valueString value="ci-build"/></extension></extension><extension url="http://hl7.org/fhir/tools/StructureDefinition/ig-parameter"><extension url="code"><valueCode value="autoload-resources"/></extension><extension url="value"><valueString value="true"/></extension></extension><extension url="http://hl7.org/fhir/tools/StructureDefinition/ig-parameter"><extension url="code"><valueCode value="path-liquid"/></extension><extension url="value"><valueString value="template/liquid"/></extension></extension><extension url="http://hl7.org/fhir/tools/StructureDefinition/ig-parameter"><extension url="code"><valueCode value="path-liquid"/></extension><extension url="value"><valueString value="input/liquid"/></extension></extension><extension url="http://hl7.org/fhir/tools/StructureDefinition/ig-parameter"><extension url="code"><valueCode value="path-qa"/></extension><extension url="value"><valueString value="temp/qa"/></extension></extension><extension url="http://hl7.org/fhir/tools/StructureDefinition/ig-parameter"><extension url="code"><valueCode value="path-temp"/></extension><extension url="value"><valueString value="temp/pages"/></extension></extension><extension url="http://hl7.org/fhir/tools/StructureDefinition/ig-parameter"><extension url="code"><valueCode value="path-output"/></extension><extension url="value"><valueString value="output"/></extension></extension><extension url="http://hl7.org/fhir/tools/StructureDefinition/ig-parameter"><extension url="code"><valueCode value="path-suppressed-warnings"/></extension><extension url="value"><valueString value="input/ignoreWarnings.txt"/></extension></extension><extension url="http://hl7.org/fhir/tools/StructureDefinition/ig-parameter"><extension url="code"><valueCode value="path-history"/></extension><extension url="value"><valueString value="http://municipality-care-data.gateway.kl.dk/1.0/history.html"/></extension></extension><extension url="http://hl7.org/fhir/tools/StructureDefinition/ig-parameter"><extension url="code"><valueCode value="template-html"/></extension><extension url="value"><valueString value="template-page.html"/></extension></extension><extension url="http://hl7.org/fhir/tools/StructureDefinition/ig-parameter"><extension url="code"><valueCode value="template-md"/></extension><extension url="value"><valueString value="template-page-md.html"/></extension></extension><extension url="http://hl7.org/fhir/tools/StructureDefinition/ig-parameter"><extension url="code"><valueCode value="apply-contact"/></extension><extension url="value"><valueString value="true"/></extension></extension><extension url="http://hl7.org/fhir/tools/StructureDefinition/ig-parameter"><extension url="code"><valueCode value="apply-context"/></extension><extension url="value"><valueString value="true"/></extension></extension><extension url="http://hl7.org/fhir/tools/StructureDefinition/ig-parameter"><extension url="code"><valueCode value="apply-copyright"/></extension><extension url="value"><valueString value="true"/></extension></extension><extension url="http://hl7.org/fhir/tools/StructureDefinition/ig-parameter"><extension url="code"><valueCode value="apply-jurisdiction"/></extension><extension url="value"><valueString value="true"/></extension></extension><extension url="http://hl7.org/fhir/tools/StructureDefinition/ig-parameter"><extension url="code"><valueCode value="apply-license"/></extension><extension url="value"><valueString value="true"/></extension></extension><extension url="http://hl7.org/fhir/tools/StructureDefinition/ig-parameter"><extension url="code"><valueCode value="apply-publisher"/></extension><extension url="value"><valueString value="true"/></extension></extension><extension url="http://hl7.org/fhir/tools/StructureDefinition/ig-parameter"><extension url="code"><valueCode value="apply-version"/></extension><extension url="value"><valueString value="true"/></extension></extension><extension url="http://hl7.org/fhir/tools/StructureDefinition/ig-parameter"><extension url="code"><valueCode value="active-tables"/></extension><extension url="value"><valueString value="true"/></extension></extension><extension url="http://hl7.org/fhir/tools/StructureDefinition/ig-parameter"><extension url="code"><valueCode value="fmm-definition"/></extension><extension url="value"><valueString value="http://hl7.org/fhir/versions.html#maturity"/></extension></extension><extension url="http://hl7.org/fhir/tools/StructureDefinition/ig-parameter"><extension url="code"><valueCode value="propagate-status"/></extension><extension url="value"><valueString value="true"/></extension></extension><extension url="http://hl7.org/fhir/tools/StructureDefinition/ig-parameter"><extension url="code"><valueCode value="excludelogbinaryformat"/></extension><extension url="value"><valueString value="true"/></extension></extension><extension url="http://hl7.org/fhir/tools/StructureDefinition/ig-parameter"><extension url="code"><valueCode value="tabbed-snapshots"/></extension><extension url="value"><valueString value="true"/></extension></extension><extension url="http://hl7.org/fhir/tools/StructureDefinition/ig-parameter"><extension url="code"><valueCode value="copyrightyear"/></extension><extension url="value"><valueString value="2021+"/></extension></extension><extension url="http://hl7.org/fhir/tools/StructureDefinition/ig-parameter"><extension url="code"><valueCode value="releaselabel"/></extension><extension url="value"><valueString value="ci-build"/></extension></extension><extension url="http://hl7.org/fhir/tools/StructureDefinition/ig-parameter"><extension url="code"><valueCode value="autoload-resources"/></extension><extension url="value"><valueString value="true"/></extension></extension><extension url="http://hl7.org/fhir/tools/StructureDefinition/ig-parameter"><extension url="code"><valueCode value="path-liquid"/></extension><extension url="value"><valueString value="template/liquid"/></extension></extension><extension url="http://hl7.org/fhir/tools/StructureDefinition/ig-parameter"><extension url="code"><valueCode value="path-liquid"/></extension><extension url="value"><valueString value="input/liquid"/></extension></extension><extension url="http://hl7.org/fhir/tools/StructureDefinition/ig-parameter"><extension url="code"><valueCode value="path-qa"/></extension><extension url="value"><valueString value="temp/qa"/></extension></extension><extension url="http://hl7.org/fhir/tools/StructureDefinition/ig-parameter"><extension url="code"><valueCode value="path-temp"/></extension><extension url="value"><valueString value="temp/pages"/></extension></extension><extension url="http://hl7.org/fhir/tools/StructureDefinition/ig-parameter"><extension url="code"><valueCode value="path-output"/></extension><extension url="value"><valueString value="output"/></extension></extension><extension url="http://hl7.org/fhir/tools/StructureDefinition/ig-parameter"><extension url="code"><valueCode value="path-suppressed-warnings"/></extension><extension url="value"><valueString value="input/ignoreWarnings.txt"/></extension></extension><extension url="http://hl7.org/fhir/tools/StructureDefinition/ig-parameter"><extension url="code"><valueCode value="path-history"/></extension><extension url="value"><valueString value="http://municipality-care-data.gateway.kl.dk/1.0/history.html"/></extension></extension><extension url="http://hl7.org/fhir/tools/StructureDefinition/ig-parameter"><extension url="code"><valueCode value="template-html"/></extension><extension url="value"><valueString value="template-page.html"/></extension></extension><extension url="http://hl7.org/fhir/tools/StructureDefinition/ig-parameter"><extension url="code"><valueCode value="template-md"/></extension><extension url="value"><valueString value="template-page-md.html"/></extension></extension><extension url="http://hl7.org/fhir/tools/StructureDefinition/ig-parameter"><extension url="code"><valueCode value="apply-contact"/></extension><extension url="value"><valueString value="true"/></extension></extension><extension url="http://hl7.org/fhir/tools/StructureDefinition/ig-parameter"><extension url="code"><valueCode value="apply-context"/></extension><extension url="value"><valueString value="true"/></extension></extension><extension url="http://hl7.org/fhir/tools/StructureDefinition/ig-parameter"><extension url="code"><valueCode value="apply-copyright"/></extension><extension url="value"><valueString value="true"/></extension></extension><extension url="http://hl7.org/fhir/tools/StructureDefinition/ig-parameter"><extension url="code"><valueCode value="apply-jurisdiction"/></extension><extension url="value"><valueString value="true"/></extension></extension><extension url="http://hl7.org/fhir/tools/StructureDefinition/ig-parameter"><extension url="code"><valueCode value="apply-license"/></extension><extension url="value"><valueString value="true"/></extension></extension><extension url="http://hl7.org/fhir/tools/StructureDefinition/ig-parameter"><extension url="code"><valueCode value="apply-publisher"/></extension><extension url="value"><valueString value="true"/></extension></extension><extension url="http://hl7.org/fhir/tools/StructureDefinition/ig-parameter"><extension url="code"><valueCode value="apply-version"/></extension><extension url="value"><valueString value="true"/></extension></extension><extension url="http://hl7.org/fhir/tools/StructureDefinition/ig-parameter"><extension url="code"><valueCode value="active-tables"/></extension><extension url="value"><valueString value="true"/></extension></extension><extension url="http://hl7.org/fhir/tools/StructureDefinition/ig-parameter"><extension url="code"><valueCode value="fmm-definition"/></extension><extension url="value"><valueString value="http://hl7.org/fhir/versions.html#maturity"/></extension></extension><extension url="http://hl7.org/fhir/tools/StructureDefinition/ig-parameter"><extension url="code"><valueCode value="propagate-status"/></extension><extension url="value"><valueString value="true"/></extension></extension><extension url="http://hl7.org/fhir/tools/StructureDefinition/ig-parameter"><extension url="code"><valueCode value="excludelogbinaryformat"/></extension><extension url="value"><valueString value="true"/></extension></extension><extension url="http://hl7.org/fhir/tools/StructureDefinition/ig-parameter"><extension url="code"><valueCode value="tabbed-snapshots"/></extension><extension url="value"><valueString value="true"/></extension></extension><grouping id="-str-profile"><name value="Structures: Resource Profiles"/><description value="These define constraints on FHIR resources for systems conforming to this implementation guide."/></grouping><grouping id="-str-extension"><name value="Structures: Extension Definitions"/><description value="These define constraints on FHIR data types for systems conforming to this implementation guide."/></grouping><grouping id="-term-valueset"><name value="Terminology: Value Sets"/><description value="These define sets of codes used by systems conforming to this implementation guide."/></grouping><grouping id="-term-codesystem"><name value="Terminology: Code Systems"/><description value="These define new code systems used by systems conforming to this implementation guide."/></grouping><grouping id="-ex-example"><name value="Example: Example Instances"/><description value="These are example instances that show what data produced and consumed by systems conforming with this implementation guide might look like."/></grouping><resource><extension url="http://hl7.org/fhir/tools/StructureDefinition/resource-sort"><valueInteger value="999999999"/></extension><extension url="http://hl7.org/fhir/StructureDefinition/implementationguide-page"><valueUri value="StructureDefinition-klgateway-care-citizen.html"/></extension><reference><reference value="StructureDefinition/klgateway-care-citizen"/></reference><name value="CareCitizen"/><description value="Administrative information about a citizen receiving care or care related services."/><exampleBoolean value="false"/><groupingId value="-str-profile"/></resource><resource><extension url="http://hl7.org/fhir/tools/StructureDefinition/resource-sort"><valueInteger value="999999999"/></extension><extension url="http://hl7.org/fhir/StructureDefinition/implementationguide-page"><valueUri value="StructureDefinition-klgateway-care-citizens-own-observation.html"/></extension><reference><reference value="StructureDefinition/klgateway-care-citizens-own-observation"/></reference><name value="CareCitizensOwnObservation"/><description value="Measurements and simple assertions made about a patient by the patient."/><exampleBoolean value="false"/><groupingId value="-str-profile"/></resource><resource><extension url="http://hl7.org/fhir/tools/StructureDefinition/resource-sort"><valueInteger value="999999999"/></extension><extension url="http://hl7.org/fhir/StructureDefinition/implementationguide-page"><valueUri value="StructureDefinition-klgateway-care-completed-intervention.html"/></extension><reference><reference value="StructureDefinition/klgateway-care-completed-intervention"/></reference><name value="CareCompletedIntervention"/><description value="Documentation for completed interventions (activities related to one and only one encounter) in Danish municipalities"/><exampleBoolean value="false"/><groupingId value="-str-profile"/></resource><resource><extension url="http://hl7.org/fhir/tools/StructureDefinition/resource-sort"><valueInteger value="999999999"/></extension><extension url="http://hl7.org/fhir/StructureDefinition/implementationguide-page"><valueUri value="StructureDefinition-klgateway-care-condition.html"/></extension><reference><reference value="StructureDefinition/klgateway-care-condition"/></reference><name value="CareCondition"/><description value="Detailed information about conditions."/><exampleBoolean value="false"/><groupingId value="-str-profile"/></resource><resource><extension url="http://hl7.org/fhir/tools/StructureDefinition/resource-sort"><valueInteger value="999999999"/></extension><extension url="http://hl7.org/fhir/StructureDefinition/implementationguide-page"><valueUri value="StructureDefinition-klgateway-care-delivery-report.html"/></extension><reference><reference value="StructureDefinition/klgateway-care-delivery-report"/></reference><name value="CareDeliveryReport"/><description value="Deliver report to deliver for each citizen."/><exampleBoolean value="false"/><groupingId value="-str-profile"/></resource><resource><extension url="http://hl7.org/fhir/tools/StructureDefinition/resource-sort"><valueInteger value="999999999"/></extension><extension url="http://hl7.org/fhir/StructureDefinition/implementationguide-page"><valueUri value="StructureDefinition-klgateway-care-encounter.html"/></extension><reference><reference value="StructureDefinition/klgateway-care-encounter"/></reference><name value="CareEncounter"/><description value="Encounter for following up on conditions, care plans, or observations."/><exampleBoolean value="false"/><groupingId value="-str-profile"/></resource><resource><extension url="http://hl7.org/fhir/tools/StructureDefinition/resource-sort"><valueInteger value="999999999"/></extension><extension url="http://hl7.org/fhir/StructureDefinition/implementationguide-page"><valueUri value="StructureDefinition-klgateway-care-follow-up-observation.html"/></extension><reference><reference value="StructureDefinition/klgateway-care-follow-up-observation"/></reference><name value="CareFollowUpObservation"/><description value="Structured result or outcome of a follow up."/><exampleBoolean value="false"/><groupingId value="-str-profile"/></resource><resource><extension url="http://hl7.org/fhir/tools/StructureDefinition/resource-sort"><valueInteger value="999999999"/></extension><extension url="http://hl7.org/fhir/StructureDefinition/implementationguide-page"><valueUri value="StructureDefinition-klgateway-care-goal.html"/></extension><reference><reference value="StructureDefinition/klgateway-care-goal"/></reference><name value="CareGoal"/><description value="Describes the intended or expected functional level for a condition of a citizen."/><exampleBoolean value="false"/><groupingId value="-str-profile"/></resource><resource><extension url="http://hl7.org/fhir/tools/StructureDefinition/resource-sort"><valueInteger value="999999999"/></extension><extension url="http://hl7.org/fhir/StructureDefinition/implementationguide-page"><valueUri value="StructureDefinition-klgateway-care-incremental-delivery.html"/></extension><reference><reference value="StructureDefinition/klgateway-care-incremental-delivery"/></reference><name value="CareIncrementalDelivery"/><description value="Delivery for all delivery reports made since last update (unordered)."/><exampleBoolean value="false"/><groupingId value="-str-profile"/></resource><resource><extension url="http://hl7.org/fhir/tools/StructureDefinition/resource-sort"><valueInteger value="999999999"/></extension><extension url="http://hl7.org/fhir/StructureDefinition/implementationguide-page"><valueUri value="StructureDefinition-klgateway-care-matter-of-interest-observation.html"/></extension><reference><reference value="StructureDefinition/klgateway-care-matter-of-interest-observation"/></reference><name value="CareMatterOfInterestObservation"/><description value="Matter or area of interest in relation to the care of the citizen."/><exampleBoolean value="false"/><groupingId value="-str-profile"/></resource><resource><extension url="http://hl7.org/fhir/tools/StructureDefinition/resource-sort"><valueInteger value="999999999"/></extension><extension url="http://hl7.org/fhir/StructureDefinition/implementationguide-page"><valueUri value="StructureDefinition-klgateway-care-planned-intervention.html"/></extension><reference><reference value="StructureDefinition/klgateway-care-planned-intervention"/></reference><name value="CarePlannedIntervention"/><description value="Planned interventions for nursing and home care in Danish Municipalities."/><exampleBoolean value="false"/><groupingId value="-str-profile"/></resource><resource><extension url="http://hl7.org/fhir/tools/StructureDefinition/resource-sort"><valueInteger value="999999999"/></extension><extension url="http://hl7.org/fhir/StructureDefinition/implementationguide-page"><valueUri value="StructureDefinition-klgateway-care-finding-context-at-risk-extension.html"/></extension><reference><reference value="StructureDefinition/klgateway-care-finding-context-at-risk-extension"/></reference><name value="CareFindingContextAtRiskExtension"/><description value="Context at risk for a given matter of interest given as a condition code."/><exampleBoolean value="false"/><groupingId value="-str-extension"/></resource><resource><extension url="http://hl7.org/fhir/tools/StructureDefinition/resource-sort"><valueInteger value="999999999"/></extension><extension url="http://hl7.org/fhir/StructureDefinition/implementationguide-page"><valueUri value="StructureDefinition-klgateway-care-follow-up-encounter-extension.html"/></extension><reference><reference value="StructureDefinition/klgateway-care-follow-up-encounter-extension"/></reference><name value="CareFollowUpEncounterExtension"/><description value="Encounter for following up on this information."/><exampleBoolean value="false"/><groupingId value="-str-extension"/></resource><resource><extension url="http://hl7.org/fhir/tools/StructureDefinition/resource-sort"><valueInteger value="999999999"/></extension><extension url="http://hl7.org/fhir/StructureDefinition/implementationguide-page"><valueUri value="ValueSet-FSIIICareConditions.html"/></extension><reference><reference value="ValueSet/FSIIICareConditions"/></reference><name value="FSIIICareConditions"/><description value="Conditions defined by FSIII for nursing and home care"/><exampleBoolean value="false"/><groupingId value="-term-valueset"/></resource><resource><extension url="http://hl7.org/fhir/tools/StructureDefinition/resource-sort"><valueInteger value="999999999"/></extension><extension url="http://hl7.org/fhir/StructureDefinition/implementationguide-page"><valueUri value="ValueSet-FSIIICareGoalTypes.html"/></extension><reference><reference value="ValueSet/FSIIICareGoalTypes"/></reference><name value="FSIIICareGoalTypes"/><description value="Goal Types defined by FSIII for nursing and home care"/><exampleBoolean value="false"/><groupingId value="-term-valueset"/></resource><resource><extension url="http://hl7.org/fhir/tools/StructureDefinition/resource-sort"><valueInteger value="999999999"/></extension><extension url="http://hl7.org/fhir/StructureDefinition/implementationguide-page"><valueUri value="ValueSet-FSIIICareInterventions.html"/></extension><reference><reference value="ValueSet/FSIIICareInterventions"/></reference><name value="FSIIICareInterventions"/><description value="Interventions defined by FSIII for nursing and home care"/><exampleBoolean value="false"/><groupingId value="-term-valueset"/></resource><resource><extension url="http://hl7.org/fhir/tools/StructureDefinition/resource-sort"><valueInteger value="999999999"/></extension><extension url="http://hl7.org/fhir/StructureDefinition/implementationguide-page"><valueUri value="ValueSet-FSIIICareMatterOfInterests.html"/></extension><reference><reference value="ValueSet/FSIIICareMatterOfInterests"/></reference><name value="FSIIICareMatterOfInterests"/><description value="Matters of Interests (areas) defined by FSIII for nursing and home care"/><exampleBoolean value="false"/><groupingId value="-term-valueset"/></resource><resource><extension url="http://hl7.org/fhir/tools/StructureDefinition/resource-sort"><valueInteger value="999999999"/></extension><extension url="http://hl7.org/fhir/StructureDefinition/implementationguide-page"><valueUri value="ValueSet-KLGatewayCareMatterOfInterestValues.html"/></extension><reference><reference value="ValueSet/KLGatewayCareMatterOfInterestValues"/></reference><name value="KLGatewayCareMatterOfInterestValues"/><description value="Values of Matters of Interests (areas)"/><exampleBoolean value="false"/><groupingId value="-term-valueset"/></resource><resource><extension url="http://hl7.org/fhir/tools/StructureDefinition/resource-sort"><valueInteger value="999999999"/></extension><extension url="http://hl7.org/fhir/StructureDefinition/implementationguide-page"><valueUri value="CodeSystem-LocallyDefinedInterventions.html"/></extension><reference><reference value="CodeSystem/LocallyDefinedInterventions"/></reference><name value="LocallyDefinedInterventions"/><description value="Coding system to indicate a code defined locally in the managing organization"/><exampleBoolean value="false"/><groupingId value="-term-codesystem"/></resource><resource><extension url="http://hl7.org/fhir/tools/StructureDefinition/resource-sort"><valueInteger value="999999999"/></extension><extension url="http://hl7.org/fhir/StructureDefinition/implementationguide-page"><valueUri value="Bundle-3304e5f8-4b3f-4c19-8c68-e36c573f3f98.html"/></extension><reference><reference value="Bundle/3304e5f8-4b3f-4c19-8c68-e36c573f3f98"/></reference><name value="DeliveryReport-JensHansen-1"/><description value="Reporting of Jens Hansen after first encounter with Home Care Assessor at the hospital"/><exampleCanonical value="http://municipality-care-data.gateway.kl.dk/1.0/StructureDefinition/klgateway-care-delivery-report"/><groupingId value="-ex-example"/></resource><resource><extension url="http://hl7.org/fhir/tools/StructureDefinition/resource-sort"><valueInteger value="999999999"/></extension><extension url="http://hl7.org/fhir/StructureDefinition/implementationguide-page"><valueUri value="Bundle-b1c5348b-fe9f-4afc-96ff-8c42b6c6c7ff.html"/></extension><reference><reference value="Bundle/b1c5348b-fe9f-4afc-96ff-8c42b6c6c7ff"/></reference><name value="DeliveryReport-JensHansen-2"/><description value="Reporting of Jens Hansen after second encounter with Home Care Assessor updating follow-up date"/><exampleCanonical value="http://municipality-care-data.gateway.kl.dk/1.0/StructureDefinition/klgateway-care-delivery-report"/><groupingId value="-ex-example"/></resource><resource><extension url="http://hl7.org/fhir/tools/StructureDefinition/resource-sort"><valueInteger value="999999999"/></extension><extension url="http://hl7.org/fhir/StructureDefinition/implementationguide-page"><valueUri value="Bundle-643c3e42-ab90-4354-9b98-f01b4740d3d9.html"/></extension><reference><reference value="Bundle/643c3e42-ab90-4354-9b98-f01b4740d3d9"/></reference><name value="DeliveryReport-JensHansen-3"/><description value="Reporting of Jens Hansen after first encounter with Home Care Assessor at the hospital"/><exampleCanonical value="http://municipality-care-data.gateway.kl.dk/1.0/StructureDefinition/klgateway-care-delivery-report"/><groupingId value="-ex-example"/></resource><resource><extension url="http://hl7.org/fhir/tools/StructureDefinition/resource-sort"><valueInteger value="999999999"/></extension><extension url="http://hl7.org/fhir/StructureDefinition/implementationguide-page"><valueUri value="Bundle-d54206de-c95b-4c53-9517-6eb155dca99a.html"/></extension><reference><reference value="Bundle/d54206de-c95b-4c53-9517-6eb155dca99a"/></reference><name value="DeliveryReport-PeterOlsen-1"/><description value="Reporting of Peter Olsen after first encounter with the Acute Team"/><exampleCanonical value="http://municipality-care-data.gateway.kl.dk/1.0/StructureDefinition/klgateway-care-delivery-report"/><groupingId value="-ex-example"/></resource><resource><extension url="http://hl7.org/fhir/tools/StructureDefinition/resource-sort"><valueInteger value="999999999"/></extension><extension url="http://hl7.org/fhir/StructureDefinition/implementationguide-page"><valueUri value="Bundle-abc81b1f-b3ba-41f0-9f4b-2fc4df5aaabb.html"/></extension><reference><reference value="Bundle/abc81b1f-b3ba-41f0-9f4b-2fc4df5aaabb"/></reference><name value="DeliveryReport-PeterOlsen-2"/><description value="Reporting of Peter Olsen after second encounter with the Acute Team"/><exampleCanonical value="http://municipality-care-data.gateway.kl.dk/1.0/StructureDefinition/klgateway-care-delivery-report"/><groupingId value="-ex-example"/></resource><resource><extension url="http://hl7.org/fhir/tools/StructureDefinition/resource-sort"><valueInteger value="999999999"/></extension><extension url="http://hl7.org/fhir/StructureDefinition/implementationguide-page"><valueUri value="Bundle-0c1112c3-77b5-4d85-965c-0c26228ec7ef.html"/></extension><reference><reference value="Bundle/0c1112c3-77b5-4d85-965c-0c26228ec7ef"/></reference><name value="DeliveryReport-PeterOlsen-3"/><description value="Reporting of Peter Olsen after third encounter with the Acute Team"/><exampleCanonical value="http://municipality-care-data.gateway.kl.dk/1.0/StructureDefinition/klgateway-care-delivery-report"/><groupingId value="-ex-example"/></resource><resource><extension url="http://hl7.org/fhir/tools/StructureDefinition/resource-sort"><valueInteger value="999999999"/></extension><extension url="http://hl7.org/fhir/StructureDefinition/implementationguide-page"><valueUri value="Bundle-374484d0-00cb-4b63-94d1-a0d984afc339.html"/></extension><reference><reference value="Bundle/374484d0-00cb-4b63-94d1-a0d984afc339"/></reference><name value="DeliveryReport-PeterOlsen-4"/><description value="Reporting of Peter Olsen after first encounter with home nursing"/><exampleCanonical value="http://municipality-care-data.gateway.kl.dk/1.0/StructureDefinition/klgateway-care-delivery-report"/><groupingId value="-ex-example"/></resource><resource><extension url="http://hl7.org/fhir/tools/StructureDefinition/resource-sort"><valueInteger value="999999999"/></extension><extension url="http://hl7.org/fhir/StructureDefinition/implementationguide-page"><valueUri value="Bundle-cc93afc5-7849-4895-84eb-00bb5c129c0b.html"/></extension><reference><reference value="Bundle/cc93afc5-7849-4895-84eb-00bb5c129c0b"/></reference><name value="DeliveryReport-PeterOlsen-5"/><description value="Reporting of Peter Olsen after second encounter with home nursing"/><exampleCanonical value="http://municipality-care-data.gateway.kl.dk/1.0/StructureDefinition/klgateway-care-delivery-report"/><groupingId value="-ex-example"/></resource><resource><extension url="http://hl7.org/fhir/tools/StructureDefinition/resource-sort"><valueInteger value="999999999"/></extension><extension url="http://hl7.org/fhir/StructureDefinition/implementationguide-page"><valueUri value="Bundle-1652f2a9-510a-4cd3-8fc4-8b69d0ffedae.html"/></extension><reference><reference value="Bundle/1652f2a9-510a-4cd3-8fc4-8b69d0ffedae"/></reference><name value="DeliveryReport-PeterOlsen-6"/><description value="Reporting of Peter Olsen after first encounter with training"/><exampleCanonical value="http://municipality-care-data.gateway.kl.dk/1.0/StructureDefinition/klgateway-care-delivery-report"/><groupingId value="-ex-example"/></resource><resource><extension url="http://hl7.org/fhir/tools/StructureDefinition/resource-sort"><valueInteger value="999999999"/></extension><extension url="http://hl7.org/fhir/StructureDefinition/implementationguide-page"><valueUri value="CarePlan-Dialyse.html"/></extension><reference><reference value="CarePlan/Dialyse"/></reference><name value="Dialyse"/><description value="Planned intervention doing dialysis according to FSIII on the test person"/><exampleCanonical value="http://municipality-care-data.gateway.kl.dk/1.0/StructureDefinition/klgateway-care-planned-intervention"/><groupingId value="-ex-example"/></resource><resource><extension url="http://hl7.org/fhir/tools/StructureDefinition/resource-sort"><valueInteger value="999999999"/></extension><extension url="http://hl7.org/fhir/StructureDefinition/implementationguide-page"><valueUri value="Observation-DialyseFortsaettes.html"/></extension><reference><reference value="Observation/DialyseFortsaettes"/></reference><name value="DialyseFortsaettes"/><description value="Follow-up observation documenting that the planned intervention on dialysis should be continued for the test person"/><exampleCanonical value="http://municipality-care-data.gateway.kl.dk/1.0/StructureDefinition/klgateway-care-follow-up-observation"/><groupingId value="-ex-example"/></resource><resource><extension url="http://hl7.org/fhir/tools/StructureDefinition/resource-sort"><valueInteger value="999999999"/></extension><extension url="http://hl7.org/fhir/StructureDefinition/implementationguide-page"><valueUri value="Observation-EgensomsorgBegraensninger.html"/></extension><reference><reference value="Observation/EgensomsorgBegraensninger"/></reference><name value="EgensomsorgBegraensninger"/><description value="An observation that self-care is an area that is a matter of interest regarding the test person"/><exampleCanonical value="http://municipality-care-data.gateway.kl.dk/1.0/StructureDefinition/klgateway-care-matter-of-interest-observation"/><groupingId value="-ex-example"/></resource><resource><extension url="http://hl7.org/fhir/tools/StructureDefinition/resource-sort"><valueInteger value="999999999"/></extension><extension url="http://hl7.org/fhir/StructureDefinition/implementationguide-page"><valueUri value="Observation-EgensomsorgBegraensningerOmkringKropspleje.html"/></extension><reference><reference value="Observation/EgensomsorgBegraensningerOmkringKropspleje"/></reference><name value="EgensomsorgBegraensningerOmkringKropspleje"/><description value="An observation that self-care is an area that is a matter of interest regarding the test person with potential problems around bodily care"/><exampleCanonical value="http://municipality-care-data.gateway.kl.dk/1.0/StructureDefinition/klgateway-care-matter-of-interest-observation"/><groupingId value="-ex-example"/></resource><resource><extension url="http://hl7.org/fhir/tools/StructureDefinition/resource-sort"><valueInteger value="999999999"/></extension><extension url="http://hl7.org/fhir/StructureDefinition/implementationguide-page"><valueUri value="Goal-ForventetIngenBegraensninger.html"/></extension><reference><reference value="Goal/ForventetIngenBegraensninger"/></reference><name value="ForventetIngenBegraensninger"/><description value="A goal for the test person on the ability to wash himself"/><exampleCanonical value="http://municipality-care-data.gateway.kl.dk/1.0/StructureDefinition/klgateway-care-goal"/><groupingId value="-ex-example"/></resource><resource><extension url="http://hl7.org/fhir/tools/StructureDefinition/resource-sort"><valueInteger value="999999999"/></extension><extension url="http://hl7.org/fhir/StructureDefinition/implementationguide-page"><valueUri value="Observation-OpleverIkkeBegraensningerMedVaskeSig.html"/></extension><reference><reference value="Observation/OpleverIkkeBegraensningerMedVaskeSig"/></reference><name value="OpleverIkkeBegraensningerMedVaskeSig"/><description value="Citizens own observation regarding the importance of the limitations on the ability to wash himself"/><exampleCanonical value="http://municipality-care-data.gateway.kl.dk/1.0/StructureDefinition/klgateway-care-citizens-own-observation"/><groupingId value="-ex-example"/></resource><resource><extension url="http://hl7.org/fhir/tools/StructureDefinition/resource-sort"><valueInteger value="999999999"/></extension><extension url="http://hl7.org/fhir/StructureDefinition/implementationguide-page"><valueUri value="CarePlan-PersonligHygiejne.html"/></extension><reference><reference value="CarePlan/PersonligHygiejne"/></reference><name value="PersonligHygiejne"/><description value="Planned intervention doing personal hygiene according to FSIII on the test person"/><exampleCanonical value="http://municipality-care-data.gateway.kl.dk/1.0/StructureDefinition/klgateway-care-planned-intervention"/><groupingId value="-ex-example"/></resource><resource><extension url="http://hl7.org/fhir/tools/StructureDefinition/resource-sort"><valueInteger value="999999999"/></extension><extension url="http://hl7.org/fhir/StructureDefinition/implementationguide-page"><valueUri value="Observation-PersonligHygiejneFortsaettes.html"/></extension><reference><reference value="Observation/PersonligHygiejneFortsaettes"/></reference><name value="PersonligHygiejneFortsaettes"/><description value="Follow-up observation documenting that the planned intervention on personal hygiene should be continued for the test person"/><exampleCanonical value="http://municipality-care-data.gateway.kl.dk/1.0/StructureDefinition/klgateway-care-follow-up-observation"/><groupingId value="-ex-example"/></resource><resource><extension url="http://hl7.org/fhir/tools/StructureDefinition/resource-sort"><valueInteger value="999999999"/></extension><extension url="http://hl7.org/fhir/StructureDefinition/implementationguide-page"><valueUri value="Observation-PersonligPlejeFortsaettes.html"/></extension><reference><reference value="Observation/PersonligPlejeFortsaettes"/></reference><name value="PersonligPlejeFortsaettes"/><description value="Follow-up observation documenting that focus on personal care should be continued for the test person"/><exampleCanonical value="http://municipality-care-data.gateway.kl.dk/1.0/StructureDefinition/klgateway-care-follow-up-observation"/><groupingId value="-ex-example"/></resource><resource><extension url="http://hl7.org/fhir/tools/StructureDefinition/resource-sort"><valueInteger value="999999999"/></extension><extension url="http://hl7.org/fhir/StructureDefinition/implementationguide-page"><valueUri value="Condition-ProblemerMedPersonligPleje.html"/></extension><reference><reference value="Condition/ProblemerMedPersonligPleje"/></reference><name value="ProblemerMedPersonligPleje"/><description value="Assessed ability for the test person to perform personal care"/><exampleCanonical value="http://municipality-care-data.gateway.kl.dk/1.0/StructureDefinition/klgateway-care-condition"/><groupingId value="-ex-example"/></resource><resource><extension url="http://hl7.org/fhir/tools/StructureDefinition/resource-sort"><valueInteger value="999999999"/></extension><extension url="http://hl7.org/fhir/StructureDefinition/implementationguide-page"><valueUri value="Procedure-Saarbehandling.html"/></extension><reference><reference value="Procedure/Saarbehandling"/></reference><name value="Saarbehandling"/><description value="Completed intervention doing wound treatment according to FSIII on the test person"/><exampleCanonical value="http://municipality-care-data.gateway.kl.dk/1.0/StructureDefinition/klgateway-care-completed-intervention"/><groupingId value="-ex-example"/></resource><resource><extension url="http://hl7.org/fhir/tools/StructureDefinition/resource-sort"><valueInteger value="999999999"/></extension><extension url="http://hl7.org/fhir/StructureDefinition/implementationguide-page"><valueUri value="Bundle-TestIncrementalDelivery.html"/></extension><reference><reference value="Bundle/TestIncrementalDelivery"/></reference><name value="TestIncrementalDelivery"/><description value="Example of an incremental delivery with one delivery report"/><exampleCanonical value="http://municipality-care-data.gateway.kl.dk/1.0/StructureDefinition/klgateway-care-incremental-delivery"/><groupingId value="-ex-example"/></resource><resource><extension url="http://hl7.org/fhir/tools/StructureDefinition/resource-sort"><valueInteger value="999999999"/></extension><extension url="http://hl7.org/fhir/StructureDefinition/implementationguide-page"><valueUri value="Patient-TestPerson.html"/></extension><reference><reference value="Patient/TestPerson"/></reference><name value="TestPerson"/><description value="Test person used in the examples of the implementation guide"/><exampleCanonical value="http://municipality-care-data.gateway.kl.dk/1.0/StructureDefinition/klgateway-care-citizen"/><groupingId value="-ex-example"/></resource><resource><extension url="http://hl7.org/fhir/tools/StructureDefinition/resource-sort"><valueInteger value="999999999"/></extension><extension url="http://hl7.org/fhir/StructureDefinition/implementationguide-page"><valueUri value="Bundle-TestPersonReport.html"/></extension><reference><reference value="Bundle/TestPersonReport"/></reference><name value="TestPersonReport"/><description value="Example of a delivery report for the test person"/><exampleCanonical value="http://municipality-care-data.gateway.kl.dk/1.0/StructureDefinition/klgateway-care-delivery-report"/><groupingId value="-ex-example"/></resource><resource><extension url="http://hl7.org/fhir/tools/StructureDefinition/resource-sort"><valueInteger value="999999999"/></extension><extension url="http://hl7.org/fhir/StructureDefinition/implementationguide-page"><valueUri value="Observation-UdfoererSelvVaskeSig.html"/></extension><reference><reference value="Observation/UdfoererSelvVaskeSig"/></reference><name value="UdfoererSelvVaskeSig"/><description value="Citizens own observation regarding abililty to wash himself"/><exampleCanonical value="http://municipality-care-data.gateway.kl.dk/1.0/StructureDefinition/klgateway-care-citizens-own-observation"/><groupingId value="-ex-example"/></resource><resource><extension url="http://hl7.org/fhir/tools/StructureDefinition/resource-sort"><valueInteger value="999999999"/></extension><extension url="http://hl7.org/fhir/StructureDefinition/implementationguide-page"><valueUri value="Observation-VaskeSigFortsaettes.html"/></extension><reference><reference value="Observation/VaskeSigFortsaettes"/></reference><name value="VaskeSigFortsaettes"/><description value="Follow-up observation documenting that focus on ability to wash himself should be continued for the test person"/><exampleCanonical value="http://municipality-care-data.gateway.kl.dk/1.0/StructureDefinition/klgateway-care-follow-up-observation"/><groupingId value="-ex-example"/></resource><resource><extension url="http://hl7.org/fhir/tools/StructureDefinition/resource-sort"><valueInteger value="999999999"/></extension><extension url="http://hl7.org/fhir/StructureDefinition/implementationguide-page"><valueUri value="Condition-VaskeSigLetteBegraensninger.html"/></extension><reference><reference value="Condition/VaskeSigLetteBegraensninger"/></reference><name value="VaskeSigLetteBegraensninger"/><description value="Assessed ability for the test person to wash himself"/><exampleCanonical value="http://municipality-care-data.gateway.kl.dk/1.0/StructureDefinition/klgateway-care-condition"/><groupingId value="-ex-example"/></resource><resource><extension url="http://hl7.org/fhir/tools/StructureDefinition/resource-sort"><valueInteger value="999999999"/></extension><extension url="http://hl7.org/fhir/StructureDefinition/implementationguide-page"><valueUri value="Encounter-bfa70a76-318d-453d-9abc-76982f8d13ca.html"/></extension><reference><reference value="Encounter/bfa70a76-318d-453d-9abc-76982f8d13ca"/></reference><name value="bfa70a76-318d-453d-9abc-76982f8d13ca"/><description value="Encounter documenting the next date for a follow-up"/><exampleCanonical value="http://municipality-care-data.gateway.kl.dk/1.0/StructureDefinition/klgateway-care-encounter"/><groupingId value="-ex-example"/></resource><page><extension url="http://hl7.org/fhir/tools/StructureDefinition/ig-page-name"><valueUrl value="toc.html"/></extension><nameUrl value="toc.html"/><title value="Table of Contents"/><generation value="html"/><page><extension url="http://hl7.org/fhir/tools/StructureDefinition/ig-page-name"><valueUrl value="index.html"/></extension><nameUrl value="index.html"/><title value="Home"/><generation value="markdown"/></page><page><extension url="http://hl7.org/fhir/tools/StructureDefinition/ig-page-name"><valueUrl value="artifacts.html"/></extension><nameUrl value="artifacts.html"/><title value="Artifacts Summary"/><generation value="html"/><page><extension url="http://hl7.org/fhir/tools/StructureDefinition/ig-page-name"><valueUrl value="StructureDefinition-klgateway-care-citizen.html"/></extension><nameUrl value="StructureDefinition-klgateway-care-citizen.html"/><title value="CareCitizen"/><generation value="generated"/></page><page><extension url="http://hl7.org/fhir/tools/StructureDefinition/ig-page-name"><valueUrl value="StructureDefinition-klgateway-care-citizens-own-observation.html"/></extension><nameUrl value="StructureDefinition-klgateway-care-citizens-own-observation.html"/><title value="CareCitizensOwnObservation"/><generation value="generated"/></page><page><extension url="http://hl7.org/fhir/tools/StructureDefinition/ig-page-name"><valueUrl value="StructureDefinition-klgateway-care-completed-intervention.html"/></extension><nameUrl value="StructureDefinition-klgateway-care-completed-intervention.html"/><title value="CareCompletedIntervention"/><generation value="generated"/></page><page><extension url="http://hl7.org/fhir/tools/StructureDefinition/ig-page-name"><valueUrl value="StructureDefinition-klgateway-care-condition.html"/></extension><nameUrl value="StructureDefinition-klgateway-care-condition.html"/><title value="CareCondition"/><generation value="generated"/></page><page><extension url="http://hl7.org/fhir/tools/StructureDefinition/ig-page-name"><valueUrl value="StructureDefinition-klgateway-care-delivery-report.html"/></extension><nameUrl value="StructureDefinition-klgateway-care-delivery-report.html"/><title value="CareDeliveryReport"/><generation value="generated"/></page><page><extension url="http://hl7.org/fhir/tools/StructureDefinition/ig-page-name"><valueUrl value="StructureDefinition-klgateway-care-encounter.html"/></extension><nameUrl value="StructureDefinition-klgateway-care-encounter.html"/><title value="CareEncounter"/><generation value="generated"/></page><page><extension url="http://hl7.org/fhir/tools/StructureDefinition/ig-page-name"><valueUrl value="StructureDefinition-klgateway-care-follow-up-observation.html"/></extension><nameUrl value="StructureDefinition-klgateway-care-follow-up-observation.html"/><title value="CareFollowUpObservation"/><generation value="generated"/></page><page><extension url="http://hl7.org/fhir/tools/StructureDefinition/ig-page-name"><valueUrl value="StructureDefinition-klgateway-care-goal.html"/></extension><nameUrl value="StructureDefinition-klgateway-care-goal.html"/><title value="CareGoal"/><generation value="generated"/></page><page><extension url="http://hl7.org/fhir/tools/StructureDefinition/ig-page-name"><valueUrl value="StructureDefinition-klgateway-care-incremental-delivery.html"/></extension><nameUrl value="StructureDefinition-klgateway-care-incremental-delivery.html"/><title value="CareIncrementalDelivery"/><generation value="generated"/></page><page><extension url="http://hl7.org/fhir/tools/StructureDefinition/ig-page-name"><valueUrl value="StructureDefinition-klgateway-care-matter-of-interest-observation.html"/></extension><nameUrl value="StructureDefinition-klgateway-care-matter-of-interest-observation.html"/><title value="CareMatterOfInterestObservation"/><generation value="generated"/></page><page><extension url="http://hl7.org/fhir/tools/StructureDefinition/ig-page-name"><valueUrl value="StructureDefinition-klgateway-care-planned-intervention.html"/></extension><nameUrl value="StructureDefinition-klgateway-care-planned-intervention.html"/><title value="CarePlannedIntervention"/><generation value="generated"/></page><page><extension url="http://hl7.org/fhir/tools/StructureDefinition/ig-page-name"><valueUrl value="StructureDefinition-klgateway-care-finding-context-at-risk-extension.html"/></extension><nameUrl value="StructureDefinition-klgateway-care-finding-context-at-risk-extension.html"/><title value="CareFindingContextAtRiskExtension"/><generation value="generated"/></page><page><extension url="http://hl7.org/fhir/tools/StructureDefinition/ig-page-name"><valueUrl value="StructureDefinition-klgateway-care-follow-up-encounter-extension.html"/></extension><nameUrl value="StructureDefinition-klgateway-care-follow-up-encounter-extension.html"/><title value="CareFollowUpEncounterExtension"/><generation value="generated"/></page><page><extension url="http://hl7.org/fhir/tools/StructureDefinition/ig-page-name"><valueUrl value="ValueSet-FSIIICareConditions.html"/></extension><nameUrl value="ValueSet-FSIIICareConditions.html"/><title value="FSIIICareConditions"/><generation value="generated"/></page><page><extension url="http://hl7.org/fhir/tools/StructureDefinition/ig-page-name"><valueUrl value="ValueSet-FSIIICareGoalTypes.html"/></extension><nameUrl value="ValueSet-FSIIICareGoalTypes.html"/><title value="FSIIICareGoalTypes"/><generation value="generated"/></page><page><extension url="http://hl7.org/fhir/tools/StructureDefinition/ig-page-name"><valueUrl value="ValueSet-FSIIICareInterventions.html"/></extension><nameUrl value="ValueSet-FSIIICareInterventions.html"/><title value="FSIIICareInterventions"/><generation value="generated"/></page><page><extension url="http://hl7.org/fhir/tools/StructureDefinition/ig-page-name"><valueUrl value="ValueSet-FSIIICareMatterOfInterests.html"/></extension><nameUrl value="ValueSet-FSIIICareMatterOfInterests.html"/><title value="FSIIICareMatterOfInterests"/><generation value="generated"/></page><page><extension url="http://hl7.org/fhir/tools/StructureDefinition/ig-page-name"><valueUrl value="ValueSet-KLGatewayCareMatterOfInterestValues.html"/></extension><nameUrl value="ValueSet-KLGatewayCareMatterOfInterestValues.html"/><title value="KLGatewayCareMatterOfInterestValues"/><generation value="generated"/></page><page><extension url="http://hl7.org/fhir/tools/StructureDefinition/ig-page-name"><valueUrl value="CodeSystem-LocallyDefinedInterventions.html"/></extension><nameUrl value="CodeSystem-LocallyDefinedInterventions.html"/><title value="LocallyDefinedInterventions"/><generation value="generated"/></page><page><extension url="http://hl7.org/fhir/tools/StructureDefinition/ig-page-name"><valueUrl value="Encounter-bfa70a76-318d-453d-9abc-76982f8d13ca.html"/></extension><nameUrl value="Encounter-bfa70a76-318d-453d-9abc-76982f8d13ca.html"/><title value="bfa70a76-318d-453d-9abc-76982f8d13ca"/><generation value="generated"/></page><page><extension url="http://hl7.org/fhir/tools/StructureDefinition/ig-page-name"><valueUrl value="Bundle-3304e5f8-4b3f-4c19-8c68-e36c573f3f98.html"/></extension><nameUrl value="Bundle-3304e5f8-4b3f-4c19-8c68-e36c573f3f98.html"/><title value="DeliveryReport-JensHansen-1"/><generation value="generated"/></page><page><extension url="http://hl7.org/fhir/tools/StructureDefinition/ig-page-name"><valueUrl value="Bundle-b1c5348b-fe9f-4afc-96ff-8c42b6c6c7ff.html"/></extension><nameUrl value="Bundle-b1c5348b-fe9f-4afc-96ff-8c42b6c6c7ff.html"/><title value="DeliveryReport-JensHansen-2"/><generation value="generated"/></page><page><extension url="http://hl7.org/fhir/tools/StructureDefinition/ig-page-name"><valueUrl value="Bundle-643c3e42-ab90-4354-9b98-f01b4740d3d9.html"/></extension><nameUrl value="Bundle-643c3e42-ab90-4354-9b98-f01b4740d3d9.html"/><title value="DeliveryReport-JensHansen-3"/><generation value="generated"/></page><page><extension url="http://hl7.org/fhir/tools/StructureDefinition/ig-page-name"><valueUrl value="Bundle-d54206de-c95b-4c53-9517-6eb155dca99a.html"/></extension><nameUrl value="Bundle-d54206de-c95b-4c53-9517-6eb155dca99a.html"/><title value="DeliveryReport-PeterOlsen-1"/><generation value="generated"/></page><page><extension url="http://hl7.org/fhir/tools/StructureDefinition/ig-page-name"><valueUrl value="Bundle-abc81b1f-b3ba-41f0-9f4b-2fc4df5aaabb.html"/></extension><nameUrl value="Bundle-abc81b1f-b3ba-41f0-9f4b-2fc4df5aaabb.html"/><title value="DeliveryReport-PeterOlsen-2"/><generation value="generated"/></page><page><extension url="http://hl7.org/fhir/tools/StructureDefinition/ig-page-name"><valueUrl value="Bundle-0c1112c3-77b5-4d85-965c-0c26228ec7ef.html"/></extension><nameUrl value="Bundle-0c1112c3-77b5-4d85-965c-0c26228ec7ef.html"/><title value="DeliveryReport-PeterOlsen-3"/><generation value="generated"/></page><page><extension url="http://hl7.org/fhir/tools/StructureDefinition/ig-page-name"><valueUrl value="Bundle-374484d0-00cb-4b63-94d1-a0d984afc339.html"/></extension><nameUrl value="Bundle-374484d0-00cb-4b63-94d1-a0d984afc339.html"/><title value="DeliveryReport-PeterOlsen-4"/><generation value="generated"/></page><page><extension url="http://hl7.org/fhir/tools/StructureDefinition/ig-page-name"><valueUrl value="Bundle-cc93afc5-7849-4895-84eb-00bb5c129c0b.html"/></extension><nameUrl value="Bundle-cc93afc5-7849-4895-84eb-00bb5c129c0b.html"/><title value="DeliveryReport-PeterOlsen-5"/><generation value="generated"/></page><page><extension url="http://hl7.org/fhir/tools/StructureDefinition/ig-page-name"><valueUrl value="Bundle-1652f2a9-510a-4cd3-8fc4-8b69d0ffedae.html"/></extension><nameUrl value="Bundle-1652f2a9-510a-4cd3-8fc4-8b69d0ffedae.html"/><title value="DeliveryReport-PeterOlsen-6"/><generation value="generated"/></page><page><extension url="http://hl7.org/fhir/tools/StructureDefinition/ig-page-name"><valueUrl value="CarePlan-Dialyse.html"/></extension><nameUrl value="CarePlan-Dialyse.html"/><title value="Dialyse"/><generation value="generated"/></page><page><extension url="http://hl7.org/fhir/tools/StructureDefinition/ig-page-name"><valueUrl value="Observation-DialyseFortsaettes.html"/></extension><nameUrl value="Observation-DialyseFortsaettes.html"/><title value="DialyseFortsaettes"/><generation value="generated"/></page><page><extension url="http://hl7.org/fhir/tools/StructureDefinition/ig-page-name"><valueUrl value="Observation-EgensomsorgBegraensninger.html"/></extension><nameUrl value="Observation-EgensomsorgBegraensninger.html"/><title value="EgensomsorgBegraensninger"/><generation value="generated"/></page><page><extension url="http://hl7.org/fhir/tools/StructureDefinition/ig-page-name"><valueUrl value="Observation-EgensomsorgBegraensningerOmkringKropspleje.html"/></extension><nameUrl value="Observation-EgensomsorgBegraensningerOmkringKropspleje.html"/><title value="EgensomsorgBegraensningerOmkringKropspleje"/><generation value="generated"/></page><page><extension url="http://hl7.org/fhir/tools/StructureDefinition/ig-page-name"><valueUrl value="Goal-ForventetIngenBegraensninger.html"/></extension><nameUrl value="Goal-ForventetIngenBegraensninger.html"/><title value="ForventetIngenBegraensninger"/><generation value="generated"/></page><page><extension url="http://hl7.org/fhir/tools/StructureDefinition/ig-page-name"><valueUrl value="Observation-OpleverIkkeBegraensningerMedVaskeSig.html"/></extension><nameUrl value="Observation-OpleverIkkeBegraensningerMedVaskeSig.html"/><title value="OpleverIkkeBegraensningerMedVaskeSig"/><generation value="generated"/></page><page><extension url="http://hl7.org/fhir/tools/StructureDefinition/ig-page-name"><valueUrl value="CarePlan-PersonligHygiejne.html"/></extension><nameUrl value="CarePlan-PersonligHygiejne.html"/><title value="PersonligHygiejne"/><generation value="generated"/></page><page><extension url="http://hl7.org/fhir/tools/StructureDefinition/ig-page-name"><valueUrl value="Observation-PersonligHygiejneFortsaettes.html"/></extension><nameUrl value="Observation-PersonligHygiejneFortsaettes.html"/><title value="PersonligHygiejneFortsaettes"/><generation value="generated"/></page><page><extension url="http://hl7.org/fhir/tools/StructureDefinition/ig-page-name"><valueUrl value="Observation-PersonligPlejeFortsaettes.html"/></extension><nameUrl value="Observation-PersonligPlejeFortsaettes.html"/><title value="PersonligPlejeFortsaettes"/><generation value="generated"/></page><page><extension url="http://hl7.org/fhir/tools/StructureDefinition/ig-page-name"><valueUrl value="Condition-ProblemerMedPersonligPleje.html"/></extension><nameUrl value="Condition-ProblemerMedPersonligPleje.html"/><title value="ProblemerMedPersonligPleje"/><generation value="generated"/></page><page><extension url="http://hl7.org/fhir/tools/StructureDefinition/ig-page-name"><valueUrl value="Procedure-Saarbehandling.html"/></extension><nameUrl value="Procedure-Saarbehandling.html"/><title value="Saarbehandling"/><generation value="generated"/></page><page><extension url="http://hl7.org/fhir/tools/StructureDefinition/ig-page-name"><valueUrl value="Bundle-TestIncrementalDelivery.html"/></extension><nameUrl value="Bundle-TestIncrementalDelivery.html"/><title value="TestIncrementalDelivery"/><generation value="generated"/></page><page><extension url="http://hl7.org/fhir/tools/StructureDefinition/ig-page-name"><valueUrl value="Patient-TestPerson.html"/></extension><nameUrl value="Patient-TestPerson.html"/><title value="TestPerson"/><generation value="generated"/></page><page><extension url="http://hl7.org/fhir/tools/StructureDefinition/ig-page-name"><valueUrl value="Bundle-TestPersonReport.html"/></extension><nameUrl value="Bundle-TestPersonReport.html"/><title value="TestPersonReport"/><generation value="generated"/></page><page><extension url="http://hl7.org/fhir/tools/StructureDefinition/ig-page-name"><valueUrl value="Observation-UdfoererSelvVaskeSig.html"/></extension><nameUrl value="Observation-UdfoererSelvVaskeSig.html"/><title value="UdfoererSelvVaskeSig"/><generation value="generated"/></page><page><extension url="http://hl7.org/fhir/tools/StructureDefinition/ig-page-name"><valueUrl value="Observation-VaskeSigFortsaettes.html"/></extension><nameUrl value="Observation-VaskeSigFortsaettes.html"/><title value="VaskeSigFortsaettes"/><generation value="generated"/></page><page><extension url="http://hl7.org/fhir/tools/StructureDefinition/ig-page-name"><valueUrl value="Condition-VaskeSigLetteBegraensninger.html"/></extension><nameUrl value="Condition-VaskeSigLetteBegraensninger.html"/><title value="VaskeSigLetteBegraensninger"/><generation value="generated"/></page></page></page><parameter><code value="path-resource"/><value value="input/capabilities"/></parameter><parameter><code value="path-resource"/><value value="input/examples"/></parameter><parameter><code value="path-resource"/><value value="input/extensions"/></parameter><parameter><code value="path-resource"/><value value="input/models"/></parameter><parameter><code value="path-resource"/><value value="input/operations"/></parameter><parameter><code value="path-resource"/><value value="input/profiles"/></parameter><parameter><code value="path-resource"/><value value="input/resources"/></parameter><parameter><code value="path-resource"/><value value="input/vocabulary"/></parameter><parameter><code value="path-resource"/><value value="input/maps"/></parameter><parameter><code value="path-resource"/><value value="input/testing"/></parameter><parameter><code value="path-resource"/><value value="input/history"/></parameter><parameter><code value="path-resource"/><value value="fsh-generated/resources"/></parameter><parameter><code value="path-pages"/><value value="template/config"/></parameter><parameter><code value="path-pages"/><value value="input/images"/></parameter><parameter><code value="path-tx-cache"/><value value="input-cache/txcache"/></parameter></definition></ImplementationGuide>