<?xml version="1.0" encoding="UTF-8"?><ImplementationGuide xmlns="http://hl7.org/fhir"><id value="kl.dk.fhir.term"/><text><status value="extensions"/><div xmlns="http://www.w3.org/1999/xhtml"><h2>KLTerm</h2><p>The official URL for this implementation guide is: </p><pre>http://fhir.kl.dk/term/ImplementationGuide/kl.dk.fhir.term</pre></div></text><url value="http://fhir.kl.dk/term/ImplementationGuide/kl.dk.fhir.term"/><version value="1.0.0"/><name value="KLTerm"/><status value="active"/><date value="2023-06-07T11:46:39+02:00"/><publisher value="Kommunernes Landsforening"/><contact><name value="Kommunernes Landsforening"/><telecom><system value="url"/><value value="http://kl.dk"/></telecom></contact><packageId value="kl.dk.fhir.term"/><license value="CC0-1.0"/><fhirVersion value="4.0.1"/><dependsOn id="hl7tx"><extension url="http://hl7.org/fhir/tools/StructureDefinition/implementationguide-dependency-comment"><valueMarkdown value="Automatically added as a dependency - all IGs depend on HL7 Terminology"/></extension><uri value="http://terminology.hl7.org/ImplementationGuide/hl7.terminology"/><packageId value="hl7.terminology.r4"/><version value="5.0.0"/></dependsOn><dependsOn id="hl7ext"><extension url="http://hl7.org/fhir/tools/StructureDefinition/implementationguide-dependency-comment"><valueMarkdown value="Automatically added as a dependency - all IGs depend on the HL7 Extension Pack"/></extension><uri value="http://hl7.org/fhir/extensions/ImplementationGuide/hl7.fhir.uv.extensions"/><packageId value="hl7.fhir.uv.extensions.r4"/><version value="1.0.0"/></dependsOn><definition><extension url="http://hl7.org/fhir/tools/StructureDefinition/ig-parameter"><extension url="code"><valueString value="copyrightyear"/></extension><extension url="value"><valueString value="2022+"/></extension></extension><extension url="http://hl7.org/fhir/tools/StructureDefinition/ig-parameter"><extension url="code"><valueString value="releaselabel"/></extension><extension url="value"><valueString value="Release"/></extension></extension><extension url="http://hl7.org/fhir/tools/StructureDefinition/ig-parameter"><extension url="code"><valueString value="special-url"/></extension><extension url="value"><valueString value="urn:oid:1.2.208.176.2.21"/></extension></extension><extension url="http://hl7.org/fhir/tools/StructureDefinition/ig-parameter"><extension url="code"><valueString value="special-url"/></extension><extension url="value"><valueString value="urn:oid:1.2.208.176.2.22"/></extension></extension><extension url="http://hl7.org/fhir/tools/StructureDefinition/ig-parameter"><extension url="code"><valueString value="special-url"/></extension><extension url="value"><valueString value="urn:oid:1.2.208.176.2.1"/></extension></extension><extension url="http://hl7.org/fhir/tools/StructureDefinition/ig-parameter"><extension url="code"><valueString value="path-expansion-params"/></extension><extension url="value"><valueString value="Parameters-expParam.json"/></extension></extension><extension url="http://hl7.org/fhir/tools/StructureDefinition/ig-parameter"><extension url="code"><valueString value="autoload-resources"/></extension><extension url="value"><valueString value="true"/></extension></extension><extension url="http://hl7.org/fhir/tools/StructureDefinition/ig-parameter"><extension url="code"><valueString value="path-liquid"/></extension><extension url="value"><valueString value="template/liquid"/></extension></extension><extension url="http://hl7.org/fhir/tools/StructureDefinition/ig-parameter"><extension url="code"><valueString value="path-liquid"/></extension><extension url="value"><valueString value="input/liquid"/></extension></extension><extension url="http://hl7.org/fhir/tools/StructureDefinition/ig-parameter"><extension url="code"><valueString value="path-qa"/></extension><extension url="value"><valueString value="temp/qa"/></extension></extension><extension url="http://hl7.org/fhir/tools/StructureDefinition/ig-parameter"><extension url="code"><valueString value="path-temp"/></extension><extension url="value"><valueString value="temp/pages"/></extension></extension><extension url="http://hl7.org/fhir/tools/StructureDefinition/ig-parameter"><extension url="code"><valueString value="path-output"/></extension><extension url="value"><valueString value="output"/></extension></extension><extension url="http://hl7.org/fhir/tools/StructureDefinition/ig-parameter"><extension url="code"><valueString value="path-suppressed-warnings"/></extension><extension url="value"><valueString value="input/ignoreWarnings.txt"/></extension></extension><extension url="http://hl7.org/fhir/tools/StructureDefinition/ig-parameter"><extension url="code"><valueString value="path-history"/></extension><extension url="value"><valueString value="http://fhir.kl.dk/term/history.html"/></extension></extension><extension url="http://hl7.org/fhir/tools/StructureDefinition/ig-parameter"><extension url="code"><valueString value="template-html"/></extension><extension url="value"><valueString value="template-page.html"/></extension></extension><extension url="http://hl7.org/fhir/tools/StructureDefinition/ig-parameter"><extension url="code"><valueString value="template-md"/></extension><extension url="value"><valueString value="template-page-md.html"/></extension></extension><extension url="http://hl7.org/fhir/tools/StructureDefinition/ig-parameter"><extension url="code"><valueString value="apply-contact"/></extension><extension url="value"><valueString value="true"/></extension></extension><extension url="http://hl7.org/fhir/tools/StructureDefinition/ig-parameter"><extension url="code"><valueString value="apply-context"/></extension><extension url="value"><valueString value="true"/></extension></extension><extension url="http://hl7.org/fhir/tools/StructureDefinition/ig-parameter"><extension url="code"><valueString value="apply-copyright"/></extension><extension url="value"><valueString value="true"/></extension></extension><extension url="http://hl7.org/fhir/tools/StructureDefinition/ig-parameter"><extension url="code"><valueString value="apply-jurisdiction"/></extension><extension url="value"><valueString value="true"/></extension></extension><extension url="http://hl7.org/fhir/tools/StructureDefinition/ig-parameter"><extension url="code"><valueString value="apply-license"/></extension><extension url="value"><valueString value="true"/></extension></extension><extension url="http://hl7.org/fhir/tools/StructureDefinition/ig-parameter"><extension url="code"><valueString value="apply-publisher"/></extension><extension url="value"><valueString value="true"/></extension></extension><extension url="http://hl7.org/fhir/tools/StructureDefinition/ig-parameter"><extension url="code"><valueString value="apply-version"/></extension><extension url="value"><valueString value="true"/></extension></extension><extension url="http://hl7.org/fhir/tools/StructureDefinition/ig-parameter"><extension url="code"><valueString value="active-tables"/></extension><extension url="value"><valueString value="true"/></extension></extension><extension url="http://hl7.org/fhir/tools/StructureDefinition/ig-parameter"><extension url="code"><valueString value="fmm-definition"/></extension><extension url="value"><valueString value="http://hl7.org/fhir/versions.html#maturity"/></extension></extension><extension url="http://hl7.org/fhir/tools/StructureDefinition/ig-parameter"><extension url="code"><valueString value="propagate-status"/></extension><extension url="value"><valueString value="true"/></extension></extension><extension url="http://hl7.org/fhir/tools/StructureDefinition/ig-parameter"><extension url="code"><valueString value="excludelogbinaryformat"/></extension><extension url="value"><valueString value="true"/></extension></extension><extension url="http://hl7.org/fhir/tools/StructureDefinition/ig-parameter"><extension url="code"><valueString value="tabbed-snapshots"/></extension><extension url="value"><valueString value="true"/></extension></extension><extension url="http://hl7.org/fhir/tools/StructureDefinition/ig-internal-dependency"><valueCode value="hl7.fhir.uv.tools#current"/></extension><extension url="http://hl7.org/fhir/tools/StructureDefinition/ig-parameter"><extension url="code"><valueCode value="copyrightyear"/></extension><extension url="value"><valueString value="2022+"/></extension></extension><extension url="http://hl7.org/fhir/tools/StructureDefinition/ig-parameter"><extension url="code"><valueCode value="releaselabel"/></extension><extension url="value"><valueString value="Release"/></extension></extension><extension url="http://hl7.org/fhir/tools/StructureDefinition/ig-parameter"><extension url="code"><valueCode value="special-url"/></extension><extension url="value"><valueString value="urn:oid:1.2.208.176.2.21"/></extension></extension><extension url="http://hl7.org/fhir/tools/StructureDefinition/ig-parameter"><extension url="code"><valueCode value="special-url"/></extension><extension url="value"><valueString value="urn:oid:1.2.208.176.2.22"/></extension></extension><extension url="http://hl7.org/fhir/tools/StructureDefinition/ig-parameter"><extension url="code"><valueCode value="special-url"/></extension><extension url="value"><valueString value="urn:oid:1.2.208.176.2.1"/></extension></extension><extension url="http://hl7.org/fhir/tools/StructureDefinition/ig-parameter"><extension url="code"><valueCode value="path-expansion-params"/></extension><extension url="value"><valueString value="Parameters-expParam.json"/></extension></extension><extension url="http://hl7.org/fhir/tools/StructureDefinition/ig-parameter"><extension url="code"><valueCode value="autoload-resources"/></extension><extension url="value"><valueString value="true"/></extension></extension><extension url="http://hl7.org/fhir/tools/StructureDefinition/ig-parameter"><extension url="code"><valueCode value="path-liquid"/></extension><extension url="value"><valueString value="template/liquid"/></extension></extension><extension url="http://hl7.org/fhir/tools/StructureDefinition/ig-parameter"><extension url="code"><valueCode value="path-liquid"/></extension><extension url="value"><valueString value="input/liquid"/></extension></extension><extension url="http://hl7.org/fhir/tools/StructureDefinition/ig-parameter"><extension url="code"><valueCode value="path-qa"/></extension><extension url="value"><valueString value="temp/qa"/></extension></extension><extension url="http://hl7.org/fhir/tools/StructureDefinition/ig-parameter"><extension url="code"><valueCode value="path-temp"/></extension><extension url="value"><valueString value="temp/pages"/></extension></extension><extension url="http://hl7.org/fhir/tools/StructureDefinition/ig-parameter"><extension url="code"><valueCode value="path-output"/></extension><extension url="value"><valueString value="output"/></extension></extension><extension url="http://hl7.org/fhir/tools/StructureDefinition/ig-parameter"><extension url="code"><valueCode value="path-suppressed-warnings"/></extension><extension url="value"><valueString value="input/ignoreWarnings.txt"/></extension></extension><extension url="http://hl7.org/fhir/tools/StructureDefinition/ig-parameter"><extension url="code"><valueCode value="path-history"/></extension><extension url="value"><valueString value="http://fhir.kl.dk/term/history.html"/></extension></extension><extension url="http://hl7.org/fhir/tools/StructureDefinition/ig-parameter"><extension url="code"><valueCode value="template-html"/></extension><extension url="value"><valueString value="template-page.html"/></extension></extension><extension url="http://hl7.org/fhir/tools/StructureDefinition/ig-parameter"><extension url="code"><valueCode value="template-md"/></extension><extension url="value"><valueString value="template-page-md.html"/></extension></extension><extension url="http://hl7.org/fhir/tools/StructureDefinition/ig-parameter"><extension url="code"><valueCode value="apply-contact"/></extension><extension url="value"><valueString value="true"/></extension></extension><extension url="http://hl7.org/fhir/tools/StructureDefinition/ig-parameter"><extension url="code"><valueCode value="apply-context"/></extension><extension url="value"><valueString value="true"/></extension></extension><extension url="http://hl7.org/fhir/tools/StructureDefinition/ig-parameter"><extension url="code"><valueCode value="apply-copyright"/></extension><extension url="value"><valueString value="true"/></extension></extension><extension url="http://hl7.org/fhir/tools/StructureDefinition/ig-parameter"><extension url="code"><valueCode value="apply-jurisdiction"/></extension><extension url="value"><valueString value="true"/></extension></extension><extension url="http://hl7.org/fhir/tools/StructureDefinition/ig-parameter"><extension url="code"><valueCode value="apply-license"/></extension><extension url="value"><valueString value="true"/></extension></extension><extension url="http://hl7.org/fhir/tools/StructureDefinition/ig-parameter"><extension url="code"><valueCode value="apply-publisher"/></extension><extension url="value"><valueString value="true"/></extension></extension><extension url="http://hl7.org/fhir/tools/StructureDefinition/ig-parameter"><extension url="code"><valueCode value="apply-version"/></extension><extension url="value"><valueString value="true"/></extension></extension><extension url="http://hl7.org/fhir/tools/StructureDefinition/ig-parameter"><extension url="code"><valueCode value="active-tables"/></extension><extension url="value"><valueString value="true"/></extension></extension><extension url="http://hl7.org/fhir/tools/StructureDefinition/ig-parameter"><extension url="code"><valueCode value="fmm-definition"/></extension><extension url="value"><valueString value="http://hl7.org/fhir/versions.html#maturity"/></extension></extension><extension url="http://hl7.org/fhir/tools/StructureDefinition/ig-parameter"><extension url="code"><valueCode value="propagate-status"/></extension><extension url="value"><valueString value="true"/></extension></extension><extension url="http://hl7.org/fhir/tools/StructureDefinition/ig-parameter"><extension url="code"><valueCode value="excludelogbinaryformat"/></extension><extension url="value"><valueString value="true"/></extension></extension><extension url="http://hl7.org/fhir/tools/StructureDefinition/ig-parameter"><extension url="code"><valueCode value="tabbed-snapshots"/></extension><extension url="value"><valueString value="true"/></extension></extension><extension url="http://hl7.org/fhir/tools/StructureDefinition/ig-parameter"><extension url="code"><valueCode value="copyrightyear"/></extension><extension url="value"><valueString value="2022+"/></extension></extension><extension url="http://hl7.org/fhir/tools/StructureDefinition/ig-parameter"><extension url="code"><valueCode value="releaselabel"/></extension><extension url="value"><valueString value="Release"/></extension></extension><extension url="http://hl7.org/fhir/tools/StructureDefinition/ig-parameter"><extension url="code"><valueCode value="special-url"/></extension><extension url="value"><valueString value="urn:oid:1.2.208.176.2.21"/></extension></extension><extension url="http://hl7.org/fhir/tools/StructureDefinition/ig-parameter"><extension url="code"><valueCode value="special-url"/></extension><extension url="value"><valueString value="urn:oid:1.2.208.176.2.22"/></extension></extension><extension url="http://hl7.org/fhir/tools/StructureDefinition/ig-parameter"><extension url="code"><valueCode value="special-url"/></extension><extension url="value"><valueString value="urn:oid:1.2.208.176.2.1"/></extension></extension><extension url="http://hl7.org/fhir/tools/StructureDefinition/ig-parameter"><extension url="code"><valueCode value="path-expansion-params"/></extension><extension url="value"><valueString value="Parameters-expParam.json"/></extension></extension><extension url="http://hl7.org/fhir/tools/StructureDefinition/ig-parameter"><extension url="code"><valueCode value="autoload-resources"/></extension><extension url="value"><valueString value="true"/></extension></extension><extension url="http://hl7.org/fhir/tools/StructureDefinition/ig-parameter"><extension url="code"><valueCode value="path-liquid"/></extension><extension url="value"><valueString value="template/liquid"/></extension></extension><extension url="http://hl7.org/fhir/tools/StructureDefinition/ig-parameter"><extension url="code"><valueCode value="path-liquid"/></extension><extension url="value"><valueString value="input/liquid"/></extension></extension><extension url="http://hl7.org/fhir/tools/StructureDefinition/ig-parameter"><extension url="code"><valueCode value="path-qa"/></extension><extension url="value"><valueString value="temp/qa"/></extension></extension><extension url="http://hl7.org/fhir/tools/StructureDefinition/ig-parameter"><extension url="code"><valueCode value="path-temp"/></extension><extension url="value"><valueString value="temp/pages"/></extension></extension><extension url="http://hl7.org/fhir/tools/StructureDefinition/ig-parameter"><extension url="code"><valueCode value="path-output"/></extension><extension url="value"><valueString value="output"/></extension></extension><extension url="http://hl7.org/fhir/tools/StructureDefinition/ig-parameter"><extension url="code"><valueCode value="path-suppressed-warnings"/></extension><extension url="value"><valueString value="input/ignoreWarnings.txt"/></extension></extension><extension url="http://hl7.org/fhir/tools/StructureDefinition/ig-parameter"><extension url="code"><valueCode value="path-history"/></extension><extension url="value"><valueString value="http://fhir.kl.dk/term/history.html"/></extension></extension><extension url="http://hl7.org/fhir/tools/StructureDefinition/ig-parameter"><extension url="code"><valueCode value="template-html"/></extension><extension url="value"><valueString value="template-page.html"/></extension></extension><extension url="http://hl7.org/fhir/tools/StructureDefinition/ig-parameter"><extension url="code"><valueCode value="template-md"/></extension><extension url="value"><valueString value="template-page-md.html"/></extension></extension><extension url="http://hl7.org/fhir/tools/StructureDefinition/ig-parameter"><extension url="code"><valueCode value="apply-contact"/></extension><extension url="value"><valueString value="true"/></extension></extension><extension url="http://hl7.org/fhir/tools/StructureDefinition/ig-parameter"><extension url="code"><valueCode value="apply-context"/></extension><extension url="value"><valueString value="true"/></extension></extension><extension url="http://hl7.org/fhir/tools/StructureDefinition/ig-parameter"><extension url="code"><valueCode value="apply-copyright"/></extension><extension url="value"><valueString value="true"/></extension></extension><extension url="http://hl7.org/fhir/tools/StructureDefinition/ig-parameter"><extension url="code"><valueCode value="apply-jurisdiction"/></extension><extension url="value"><valueString value="true"/></extension></extension><extension url="http://hl7.org/fhir/tools/StructureDefinition/ig-parameter"><extension url="code"><valueCode value="apply-license"/></extension><extension url="value"><valueString value="true"/></extension></extension><extension url="http://hl7.org/fhir/tools/StructureDefinition/ig-parameter"><extension url="code"><valueCode value="apply-publisher"/></extension><extension url="value"><valueString value="true"/></extension></extension><extension url="http://hl7.org/fhir/tools/StructureDefinition/ig-parameter"><extension url="code"><valueCode value="apply-version"/></extension><extension url="value"><valueString value="true"/></extension></extension><extension url="http://hl7.org/fhir/tools/StructureDefinition/ig-parameter"><extension url="code"><valueCode value="active-tables"/></extension><extension url="value"><valueString value="true"/></extension></extension><extension url="http://hl7.org/fhir/tools/StructureDefinition/ig-parameter"><extension url="code"><valueCode value="fmm-definition"/></extension><extension url="value"><valueString value="http://hl7.org/fhir/versions.html#maturity"/></extension></extension><extension url="http://hl7.org/fhir/tools/StructureDefinition/ig-parameter"><extension url="code"><valueCode value="propagate-status"/></extension><extension url="value"><valueString value="true"/></extension></extension><extension url="http://hl7.org/fhir/tools/StructureDefinition/ig-parameter"><extension url="code"><valueCode value="excludelogbinaryformat"/></extension><extension url="value"><valueString value="true"/></extension></extension><extension url="http://hl7.org/fhir/tools/StructureDefinition/ig-parameter"><extension url="code"><valueCode value="tabbed-snapshots"/></extension><extension url="value"><valueString value="true"/></extension></extension><grouping id="-term-valueset"><name value="Terminology: Value Sets"/><description value="These define sets of codes used by systems conforming to this implementation guide."/></grouping><grouping id="-term-codesystem"><name value="Terminology: Code Systems"/><description value="These define new code systems used by systems conforming to this implementation guide."/></grouping><grouping id="-other"><name value="Other"/><description value="These are resources that are used within this implementation guide that do not fit into one of the other categories."/></grouping><resource><extension url="http://hl7.org/fhir/StructureDefinition/implementationguide-page"><valueUri value="CodeSystem-CareSocialCodes.html"/></extension><reference><reference value="CodeSystem/CareSocialCodes"/></reference><name value="CareSocialCodes"/><description value="Administrative/technical codes in Local Govenment Denmark (KL), associated with KLCommonCareSocial"/><exampleBoolean value="false"/><groupingId value="-term-codesystem"/></resource><resource><extension url="http://hl7.org/fhir/StructureDefinition/implementationguide-page"><valueUri value="Parameters-expParam.html"/></extension><reference><reference value="Parameters/expParam"/></reference><name value="expParam"/><description value="SNOMED CT expansion parameter"/><exampleBoolean value="false"/><groupingId value="-other"/></resource><resource><extension url="http://hl7.org/fhir/StructureDefinition/implementationguide-page"><valueUri value="CodeSystem-FFB.html"/></extension><reference><reference value="CodeSystem/FFB"/></reference><name value="FFB"/><description value="Codes from FFB"/><exampleBoolean value="false"/><groupingId value="-term-codesystem"/></resource><resource><extension url="http://hl7.org/fhir/StructureDefinition/implementationguide-page"><valueUri value="CodeSystem-FSIII.html"/></extension><reference><reference value="CodeSystem/FSIII"/></reference><name value="FSIII"/><description value="Codes from FSIII"/><exampleBoolean value="false"/><groupingId value="-term-codesystem"/></resource><resource><extension url="http://hl7.org/fhir/StructureDefinition/implementationguide-page"><valueUri value="ValueSet-KLImportanceLevelCodesFSIII.html"/></extension><reference><reference value="ValueSet/KLImportanceLevelCodesFSIII"/></reference><name value="KLBetydningKoderFSIII"/><description value="Importance level codes (Betydning), as evaluated by the citizen"/><exampleBoolean value="false"/><groupingId value="-term-valueset"/></resource><resource><extension url="http://hl7.org/fhir/StructureDefinition/implementationguide-page"><valueUri value="ValueSet-KLConsentToLiasing.html"/></extension><reference><reference value="ValueSet/KLConsentToLiasing"/></reference><name value="KLBorgerIndforståetMedHenvendelseKoder"/><description value="Codes for citizens knowledge of referal/request as defined by FFB"/><exampleBoolean value="false"/><groupingId value="-term-valueset"/></resource><resource><extension url="http://hl7.org/fhir/StructureDefinition/implementationguide-page"><valueUri value="ValueSet-KLCitizenObservationCodesFSIII.html"/></extension><reference><reference value="ValueSet/KLCitizenObservationCodesFSIII"/></reference><name value="KLBorgervurderingsObservationskoderFSIII"/><description value="Observation codes for citizens own observations as defined by FSIII"/><exampleBoolean value="false"/><groupingId value="-term-valueset"/></resource><resource><extension url="http://hl7.org/fhir/StructureDefinition/implementationguide-page"><valueUri value="ValueSet-KLCitizenObservationResultCodesFSIII.html"/></extension><reference><reference value="ValueSet/KLCitizenObservationResultCodesFSIII"/></reference><name value="KLBorgervurderingsResultatkoderFSIII"/><description value="Performance and Importance level codes, as evaluated by the citizen"/><exampleBoolean value="false"/><groupingId value="-term-valueset"/></resource><resource><extension url="http://hl7.org/fhir/StructureDefinition/implementationguide-page"><valueUri value="ValueSet-KLPreventionInterventionsFSIII.html"/></extension><reference><reference value="ValueSet/KLPreventionInterventionsFSIII"/></reference><name value="KLForebyggelseIndsatserFSIII"/><description value="Prevention and health promotion interventions as defined by FSIII"/><exampleBoolean value="false"/><groupingId value="-term-valueset"/></resource><resource><extension url="http://hl7.org/fhir/StructureDefinition/implementationguide-page"><valueUri value="ValueSet-KLPreventionAreasFSIII.html"/></extension><reference><reference value="ValueSet/KLPreventionAreasFSIII"/></reference><name value="KLForebyggelseOmråderFSIII"/><description value="Prevention areas (observation codes), used for documentation within prevention and health promotion"/><exampleBoolean value="false"/><groupingId value="-term-valueset"/></resource><resource><extension url="http://hl7.org/fhir/StructureDefinition/implementationguide-page"><valueUri value="ValueSet-KLSeveritiesFFB.html"/></extension><reference><reference value="ValueSet/KLSeveritiesFFB"/></reference><name value="KLFunktionsevneniveauFFB"/><description value="Severities related to conditions in FFB (funktionsevneniveau)"/><exampleBoolean value="false"/><groupingId value="-term-valueset"/></resource><resource><extension url="http://hl7.org/fhir/StructureDefinition/implementationguide-page"><valueUri value="ValueSet-KLSeveritiesFSIII.html"/></extension><reference><reference value="ValueSet/KLSeveritiesFSIII"/></reference><name value="KLFunktionsevneniveauFSIII"/><description value="Severities related to conditions in FSIII home care (funktionsniveau)"/><exampleBoolean value="false"/><groupingId value="-term-valueset"/></resource><resource><extension url="http://hl7.org/fhir/StructureDefinition/implementationguide-page"><valueUri value="ValueSet-KLGeneralInformationFSIII.html"/></extension><reference><reference value="ValueSet/KLGeneralInformationFSIII"/></reference><name value="KLGenerelInformationFSIII"/><description value="Generel information codes (observations) as defined by FSIII"/><exampleBoolean value="false"/><groupingId value="-term-valueset"/></resource><resource><extension url="http://hl7.org/fhir/StructureDefinition/implementationguide-page"><valueUri value="ValueSet-KLRequestFromFSIII.html"/></extension><reference><reference value="ValueSet/KLRequestFromFSIII"/></reference><name value="KLHenvendelseHenvisningFraFSIII"/><description value="Type of service requesters as defined by FSIII"/><exampleBoolean value="false"/><groupingId value="-term-valueset"/></resource><resource><extension url="http://hl7.org/fhir/StructureDefinition/implementationguide-page"><valueUri value="ValueSet-KLHomeCareInterventionsFSIII.html"/></extension><reference><reference value="ValueSet/KLHomeCareInterventionsFSIII"/></reference><name value="KLHjemmeplejeIndsatserFSIII"/><description value="Home Care Interventions as described by FSIII"/><exampleBoolean value="false"/><groupingId value="-term-valueset"/></resource><resource><extension url="http://hl7.org/fhir/StructureDefinition/implementationguide-page"><valueUri value="ValueSet-KLHomeCareAreasFSIII.html"/></extension><reference><reference value="ValueSet/KLHomeCareAreasFSIII"/></reference><name value="KLHjemmeplejeOmråderFSIII"/><description value="Observation codes for the five home care areas as defined by FSIII"/><exampleBoolean value="false"/><groupingId value="-term-valueset"/></resource><resource><extension url="http://hl7.org/fhir/StructureDefinition/implementationguide-page"><valueUri value="ValueSet-KLInterventions.html"/></extension><reference><reference value="ValueSet/KLInterventions"/></reference><name value="KLIndsatser"/><description value="Interventions as described by FSIII and FFB"/><exampleBoolean value="false"/><groupingId value="-term-valueset"/></resource><resource><extension url="http://hl7.org/fhir/StructureDefinition/implementationguide-page"><valueUri value="ValueSet-KLInterventionsFSIII.html"/></extension><reference><reference value="ValueSet/KLInterventionsFSIII"/></reference><name value="KLIndsatserFSIII"/><description value="Interventions as described by FSIII"/><exampleBoolean value="false"/><groupingId value="-term-valueset"/></resource><resource><extension url="http://hl7.org/fhir/StructureDefinition/implementationguide-page"><valueUri value="ValueSet-KLCarePlanCategoryCodes.html"/></extension><reference><reference value="ValueSet/KLCarePlanCategoryCodes"/></reference><name value="KLIndsatsforløbTypekoder"/><description value="Codes for constraining the CarePlan category"/><exampleBoolean value="false"/><groupingId value="-term-valueset"/></resource><resource><extension url="http://hl7.org/fhir/StructureDefinition/implementationguide-page"><valueUri value="ValueSet-KLMatterOfInterestValues.html"/></extension><reference><reference value="ValueSet/KLMatterOfInterestValues"/></reference><name value="KLIngenOplysningerKoder"/><description value="Matter of interes values to support when no observations have been made"/><exampleBoolean value="false"/><groupingId value="-term-valueset"/></resource><resource><extension url="http://hl7.org/fhir/StructureDefinition/implementationguide-page"><valueUri value="ValueSet-KLMatterOfInterestInformerFFB.html"/></extension><reference><reference value="ValueSet/KLMatterOfInterestInformerFFB"/></reference><name value="KLKildeTilOplysningFFB"/><description value="Codes that identify who's perspective the matter-of-interest is comming from"/><exampleBoolean value="false"/><groupingId value="-term-valueset"/></resource><resource><extension url="http://hl7.org/fhir/StructureDefinition/implementationguide-page"><valueUri value="ValueSet-KLComplicationCodesSCT.html"/></extension><reference><reference value="ValueSet/KLComplicationCodesSCT"/></reference><name value="KLKomplikationskoderSCT"/><description value="Codes that indicate whether an intervention had complications or not"/><exampleBoolean value="false"/><groupingId value="-term-valueset"/></resource><resource><extension url="http://hl7.org/fhir/StructureDefinition/implementationguide-page"><valueUri value="ValueSet-KLEncounterTypes.html"/></extension><reference><reference value="ValueSet/KLEncounterTypes"/></reference><name value="KLKontaktTyper"/><description value="Encounter types in Danish municipality health, social and elderly care (note that these are specific to this model, they are not replicas of a municipality terminology service)"/><exampleBoolean value="false"/><groupingId value="-term-valueset"/></resource><resource><extension url="http://hl7.org/fhir/StructureDefinition/implementationguide-page"><valueUri value="CodeSystem-KLCommonproprietary.html"/></extension><reference><reference value="CodeSystem/KLCommonproprietary"/></reference><name value="KLLokaleKoder"/><description value="Proprietary codes associated with KLCommonCareSocial, partial list, ID's likely to change."/><exampleBoolean value="false"/><groupingId value="-term-codesystem"/></resource><resource><extension url="http://hl7.org/fhir/StructureDefinition/implementationguide-page"><valueUri value="ValueSet-KLTargetGroupsFFB.html"/></extension><reference><reference value="ValueSet/KLTargetGroupsFFB"/></reference><name value="KLMålgrupperFFB"/><description value="Target groups as defined by FFB"/><exampleBoolean value="false"/><groupingId value="-term-valueset"/></resource><resource><extension url="http://hl7.org/fhir/StructureDefinition/implementationguide-page"><valueUri value="ValueSet-KLGoalTypeCodes.html"/></extension><reference><reference value="ValueSet/KLGoalTypeCodes"/></reference><name value="KLMålKategoriKoder"/><description value="Codes used to distinguish different kinds of goals"/><exampleBoolean value="false"/><groupingId value="-term-valueset"/></resource><resource><extension url="http://hl7.org/fhir/StructureDefinition/implementationguide-page"><valueUri value="ValueSet-KLChangeValueCodes.html"/></extension><reference><reference value="ValueSet/KLChangeValueCodes"/></reference><name value="KLMåltypeKoder"/><description value="Change values for goals (måltype). Express the target value for change of a condition"/><exampleBoolean value="false"/><groupingId value="-term-valueset"/></resource><resource><extension url="http://hl7.org/fhir/StructureDefinition/implementationguide-page"><valueUri value="ValueSet-KLChangeValueCodesFFB.html"/></extension><reference><reference value="ValueSet/KLChangeValueCodesFFB"/></reference><name value="KLMåltypekoderFFB"/><description value="Change values for goals in FFB (FFB måltype). Express the target value for change of an activity or participation condition"/><exampleBoolean value="false"/><groupingId value="-term-valueset"/></resource><resource><extension url="http://hl7.org/fhir/StructureDefinition/implementationguide-page"><valueUri value="ValueSet-KLChangeValueCodesFSIII.html"/></extension><reference><reference value="ValueSet/KLChangeValueCodesFSIII"/></reference><name value="KLMåltypeKoderFSIII"/><description value="Change values for goals in FSIII (FSIII måltype). Express the target value for change of a health condition or funtional condition"/><exampleBoolean value="false"/><groupingId value="-term-valueset"/></resource><resource><extension url="http://hl7.org/fhir/StructureDefinition/implementationguide-page"><valueUri value="ValueSet-KLObservationCodes.html"/></extension><reference><reference value="ValueSet/KLObservationCodes"/></reference><name value="KLObservationskoder"/><description value="SNOMED CT and NPU codes used in Danish municipalities"/><exampleBoolean value="false"/><groupingId value="-term-valueset"/></resource><resource><extension url="http://hl7.org/fhir/StructureDefinition/implementationguide-page"><valueUri value="ValueSet-KLFollowUpCodesFFB.html"/></extension><reference><reference value="ValueSet/KLFollowUpCodesFFB"/></reference><name value="KLOpfølgningKoderFFB"/><description value="Follow-up codes used in FFB"/><exampleBoolean value="false"/><groupingId value="-term-valueset"/></resource><resource><extension url="http://hl7.org/fhir/StructureDefinition/implementationguide-page"><valueUri value="ValueSet-KLFollowUpCodesFSIII.html"/></extension><reference><reference value="ValueSet/KLFollowUpCodesFSIII"/></reference><name value="KLOpfølgningKoderFSIII"/><description value="Follow-up codes used in FSIII"/><exampleBoolean value="false"/><groupingId value="-term-valueset"/></resource><resource><extension url="http://hl7.org/fhir/StructureDefinition/implementationguide-page"><valueUri value="ValueSet-KLFollowUpCodes.html"/></extension><reference><reference value="ValueSet/KLFollowUpCodes"/></reference><name value="KLOpfølgningKodes"/><description value="Follow-up codes used in Danish municipalities"/><exampleBoolean value="false"/><groupingId value="-term-valueset"/></resource><resource><extension url="http://hl7.org/fhir/StructureDefinition/implementationguide-page"><valueUri value="ValueSet-KLInformationCodes.html"/></extension><reference><reference value="ValueSet/KLInformationCodes"/></reference><name value="KLOplysningKoder"/><description value="Information codes from FSIII and FFB (Område, Tema, Generelle oplysninger)"/><exampleBoolean value="false"/><groupingId value="-term-valueset"/></resource><resource><extension url="http://hl7.org/fhir/StructureDefinition/implementationguide-page"><valueUri value="ValueSet-KLInformationGatheringInvestigationCodes.html"/></extension><reference><reference value="ValueSet/KLInformationGatheringInvestigationCodes"/></reference><name value="KLOplysningsaktivitetsOgVurderingskoder"/><description value="Codes that identify valid items in an investigation in Danish municipalities"/><exampleBoolean value="false"/><groupingId value="-term-valueset"/></resource><resource><extension url="http://hl7.org/fhir/StructureDefinition/implementationguide-page"><valueUri value="ValueSet-KLInformationGatheringTypeCodes.html"/></extension><reference><reference value="ValueSet/KLInformationGatheringTypeCodes"/></reference><name value="KLOplysningsaktivitetsTypeKoder"/><description value="Codes used to specify which kind of information gathering is conducted"/><exampleBoolean value="false"/><groupingId value="-term-valueset"/></resource><resource><extension url="http://hl7.org/fhir/StructureDefinition/implementationguide-page"><valueUri value="ValueSet-KLServicesTypes.html"/></extension><reference><reference value="ValueSet/KLServicesTypes"/></reference><name value="KLServiceTyper"/><description value="Types of services that the Danish municipalities provide which is covered by FSIII and FFB"/><exampleBoolean value="false"/><groupingId value="-term-valueset"/></resource><resource><extension url="http://hl7.org/fhir/StructureDefinition/implementationguide-page"><valueUri value="ValueSet-KLNeedsAssessmentCodesFFB.html"/></extension><reference><reference value="ValueSet/KLNeedsAssessmentCodesFFB"/></reference><name value="KLStøttebehovsvurderingskoderFFB"/><description value="Needs assesment codes as defined in FFB"/><exampleBoolean value="false"/><groupingId value="-term-valueset"/></resource><resource><extension url="http://hl7.org/fhir/StructureDefinition/implementationguide-page"><valueUri value="ValueSet-KLSeverities.html"/></extension><reference><reference value="ValueSet/KLSeverities"/></reference><name value="KLSværhedgrader"/><description value="Severities related to conditions"/><exampleBoolean value="false"/><groupingId value="-term-valueset"/></resource><resource><extension url="http://hl7.org/fhir/StructureDefinition/implementationguide-page"><valueUri value="ValueSet-KLNursingInterventionsFSIII.html"/></extension><reference><reference value="ValueSet/KLNursingInterventionsFSIII"/></reference><name value="KLSygeplejeIndsatserFSIII"/><description value="Nursing interventions as described by FSIII"/><exampleBoolean value="false"/><groupingId value="-term-valueset"/></resource><resource><extension url="http://hl7.org/fhir/StructureDefinition/implementationguide-page"><valueUri value="ValueSet-KLNursingAreasFSIII.html"/></extension><reference><reference value="ValueSet/KLNursingAreasFSIII"/></reference><name value="KLSygeplejeOmråderFSIII"/><description value="Observation codes for the 12 nursing areas as defined by FSIII"/><exampleBoolean value="false"/><groupingId value="-term-valueset"/></resource><resource><extension url="http://hl7.org/fhir/StructureDefinition/implementationguide-page"><valueUri value="ValueSet-KLThemesFFB.html"/></extension><reference><reference value="ValueSet/KLThemesFFB"/></reference><name value="KLTemaerFFB"/><description value="FFB Themes"/><exampleBoolean value="false"/><groupingId value="-term-valueset"/></resource><resource><extension url="http://hl7.org/fhir/StructureDefinition/implementationguide-page"><valueUri value="ValueSet-KLServiceCodesFFB.html"/></extension><reference><reference value="ValueSet/KLServiceCodesFFB"/></reference><name value="KLTilbudsKoderFFB"/><description value="Social service (tilbud) as defined by FFB"/><exampleBoolean value="false"/><groupingId value="-term-valueset"/></resource><resource><extension url="http://hl7.org/fhir/StructureDefinition/implementationguide-page"><valueUri value="ValueSet-KLConditionADCodesFFB.html"/></extension><reference><reference value="ValueSet/KLConditionADCodesFFB"/></reference><name value="KLTilstandADKoderFFB"/><description value="Danish municipality FFB condition codes for Activities and Participation"/><exampleBoolean value="false"/><groupingId value="-term-valueset"/></resource><resource><extension url="http://hl7.org/fhir/StructureDefinition/implementationguide-page"><valueUri value="ValueSet-KLConditionCodesHomeCare.html"/></extension><reference><reference value="ValueSet/KLConditionCodesHomeCare"/></reference><name value="KLTilstandeKoderHjemmepleje"/><description value="Danish municipality home care condition codes (funktionsevnetilstande)"/><exampleBoolean value="false"/><groupingId value="-term-valueset"/></resource><resource><extension url="http://hl7.org/fhir/StructureDefinition/implementationguide-page"><valueUri value="ValueSet-KLConditionCodesNursing.html"/></extension><reference><reference value="ValueSet/KLConditionCodesNursing"/></reference><name value="KLTilstandeKoderSygepleje"/><description value="Danish municipality nursing condition codes"/><exampleBoolean value="false"/><groupingId value="-term-valueset"/></resource><resource><extension url="http://hl7.org/fhir/StructureDefinition/implementationguide-page"><valueUri value="ValueSet-KLConditionsAndTargetGroupsFFB.html"/></extension><reference><reference value="ValueSet/KLConditionsAndTargetGroupsFFB"/></reference><name value="KLTilstandeOgMålgrupperFFB"/><description value="Conditions and target groups as defined by FFB"/><exampleBoolean value="false"/><groupingId value="-term-valueset"/></resource><resource><extension url="http://hl7.org/fhir/StructureDefinition/implementationguide-page"><valueUri value="ValueSet-KLConditionFFCodesFFB.html"/></extension><reference><reference value="ValueSet/KLConditionFFCodesFFB"/></reference><name value="KLTilstandFFKoderFFB"/><description value="Danish municipality FFB condition codes for body functions and structures"/><exampleBoolean value="false"/><groupingId value="-term-valueset"/></resource><resource><extension url="http://hl7.org/fhir/StructureDefinition/implementationguide-page"><valueUri value="ValueSet-KLConditionCodes.html"/></extension><reference><reference value="ValueSet/KLConditionCodes"/></reference><name value="KLTilstandKoder"/><description value="Danish municipality condition codes"/><exampleBoolean value="false"/><groupingId value="-term-valueset"/></resource><resource><extension url="http://hl7.org/fhir/StructureDefinition/implementationguide-page"><valueUri value="ValueSet-KLConditionCodesFFB.html"/></extension><reference><reference value="ValueSet/KLConditionCodesFFB"/></reference><name value="KLTilstandKoderFFB"/><description value="Danish municipality FFB condition codes"/><exampleBoolean value="false"/><groupingId value="-term-valueset"/></resource><resource><extension url="http://hl7.org/fhir/StructureDefinition/implementationguide-page"><valueUri value="ValueSet-KLConditionCodesPrevention.html"/></extension><reference><reference value="ValueSet/KLConditionCodesPrevention"/></reference><name value="KLTilstandKoderForebyggelse"/><description value="Danish municipality Prevention condition codes"/><exampleBoolean value="false"/><groupingId value="-term-valueset"/></resource><resource><extension url="http://hl7.org/fhir/StructureDefinition/implementationguide-page"><valueUri value="ValueSet-KLConditionCodesFSIII.html"/></extension><reference><reference value="ValueSet/KLConditionCodesFSIII"/></reference><name value="KLTilstandKoderFSIII"/><description value="Danish municipality FSIII condition codes"/><exampleBoolean value="false"/><groupingId value="-term-valueset"/></resource><resource><extension url="http://hl7.org/fhir/StructureDefinition/implementationguide-page"><valueUri value="ValueSet-KLConditionCodesTheraphy.html"/></extension><reference><reference value="ValueSet/KLConditionCodesTheraphy"/></reference><name value="KLTilstandKoderTræning"/><description value="Danish municipality theraphy condition codes"/><exampleBoolean value="false"/><groupingId value="-term-valueset"/></resource><resource><extension url="http://hl7.org/fhir/StructureDefinition/implementationguide-page"><valueUri value="ValueSet-KLConditionOCodesFFB.html"/></extension><reference><reference value="ValueSet/KLConditionOCodesFFB"/></reference><name value="KLTilstandOKoderFFB"/><description value="Danish municipality FFB condition codes for Environmental Factors"/><exampleBoolean value="false"/><groupingId value="-term-valueset"/></resource><resource><extension url="http://hl7.org/fhir/StructureDefinition/implementationguide-page"><valueUri value="ValueSet-KLTrainingInterventionsFSIII.html"/></extension><reference><reference value="ValueSet/KLTrainingInterventionsFSIII"/></reference><name value="KLTræningIndsatserFSIII"/><description value="Training interventions as defined by FSIII"/><exampleBoolean value="false"/><groupingId value="-term-valueset"/></resource><resource><extension url="http://hl7.org/fhir/StructureDefinition/implementationguide-page"><valueUri value="ValueSet-KLTheraphyAreasFSIII.html"/></extension><reference><reference value="ValueSet/KLTheraphyAreasFSIII"/></reference><name value="KLTræningOmråderFSIII"/><description value="Theraphy areas (observation codes), used for documentation within physical training, physiotheraphy and occupational theraphy in Danish Municipalities as defined by FSIII"/><exampleBoolean value="false"/><groupingId value="-term-valueset"/></resource><resource><extension url="http://hl7.org/fhir/StructureDefinition/implementationguide-page"><valueUri value="ValueSet-KLTargetMeasureCodes.html"/></extension><reference><reference value="ValueSet/KLTargetMeasureCodes"/></reference><name value="KLTypeAfObservationPåMål"/><description value="Target measure code, that determines whether the target is expressed as a severity, change value or using another observation"/><exampleBoolean value="false"/><groupingId value="-term-valueset"/></resource><resource><extension url="http://hl7.org/fhir/StructureDefinition/implementationguide-page"><valueUri value="ValueSet-KLPerformanceLevelCodesFSIII.html"/></extension><reference><reference value="ValueSet/KLPerformanceLevelCodesFSIII"/></reference><name value="KLUdførelsesKoderFSIII"/><description value="Performance level codes (Udførelse), as evaluated by the citizen"/><exampleBoolean value="false"/><groupingId value="-term-valueset"/></resource><resource><extension url="http://hl7.org/fhir/StructureDefinition/implementationguide-page"><valueUri value="ValueSet-KLEvaluationTypeCodes.html"/></extension><reference><reference value="ValueSet/KLEvaluationTypeCodes"/></reference><name value="KLVurderingTypekoder"/><description value="Codes used to distinguish different kinds of evaluations"/><exampleBoolean value="false"/><groupingId value="-term-valueset"/></resource><resource><extension url="http://hl7.org/fhir/StructureDefinition/implementationguide-page"><valueUri value="ValueSet-KLEvaluationTypeCodesSCT.html"/></extension><reference><reference value="ValueSet/KLEvaluationTypeCodesSCT"/></reference><name value="KLVurderingTypekoderSCT"/><description value="SNOMED CT codes used to distinguish different kinds of evaluations"/><exampleBoolean value="false"/><groupingId value="-term-valueset"/></resource><resource><extension url="http://hl7.org/fhir/StructureDefinition/implementationguide-page"><valueUri value="ValueSet-KLInterventionsFFB.html"/></extension><reference><reference value="ValueSet/KLInterventionsFFB"/></reference><name value="KLYdelserFFB"/><description value="social interventions (ydelser) as defined by FFB"/><exampleBoolean value="false"/><groupingId value="-term-valueset"/></resource><resource><extension url="http://hl7.org/fhir/StructureDefinition/implementationguide-page"><valueUri value="CodeSystem-NPU.html"/></extension><reference><reference value="CodeSystem/NPU"/></reference><name value="NPU"/><description value="NPUcodes used in Danish municipalities"/><exampleBoolean value="false"/><groupingId value="-term-codesystem"/></resource><page><extension url="http://hl7.org/fhir/tools/StructureDefinition/ig-page-name"><valueUrl value="toc.html"/></extension><nameUrl value="toc.html"/><title value="Table of Contents"/><generation value="html"/><page><extension url="http://hl7.org/fhir/tools/StructureDefinition/ig-page-name"><valueUrl value="index.html"/></extension><nameUrl value="index.html"/><title value="Home"/><generation value="markdown"/></page><page><extension url="http://hl7.org/fhir/tools/StructureDefinition/ig-page-name"><valueUrl value="artifacts.html"/></extension><nameUrl value="artifacts.html"/><title value="Artifacts Summary"/><generation value="html"/><page><extension url="http://hl7.org/fhir/tools/StructureDefinition/ig-page-name"><valueUrl value="ValueSet-KLImportanceLevelCodesFSIII.html"/></extension><nameUrl value="ValueSet-KLImportanceLevelCodesFSIII.html"/><title value="KLBetydningKoderFSIII"/><generation value="generated"/></page><page><extension url="http://hl7.org/fhir/tools/StructureDefinition/ig-page-name"><valueUrl value="ValueSet-KLConsentToLiasing.html"/></extension><nameUrl value="ValueSet-KLConsentToLiasing.html"/><title value="KLBorgerIndforståetMedHenvendelseKoder"/><generation value="generated"/></page><page><extension url="http://hl7.org/fhir/tools/StructureDefinition/ig-page-name"><valueUrl value="ValueSet-KLCitizenObservationCodesFSIII.html"/></extension><nameUrl value="ValueSet-KLCitizenObservationCodesFSIII.html"/><title value="KLBorgervurderingsObservationskoderFSIII"/><generation value="generated"/></page><page><extension url="http://hl7.org/fhir/tools/StructureDefinition/ig-page-name"><valueUrl value="ValueSet-KLCitizenObservationResultCodesFSIII.html"/></extension><nameUrl value="ValueSet-KLCitizenObservationResultCodesFSIII.html"/><title value="KLBorgervurderingsResultatkoderFSIII"/><generation value="generated"/></page><page><extension url="http://hl7.org/fhir/tools/StructureDefinition/ig-page-name"><valueUrl value="ValueSet-KLPreventionInterventionsFSIII.html"/></extension><nameUrl value="ValueSet-KLPreventionInterventionsFSIII.html"/><title value="KLForebyggelseIndsatserFSIII"/><generation value="generated"/></page><page><extension url="http://hl7.org/fhir/tools/StructureDefinition/ig-page-name"><valueUrl value="ValueSet-KLPreventionAreasFSIII.html"/></extension><nameUrl value="ValueSet-KLPreventionAreasFSIII.html"/><title value="KLForebyggelseOmråderFSIII"/><generation value="generated"/></page><page><extension url="http://hl7.org/fhir/tools/StructureDefinition/ig-page-name"><valueUrl value="ValueSet-KLSeveritiesFFB.html"/></extension><nameUrl value="ValueSet-KLSeveritiesFFB.html"/><title value="KLFunktionsevneniveauFFB"/><generation value="generated"/></page><page><extension url="http://hl7.org/fhir/tools/StructureDefinition/ig-page-name"><valueUrl value="ValueSet-KLSeveritiesFSIII.html"/></extension><nameUrl value="ValueSet-KLSeveritiesFSIII.html"/><title value="KLFunktionsevneniveauFSIII"/><generation value="generated"/></page><page><extension url="http://hl7.org/fhir/tools/StructureDefinition/ig-page-name"><valueUrl value="ValueSet-KLGeneralInformationFSIII.html"/></extension><nameUrl value="ValueSet-KLGeneralInformationFSIII.html"/><title value="KLGenerelInformationFSIII"/><generation value="generated"/></page><page><extension url="http://hl7.org/fhir/tools/StructureDefinition/ig-page-name"><valueUrl value="ValueSet-KLRequestFromFSIII.html"/></extension><nameUrl value="ValueSet-KLRequestFromFSIII.html"/><title value="KLHenvendelseHenvisningFraFSIII"/><generation value="generated"/></page><page><extension url="http://hl7.org/fhir/tools/StructureDefinition/ig-page-name"><valueUrl value="ValueSet-KLHomeCareInterventionsFSIII.html"/></extension><nameUrl value="ValueSet-KLHomeCareInterventionsFSIII.html"/><title value="KLHjemmeplejeIndsatserFSIII"/><generation value="generated"/></page><page><extension url="http://hl7.org/fhir/tools/StructureDefinition/ig-page-name"><valueUrl value="ValueSet-KLHomeCareAreasFSIII.html"/></extension><nameUrl value="ValueSet-KLHomeCareAreasFSIII.html"/><title value="KLHjemmeplejeOmråderFSIII"/><generation value="generated"/></page><page><extension url="http://hl7.org/fhir/tools/StructureDefinition/ig-page-name"><valueUrl value="ValueSet-KLInterventions.html"/></extension><nameUrl value="ValueSet-KLInterventions.html"/><title value="KLIndsatser"/><generation value="generated"/></page><page><extension url="http://hl7.org/fhir/tools/StructureDefinition/ig-page-name"><valueUrl value="ValueSet-KLInterventionsFSIII.html"/></extension><nameUrl value="ValueSet-KLInterventionsFSIII.html"/><title value="KLIndsatserFSIII"/><generation value="generated"/></page><page><extension url="http://hl7.org/fhir/tools/StructureDefinition/ig-page-name"><valueUrl value="ValueSet-KLCarePlanCategoryCodes.html"/></extension><nameUrl value="ValueSet-KLCarePlanCategoryCodes.html"/><title value="KLIndsatsforløbTypekoder"/><generation value="generated"/></page><page><extension url="http://hl7.org/fhir/tools/StructureDefinition/ig-page-name"><valueUrl value="ValueSet-KLMatterOfInterestValues.html"/></extension><nameUrl value="ValueSet-KLMatterOfInterestValues.html"/><title value="KLIngenOplysningerKoder"/><generation value="generated"/></page><page><extension url="http://hl7.org/fhir/tools/StructureDefinition/ig-page-name"><valueUrl value="ValueSet-KLMatterOfInterestInformerFFB.html"/></extension><nameUrl value="ValueSet-KLMatterOfInterestInformerFFB.html"/><title value="KLKildeTilOplysningFFB"/><generation value="generated"/></page><page><extension url="http://hl7.org/fhir/tools/StructureDefinition/ig-page-name"><valueUrl value="ValueSet-KLComplicationCodesSCT.html"/></extension><nameUrl value="ValueSet-KLComplicationCodesSCT.html"/><title value="KLKomplikationskoderSCT"/><generation value="generated"/></page><page><extension url="http://hl7.org/fhir/tools/StructureDefinition/ig-page-name"><valueUrl value="ValueSet-KLEncounterTypes.html"/></extension><nameUrl value="ValueSet-KLEncounterTypes.html"/><title value="KLKontaktTyper"/><generation value="generated"/></page><page><extension url="http://hl7.org/fhir/tools/StructureDefinition/ig-page-name"><valueUrl value="ValueSet-KLTargetGroupsFFB.html"/></extension><nameUrl value="ValueSet-KLTargetGroupsFFB.html"/><title value="KLMålgrupperFFB"/><generation value="generated"/></page><page><extension url="http://hl7.org/fhir/tools/StructureDefinition/ig-page-name"><valueUrl value="ValueSet-KLGoalTypeCodes.html"/></extension><nameUrl value="ValueSet-KLGoalTypeCodes.html"/><title value="KLMålKategoriKoder"/><generation value="generated"/></page><page><extension url="http://hl7.org/fhir/tools/StructureDefinition/ig-page-name"><valueUrl value="ValueSet-KLChangeValueCodes.html"/></extension><nameUrl value="ValueSet-KLChangeValueCodes.html"/><title value="KLMåltypeKoder"/><generation value="generated"/></page><page><extension url="http://hl7.org/fhir/tools/StructureDefinition/ig-page-name"><valueUrl value="ValueSet-KLChangeValueCodesFFB.html"/></extension><nameUrl value="ValueSet-KLChangeValueCodesFFB.html"/><title value="KLMåltypekoderFFB"/><generation value="generated"/></page><page><extension url="http://hl7.org/fhir/tools/StructureDefinition/ig-page-name"><valueUrl value="ValueSet-KLChangeValueCodesFSIII.html"/></extension><nameUrl value="ValueSet-KLChangeValueCodesFSIII.html"/><title value="KLMåltypeKoderFSIII"/><generation value="generated"/></page><page><extension url="http://hl7.org/fhir/tools/StructureDefinition/ig-page-name"><valueUrl value="ValueSet-KLObservationCodes.html"/></extension><nameUrl value="ValueSet-KLObservationCodes.html"/><title value="KLObservationskoder"/><generation value="generated"/></page><page><extension url="http://hl7.org/fhir/tools/StructureDefinition/ig-page-name"><valueUrl value="ValueSet-KLFollowUpCodesFFB.html"/></extension><nameUrl value="ValueSet-KLFollowUpCodesFFB.html"/><title value="KLOpfølgningKoderFFB"/><generation value="generated"/></page><page><extension url="http://hl7.org/fhir/tools/StructureDefinition/ig-page-name"><valueUrl value="ValueSet-KLFollowUpCodesFSIII.html"/></extension><nameUrl value="ValueSet-KLFollowUpCodesFSIII.html"/><title value="KLOpfølgningKoderFSIII"/><generation value="generated"/></page><page><extension url="http://hl7.org/fhir/tools/StructureDefinition/ig-page-name"><valueUrl value="ValueSet-KLFollowUpCodes.html"/></extension><nameUrl value="ValueSet-KLFollowUpCodes.html"/><title value="KLOpfølgningKodes"/><generation value="generated"/></page><page><extension url="http://hl7.org/fhir/tools/StructureDefinition/ig-page-name"><valueUrl value="ValueSet-KLInformationCodes.html"/></extension><nameUrl value="ValueSet-KLInformationCodes.html"/><title value="KLOplysningKoder"/><generation value="generated"/></page><page><extension url="http://hl7.org/fhir/tools/StructureDefinition/ig-page-name"><valueUrl value="ValueSet-KLInformationGatheringInvestigationCodes.html"/></extension><nameUrl value="ValueSet-KLInformationGatheringInvestigationCodes.html"/><title value="KLOplysningsaktivitetsOgVurderingskoder"/><generation value="generated"/></page><page><extension url="http://hl7.org/fhir/tools/StructureDefinition/ig-page-name"><valueUrl value="ValueSet-KLInformationGatheringTypeCodes.html"/></extension><nameUrl value="ValueSet-KLInformationGatheringTypeCodes.html"/><title value="KLOplysningsaktivitetsTypeKoder"/><generation value="generated"/></page><page><extension url="http://hl7.org/fhir/tools/StructureDefinition/ig-page-name"><valueUrl value="ValueSet-KLServicesTypes.html"/></extension><nameUrl value="ValueSet-KLServicesTypes.html"/><title value="KLServiceTyper"/><generation value="generated"/></page><page><extension url="http://hl7.org/fhir/tools/StructureDefinition/ig-page-name"><valueUrl value="ValueSet-KLNeedsAssessmentCodesFFB.html"/></extension><nameUrl value="ValueSet-KLNeedsAssessmentCodesFFB.html"/><title value="KLStøttebehovsvurderingskoderFFB"/><generation value="generated"/></page><page><extension url="http://hl7.org/fhir/tools/StructureDefinition/ig-page-name"><valueUrl value="ValueSet-KLSeverities.html"/></extension><nameUrl value="ValueSet-KLSeverities.html"/><title value="KLSværhedgrader"/><generation value="generated"/></page><page><extension url="http://hl7.org/fhir/tools/StructureDefinition/ig-page-name"><valueUrl value="ValueSet-KLNursingInterventionsFSIII.html"/></extension><nameUrl value="ValueSet-KLNursingInterventionsFSIII.html"/><title value="KLSygeplejeIndsatserFSIII"/><generation value="generated"/></page><page><extension url="http://hl7.org/fhir/tools/StructureDefinition/ig-page-name"><valueUrl value="ValueSet-KLNursingAreasFSIII.html"/></extension><nameUrl value="ValueSet-KLNursingAreasFSIII.html"/><title value="KLSygeplejeOmråderFSIII"/><generation value="generated"/></page><page><extension url="http://hl7.org/fhir/tools/StructureDefinition/ig-page-name"><valueUrl value="ValueSet-KLThemesFFB.html"/></extension><nameUrl value="ValueSet-KLThemesFFB.html"/><title value="KLTemaerFFB"/><generation value="generated"/></page><page><extension url="http://hl7.org/fhir/tools/StructureDefinition/ig-page-name"><valueUrl value="ValueSet-KLServiceCodesFFB.html"/></extension><nameUrl value="ValueSet-KLServiceCodesFFB.html"/><title value="KLTilbudsKoderFFB"/><generation value="generated"/></page><page><extension url="http://hl7.org/fhir/tools/StructureDefinition/ig-page-name"><valueUrl value="ValueSet-KLConditionADCodesFFB.html"/></extension><nameUrl value="ValueSet-KLConditionADCodesFFB.html"/><title value="KLTilstandADKoderFFB"/><generation value="generated"/></page><page><extension url="http://hl7.org/fhir/tools/StructureDefinition/ig-page-name"><valueUrl value="ValueSet-KLConditionCodesHomeCare.html"/></extension><nameUrl value="ValueSet-KLConditionCodesHomeCare.html"/><title value="KLTilstandeKoderHjemmepleje"/><generation value="generated"/></page><page><extension url="http://hl7.org/fhir/tools/StructureDefinition/ig-page-name"><valueUrl value="ValueSet-KLConditionCodesNursing.html"/></extension><nameUrl value="ValueSet-KLConditionCodesNursing.html"/><title value="KLTilstandeKoderSygepleje"/><generation value="generated"/></page><page><extension url="http://hl7.org/fhir/tools/StructureDefinition/ig-page-name"><valueUrl value="ValueSet-KLConditionsAndTargetGroupsFFB.html"/></extension><nameUrl value="ValueSet-KLConditionsAndTargetGroupsFFB.html"/><title value="KLTilstandeOgMålgrupperFFB"/><generation value="generated"/></page><page><extension url="http://hl7.org/fhir/tools/StructureDefinition/ig-page-name"><valueUrl value="ValueSet-KLConditionFFCodesFFB.html"/></extension><nameUrl value="ValueSet-KLConditionFFCodesFFB.html"/><title value="KLTilstandFFKoderFFB"/><generation value="generated"/></page><page><extension url="http://hl7.org/fhir/tools/StructureDefinition/ig-page-name"><valueUrl value="ValueSet-KLConditionCodes.html"/></extension><nameUrl value="ValueSet-KLConditionCodes.html"/><title value="KLTilstandKoder"/><generation value="generated"/></page><page><extension url="http://hl7.org/fhir/tools/StructureDefinition/ig-page-name"><valueUrl value="ValueSet-KLConditionCodesFFB.html"/></extension><nameUrl value="ValueSet-KLConditionCodesFFB.html"/><title value="KLTilstandKoderFFB"/><generation value="generated"/></page><page><extension url="http://hl7.org/fhir/tools/StructureDefinition/ig-page-name"><valueUrl value="ValueSet-KLConditionCodesPrevention.html"/></extension><nameUrl value="ValueSet-KLConditionCodesPrevention.html"/><title value="KLTilstandKoderForebyggelse"/><generation value="generated"/></page><page><extension url="http://hl7.org/fhir/tools/StructureDefinition/ig-page-name"><valueUrl value="ValueSet-KLConditionCodesFSIII.html"/></extension><nameUrl value="ValueSet-KLConditionCodesFSIII.html"/><title value="KLTilstandKoderFSIII"/><generation value="generated"/></page><page><extension url="http://hl7.org/fhir/tools/StructureDefinition/ig-page-name"><valueUrl value="ValueSet-KLConditionCodesTheraphy.html"/></extension><nameUrl value="ValueSet-KLConditionCodesTheraphy.html"/><title value="KLTilstandKoderTræning"/><generation value="generated"/></page><page><extension url="http://hl7.org/fhir/tools/StructureDefinition/ig-page-name"><valueUrl value="ValueSet-KLConditionOCodesFFB.html"/></extension><nameUrl value="ValueSet-KLConditionOCodesFFB.html"/><title value="KLTilstandOKoderFFB"/><generation value="generated"/></page><page><extension url="http://hl7.org/fhir/tools/StructureDefinition/ig-page-name"><valueUrl value="ValueSet-KLTrainingInterventionsFSIII.html"/></extension><nameUrl value="ValueSet-KLTrainingInterventionsFSIII.html"/><title value="KLTræningIndsatserFSIII"/><generation value="generated"/></page><page><extension url="http://hl7.org/fhir/tools/StructureDefinition/ig-page-name"><valueUrl value="ValueSet-KLTheraphyAreasFSIII.html"/></extension><nameUrl value="ValueSet-KLTheraphyAreasFSIII.html"/><title value="KLTræningOmråderFSIII"/><generation value="generated"/></page><page><extension url="http://hl7.org/fhir/tools/StructureDefinition/ig-page-name"><valueUrl value="ValueSet-KLTargetMeasureCodes.html"/></extension><nameUrl value="ValueSet-KLTargetMeasureCodes.html"/><title value="KLTypeAfObservationPåMål"/><generation value="generated"/></page><page><extension url="http://hl7.org/fhir/tools/StructureDefinition/ig-page-name"><valueUrl value="ValueSet-KLPerformanceLevelCodesFSIII.html"/></extension><nameUrl value="ValueSet-KLPerformanceLevelCodesFSIII.html"/><title value="KLUdførelsesKoderFSIII"/><generation value="generated"/></page><page><extension url="http://hl7.org/fhir/tools/StructureDefinition/ig-page-name"><valueUrl value="ValueSet-KLEvaluationTypeCodes.html"/></extension><nameUrl value="ValueSet-KLEvaluationTypeCodes.html"/><title value="KLVurderingTypekoder"/><generation value="generated"/></page><page><extension url="http://hl7.org/fhir/tools/StructureDefinition/ig-page-name"><valueUrl value="ValueSet-KLEvaluationTypeCodesSCT.html"/></extension><nameUrl value="ValueSet-KLEvaluationTypeCodesSCT.html"/><title value="KLVurderingTypekoderSCT"/><generation value="generated"/></page><page><extension url="http://hl7.org/fhir/tools/StructureDefinition/ig-page-name"><valueUrl value="ValueSet-KLInterventionsFFB.html"/></extension><nameUrl value="ValueSet-KLInterventionsFFB.html"/><title value="KLYdelserFFB"/><generation value="generated"/></page><page><extension url="http://hl7.org/fhir/tools/StructureDefinition/ig-page-name"><valueUrl value="CodeSystem-CareSocialCodes.html"/></extension><nameUrl value="CodeSystem-CareSocialCodes.html"/><title value="CareSocialCodes"/><generation value="generated"/></page><page><extension url="http://hl7.org/fhir/tools/StructureDefinition/ig-page-name"><valueUrl value="CodeSystem-FFB.html"/></extension><nameUrl value="CodeSystem-FFB.html"/><title value="FFB"/><generation value="generated"/></page><page><extension url="http://hl7.org/fhir/tools/StructureDefinition/ig-page-name"><valueUrl value="CodeSystem-FSIII.html"/></extension><nameUrl value="CodeSystem-FSIII.html"/><title value="FSIII"/><generation value="generated"/></page><page><extension url="http://hl7.org/fhir/tools/StructureDefinition/ig-page-name"><valueUrl value="CodeSystem-KLCommonproprietary.html"/></extension><nameUrl value="CodeSystem-KLCommonproprietary.html"/><title value="KLLokaleKoder"/><generation value="generated"/></page><page><extension url="http://hl7.org/fhir/tools/StructureDefinition/ig-page-name"><valueUrl value="CodeSystem-NPU.html"/></extension><nameUrl value="CodeSystem-NPU.html"/><title value="NPU"/><generation value="generated"/></page><page><extension url="http://hl7.org/fhir/tools/StructureDefinition/ig-page-name"><valueUrl value="Parameters-expParam.html"/></extension><nameUrl value="Parameters-expParam.html"/><title value="expParam"/><generation value="generated"/></page></page></page><parameter><code value="path-resource"/><value value="input/capabilities"/></parameter><parameter><code value="path-resource"/><value value="input/examples"/></parameter><parameter><code value="path-resource"/><value value="input/extensions"/></parameter><parameter><code value="path-resource"/><value value="input/models"/></parameter><parameter><code value="path-resource"/><value value="input/operations"/></parameter><parameter><code value="path-resource"/><value value="input/profiles"/></parameter><parameter><code value="path-resource"/><value value="input/resources"/></parameter><parameter><code value="path-resource"/><value value="input/vocabulary"/></parameter><parameter><code value="path-resource"/><value value="input/maps"/></parameter><parameter><code value="path-resource"/><value value="input/testing"/></parameter><parameter><code value="path-resource"/><value value="input/history"/></parameter><parameter><code value="path-resource"/><value value="fsh-generated/resources"/></parameter><parameter><code value="path-pages"/><value value="template/config"/></parameter><parameter><code value="path-pages"/><value value="input/images"/></parameter><parameter><code value="path-tx-cache"/><value value="input-cache/txcache"/></parameter></definition></ImplementationGuide>