<?xml version="1.0" encoding="UTF-8"?><ValueSet xmlns="http://hl7.org/fhir"><id value="KLEncounterTypes"/><text><status value="generated"/><div xmlns="http://www.w3.org/1999/xhtml"><ul><li>Include codes from <a href="CodeSystem-CareSocialCodes.html"><code>http://fhir.kl.dk/term/CodeSystem/CareSocialCodes</code></a> where concept  descends from  <a href="CodeSystem-CareSocialCodes.html#CareSocialCodes-25303acd-dcaf-4a8e-a8a3-3961a43858aa">25303acd-dcaf-4a8e-a8a3-3961a43858aa</a></li></ul></div></text><url value="http://fhir.kl.dk/term/ValueSet/KLEncounterTypes"/><version value="1.0.0"/><name value="KLEncounterTypes"/><title value="KLKontaktTyper"/><status value="active"/><experimental value="false"/><date value="2023-05-09T23:45:50+02:00"/><publisher value="Kommunernes Landsforening"/><contact><name value="Kommunernes Landsforening"/><telecom><system value="url"/><value value="http://kl.dk"/></telecom></contact><description value="Encounter types in Danish municipality health, social and elderly care (note that these are specific to this model, they are not replicas of a municipality terminology service)"/><compose><include><system value="http://fhir.kl.dk/term/CodeSystem/CareSocialCodes"/><filter><property value="concept"/><op value="descendent-of"/><value value="25303acd-dcaf-4a8e-a8a3-3961a43858aa"/></filter></include></compose></ValueSet>