<?xml version="1.0" encoding="UTF-8"?><ValueSet xmlns="http://hl7.org/fhir"><id value="KLFollowUpCodesFSIII"/><text><status value="generated"/><div xmlns="http://www.w3.org/1999/xhtml"><ul><li>Include codes from <a href="CodeSystem-FSIII.html"><code>urn:oid:1.2.208.176.2.21</code></a> where concept  descends from  <a href="CodeSystem-FSIII.html#FSIII-E">E</a></li></ul></div></text><url value="http://fhir.kl.dk/term/ValueSet/KLFollowUpCodesFSIII"/><version value="1.0.0"/><name value="KLFollowUpCodesFSIII"/><title value="KLOpfølgningKoderFSIII"/><status value="active"/><experimental value="false"/><date value="2023-05-07T22:59:57+02:00"/><publisher value="Kommunernes Landsforening"/><contact><name value="Kommunernes Landsforening"/><telecom><system value="url"/><value value="http://kl.dk"/></telecom></contact><description value="Follow-up codes used in FSIII"/><compose><include><system value="urn:oid:1.2.208.176.2.21"/><filter><property value="concept"/><op value="descendent-of"/><value value="E"/></filter></include></compose></ValueSet>