<?xml version="1.0" encoding="UTF-8"?>

<Bundle xmlns="http://hl7.org/fhir">
  <id value="c2f75bbf-2027-41bf-b597-de5e242f2b3d"/>
  <meta>
    <profile value="http://fhir.kl.dk/rehab/StructureDefinition/klgateway-140-delivery-report"/>
  </meta>
  <type value="collection"/>
  <timestamp value="2022-06-23T19:25:12Z"/>
  <entry>
    <fullUrl value="https://test.fhir.dk/Patient/95ce3be6-dba6-48ab-b5d1-8a25929414dc"/>
    <resource>
      <Patient>
        <id value="95ce3be6-dba6-48ab-b5d1-8a25929414dc"/>
        <meta>
          <profile value="http://fhir.kl.dk/rehab/StructureDefinition/klgateway-140-citizen"/>
        </meta>
        <text>
          <status value="generated"/><div xmlns="http://www.w3.org/1999/xhtml"><a name="Patient_95ce3be6-dba6-48ab-b5d1-8a25929414dc"> </a><p><b>Generated Narrative: Patient </b><a name="95ce3be6-dba6-48ab-b5d1-8a25929414dc"> </a><a name="hc95ce3be6-dba6-48ab-b5d1-8a25929414dc"> </a></p><div style="display: inline-block; background-color: #d9e0e7; padding: 6px; margin: 4px; border: 1px solid #8da1b4; border-radius: 5px; line-height: 60%"><p style="margin-bottom: 0px">ResourcePatient &quot;95ce3be6-dba6-48ab-b5d1-8a25929414dc&quot; </p><p style="margin-bottom: 0px">Profile: <a href="StructureDefinition-klgateway-140-citizen.html">KLGateway140Citizen</a></p></div><p><b>identifier</b>: <code>urn:oid:1.2.208.176.1.2</code>/1502779995 (use: official)</p><p><b>deceased</b>: false</p><p><b>managingOrganization</b>: <span><code>urn:oid:1.2.208.176.1.1</code>/451000016003 (use: official)</span></p></div>
        </text>
        <identifier>
          <use value="official"/>
          <system value="urn:oid:1.2.208.176.1.2"/>
          <value value="1502779995"/>
        </identifier>
        <deceasedBoolean value="false"/>
        <managingOrganization>
          <identifier>
            <use value="official"/>
            <system value="urn:oid:1.2.208.176.1.1"/>
            <value value="451000016003"/>
          </identifier>
        </managingOrganization>
      </Patient>
    </resource>
  </entry>
  <entry>
    <fullUrl value="https://test.fhir.dk/Organization/55a0e014-0e97-4c26-8ef2-29d528bfcc46"/>
    <resource>
      <Organization>
        <id value="55a0e014-0e97-4c26-8ef2-29d528bfcc46"/>
        <meta>
          <profile value="http://fhir.kl.dk/rehab/StructureDefinition/klgateway-140-organization"/>
        </meta>
        <text>
          <status value="generated"/><div xmlns="http://www.w3.org/1999/xhtml"><a name="Organization_55a0e014-0e97-4c26-8ef2-29d528bfcc46"> </a><p><b>Generated Narrative: Organization </b><a name="55a0e014-0e97-4c26-8ef2-29d528bfcc46"> </a><a name="hc55a0e014-0e97-4c26-8ef2-29d528bfcc46"> </a></p><div style="display: inline-block; background-color: #d9e0e7; padding: 6px; margin: 4px; border: 1px solid #8da1b4; border-radius: 5px; line-height: 60%"><p style="margin-bottom: 0px">ResourceOrganization &quot;55a0e014-0e97-4c26-8ef2-29d528bfcc46&quot; </p><p style="margin-bottom: 0px">Profile: <a href="StructureDefinition-klgateway-140-organization.html">KLGateway140Organization</a></p></div><p><b>identifier</b>: <code>urn:oid:1.2.208.176.1.1</code>/227871000016001 (use: official)</p></div>
        </text>
        <identifier>
          <use value="official"/>
          <system value="urn:oid:1.2.208.176.1.1"/>
          <value value="227871000016001"/>
        </identifier>
      </Organization>
    </resource>
  </entry>
  <entry>
    <fullUrl value="https://test.fhir.dk/Organization/7fdd6dc0-3f9f-4914-b34a-7c6495ba0880"/>
    <resource>
      <Organization>
        <id value="7fdd6dc0-3f9f-4914-b34a-7c6495ba0880"/>
        <meta>
          <profile value="http://fhir.kl.dk/rehab/StructureDefinition/klgateway-140-organization"/>
        </meta>
        <text>
          <status value="generated"/><div xmlns="http://www.w3.org/1999/xhtml"><a name="Organization_7fdd6dc0-3f9f-4914-b34a-7c6495ba0880"> </a><p><b>Generated Narrative: Organization </b><a name="7fdd6dc0-3f9f-4914-b34a-7c6495ba0880"> </a><a name="hc7fdd6dc0-3f9f-4914-b34a-7c6495ba0880"> </a></p><div style="display: inline-block; background-color: #d9e0e7; padding: 6px; margin: 4px; border: 1px solid #8da1b4; border-radius: 5px; line-height: 60%"><p style="margin-bottom: 0px">ResourceOrganization &quot;7fdd6dc0-3f9f-4914-b34a-7c6495ba0880&quot; </p><p style="margin-bottom: 0px">Profile: <a href="StructureDefinition-klgateway-140-organization.html">KLGateway140Organization</a></p></div><p><b>identifier</b>: <code>urn:oid:1.2.208.176.1.1</code>/1037801000016003 (use: official)</p></div>
        </text>
        <identifier>
          <use value="official"/>
          <system value="urn:oid:1.2.208.176.1.1"/>
          <value value="1037801000016003"/>
        </identifier>
      </Organization>
    </resource>
  </entry>
  <entry>
    <fullUrl value="https://test.fhir.dk/Condition/51d652a8-0ece-4d1d-8071-7baceb9701b2"/>
    <resource>
      <Condition>
        <id value="51d652a8-0ece-4d1d-8071-7baceb9701b2"/>
        <meta>
          <profile value="http://fhir.kl.dk/rehab/StructureDefinition/klgateway-140-focus-condition"/>
        </meta>
        <text>
          <status value="generated"/><div xmlns="http://www.w3.org/1999/xhtml"><a name="Condition_51d652a8-0ece-4d1d-8071-7baceb9701b2"> </a><p><b>Generated Narrative: Condition </b><a name="51d652a8-0ece-4d1d-8071-7baceb9701b2"> </a><a name="hc51d652a8-0ece-4d1d-8071-7baceb9701b2"> </a></p><div style="display: inline-block; background-color: #d9e0e7; padding: 6px; margin: 4px; border: 1px solid #8da1b4; border-radius: 5px; line-height: 60%"><p style="margin-bottom: 0px">ResourceCondition &quot;51d652a8-0ece-4d1d-8071-7baceb9701b2&quot; </p><p style="margin-bottom: 0px">Profile: <a href="StructureDefinition-klgateway-140-focus-condition.html">KLGateway140FocusCondition</a></p></div><p><b>clinicalStatus</b>: Active <span style="background: LightGoldenRodYellow; margin: 4px; border: 1px solid khaki"> (<a href="http://terminology.hl7.org/5.5.0/CodeSystem-condition-clinical.html">Condition Clinical Status Codes</a>#active)</span></p><p><b>code</b>: Pertrokantær femurfraktur <span style="background: LightGoldenRodYellow; margin: 4px; border: 1px solid khaki"> (unknown#DS721)</span></p><p><b>subject</b>: See on this page: Patient/95ce3be6-dba6-48ab-b5d1-8a25929414dc</p></div>
        </text>
        <clinicalStatus>
          <coding>
            <system value="http://terminology.hl7.org/CodeSystem/condition-clinical"/>
            <code value="active"/>
          </coding>
        </clinicalStatus>
        <code>
          <coding>
            <system value="urn:oid:1.2.208.176.2.4.12"/>
            <code value="DS721"/>
            <display value="Pertrokantær femurfraktur"/>
          </coding>
        </code>
        <subject>
          <reference value="Patient/95ce3be6-dba6-48ab-b5d1-8a25929414dc"/>
        </subject>
      </Condition>
    </resource>
  </entry>
  <entry>
    <fullUrl value="https://test.fhir.dk/ServiceRequest/152a1f8f-db33-4fa4-b5ea-c6f4e5cebd22"/>
    <resource>
      <ServiceRequest>
        <id value="152a1f8f-db33-4fa4-b5ea-c6f4e5cebd22"/>
        <meta>
          <profile value="http://fhir.kl.dk/rehab/StructureDefinition/klgateway-140-servicerequest"/>
        </meta>
        <text>
          <status value="extensions"/><div xmlns="http://www.w3.org/1999/xhtml"><a name="ServiceRequest_152a1f8f-db33-4fa4-b5ea-c6f4e5cebd22"> </a><p><b>Generated Narrative: ServiceRequest </b><a name="152a1f8f-db33-4fa4-b5ea-c6f4e5cebd22"> </a><a name="hc152a1f8f-db33-4fa4-b5ea-c6f4e5cebd22"> </a></p><div style="display: inline-block; background-color: #d9e0e7; padding: 6px; margin: 4px; border: 1px solid #8da1b4; border-radius: 5px; line-height: 60%"><p style="margin-bottom: 0px">ResourceServiceRequest &quot;152a1f8f-db33-4fa4-b5ea-c6f4e5cebd22&quot; </p><p style="margin-bottom: 0px">Profile: <a href="StructureDefinition-klgateway-140-servicerequest.html">KLGateway140ServiceRequest</a></p></div><p><b>PreconditionDate</b>: 2022-05-24</p><p><b>status</b>: active</p><p><b>intent</b>: plan</p><p><b>category</b>: almen <span style="background: LightGoldenRodYellow; margin: 4px; border: 1px solid khaki"> (<a href="http://fhir.kl.dk/term/2.1.0/CodeSystem-CareSocialCodes.html">CareSocialCodes</a>#ffd81f78-352e-4589-a195-5350dd1df2a4)</span>, basal <span style="background: LightGoldenRodYellow; margin: 4px; border: 1px solid khaki"> (<a href="http://fhir.kl.dk/term/2.1.0/CodeSystem-CareSocialCodes.html">CareSocialCodes</a>#8b962281-2ab6-4b10-9c91-4bac592d6d49)</span></p><p><b>code</b>: Kommunal genoptræning efter sygehusophold <span style="background: LightGoldenRodYellow; margin: 4px; border: 1px solid khaki"> (<a href="http://fhir.kl.dk/term/2.1.0/CodeSystem-CareSocialCodes.html">CareSocialCodes</a>#7fc66c15-0cb3-4c89-9e18-f3a01e6a6592)</span></p><p><b>subject</b>: See on this page: Patient/95ce3be6-dba6-48ab-b5d1-8a25929414dc</p><p><b>occurrence</b>: 2022-05-28 --&gt; (ongoing)</p><p><b>authoredOn</b>: 2022-05-23</p><p><b>requester</b>: See on this page: Organization/55a0e014-0e97-4c26-8ef2-29d528bfcc46</p><p><b>reasonReference</b>: See on this page: Condition/51d652a8-0ece-4d1d-8071-7baceb9701b2</p></div>
        </text>
        <extension url="http://fhir.kl.dk/rehab/StructureDefinition/PreconditionDate">
          <valueDate value="2022-05-24"/>
        </extension>
        <status value="active"/>
        <intent value="plan"/>
        <category>
          <coding>
            <system value="http://fhir.kl.dk/term/CodeSystem/CareSocialCodes"/>
            <code value="ffd81f78-352e-4589-a195-5350dd1df2a4"/>
            <display value="almen"/>
          </coding>
        </category>
        <category>
          <coding>
            <system value="http://fhir.kl.dk/term/CodeSystem/CareSocialCodes"/>
            <code value="8b962281-2ab6-4b10-9c91-4bac592d6d49"/>
            <display value="basal"/>
          </coding>
        </category>
        <code>
          <coding>
            <system value="http://fhir.kl.dk/term/CodeSystem/CareSocialCodes"/>
            <code value="7fc66c15-0cb3-4c89-9e18-f3a01e6a6592"/>
          </coding>
        </code>
        <subject>
          <reference value="Patient/95ce3be6-dba6-48ab-b5d1-8a25929414dc"/>
        </subject>
        <occurrencePeriod>
          <start value="2022-05-28"/>
        </occurrencePeriod>
        <authoredOn value="2022-05-23"/>
        <requester>
          <reference value="Organization/55a0e014-0e97-4c26-8ef2-29d528bfcc46"/>
        </requester>
        <reasonReference>
          <reference value="Condition/51d652a8-0ece-4d1d-8071-7baceb9701b2"/>
        </reasonReference>
      </ServiceRequest>
    </resource>
  </entry>
  <entry>
    <fullUrl value="https://test.fhir.dk/Condition/a6ed3134-f27a-41bb-976c-b627af1c85bb"/>
    <resource>
      <Condition>
        <id value="a6ed3134-f27a-41bb-976c-b627af1c85bb"/>
        <meta>
          <profile value="http://fhir.kl.dk/rehab/StructureDefinition/klgateway-140-condition"/>
        </meta>
        <text>
          <status value="generated"/><div xmlns="http://www.w3.org/1999/xhtml"><a name="Condition_a6ed3134-f27a-41bb-976c-b627af1c85bb"> </a><p><b>Generated Narrative: Condition </b><a name="a6ed3134-f27a-41bb-976c-b627af1c85bb"> </a><a name="hca6ed3134-f27a-41bb-976c-b627af1c85bb"> </a></p><div style="display: inline-block; background-color: #d9e0e7; padding: 6px; margin: 4px; border: 1px solid #8da1b4; border-radius: 5px; line-height: 60%"><p style="margin-bottom: 0px">ResourceCondition &quot;a6ed3134-f27a-41bb-976c-b627af1c85bb&quot; </p><p style="margin-bottom: 0px">Profile: <a href="StructureDefinition-klgateway-140-condition.html">KLGateway140Condition</a></p></div><p><b>clinicalStatus</b>: Active <span style="background: LightGoldenRodYellow; margin: 4px; border: 1px solid khaki"> (<a href="http://terminology.hl7.org/5.5.0/CodeSystem-condition-clinical.html">Condition Clinical Status Codes</a>#active)</span></p><p><b>verificationStatus</b>: Confirmed <span style="background: LightGoldenRodYellow; margin: 4px; border: 1px solid khaki"> (<a href="http://terminology.hl7.org/5.5.0/CodeSystem-condition-ver-status.html">ConditionVerificationStatus</a>#confirmed)</span></p><p><b>code</b>: Mobilitet og bevægelse <span style="background: LightGoldenRodYellow; margin: 4px; border: 1px solid khaki"> (<a href="http://fhir.kl.dk/term/2.1.0/CodeSystem-FSIII.html">FSIII</a>#dd41df82-3c13-4523-b9c5-e83676425299)</span></p><p><b>subject</b>: See on this page: Patient/95ce3be6-dba6-48ab-b5d1-8a25929414dc</p><p><b>recordedDate</b>: 2022-05-28</p></div>
        </text>
        <clinicalStatus>
          <coding>
            <system value="http://terminology.hl7.org/CodeSystem/condition-clinical"/>
            <code value="active"/>
          </coding>
        </clinicalStatus>
        <verificationStatus>
          <coding>
            <system value="http://terminology.hl7.org/CodeSystem/condition-ver-status"/>
            <code value="confirmed"/>
          </coding>
        </verificationStatus>
        <code>
          <coding>
            <system value="urn:oid:1.2.208.176.2.21"/>
            <code value="dd41df82-3c13-4523-b9c5-e83676425299"/>
            <display value="Mobilitet og bevægelse"/>
          </coding>
        </code>
        <subject>
          <reference value="Patient/95ce3be6-dba6-48ab-b5d1-8a25929414dc"/>
        </subject>
        <recordedDate value="2022-05-28"/>
      </Condition>
    </resource>
  </entry>
  <entry>
    <fullUrl value="https://test.fhir.dk/Condition/0b9adc44-6ab6-4060-8adc-a723e7da6608"/>
    <resource>
      <Condition>
        <id value="0b9adc44-6ab6-4060-8adc-a723e7da6608"/>
        <meta>
          <profile value="http://fhir.kl.dk/rehab/StructureDefinition/klgateway-140-condition"/>
        </meta>
        <text>
          <status value="generated"/><div xmlns="http://www.w3.org/1999/xhtml"><a name="Condition_0b9adc44-6ab6-4060-8adc-a723e7da6608"> </a><p><b>Generated Narrative: Condition </b><a name="0b9adc44-6ab6-4060-8adc-a723e7da6608"> </a><a name="hc0b9adc44-6ab6-4060-8adc-a723e7da6608"> </a></p><div style="display: inline-block; background-color: #d9e0e7; padding: 6px; margin: 4px; border: 1px solid #8da1b4; border-radius: 5px; line-height: 60%"><p style="margin-bottom: 0px">ResourceCondition &quot;0b9adc44-6ab6-4060-8adc-a723e7da6608&quot; </p><p style="margin-bottom: 0px">Profile: <a href="StructureDefinition-klgateway-140-condition.html">KLGateway140Condition</a></p></div><p><b>clinicalStatus</b>: Active <span style="background: LightGoldenRodYellow; margin: 4px; border: 1px solid khaki"> (<a href="http://terminology.hl7.org/5.5.0/CodeSystem-condition-clinical.html">Condition Clinical Status Codes</a>#active)</span></p><p><b>verificationStatus</b>: Confirmed <span style="background: LightGoldenRodYellow; margin: 4px; border: 1px solid khaki"> (<a href="http://terminology.hl7.org/5.5.0/CodeSystem-condition-ver-status.html">ConditionVerificationStatus</a>#confirmed)</span></p><p><b>code</b>: Forflytte sig <span style="background: LightGoldenRodYellow; margin: 4px; border: 1px solid khaki"> (<a href="http://fhir.kl.dk/term/2.1.0/CodeSystem-FSIII.html">FSIII</a>#86e1982c-f459-4658-9071-e4bf3453a687)</span></p><p><b>subject</b>: See on this page: Patient/95ce3be6-dba6-48ab-b5d1-8a25929414dc</p><p><b>recordedDate</b>: 2022-05-28</p></div>
        </text>
        <clinicalStatus>
          <coding>
            <system value="http://terminology.hl7.org/CodeSystem/condition-clinical"/>
            <code value="active"/>
          </coding>
        </clinicalStatus>
        <verificationStatus>
          <coding>
            <system value="http://terminology.hl7.org/CodeSystem/condition-ver-status"/>
            <code value="confirmed"/>
          </coding>
        </verificationStatus>
        <code>
          <coding>
            <system value="urn:oid:1.2.208.176.2.21"/>
            <code value="86e1982c-f459-4658-9071-e4bf3453a687"/>
            <display value="Forflytte sig"/>
          </coding>
        </code>
        <subject>
          <reference value="Patient/95ce3be6-dba6-48ab-b5d1-8a25929414dc"/>
        </subject>
        <recordedDate value="2022-05-28"/>
      </Condition>
    </resource>
  </entry>
  <entry>
    <fullUrl value="https://test.fhir.dk/CarePlan/1c74e3e8-e038-4182-a545-d86a9f064d44"/>
    <resource>
      <CarePlan>
        <id value="1c74e3e8-e038-4182-a545-d86a9f064d44"/>
        <meta>
          <profile value="http://fhir.kl.dk/rehab/StructureDefinition/klgateway-140-care-plan"/>
        </meta>
        <text>
          <status value="extensions"/><div xmlns="http://www.w3.org/1999/xhtml"><a name="CarePlan_1c74e3e8-e038-4182-a545-d86a9f064d44"> </a><p><b>Generated Narrative: CarePlan </b><a name="1c74e3e8-e038-4182-a545-d86a9f064d44"> </a><a name="hc1c74e3e8-e038-4182-a545-d86a9f064d44"> </a></p><div style="display: inline-block; background-color: #d9e0e7; padding: 6px; margin: 4px; border: 1px solid #8da1b4; border-radius: 5px; line-height: 60%"><p style="margin-bottom: 0px">ResourceCarePlan &quot;1c74e3e8-e038-4182-a545-d86a9f064d44&quot; </p><p style="margin-bottom: 0px">Profile: <a href="StructureDefinition-klgateway-140-care-plan.html">KLGateway140care-plan</a></p></div><p><b>basedOnServiceRequestExtension</b>: See on this page: ServiceRequest/152a1f8f-db33-4fa4-b5ea-c6f4e5cebd22</p><p><b>status</b>: revoked</p><p><b>intent</b>: plan</p><p><b>category</b>: Interventionsforløb efter §140 <span style="background: LightGoldenRodYellow; margin: 4px; border: 1px solid khaki"> (<a href="http://fhir.kl.dk/term/2.1.0/CodeSystem-CareSocialCodes.html">CareSocialCodes</a>#f15b2663-94d9-4d0c-a5de-d8bd8e1e4ebb)</span></p><p><b>subject</b>: See on this page: Patient/95ce3be6-dba6-48ab-b5d1-8a25929414dc</p><p><b>period</b>: 2022-05-28 --&gt; 2022-06-23</p><blockquote><p><b>activity</b></p><h3>Details</h3><table class="grid"><tr><td style="display: none">-</td><td><b>Status</b></td><td><b>StatusReason</b></td><td><b>Performer</b></td></tr><tr><td style="display: none">*</td><td>cancelled</td><td>Aktivt fravalg pga. anden træning <span style="background: LightGoldenRodYellow; margin: 4px; border: 1px solid khaki"> (<a href="http://fhir.kl.dk/term/2.1.0/CodeSystem-CareSocialCodes.html">CareSocialCodes</a>#a3f2bd01-078b-486e-81be-797d192ad7bd)</span></td><td>See on this page: Organization/7fdd6dc0-3f9f-4914-b34a-7c6495ba0880</td></tr></table></blockquote></div>
        </text>
        <extension url="http://fhir.kl.dk/rehab/StructureDefinition/BasedOnServiceRequestExtension">
          <valueReference>
            <reference value="ServiceRequest/152a1f8f-db33-4fa4-b5ea-c6f4e5cebd22"/>
          </valueReference>
        </extension>
        <status value="revoked"/>
        <intent value="plan"/>
        <category>
          <coding>
            <system value="http://fhir.kl.dk/term/CodeSystem/CareSocialCodes"/>
            <code value="f15b2663-94d9-4d0c-a5de-d8bd8e1e4ebb"/>
          </coding>
        </category>
        <subject>
          <reference value="Patient/95ce3be6-dba6-48ab-b5d1-8a25929414dc"/>
        </subject>
        <period>
          <start value="2022-05-28"/>
          <end value="2022-06-23"/>
        </period>
        <activity>
          <detail>
            <status value="cancelled"/>
            <statusReason>
              <coding>
                <system value="http://fhir.kl.dk/term/CodeSystem/CareSocialCodes"/>
                <code value="a3f2bd01-078b-486e-81be-797d192ad7bd"/>
                <display value="Aktivt fravalg pga. anden træning"/>
              </coding>
            </statusReason>
            <performer>
              <reference value="Organization/7fdd6dc0-3f9f-4914-b34a-7c6495ba0880"/>
            </performer>
          </detail>
        </activity>
      </CarePlan>
    </resource>
  </entry>
  <entry>
    <fullUrl value="https://test.fhir.dk/Careplan/663797c4-1024-4971-978c-c02c5caf8861"/>
    <resource>
      <CarePlan>
        <id value="663797c4-1024-4971-978c-c02c5caf8861"/>
        <meta>
          <profile value="http://fhir.kl.dk/rehab/StructureDefinition/klgateway-140-planned-intervention"/>
        </meta>
        <text>
          <status value="generated"/><div xmlns="http://www.w3.org/1999/xhtml"><a name="CarePlan_663797c4-1024-4971-978c-c02c5caf8861"> </a><p><b>Generated Narrative: CarePlan </b><a name="663797c4-1024-4971-978c-c02c5caf8861"> </a><a name="hc663797c4-1024-4971-978c-c02c5caf8861"> </a></p><div style="display: inline-block; background-color: #d9e0e7; padding: 6px; margin: 4px; border: 1px solid #8da1b4; border-radius: 5px; line-height: 60%"><p style="margin-bottom: 0px">ResourceCarePlan &quot;663797c4-1024-4971-978c-c02c5caf8861&quot; </p><p style="margin-bottom: 0px">Profile: <a href="StructureDefinition-klgateway-140-planned-intervention.html">KLGateway140PlannedIntervention</a></p></div><p><b>basedOn</b>: See on this page: CarePlan/1c74e3e8-e038-4182-a545-d86a9f064d44</p><p><b>status</b>: revoked</p><p><b>intent</b>: plan</p><p><b>subject</b>: See on this page: Patient/95ce3be6-dba6-48ab-b5d1-8a25929414dc</p><p><b>period</b>: 2022-05-28 --&gt; 2022-06-23</p><blockquote><p><b>activity</b></p><h3>Details</h3><table class="grid"><tr><td style="display: none">-</td><td><b>Extension</b></td><td><b>Code</b></td><td><b>Status</b></td></tr><tr><td style="display: none">*</td><td/><td>Fysisk træning <span style="background: LightGoldenRodYellow; margin: 4px; border: 1px solid khaki"> (<a href="http://fhir.kl.dk/term/2.1.0/CodeSystem-FSIII.html">FSIII</a>#2abe20c7-c0b4-41c1-b397-52acf36499ef)</span></td><td>cancelled</td></tr></table></blockquote></div>
        </text>
        <basedOn>
          <reference value="CarePlan/1c74e3e8-e038-4182-a545-d86a9f064d44"/>
        </basedOn>
        <status value="revoked"/>
        <intent value="plan"/>
        <subject>
          <reference value="Patient/95ce3be6-dba6-48ab-b5d1-8a25929414dc"/>
        </subject>
        <period>
          <start value="2022-05-28"/>
          <end value="2022-06-23"/>
        </period>
        <activity>
          <detail>
            <extension url="http://fhir.kl.dk/rehab/StructureDefinition/DeliveryType">
              <valueCodeableConcept>
                <coding>
                  <system value="http://fhir.kl.dk/term/CodeSystem/CareSocialCodes"/>
                  <code value="2865f123-15a7-4a36-a514-32ea37c400ca"/>
                  <display value="Gruppebaseret indsats"/>
                </coding>
              </valueCodeableConcept>
            </extension>
            <code>
              <coding>
                <system value="urn:oid:1.2.208.176.2.21"/>
                <code value="2abe20c7-c0b4-41c1-b397-52acf36499ef"/>
                <display value="Fysisk træning"/>
              </coding>
            </code>
            <status value="cancelled"/>
          </detail>
        </activity>
      </CarePlan>
    </resource>
  </entry>
  <entry>
    <fullUrl value="https://test.fhir.dk/CarePlan/c8be2dc6-caa3-4c7e-81e8-0347896fb4d3"/>
    <resource>
      <CarePlan>
        <id value="c8be2dc6-caa3-4c7e-81e8-0347896fb4d3"/>
        <meta>
          <profile value="http://fhir.kl.dk/rehab/StructureDefinition/klgateway-140-care-plan"/>
        </meta>
        <text>
          <status value="generated"/><div xmlns="http://www.w3.org/1999/xhtml"><a name="CarePlan_c8be2dc6-caa3-4c7e-81e8-0347896fb4d3"> </a><p><b>Generated Narrative: CarePlan </b><a name="c8be2dc6-caa3-4c7e-81e8-0347896fb4d3"> </a><a name="hcc8be2dc6-caa3-4c7e-81e8-0347896fb4d3"> </a></p><div style="display: inline-block; background-color: #d9e0e7; padding: 6px; margin: 4px; border: 1px solid #8da1b4; border-radius: 5px; line-height: 60%"><p style="margin-bottom: 0px">ResourceCarePlan &quot;c8be2dc6-caa3-4c7e-81e8-0347896fb4d3&quot; </p><p style="margin-bottom: 0px">Profile: <a href="StructureDefinition-klgateway-140-care-plan.html">KLGateway140care-plan</a></p></div><p><b>status</b>: entered-in-error</p><p><b>intent</b>: plan</p><p><b>category</b>: Interventionsforløb efter §140 <span style="background: LightGoldenRodYellow; margin: 4px; border: 1px solid khaki"> (<a href="http://fhir.kl.dk/term/2.1.0/CodeSystem-CareSocialCodes.html">CareSocialCodes</a>#f15b2663-94d9-4d0c-a5de-d8bd8e1e4ebb)</span></p><p><b>subject</b>: See on this page: Patient/95ce3be6-dba6-48ab-b5d1-8a25929414dc</p><p><b>period</b>: 2022-06-22 --&gt; (ongoing)</p><blockquote><p><b>activity</b></p><h3>Details</h3><table class="grid"><tr><td style="display: none">-</td><td><b>Status</b></td><td><b>Performer</b></td></tr><tr><td style="display: none">*</td><td>in-progress</td><td>See on this page: Organization/7fdd6dc0-3f9f-4914-b34a-7c6495ba0880</td></tr></table></blockquote></div>
        </text>
        <status value="entered-in-error"/>
        <intent value="plan"/>
        <category>
          <coding>
            <system value="http://fhir.kl.dk/term/CodeSystem/CareSocialCodes"/>
            <code value="f15b2663-94d9-4d0c-a5de-d8bd8e1e4ebb"/>
          </coding>
        </category>
        <subject>
          <reference value="Patient/95ce3be6-dba6-48ab-b5d1-8a25929414dc"/>
        </subject>
        <period>
          <start value="2022-06-22"/>
        </period>
        <activity>
          <detail>
            <status value="in-progress"/>
            <performer>
              <reference value="Organization/7fdd6dc0-3f9f-4914-b34a-7c6495ba0880"/>
            </performer>
          </detail>
        </activity>
      </CarePlan>
    </resource>
  </entry>
  <entry>
    <fullUrl value="https://test.fhir.dk/CarePlan/8f0db8cd-af6e-4221-9aca-01da21706779"/>
    <resource>
      <CarePlan>
        <id value="8f0db8cd-af6e-4221-9aca-01da21706779"/>
        <meta>
          <profile value="http://fhir.kl.dk/rehab/StructureDefinition/klgateway-140-planned-intervention"/>
        </meta>
        <text>
          <status value="generated"/><div xmlns="http://www.w3.org/1999/xhtml"><a name="CarePlan_8f0db8cd-af6e-4221-9aca-01da21706779"> </a><p><b>Generated Narrative: CarePlan </b><a name="8f0db8cd-af6e-4221-9aca-01da21706779"> </a><a name="hc8f0db8cd-af6e-4221-9aca-01da21706779"> </a></p><div style="display: inline-block; background-color: #d9e0e7; padding: 6px; margin: 4px; border: 1px solid #8da1b4; border-radius: 5px; line-height: 60%"><p style="margin-bottom: 0px">ResourceCarePlan &quot;8f0db8cd-af6e-4221-9aca-01da21706779&quot; </p><p style="margin-bottom: 0px">Profile: <a href="StructureDefinition-klgateway-140-planned-intervention.html">KLGateway140PlannedIntervention</a></p></div><p><b>basedOn</b>: See on this page: CarePlan/c8be2dc6-caa3-4c7e-81e8-0347896fb4d3</p><p><b>status</b>: entered-in-error</p><p><b>intent</b>: plan</p><p><b>subject</b>: See on this page: Patient/95ce3be6-dba6-48ab-b5d1-8a25929414dc</p><p><b>period</b>: 2022-06-22 --&gt; (ongoing)</p><blockquote><p><b>activity</b></p><h3>Details</h3><table class="grid"><tr><td style="display: none">-</td><td><b>Extension</b></td><td><b>Code</b></td><td><b>Status</b></td></tr><tr><td style="display: none">*</td><td/><td>Fysisk træning <span style="background: LightGoldenRodYellow; margin: 4px; border: 1px solid khaki"> (<a href="http://fhir.kl.dk/term/2.1.0/CodeSystem-FSIII.html">FSIII</a>#2abe20c7-c0b4-41c1-b397-52acf36499ef)</span></td><td>in-progress</td></tr></table></blockquote></div>
        </text>
        <basedOn>
          <reference value="CarePlan/c8be2dc6-caa3-4c7e-81e8-0347896fb4d3"/>
        </basedOn>
        <status value="entered-in-error"/>
        <intent value="plan"/>
        <subject>
          <reference value="Patient/95ce3be6-dba6-48ab-b5d1-8a25929414dc"/>
        </subject>
        <period>
          <start value="2022-06-22"/>
        </period>
        <activity>
          <detail>
            <extension url="http://fhir.kl.dk/rehab/StructureDefinition/DeliveryType">
              <valueCodeableConcept>
                <coding>
                  <system value="http://fhir.kl.dk/term/CodeSystem/CareSocialCodes"/>
                  <code value="2865f123-15a7-4a36-a514-32ea37c400ca"/>
                  <display value="Gruppebaseret indsats"/>
                </coding>
              </valueCodeableConcept>
            </extension>
            <code>
              <coding>
                <system value="urn:oid:1.2.208.176.2.21"/>
                <code value="2abe20c7-c0b4-41c1-b397-52acf36499ef"/>
                <display value="Fysisk træning"/>
              </coding>
            </code>
            <status value="in-progress"/>
          </detail>
        </activity>
      </CarePlan>
    </resource>
  </entry>
  <entry>
    <fullUrl value="https://test.fhir.dk/CarePlan/abf3df7f-8b61-4c01-89dd-ac6ca9c58ae3"/>
    <resource>
      <CarePlan>
        <id value="abf3df7f-8b61-4c01-89dd-ac6ca9c58ae3"/>
        <meta>
          <profile value="http://fhir.kl.dk/rehab/StructureDefinition/klgateway-140-planned-intervention"/>
        </meta>
        <text>
          <status value="generated"/><div xmlns="http://www.w3.org/1999/xhtml"><a name="CarePlan_abf3df7f-8b61-4c01-89dd-ac6ca9c58ae3"> </a><p><b>Generated Narrative: CarePlan </b><a name="abf3df7f-8b61-4c01-89dd-ac6ca9c58ae3"> </a><a name="hcabf3df7f-8b61-4c01-89dd-ac6ca9c58ae3"> </a></p><div style="display: inline-block; background-color: #d9e0e7; padding: 6px; margin: 4px; border: 1px solid #8da1b4; border-radius: 5px; line-height: 60%"><p style="margin-bottom: 0px">ResourceCarePlan &quot;abf3df7f-8b61-4c01-89dd-ac6ca9c58ae3&quot; </p><p style="margin-bottom: 0px">Profile: <a href="StructureDefinition-klgateway-140-planned-intervention.html">KLGateway140PlannedIntervention</a></p></div><p><b>basedOn</b>: See on this page: CarePlan/c8be2dc6-caa3-4c7e-81e8-0347896fb4d3</p><p><b>status</b>: entered-in-error</p><p><b>intent</b>: plan</p><p><b>subject</b>: See on this page: Patient/95ce3be6-dba6-48ab-b5d1-8a25929414dc</p><p><b>period</b>: 2022-06-22 --&gt; (ongoing)</p><blockquote><p><b>activity</b></p><h3>Details</h3><table class="grid"><tr><td style="display: none">-</td><td><b>Extension</b></td><td><b>Code</b></td><td><b>Status</b></td></tr><tr><td style="display: none">*</td><td/><td>Funktionstræning <span style="background: LightGoldenRodYellow; margin: 4px; border: 1px solid khaki"> (<a href="http://fhir.kl.dk/term/2.1.0/CodeSystem-FSIII.html">FSIII</a>#58293f63-00d7-4730-8dbc-c784d40f9e23)</span></td><td>in-progress</td></tr></table></blockquote></div>
        </text>
        <basedOn>
          <reference value="CarePlan/c8be2dc6-caa3-4c7e-81e8-0347896fb4d3"/>
        </basedOn>
        <status value="entered-in-error"/>
        <intent value="plan"/>
        <subject>
          <reference value="Patient/95ce3be6-dba6-48ab-b5d1-8a25929414dc"/>
        </subject>
        <period>
          <start value="2022-06-22"/>
        </period>
        <activity>
          <detail>
            <extension url="http://fhir.kl.dk/rehab/StructureDefinition/DeliveryType">
              <valueCodeableConcept>
                <coding>
                  <system value="http://fhir.kl.dk/term/CodeSystem/CareSocialCodes"/>
                  <code value="2865f123-15a7-4a36-a514-32ea37c400ca"/>
                  <display value="Gruppebaseret indsats"/>
                </coding>
              </valueCodeableConcept>
            </extension>
            <code>
              <coding>
                <system value="urn:oid:1.2.208.176.2.21"/>
                <code value="58293f63-00d7-4730-8dbc-c784d40f9e23"/>
                <display value="Funktionstræning"/>
              </coding>
            </code>
            <status value="in-progress"/>
          </detail>
        </activity>
      </CarePlan>
    </resource>
  </entry>
</Bundle>