{
  "resourceType" : "Bundle",
  "id" : "4a391f69-a909-4a79-92bd-1b0f812dc52a",
  "meta" : {
    "profile" : ["http://fhir.kl.dk/rehab/StructureDefinition/klgateway-140-delivery-report"]
  },
  "type" : "collection",
  "timestamp" : "2022-06-21T19:25:12Z",
  "entry" : [{
    "fullUrl" : "https://test.fhir.dk/Patient/95ce3be6-dba6-48ab-b5d1-8a25929414dc",
    "resource" : {
      "resourceType" : "Patient",
      "id" : "95ce3be6-dba6-48ab-b5d1-8a25929414dc",
      "meta" : {
        "profile" : ["http://fhir.kl.dk/rehab/StructureDefinition/klgateway-140-citizen"]
      },
      "text" : {
        "status" : "generated",
        "div" : "<div xmlns=\"http://www.w3.org/1999/xhtml\"><a name=\"Patient_95ce3be6-dba6-48ab-b5d1-8a25929414dc\"> </a><p><b>Generated Narrative: Patient </b><a name=\"95ce3be6-dba6-48ab-b5d1-8a25929414dc\"> </a><a name=\"hc95ce3be6-dba6-48ab-b5d1-8a25929414dc\"> </a></p><div style=\"display: inline-block; background-color: #d9e0e7; padding: 6px; margin: 4px; border: 1px solid #8da1b4; border-radius: 5px; line-height: 60%\"><p style=\"margin-bottom: 0px\">ResourcePatient &quot;95ce3be6-dba6-48ab-b5d1-8a25929414dc&quot; </p><p style=\"margin-bottom: 0px\">Profile: <a href=\"StructureDefinition-klgateway-140-citizen.html\">KLGateway140Citizen</a></p></div><p><b>identifier</b>: <code>urn:oid:1.2.208.176.1.2</code>/1502779995\u00a0(use:\u00a0official)</p><p><b>deceased</b>: false</p><p><b>managingOrganization</b>: <span><code>urn:oid:1.2.208.176.1.1</code>/451000016003\u00a0(use:\u00a0official)</span></p></div>"
      },
      "identifier" : [{
        "use" : "official",
        "system" : "urn:oid:1.2.208.176.1.2",
        "value" : "1502779995"
      }],
      "deceasedBoolean" : false,
      "managingOrganization" : {
        "identifier" : {
          "use" : "official",
          "system" : "urn:oid:1.2.208.176.1.1",
          "value" : "451000016003"
        }
      }
    }
  },
  {
    "fullUrl" : "https://test.fhir.dk/Organization/55a0e014-0e97-4c26-8ef2-29d528bfcc46",
    "resource" : {
      "resourceType" : "Organization",
      "id" : "55a0e014-0e97-4c26-8ef2-29d528bfcc46",
      "meta" : {
        "profile" : ["http://fhir.kl.dk/rehab/StructureDefinition/klgateway-140-organization"]
      },
      "text" : {
        "status" : "generated",
        "div" : "<div xmlns=\"http://www.w3.org/1999/xhtml\"><a name=\"Organization_55a0e014-0e97-4c26-8ef2-29d528bfcc46\"> </a><p><b>Generated Narrative: Organization </b><a name=\"55a0e014-0e97-4c26-8ef2-29d528bfcc46\"> </a><a name=\"hc55a0e014-0e97-4c26-8ef2-29d528bfcc46\"> </a></p><div style=\"display: inline-block; background-color: #d9e0e7; padding: 6px; margin: 4px; border: 1px solid #8da1b4; border-radius: 5px; line-height: 60%\"><p style=\"margin-bottom: 0px\">ResourceOrganization &quot;55a0e014-0e97-4c26-8ef2-29d528bfcc46&quot; </p><p style=\"margin-bottom: 0px\">Profile: <a href=\"StructureDefinition-klgateway-140-organization.html\">KLGateway140Organization</a></p></div><p><b>identifier</b>: <code>urn:oid:1.2.208.176.1.1</code>/227871000016001\u00a0(use:\u00a0official)</p></div>"
      },
      "identifier" : [{
        "use" : "official",
        "system" : "urn:oid:1.2.208.176.1.1",
        "value" : "227871000016001"
      }]
    }
  },
  {
    "fullUrl" : "https://test.fhir.dk/Organization/7fdd6dc0-3f9f-4914-b34a-7c6495ba0880",
    "resource" : {
      "resourceType" : "Organization",
      "id" : "7fdd6dc0-3f9f-4914-b34a-7c6495ba0880",
      "meta" : {
        "profile" : ["http://fhir.kl.dk/rehab/StructureDefinition/klgateway-140-organization"]
      },
      "text" : {
        "status" : "generated",
        "div" : "<div xmlns=\"http://www.w3.org/1999/xhtml\"><a name=\"Organization_7fdd6dc0-3f9f-4914-b34a-7c6495ba0880\"> </a><p><b>Generated Narrative: Organization </b><a name=\"7fdd6dc0-3f9f-4914-b34a-7c6495ba0880\"> </a><a name=\"hc7fdd6dc0-3f9f-4914-b34a-7c6495ba0880\"> </a></p><div style=\"display: inline-block; background-color: #d9e0e7; padding: 6px; margin: 4px; border: 1px solid #8da1b4; border-radius: 5px; line-height: 60%\"><p style=\"margin-bottom: 0px\">ResourceOrganization &quot;7fdd6dc0-3f9f-4914-b34a-7c6495ba0880&quot; </p><p style=\"margin-bottom: 0px\">Profile: <a href=\"StructureDefinition-klgateway-140-organization.html\">KLGateway140Organization</a></p></div><p><b>identifier</b>: <code>urn:oid:1.2.208.176.1.1</code>/1037801000016003\u00a0(use:\u00a0official)</p></div>"
      },
      "identifier" : [{
        "use" : "official",
        "system" : "urn:oid:1.2.208.176.1.1",
        "value" : "1037801000016003"
      }]
    }
  },
  {
    "fullUrl" : "https://test.fhir.dk/Condition/51d652a8-0ece-4d1d-8071-7baceb9701b2",
    "resource" : {
      "resourceType" : "Condition",
      "id" : "51d652a8-0ece-4d1d-8071-7baceb9701b2",
      "meta" : {
        "profile" : ["http://fhir.kl.dk/rehab/StructureDefinition/klgateway-140-focus-condition"]
      },
      "text" : {
        "status" : "generated",
        "div" : "<div xmlns=\"http://www.w3.org/1999/xhtml\"><a name=\"Condition_51d652a8-0ece-4d1d-8071-7baceb9701b2\"> </a><p><b>Generated Narrative: Condition </b><a name=\"51d652a8-0ece-4d1d-8071-7baceb9701b2\"> </a><a name=\"hc51d652a8-0ece-4d1d-8071-7baceb9701b2\"> </a></p><div style=\"display: inline-block; background-color: #d9e0e7; padding: 6px; margin: 4px; border: 1px solid #8da1b4; border-radius: 5px; line-height: 60%\"><p style=\"margin-bottom: 0px\">ResourceCondition &quot;51d652a8-0ece-4d1d-8071-7baceb9701b2&quot; </p><p style=\"margin-bottom: 0px\">Profile: <a href=\"StructureDefinition-klgateway-140-focus-condition.html\">KLGateway140FocusCondition</a></p></div><p><b>clinicalStatus</b>: Active <span style=\"background: LightGoldenRodYellow; margin: 4px; border: 1px solid khaki\"> (<a href=\"http://terminology.hl7.org/5.5.0/CodeSystem-condition-clinical.html\">Condition Clinical Status Codes</a>#active)</span></p><p><b>code</b>: Pertrokantær femurfraktur <span style=\"background: LightGoldenRodYellow; margin: 4px; border: 1px solid khaki\"> (unknown#DS721)</span></p><p><b>subject</b>: See on this page: Patient/95ce3be6-dba6-48ab-b5d1-8a25929414dc</p></div>"
      },
      "clinicalStatus" : {
        "coding" : [{
          "system" : "http://terminology.hl7.org/CodeSystem/condition-clinical",
          "code" : "active"
        }]
      },
      "code" : {
        "coding" : [{
          "system" : "urn:oid:1.2.208.176.2.4.12",
          "code" : "DS721",
          "display" : "Pertrokantær femurfraktur"
        }]
      },
      "subject" : {
        "reference" : "Patient/95ce3be6-dba6-48ab-b5d1-8a25929414dc"
      }
    }
  },
  {
    "fullUrl" : "https://test.fhir.dk/ServiceRequest/152a1f8f-db33-4fa4-b5ea-c6f4e5cebd22",
    "resource" : {
      "resourceType" : "ServiceRequest",
      "id" : "152a1f8f-db33-4fa4-b5ea-c6f4e5cebd22",
      "meta" : {
        "profile" : ["http://fhir.kl.dk/rehab/StructureDefinition/klgateway-140-servicerequest"]
      },
      "text" : {
        "status" : "extensions",
        "div" : "<div xmlns=\"http://www.w3.org/1999/xhtml\"><a name=\"ServiceRequest_152a1f8f-db33-4fa4-b5ea-c6f4e5cebd22\"> </a><p><b>Generated Narrative: ServiceRequest </b><a name=\"152a1f8f-db33-4fa4-b5ea-c6f4e5cebd22\"> </a><a name=\"hc152a1f8f-db33-4fa4-b5ea-c6f4e5cebd22\"> </a></p><div style=\"display: inline-block; background-color: #d9e0e7; padding: 6px; margin: 4px; border: 1px solid #8da1b4; border-radius: 5px; line-height: 60%\"><p style=\"margin-bottom: 0px\">ResourceServiceRequest &quot;152a1f8f-db33-4fa4-b5ea-c6f4e5cebd22&quot; </p><p style=\"margin-bottom: 0px\">Profile: <a href=\"StructureDefinition-klgateway-140-servicerequest.html\">KLGateway140ServiceRequest</a></p></div><p><b>PreconditionDate</b>: 2022-05-24</p><p><b>status</b>: active</p><p><b>intent</b>: plan</p><p><b>category</b>: almen <span style=\"background: LightGoldenRodYellow; margin: 4px; border: 1px solid khaki\"> (<a href=\"http://fhir.kl.dk/term/2.1.0/CodeSystem-CareSocialCodes.html\">CareSocialCodes</a>#ffd81f78-352e-4589-a195-5350dd1df2a4)</span>, basal <span style=\"background: LightGoldenRodYellow; margin: 4px; border: 1px solid khaki\"> (<a href=\"http://fhir.kl.dk/term/2.1.0/CodeSystem-CareSocialCodes.html\">CareSocialCodes</a>#8b962281-2ab6-4b10-9c91-4bac592d6d49)</span></p><p><b>code</b>: Kommunal genoptræning efter sygehusophold <span style=\"background: LightGoldenRodYellow; margin: 4px; border: 1px solid khaki\"> (<a href=\"http://fhir.kl.dk/term/2.1.0/CodeSystem-CareSocialCodes.html\">CareSocialCodes</a>#7fc66c15-0cb3-4c89-9e18-f3a01e6a6592)</span></p><p><b>subject</b>: See on this page: Patient/95ce3be6-dba6-48ab-b5d1-8a25929414dc</p><p><b>occurrence</b>: 2022-05-28 --&gt; (ongoing)</p><p><b>authoredOn</b>: 2022-05-23</p><p><b>requester</b>: See on this page: Organization/55a0e014-0e97-4c26-8ef2-29d528bfcc46</p><p><b>reasonReference</b>: See on this page: Condition/51d652a8-0ece-4d1d-8071-7baceb9701b2</p></div>"
      },
      "extension" : [{
        "url" : "http://fhir.kl.dk/rehab/StructureDefinition/PreconditionDate",
        "valueDate" : "2022-05-24"
      }],
      "status" : "active",
      "intent" : "plan",
      "category" : [{
        "coding" : [{
          "system" : "http://fhir.kl.dk/term/CodeSystem/CareSocialCodes",
          "code" : "ffd81f78-352e-4589-a195-5350dd1df2a4",
          "display" : "almen"
        }]
      },
      {
        "coding" : [{
          "system" : "http://fhir.kl.dk/term/CodeSystem/CareSocialCodes",
          "code" : "8b962281-2ab6-4b10-9c91-4bac592d6d49",
          "display" : "basal"
        }]
      }],
      "code" : {
        "coding" : [{
          "system" : "http://fhir.kl.dk/term/CodeSystem/CareSocialCodes",
          "code" : "7fc66c15-0cb3-4c89-9e18-f3a01e6a6592"
        }]
      },
      "subject" : {
        "reference" : "Patient/95ce3be6-dba6-48ab-b5d1-8a25929414dc"
      },
      "occurrencePeriod" : {
        "start" : "2022-05-28"
      },
      "authoredOn" : "2022-05-23",
      "requester" : {
        "reference" : "Organization/55a0e014-0e97-4c26-8ef2-29d528bfcc46"
      },
      "reasonReference" : [{
        "reference" : "Condition/51d652a8-0ece-4d1d-8071-7baceb9701b2"
      }]
    }
  },
  {
    "fullUrl" : "https://test.fhir.dk/CarePlan/1c74e3e8-e038-4182-a545-d86a9f064d44",
    "resource" : {
      "resourceType" : "CarePlan",
      "id" : "1c74e3e8-e038-4182-a545-d86a9f064d44",
      "meta" : {
        "profile" : ["http://fhir.kl.dk/rehab/StructureDefinition/klgateway-140-care-plan"]
      },
      "text" : {
        "status" : "extensions",
        "div" : "<div xmlns=\"http://www.w3.org/1999/xhtml\"><a name=\"CarePlan_1c74e3e8-e038-4182-a545-d86a9f064d44\"> </a><p><b>Generated Narrative: CarePlan </b><a name=\"1c74e3e8-e038-4182-a545-d86a9f064d44\"> </a><a name=\"hc1c74e3e8-e038-4182-a545-d86a9f064d44\"> </a></p><div style=\"display: inline-block; background-color: #d9e0e7; padding: 6px; margin: 4px; border: 1px solid #8da1b4; border-radius: 5px; line-height: 60%\"><p style=\"margin-bottom: 0px\">ResourceCarePlan &quot;1c74e3e8-e038-4182-a545-d86a9f064d44&quot; </p><p style=\"margin-bottom: 0px\">Profile: <a href=\"StructureDefinition-klgateway-140-care-plan.html\">KLGateway140care-plan</a></p></div><p><b>basedOnServiceRequestExtension</b>: See on this page: ServiceRequest/152a1f8f-db33-4fa4-b5ea-c6f4e5cebd22</p><p><b>status</b>: active</p><p><b>intent</b>: plan</p><p><b>category</b>: Interventionsforløb efter §140 <span style=\"background: LightGoldenRodYellow; margin: 4px; border: 1px solid khaki\"> (<a href=\"http://fhir.kl.dk/term/2.1.0/CodeSystem-CareSocialCodes.html\">CareSocialCodes</a>#f15b2663-94d9-4d0c-a5de-d8bd8e1e4ebb)</span></p><p><b>subject</b>: See on this page: Patient/95ce3be6-dba6-48ab-b5d1-8a25929414dc</p><p><b>period</b>: 2022-05-28 --&gt; (ongoing)</p><blockquote><p><b>activity</b></p><h3>Details</h3><table class=\"grid\"><tr><td style=\"display: none\">-</td><td><b>Status</b></td><td><b>Performer</b></td></tr><tr><td style=\"display: none\">*</td><td>in-progress</td><td>See on this page: Organization/7fdd6dc0-3f9f-4914-b34a-7c6495ba0880</td></tr></table></blockquote></div>"
      },
      "extension" : [{
        "url" : "http://fhir.kl.dk/rehab/StructureDefinition/BasedOnServiceRequestExtension",
        "valueReference" : {
          "reference" : "ServiceRequest/152a1f8f-db33-4fa4-b5ea-c6f4e5cebd22"
        }
      }],
      "status" : "active",
      "intent" : "plan",
      "category" : [{
        "coding" : [{
          "system" : "http://fhir.kl.dk/term/CodeSystem/CareSocialCodes",
          "code" : "f15b2663-94d9-4d0c-a5de-d8bd8e1e4ebb"
        }]
      }],
      "subject" : {
        "reference" : "Patient/95ce3be6-dba6-48ab-b5d1-8a25929414dc"
      },
      "period" : {
        "start" : "2022-05-28"
      },
      "activity" : [{
        "detail" : {
          "status" : "in-progress",
          "performer" : [{
            "reference" : "Organization/7fdd6dc0-3f9f-4914-b34a-7c6495ba0880"
          }]
        }
      }]
    }
  },
  {
    "fullUrl" : "https://test.fhir.dk/Encounter/955eda13-0ee6-4de0-91d6-598ed92cef5e",
    "resource" : {
      "resourceType" : "Encounter",
      "id" : "955eda13-0ee6-4de0-91d6-598ed92cef5e",
      "meta" : {
        "profile" : ["http://fhir.kl.dk/rehab/StructureDefinition/klgateway-140-encounter"]
      },
      "text" : {
        "status" : "extensions",
        "div" : "<div xmlns=\"http://www.w3.org/1999/xhtml\"><a name=\"Encounter_955eda13-0ee6-4de0-91d6-598ed92cef5e\"> </a><p><b>Generated Narrative: Encounter </b><a name=\"955eda13-0ee6-4de0-91d6-598ed92cef5e\"> </a><a name=\"hc955eda13-0ee6-4de0-91d6-598ed92cef5e\"> </a></p><div style=\"display: inline-block; background-color: #d9e0e7; padding: 6px; margin: 4px; border: 1px solid #8da1b4; border-radius: 5px; line-height: 60%\"><p style=\"margin-bottom: 0px\">ResourceEncounter &quot;955eda13-0ee6-4de0-91d6-598ed92cef5e&quot; </p><p style=\"margin-bottom: 0px\">Profile: <a href=\"StructureDefinition-klgateway-140-encounter.html\">KLGateway140Encounter</a></p></div><p><b>basedOnCarePlanExtension</b>: See on this page: CarePlan/1c74e3e8-e038-4182-a545-d86a9f064d44</p><p><b>status</b>: finished</p><p><b>class</b>: ambulatory (Details: ActCode code AMB  = ' ambulatory ', stated as ' null ')</p><p><b>subject</b>: See on this page: Patient/95ce3be6-dba6-48ab-b5d1-8a25929414dc</p><p><b>period</b>: 2022-06-21 10:20:00+0000 --&gt; 2022-06-21 11:20:00+0000</p></div>"
      },
      "extension" : [{
        "url" : "http://fhir.kl.dk/rehab/StructureDefinition/BasedOnCarePlanExtension",
        "valueReference" : {
          "reference" : "CarePlan/1c74e3e8-e038-4182-a545-d86a9f064d44"
        }
      }],
      "status" : "finished",
      "class" : {
        "system" : "http://terminology.hl7.org/CodeSystem/v3-ActCode",
        "code" : "AMB"
      },
      "subject" : {
        "reference" : "Patient/95ce3be6-dba6-48ab-b5d1-8a25929414dc"
      },
      "period" : {
        "start" : "2022-06-21T10:20:00.000Z",
        "end" : "2022-06-21T11:20:00.000Z"
      }
    }
  }]
}