<?xml version="1.0" encoding="UTF-8"?>

<ValueSet xmlns="http://hl7.org/fhir">
  <id value="NPUUrinStix"/>
  <text>
    <status value="generated"/><div xmlns="http://www.w3.org/1999/xhtml">Placeholder</div>
  </text>
  <url value="http://fhir.kl.dk/ffinst/ValueSet/NPUUrinStix"/>
  <version value="1.0.0"/>
  <name value="NPUUrinStix"/>
  <title value="NPUUrinStix"/>
  <status value="active"/>
  <experimental value="false"/>
  <date value="2023-08-26T16:24:28+02:00"/>
  <publisher value="Kommunernes landsforening"/>
  <contact>
    <name value="Kommunernes landsforening"/>
    <telecom>
      <system value="url"/>
      <value value="http://kl.dk"/>
    </telecom>
    <telecom>
      <system value="email"/>
      <value value="kl@kl.dk"/>
    </telecom>
  </contact>
  <description value="NPU observables for urin stix"/>
  <jurisdiction>
    <coding>
      <system value="urn:iso:std:iso:3166"/>
      <code value="DNK"/>
      <display value="Denmark"/>
    </coding>
  </jurisdiction>
  <compose>
    <include>
      <system value="urn:oid:1.2.208.176.2.1"/>
      <concept>
        <code value="NPU14924"/>
        <display value="U—Urin; egenskabsart(liste; stix; proc.)"/>
      </concept>
      <concept>
        <code value="NPU10504"/>
        <display value="U—Acetoacetat; arb.k.(proc.) = ?"/>
      </concept>
      <concept>
        <code value="NPU17997"/>
        <display value="U—Albumin; arb.k.(proc.) = ?"/>
      </concept>
      <concept>
        <code value="NPU10506"/>
        <display value="U—Bacterium, nitrit-producerende; arb.k.(proc.) = ?"/>
      </concept>
      <concept>
        <code value="NPU01372"/>
        <display value="U—Bilirubiner; arb.k.(proc.) = ?"/>
      </concept>
      <concept>
        <code value="NPU03963"/>
        <display value="U—Erythrocytter; arb.k.(proc.) = ?"/>
      </concept>
      <concept>
        <code value="NPU04207"/>
        <display value="U—Glucose; arb.k.(proc.) = ?"/>
      </concept>
      <concept>
        <code value="NPU02415"/>
        <display value="U—Hydrogen-ion; pH(proc.) = ?"/>
      </concept>
      <concept>
        <code value="NPU04208"/>
        <display value="U—Hæmoglobin; arb.k.(proc.) = ?"/>
      </concept>
      <concept>
        <code value="NPU03987"/>
        <display value="U—Leukocytter; arb.k.(proc.) = ?"/>
      </concept>
      <concept>
        <code value="NPU21578"/>
        <display value="U—Nitrit; arb.k.(proc.) = ?"/>
      </concept>
      <concept>
        <code value="NPU04864"/>
        <display value="U—Porphobilinogen; arb.k.(proc.) = ?"/>
      </concept>
      <concept>
        <code value="NPU04206"/>
        <display value="U—Protein; arb.k.(proc.) = ?"/>
      </concept>
      <concept>
        <code value="NPU03694"/>
        <display value="Pt—Urin; rel.massetæthed(20 °C/vand, 20 °C; proc.) = ?"/>
      </concept>
      <concept>
        <code value="NPU03697"/>
        <display value="U—Urobilinogen; arb.k.(proc.) = ?"/>
      </concept>
    </include>
  </compose>
</ValueSet>