<?xml version="1.0" encoding="UTF-8"?>

<ValueSet xmlns="http://hl7.org/fhir">
  <id value="FindingInformerCodes"/>
  <text>
    <status value="extensions"/><div xmlns="http://www.w3.org/1999/xhtml">Placeholder</div>
  </text>
  <url value="http://fhir.kl.dk/ffinst/ValueSet/FindingInformerCodes"/>
  <version value="1.0.0"/>
  <name value="FindingInformerCodes"/>
  <title value="FindingInformerCodes"/>
  <status value="active"/>
  <experimental value="false"/>
  <date value="2023-08-26T16:24:28+02:00"/>
  <publisher value="Kommunernes landsforening"/>
  <contact>
    <name value="Kommunernes landsforening"/>
    <telecom>
      <system value="url"/>
      <value value="http://kl.dk"/>
    </telecom>
    <telecom>
      <system value="email"/>
      <value value="kl@kl.dk"/>
    </telecom>
  </contact>
  <description value="Codes for who informed the findings"/>
  <jurisdiction>
    <coding>
      <system value="urn:iso:std:iso:3166"/>
      <code value="DNK"/>
      <display value="Denmark"/>
    </coding>
  </jurisdiction>
  <compose>
    <include>
      <system value="http://fhir.kl.dk/ffinst/CodeSystem/KLToolsCodes"/>
      <concept>
        <code value="a3d30bf2-4a3c-4c49-9001-5363ae11681c"/>
      </concept>
      <concept>
        <code value="71675b26-285e-4551-9488-991d8b34a12a"/>
      </concept>
      <concept>
        <code value="5937b533-a4e3-45af-9ddf-61dce1d56b74"/>
      </concept>
      <concept>
        <code value="d5762abe-706b-4d52-ac2b-2621c60486b2"/>
      </concept>
      <concept>
        <code value="111b2c8a-389d-4ecc-9187-ce78f019649b"/>
      </concept>
    </include>
  </compose>
</ValueSet>