<?xml version="1.0" encoding="UTF-8"?>

<ValueSet xmlns="http://hl7.org/fhir">
  <id value="SCTUrinStix"/>
  <text>
    <status value="generated"/><div xmlns="http://www.w3.org/1999/xhtml">Placeholder</div>
  </text>
  <url value="http://fhir.kl.dk/ffinst/ValueSet/SCTUrinStix"/>
  <version value="1.0.0"/>
  <name value="SCTUrinStix"/>
  <title value="SCTUrinStix"/>
  <status value="active"/>
  <experimental value="false"/>
  <date value="2023-08-26T16:24:28+02:00"/>
  <publisher value="Kommunernes landsforening"/>
  <contact>
    <name value="Kommunernes landsforening"/>
    <telecom>
      <system value="url"/>
      <value value="http://kl.dk"/>
    </telecom>
    <telecom>
      <system value="email"/>
      <value value="kl@kl.dk"/>
    </telecom>
  </contact>
  <description value="SNOMED CT evaluation procedure codes for urin stix"/>
  <jurisdiction>
    <coding>
      <system value="urn:iso:std:iso:3166"/>
      <code value="DNK"/>
      <display value="Denmark"/>
    </coding>
  </jurisdiction>
  <compose>
    <include>
      <system value="http://snomed.info/sct"/>
      <concept>
        <code value="271000000"/>
      </concept>
      <concept>
        <code value="313668003"/>
      </concept>
      <concept>
        <code value="252384001"/>
      </concept>
      <concept>
        <code value="271260009"/>
      </concept>
      <concept>
        <code value="270894005"/>
      </concept>
      <concept>
        <code value="269879003"/>
      </concept>
      <concept>
        <code value="275714003"/>
      </concept>
      <concept>
        <code value="271347000"/>
      </concept>
      <concept>
        <code value="252385000"/>
      </concept>
      <concept>
        <code value="302791006"/>
      </concept>
      <concept>
        <code value="271348005"/>
      </concept>
      <concept>
        <code value="271346009"/>
      </concept>
      <concept>
        <code value="252386004"/>
      </concept>
      <concept>
        <code value="167321001"/>
      </concept>
      <concept>
        <code value="167381004"/>
      </concept>
    </include>
  </compose>
</ValueSet>