URL,Version,Status,OIDs,Name,Title,Descriptino,Uses,Used,Sources
http://fhir.kl.dk/gateway/ValueSet/DeliveryTypes,1.2.0,active,,DeliveryTypes,DeliveryTypes,"The delivery context types",,"kl.dk.fhir.term"
http://fhir.kl.dk/gateway/ValueSet/EncounterClassCodes,1.2.0,active,,EncounterClassCodes,KontaktKlasseKoder,"Codes to describe the mode of delivery of an encounter",,"kl.dk.fhir.term"
http://fhir.kl.dk/gateway/ValueSet/FSIIICareConditions,1.2.0,active,,FSIIICareConditions,FSIIICareConditions,"Conditions defined by FSIII for nursing and home care",,
http://fhir.kl.dk/gateway/ValueSet/FSIIICareGoalTypes,1.2.0,active,,FSIIICareGoalTypes,FSIIICareGoalTypes,"Goal Types defined by FSIII for nursing and home care",,"kl.dk.fhir.term"
http://fhir.kl.dk/gateway/ValueSet/FSIIICareInterventions,1.2.0,active,,FSIIICareInterventions,FSIIICareInterventions,"Interventions defined by FSIII for nursing and home care",,
http://fhir.kl.dk/gateway/ValueSet/FSIIICareMatterOfInterests,1.2.0,active,,FSIIICareMatterOfInterests,FSIIICareMatterOfInterests,"Matters of Interests (areas) defined by FSIII for nursing and home care",,
http://fhir.kl.dk/gateway/ValueSet/KLGatewayCareMatterOfInterestValues,1.2.0,active,,KLGatewayCareMatterOfInterestValues,KLGatewayCareMatterOfInterestValues,"Values of Matters of Interests (areas)",,"kl.dk.fhir.term"
