URL,Version,Status,OIDs,Name,Title,Descriptino,Uses,Used,Sources
http://fhir.kl.dk/gateway/ValueSet/DeliveryTypes,1.2.0,active,,DeliveryTypes,DeliveryTypes,"The delivery context types","StructureDefinition/klgateway-care-planned-intervention","kl.dk.fhir.term"
http://fhir.kl.dk/gateway/ValueSet/EncounterClassCodes,1.2.0,active,,EncounterClassCodes,KontaktKlasseKoder,"Codes to describe the mode of delivery of an encounter","StructureDefinition/klgateway-care-general-encounter","kl.dk.fhir.term"
http://fhir.kl.dk/gateway/ValueSet/FSIIICareConditions,1.2.0,active,,FSIIICareConditions,FSIIICareConditions,"Conditions defined by FSIII for nursing and home care","StructureDefinition/klgateway-care-condition,StructureDefinition/klgateway-care-finding-context-at-risk-extension",
http://fhir.kl.dk/gateway/ValueSet/FSIIICareGoalTypes,1.2.0,active,,FSIIICareGoalTypes,FSIIICareGoalTypes,"Goal Types defined by FSIII for nursing and home care",,"kl.dk.fhir.term"
http://fhir.kl.dk/gateway/ValueSet/FSIIICareInterventions,1.2.0,active,,FSIIICareInterventions,FSIIICareInterventions,"Interventions defined by FSIII for nursing and home care","StructureDefinition/klgateway-care-completed-intervention,StructureDefinition/klgateway-care-planned-intervention",
http://fhir.kl.dk/gateway/ValueSet/FSIIICareMatterOfInterests,1.2.0,active,,FSIIICareMatterOfInterests,FSIIICareMatterOfInterests,"Matters of Interests (areas) defined by FSIII for nursing and home care","StructureDefinition/klgateway-care-matter-of-interest-observation",
http://fhir.kl.dk/gateway/ValueSet/KLGatewayCareMatterOfInterestValues,1.2.0,active,,KLGatewayCareMatterOfInterestValues,KLGatewayCareMatterOfInterestValues,"Values of Matters of Interests (areas)","StructureDefinition/klgateway-care-matter-of-interest-observation","kl.dk.fhir.term"
http://fhir.kl.dk/term/ValueSet/KLCitizenObservationCodesFSIII,2.2.0,active,,KLCitizenObservationCodesFSIII,KLBorgervurderingsObservationskoderFSIII,"Observation codes for citizens own observations as defined by FSIII","StructureDefinition/klgateway-care-citizens-own-observation","kl.dk.fhir.term"
http://fhir.kl.dk/term/ValueSet/KLCitizenObservationResultCodesFSIII,2.2.0,active,,KLCitizenObservationResultCodesFSIII,KLBorgervurderingsResultatkoderFSIII,"Performance and Importance level codes, as evaluated by the citizen","StructureDefinition/klgateway-care-citizens-own-observation",
http://fhir.kl.dk/term/ValueSet/KLConditionCodesHomeCare,2.2.0,active,,KLConditionCodesHomeCare,KLTilstandeKoderHjemmepleje,"Danish municipality home care condition codes (funktionsevnetilstande)","ValueSet/FSIIICareConditions","kl.dk.fhir.term"
http://fhir.kl.dk/term/ValueSet/KLConditionCodesNursing,2.2.0,active,,KLConditionCodesNursing,KLTilstandeKoderSygepleje,"Danish municipality nursing condition codes","ValueSet/FSIIICareConditions","kl.dk.fhir.term"
http://fhir.kl.dk/term/ValueSet/KLEncounterTypes,2.2.0,active,,KLEncounterTypes,KLKontaktTyper,"Encounter types in Danish municipality health, social and elderly care (note that these are specific to this model, they are not replicas of a municipality terminology service)","StructureDefinition/klgateway-care-general-encounter,StructureDefinition/klgateway-care-encounter","kl.dk.fhir.term"
http://fhir.kl.dk/term/ValueSet/KLFollowUpCodesFSIII,2.2.0,active,,KLFollowUpCodesFSIII,KLOpfølgningKoderFSIII,"Follow-up codes used in FSIII","StructureDefinition/klgateway-care-follow-up-observation","kl.dk.fhir.term"
http://fhir.kl.dk/term/ValueSet/KLGoalTypeCodes,2.2.0,active,,KLGoalTypeCodes,KLMålKategoriKoder,"Codes used to distinguish different kinds of goals","StructureDefinition/klgateway-care-goal","kl.dk.fhir.term"
http://fhir.kl.dk/term/ValueSet/KLHomeCareAreasFSIII,2.2.0,active,,KLHomeCareAreasFSIII,KLHjemmeplejeOmråderFSIII,"Observation codes for the five home care areas as defined by FSIII","ValueSet/FSIIICareMatterOfInterests","kl.dk.fhir.term"
http://fhir.kl.dk/term/ValueSet/KLHomeCareInterventionsFSIII,2.2.0,active,,KLHomeCareInterventionsFSIII,KLHjemmeplejeIndsatserFSIII,"Home Care Interventions as described by FSIII","ValueSet/FSIIICareInterventions","kl.dk.fhir.term"
http://fhir.kl.dk/term/ValueSet/KLNursingAreasFSIII,2.2.0,active,,KLNursingAreasFSIII,KLSygeplejeOmråderFSIII,"Observation codes for the 12 nursing areas as defined by FSIII","ValueSet/FSIIICareMatterOfInterests","kl.dk.fhir.term"
http://fhir.kl.dk/term/ValueSet/KLNursingInterventionsFSIII,2.2.0,active,,KLNursingInterventionsFSIII,KLSygeplejeIndsatserFSIII,"Nursing interventions as described by FSIII","ValueSet/FSIIICareInterventions","kl.dk.fhir.term"
http://fhir.kl.dk/term/ValueSet/KLSeveritiesFSIII,2.2.0,active,,KLSeveritiesFSIII,KLFunktionsevneniveauFSIII,"Severities related to conditions in FSIII home care (funktionsniveau)","StructureDefinition/klgateway-care-condition,StructureDefinition/klgateway-care-goal","kl.dk.fhir.term"
http://fhir.kl.dk/term/ValueSet/KLTargetMeasureCodes,2.2.0,active,,KLTargetMeasureCodes,KLTypeAfObservationPåMål,"Target measure code, that determines whether the target is expressed as a severity, change value or using another observation","StructureDefinition/klgateway-care-goal","kl.dk.fhir.term"
http://hl7.dk/fhir/core/ValueSet/dk-core-RelatedPersonRelationshipTypes,3.2.0,active,,RelatedPersonRelationshipTypes,DK Related Person Relationship Types,"DK Related Person Relationship Types","StructureDefinition/klgateway-care-citizen","THO (V3),hl7.fhir.dk.core"
http://hl7.dk/fhir/core/ValueSet/dk-marital-status,3.2.0,active,,,DK MaritalStatus,"This value set defines the set of codes that can be used to indicate the marital status of a person in Denmark.","StructureDefinition/klgateway-care-citizen","hl7.fhir.dk.core"
http://hl7.org/fhir/ValueSet/address-type,4.0.1,active,"2.16.840.1.113883.4.642.3.69",AddressType,AddressType,"The type of an address (physical / postal).","StructureDefinition/klgateway-care-citizen","hl7.fhir.r4.core"
http://hl7.org/fhir/ValueSet/address-use,4.0.1,active,"2.16.840.1.113883.4.642.3.67",AddressUse,AddressUse,"The use of an address.","StructureDefinition/klgateway-care-citizen","hl7.fhir.r4.core"
http://hl7.org/fhir/ValueSet/administrative-gender,4.0.1,active,"2.16.840.1.113883.4.642.3.1",AdministrativeGender,AdministrativeGender,"The gender of a person used for administrative purposes.","StructureDefinition/klgateway-care-citizen","hl7.fhir.r4.core"
http://hl7.org/fhir/ValueSet/body-site,4.0.1,draft,"2.16.840.1.113883.4.642.3.141",SNOMEDCTBodyStructures,SNOMED CT Body Structures,"This value set includes all codes from [SNOMED CT](http://snomed.info/sct) where concept is-a 442083009 (Anatomical or acquired body site (body structure)).","StructureDefinition/klgateway-care-completed-intervention,StructureDefinition/klgateway-care-matter-of-interest-observation,StructureDefinition/klgateway-care-follow-up-observation,StructureDefinition/klgateway-care-citizens-own-observation,StructureDefinition/klgateway-care-condition","SCT"
http://hl7.org/fhir/ValueSet/bundle-type,4.0.1,active,"2.16.840.1.113883.4.642.3.620",BundleType,BundleType,"Indicates the purpose of a bundle - how it is intended to be used.","StructureDefinition/klgateway-care-incremental-delivery,StructureDefinition/klgateway-care-delivery-report","hl7.fhir.r4.core"
http://hl7.org/fhir/ValueSet/care-plan-activity-kind,4.0.1,draft,"2.16.840.1.113883.4.642.3.145",CarePlanActivityKind,Care Plan Activity Kind,"Resource types defined as part of FHIR that can be represented as in-line definitions of a care plan activity.","StructureDefinition/klgateway-care-planned-intervention","hl7.fhir.r4.core"
http://hl7.org/fhir/ValueSet/care-plan-activity-outcome,4.0.1,draft,"2.16.840.1.113883.4.642.3.149",CarePlanActivityOutcome,Care Plan Activity Outcome,"Example codes indicating the outcome of a care plan activity. Note that these are in no way complete and might not even be appropriate for some uses.","StructureDefinition/klgateway-care-planned-intervention","SCT"
http://hl7.org/fhir/ValueSet/care-plan-activity-status,4.0.1,draft,"2.16.840.1.113883.4.642.3.146",CarePlanActivityStatus,CarePlanActivityStatus,"Codes that reflect the current state of a care plan activity within its overall life cycle.","StructureDefinition/klgateway-care-planned-intervention","hl7.fhir.r4.core"
http://hl7.org/fhir/ValueSet/care-plan-category,4.0.1,draft,"2.16.840.1.113883.4.642.3.148",CarePlanCategory,Care Plan Category,"Example codes indicating the category a care plan falls within.  Note that these are in no way complete and might not even be appropriate for some uses.","StructureDefinition/klgateway-care-planned-intervention","SCT"
http://hl7.org/fhir/ValueSet/care-plan-intent,4.0.1,draft,"2.16.840.1.113883.4.642.3.150",CarePlanIntent,Care Plan Intent,"Codes indicating the degree of authority/intentionality associated with a care plan.","StructureDefinition/klgateway-care-planned-intervention","hl7.fhir.r4.core"
http://hl7.org/fhir/ValueSet/clinical-findings,4.0.1,draft,"2.16.840.1.113883.4.642.3.232",SNOMEDCTClinicalFindings,SNOMED CT Clinical Findings,"This value set includes all the ""Clinical finding"" [SNOMED CT](http://snomed.info/sct) codes - concepts where concept is-a 404684003 (Clinical finding (finding)).","StructureDefinition/klgateway-care-planned-intervention,StructureDefinition/klgateway-care-goal","SCT"
http://hl7.org/fhir/ValueSet/condition-category,4.0.1,draft,"2.16.840.1.113883.4.642.3.162",ConditionCategoryCodes,Condition Category Codes,"Preferred value set for Condition Categories.","StructureDefinition/klgateway-care-condition","THO"
http://hl7.org/fhir/ValueSet/condition-clinical,4.0.1,draft,"2.16.840.1.113883.4.642.3.164",ConditionClinicalStatusCodes,Condition Clinical Status Codes,"Preferred value set for Condition Clinical Status.","StructureDefinition/klgateway-care-condition","THO"
http://hl7.org/fhir/ValueSet/condition-code,4.0.1,draft,"2.16.840.1.113883.4.642.3.161",Condition/Problem/DiagnosisCodes,Condition/Problem/Diagnosis Codes,"Example value set for Condition/Problem/Diagnosis codes.","StructureDefinition/klgateway-care-completed-intervention","SCT"
http://hl7.org/fhir/ValueSet/condition-stage,4.0.1,draft,"2.16.840.1.113883.4.642.3.170",ConditionStage,Condition Stage,"Example value set for stages of cancer and other conditions.","StructureDefinition/klgateway-care-condition","SCT"
http://hl7.org/fhir/ValueSet/condition-stage-type,4.0.1,draft,"2.16.840.1.113883.4.642.3.171",ConditionStageType,Condition Stage Type,"Example value set for the type of stages of cancer and other conditions","StructureDefinition/klgateway-care-condition","SCT"
http://hl7.org/fhir/ValueSet/condition-ver-status,4.0.1,draft,"2.16.840.1.113883.4.642.3.166",ConditionVerificationStatus,ConditionVerificationStatus,"The verification status to support or decline the clinical status of the condition or diagnosis.","StructureDefinition/klgateway-care-condition","THO"
http://hl7.org/fhir/ValueSet/data-absent-reason,4.0.1,active,"2.16.840.1.113883.4.642.3.5",DataAbsentReason,DataAbsentReason,"Used to specify why the normally expected content of the data element is missing.","StructureDefinition/klgateway-care-matter-of-interest-observation,StructureDefinition/klgateway-care-follow-up-observation,StructureDefinition/klgateway-care-citizens-own-observation","THO"
http://hl7.org/fhir/ValueSet/device-action,4.0.1,draft,"2.16.840.1.113883.4.642.3.425",ProcedureDeviceActionCodes,Procedure Device Action Codes,"Example codes indicating the change that happened to the device during the procedure.  Note that these are in no way complete and might not even be appropriate for some uses.","StructureDefinition/klgateway-care-completed-intervention","SCT"
http://hl7.org/fhir/ValueSet/device-kind,4.0.1,draft,"2.16.840.1.113883.4.642.3.208",FHIRDeviceTypes,FHIR Device Types,"Codes used to identify medical devices. Includes concepts from SNOMED CT (http://www.snomed.org/) where concept is-a 49062001 (Device)  and is provided as a suggestive example.","StructureDefinition/klgateway-care-completed-intervention","SCT"
http://hl7.org/fhir/ValueSet/diagnosis-role,4.0.1,draft,"2.16.840.1.113883.4.642.3.49",DiagnosisRole,DiagnosisRole,"This value set defines a set of codes that can be used to express the role of a diagnosis on the Encounter or EpisodeOfCare record.","StructureDefinition/klgateway-care-general-encounter,StructureDefinition/klgateway-care-encounter","THO"
http://hl7.org/fhir/ValueSet/encounter-admit-source,4.0.1,draft,"2.16.840.1.113883.4.642.3.257",AdmitSource,Admit source,"This value set defines a set of codes that can be used to indicate from where the patient came in.","StructureDefinition/klgateway-care-general-encounter,StructureDefinition/klgateway-care-encounter","THO"
http://hl7.org/fhir/ValueSet/encounter-diet,4.0.1,draft,"2.16.840.1.113883.4.642.3.255",Diet,Diet,"This value set defines a set of codes that can be used to indicate dietary preferences or restrictions a patient may have.","StructureDefinition/klgateway-care-general-encounter,StructureDefinition/klgateway-care-encounter","THO"
http://hl7.org/fhir/ValueSet/encounter-discharge-disposition,4.0.1,draft,"2.16.840.1.113883.4.642.3.259",DischargeDisposition,Discharge disposition,"This value set defines a set of codes that can be used to where the patient left the hospital.","StructureDefinition/klgateway-care-general-encounter,StructureDefinition/klgateway-care-encounter","THO"
http://hl7.org/fhir/ValueSet/encounter-location-status,4.0.1,draft,"2.16.840.1.113883.4.642.3.262",EncounterLocationStatus,EncounterLocationStatus,"The status of the location.","StructureDefinition/klgateway-care-general-encounter,StructureDefinition/klgateway-care-encounter","hl7.fhir.r4.core"
http://hl7.org/fhir/ValueSet/encounter-participant-type,4.0.1,draft,"2.16.840.1.113883.4.642.3.250",ParticipantType,Participant type,"This value set defines a set of codes that can be used to indicate how an individual participates in an encounter.","StructureDefinition/klgateway-care-general-encounter,StructureDefinition/klgateway-care-encounter","THO (V3),THO"
http://hl7.org/fhir/ValueSet/encounter-reason,4.0.1,draft,"2.16.840.1.113883.4.642.3.261",EncounterReasonCodes,Encounter Reason Codes,"This examples value set defines the set of codes that can be used to indicate reasons for an encounter.","StructureDefinition/klgateway-care-general-encounter,StructureDefinition/klgateway-care-encounter","SCT"
http://hl7.org/fhir/ValueSet/encounter-special-arrangements,4.0.1,draft,"2.16.840.1.113883.4.642.3.253",SpecialArrangements,Special arrangements,"This value set defines a set of codes that can be used to indicate the kinds of special arrangements in place for a patients visit.","StructureDefinition/klgateway-care-general-encounter,StructureDefinition/klgateway-care-encounter","THO"
http://hl7.org/fhir/ValueSet/encounter-special-courtesy,4.0.1,draft,"2.16.840.1.113883.4.642.3.252",SpecialCourtesy,Special courtesy,"This value set defines a set of codes that can be used to indicate special courtesies provided to the patient.","StructureDefinition/klgateway-care-general-encounter,StructureDefinition/klgateway-care-encounter","THO (V3)"
http://hl7.org/fhir/ValueSet/encounter-status,4.0.1,draft,"2.16.840.1.113883.4.642.3.246",EncounterStatus,EncounterStatus,"Current state of the encounter.","StructureDefinition/klgateway-care-general-encounter,StructureDefinition/klgateway-care-encounter","hl7.fhir.r4.core"
http://hl7.org/fhir/ValueSet/event-status,4.0.1,draft,"2.16.840.1.113883.4.642.3.109",EventStatus,EventStatus,"Codes identifying the lifecycle stage of an event.","StructureDefinition/klgateway-care-completed-intervention","hl7.fhir.r4.core"
http://hl7.org/fhir/ValueSet/goal-achievement,4.0.1,draft,"2.16.840.1.113883.4.642.3.1374",GoalAchievementStatus,Goal achievement status,"Describes the progression, or lack thereof, towards the goal against the target.","StructureDefinition/klgateway-care-goal","THO"
http://hl7.org/fhir/ValueSet/goal-priority,4.0.1,draft,"2.16.840.1.113883.4.642.3.273",GoalPriority,Goal priority,"Indicates the level of importance associated with reaching or sustaining a goal.","StructureDefinition/klgateway-care-goal","THO"
http://hl7.org/fhir/ValueSet/goal-status,4.0.1,draft,"2.16.840.1.113883.4.642.3.271",GoalLifecycleStatus,GoalLifecycleStatus,"Codes that reflect the current state of a goal and whether the goal is still being targeted.","StructureDefinition/klgateway-care-goal","hl7.fhir.r4.core"
http://hl7.org/fhir/ValueSet/http-verb,4.0.1,active,"2.16.840.1.113883.4.642.3.624",HTTPVerb,HTTPVerb,"HTTP verbs (in the HTTP command line). See [HTTP rfc](https://tools.ietf.org/html/rfc7231) for details.","StructureDefinition/klgateway-care-incremental-delivery,StructureDefinition/klgateway-care-delivery-report","hl7.fhir.r4.core"
http://hl7.org/fhir/ValueSet/languages,4.0.1,draft,"2.16.840.1.113883.4.642.3.20",CommonLanguages,Common Languages,"This value set includes common codes from BCP-47 (http://tools.ietf.org/html/bcp47)","StructureDefinition/klgateway-care-completed-intervention,StructureDefinition/klgateway-care-matter-of-interest-observation,StructureDefinition/klgateway-care-citizen,StructureDefinition/klgateway-care-follow-up-observation,StructureDefinition/klgateway-care-citizens-own-observation,StructureDefinition/klgateway-care-incremental-delivery,StructureDefinition/klgateway-care-condition,StructureDefinition/klgateway-care-delivery-report,StructureDefinition/klgateway-care-planned-intervention,StructureDefinition/klgateway-care-general-encounter,StructureDefinition/klgateway-care-goal,StructureDefinition/klgateway-care-encounter","hl7.terminology.r4"
http://hl7.org/fhir/ValueSet/link-type,4.0.1,active,"2.16.840.1.113883.4.642.3.423",LinkType,LinkType,"The type of link between this patient resource and another patient resource.","StructureDefinition/klgateway-care-citizen","hl7.fhir.r4.core"
http://hl7.org/fhir/ValueSet/location-physical-type,4.0.1,draft,"2.16.840.1.113883.4.642.3.328",LocationType,Location type,"This example value set defines a set of codes that can be used to indicate the physical form of the Location.","StructureDefinition/klgateway-care-general-encounter,StructureDefinition/klgateway-care-encounter","THO"
http://hl7.org/fhir/ValueSet/manifestation-or-symptom,4.0.1,draft,"2.16.840.1.113883.4.642.3.169",ManifestationAndSymptomCodes,Manifestation and Symptom Codes,"Example value set for Manifestation and Symptom codes.","StructureDefinition/klgateway-care-condition","SCT"
http://hl7.org/fhir/ValueSet/medication-codes,4.0.1,draft,"2.16.840.1.113883.4.642.3.375",SNOMEDCTMedicationCodes,SNOMED CT Medication Codes,"This value set includes all drug or medicament substance codes and all pharmaceutical/biologic products from SNOMED CT - provided as an exemplar value set.","StructureDefinition/klgateway-care-planned-intervention","SCT"
http://hl7.org/fhir/ValueSet/name-use,4.0.1,active,"2.16.840.1.113883.4.642.3.65",NameUse,NameUse,"The use of a human name.","StructureDefinition/klgateway-care-citizen","hl7.fhir.r4.core"
http://hl7.org/fhir/ValueSet/observation-category,4.0.1,draft,"2.16.840.1.113883.4.642.3.403",ObservationCategoryCodes,Observation Category Codes,"Observation Category codes.","StructureDefinition/klgateway-care-matter-of-interest-observation,StructureDefinition/klgateway-care-follow-up-observation,StructureDefinition/klgateway-care-citizens-own-observation","THO"
http://hl7.org/fhir/ValueSet/observation-codes,4.0.1,draft,"2.16.840.1.113883.4.642.3.396",LOINCCodes,LOINC Codes,"This value set includes all LOINC codes","StructureDefinition/klgateway-care-matter-of-interest-observation,StructureDefinition/klgateway-care-follow-up-observation,StructureDefinition/klgateway-care-citizens-own-observation","LOINC"
http://hl7.org/fhir/ValueSet/observation-interpretation,4.0.1,active,"2.16.840.1.113883.4.642.3.399",ObservationInterpretationCodes,Observation Interpretation Codes,"A categorical assessment, providing a rough qualitative interpretation of the observation value,    such as “normal”/ “abnormal”,”low” / “high”, “better” / “worse”, “susceptible” / “resistant”, “expected”/ “not expected”.    The value set is intended to be for ANY use where coded representation of an interpretation is needed.             Notes:          This is being communicated in v2.x in OBX-8 (Observation Interpretation), in v3 in ObservationInterpretation (CWE) in R1 (Representative Realm) and in FHIR in    Observation.interpretation. Historically these values come from the laboratory domain, and these codes are extensively    used. The value set binding is extensible, so codes outside the value set that are needed for interpretation concepts    (i.e. particular meanings) that are not included in the value set can be used, and these new codes may also be added to    the value set and published in a future version.","StructureDefinition/klgateway-care-matter-of-interest-observation,StructureDefinition/klgateway-care-follow-up-observation,StructureDefinition/klgateway-care-citizens-own-observation","THO (V3)"
http://hl7.org/fhir/ValueSet/observation-methods,4.0.1,draft,"2.16.840.1.113883.4.642.3.395",ObservationMethods,Observation Methods,"Observation Method codes from [SNOMED CT](http://snomed.info/sct) where concept is-a 272394005 (Technique (qualifier value)) or is-a 129264002 (Action (qualifier value)) or is-a 386053000 (Evaluation procedure(procedure))","StructureDefinition/klgateway-care-matter-of-interest-observation,StructureDefinition/klgateway-care-follow-up-observation,StructureDefinition/klgateway-care-citizens-own-observation","SCT"
http://hl7.org/fhir/ValueSet/observation-status,4.0.1,active,"2.16.840.1.113883.4.642.3.400",ObservationStatus,ObservationStatus,"Codes providing the status of an observation.","StructureDefinition/klgateway-care-matter-of-interest-observation,StructureDefinition/klgateway-care-follow-up-observation,StructureDefinition/klgateway-care-citizens-own-observation","hl7.fhir.r4.core"
http://hl7.org/fhir/ValueSet/performer-role,4.0.1,draft,"2.16.840.1.113883.4.642.3.433",ProcedurePerformerRoleCodes,Procedure Performer Role Codes,"This example value set defines the set of codes that can be used to indicate a role of a procedure performer.","StructureDefinition/klgateway-care-completed-intervention","SCT"
http://hl7.org/fhir/ValueSet/procedure-category,4.0.1,draft,"2.16.840.1.113883.4.642.3.430",ProcedureCategoryCodes(SNOMEDCT),Procedure Category Codes (SNOMED CT),"Procedure Category code: A selection of relevant SNOMED CT codes.","StructureDefinition/klgateway-care-completed-intervention","SCT"
http://hl7.org/fhir/ValueSet/procedure-code,4.0.1,draft,"2.16.840.1.113883.4.642.3.427",ProcedureCodes(SNOMEDCT),Procedure Codes (SNOMED CT),"Procedure Code: All SNOMED CT procedure codes.","StructureDefinition/klgateway-care-completed-intervention,StructureDefinition/klgateway-care-planned-intervention","SCT"
http://hl7.org/fhir/ValueSet/procedure-followup,4.0.1,draft,"2.16.840.1.113883.4.642.3.429",ProcedureFollowUpCodes(SNOMEDCT),Procedure Follow up Codes (SNOMED CT),"Procedure follow up codes: A selection of SNOMED CT codes relevant to procedure follow up.","StructureDefinition/klgateway-care-completed-intervention","SCT"
http://hl7.org/fhir/ValueSet/procedure-not-performed-reason,4.0.1,active,"2.16.840.1.113883.4.642.3.431",ProcedureNotPerformedReason(SNOMED-CT),Procedure Not Performed Reason (SNOMED-CT),"Situation codes describing the reason that a procedure, which might otherwise be expected, was not performed, or a procedure that was started and was not completed. Consists of SNOMED CT codes, children of procedure contraindicated (183932001), procedure discontinued (416406003), procedure not done (416237000), procedure not indicated (428119001), procedure not offered (416064006), procedure not wanted (416432009), procedure refused (183944003), and procedure stopped (394908001).","StructureDefinition/klgateway-care-completed-intervention","SCT"
http://hl7.org/fhir/ValueSet/procedure-outcome,4.0.1,draft,"2.16.840.1.113883.4.642.3.428",ProcedureOutcomeCodes(SNOMEDCT),Procedure Outcome Codes (SNOMED CT),"Procedure Outcome code: A selection of relevant SNOMED CT codes.","StructureDefinition/klgateway-care-completed-intervention","SCT"
http://hl7.org/fhir/ValueSet/procedure-reason,4.0.1,draft,"2.16.840.1.113883.4.642.3.432",ProcedureReasonCodes,Procedure Reason Codes,"This example value set defines the set of codes that can be used to indicate a reason for a procedure.","StructureDefinition/klgateway-care-completed-intervention","SCT"
http://hl7.org/fhir/ValueSet/referencerange-appliesto,4.0.1,draft,"2.16.840.1.113883.4.642.3.407",ObservationReferenceRangeAppliesToCodes,Observation Reference Range Applies To Codes,"This value set defines a set of codes that can be used to indicate the particular target population the reference range applies to.","StructureDefinition/klgateway-care-matter-of-interest-observation,StructureDefinition/klgateway-care-follow-up-observation,StructureDefinition/klgateway-care-citizens-own-observation","SCT"
http://hl7.org/fhir/ValueSet/referencerange-meaning,4.0.1,draft,"2.16.840.1.113883.4.642.3.397",ObservationReferenceRangeMeaningCodes,Observation Reference Range Meaning Codes,"This value set defines a set of codes that can be used to indicate the meaning/use of a reference range for a particular target population.","StructureDefinition/klgateway-care-matter-of-interest-observation,StructureDefinition/klgateway-care-follow-up-observation,StructureDefinition/klgateway-care-citizens-own-observation","THO"
http://hl7.org/fhir/ValueSet/request-status,4.0.1,draft,"2.16.840.1.113883.4.642.3.111",RequestStatus,RequestStatus,"Codes identifying the lifecycle stage of a request.","StructureDefinition/klgateway-care-planned-intervention","hl7.fhir.r4.core"
http://hl7.org/fhir/ValueSet/resource-types,4.0.1,active,"2.16.840.1.113883.4.642.3.27",ResourceType,ResourceType,"One of the resource types defined as part of this version of FHIR.","StructureDefinition/klgateway-care-citizen","hl7.fhir.r4.core"
http://hl7.org/fhir/ValueSet/search-entry-mode,4.0.1,active,"2.16.840.1.113883.4.642.3.622",SearchEntryMode,SearchEntryMode,"Why an entry is in the result set - whether it's included as a match or because of an _include requirement, or to convey information or warning information about the search process.","StructureDefinition/klgateway-care-incremental-delivery,StructureDefinition/klgateway-care-delivery-report","hl7.fhir.r4.core"
http://hl7.org/fhir/ValueSet/service-type,4.0.1,draft,"2.16.840.1.113883.4.642.3.518",ServiceType,Service type,"This value set defines an example set of codes of service-types.","StructureDefinition/klgateway-care-general-encounter,StructureDefinition/klgateway-care-encounter","THO"
http://terminology.hl7.org/ValueSet/v2-0092,2.0.0,active,"2.16.840.1.113883.21.40",Hl7VSReAdmissionIndicator,hl7VS-re-admissionIndicator,"Value Set of codes which are used to specify that a patient is being re-admitted to a healthcare facility from which they were discharged, and indicates the circumstances around such re-admission.","StructureDefinition/klgateway-care-general-encounter,StructureDefinition/klgateway-care-encounter","THO (V2)"
http://terminology.hl7.org/ValueSet/v3-ActEncounterCode,3.0.0,active,"2.16.840.1.113883.1.11.13955",ActEncounterCode,ActEncounterCode,"Domain provides codes that qualify the ActEncounterClass (ENC)","ValueSet/EncounterClassCodes,StructureDefinition/klgateway-care-general-encounter,StructureDefinition/klgateway-care-encounter","THO (V3)"
http://terminology.hl7.org/ValueSet/v3-ActPriority,3.0.0,active,"2.16.840.1.113883.1.11.16866",ActPriority,ActPriority,"A code or set of codes (e.g., for routine, emergency,) specifying the urgency under which the Act happened, can happen, is happening, is intended to happen, or is requested/demanded to happen.    *Discussion:* This attribute is used in orders to indicate the ordered priority, and in event documentation it indicates the actual priority used to perform the act. In definition mood it indicates the available priorities.","StructureDefinition/klgateway-care-general-encounter,StructureDefinition/klgateway-care-encounter","THO (V3)"
