{"resourceType":"ValueSet","id":"KLSeverities","text":{"status":"generated","div":"<div xmlns=\"http://www.w3.org/1999/xhtml\"><p>This value set includes codes based on the following rules:</p><ul><li>Import all the codes that are contained in <a href=\"ValueSet-KLSeveritiesFFB.html\">KLFunktionsevneniveauFFB</a></li><li>Import all the codes that are contained in <a href=\"ValueSet-KLSeveritiesFSIII.html\">KLFunktionsevneniveauFSIII</a></li></ul></div>"},"url":"http://kl.dk/fhir/common/caresocial/ValueSet/KLSeverities","version":"0.7.0","name":"KLSeverities","title":"KLSværhedgrader","status":"draft","date":"2023-07-06T08:45:08+02:00","publisher":"Kommunernes landsforening","contact":[{"name":"Kommunernes landsforening","telecom":[{"system":"url","value":"http://kl.dk"},{"system":"email","value":"kl@kl.dk"}]}],"description":"Severities related to conditions","jurisdiction":[{"coding":[{"system":"urn:iso:std:iso:3166","code":"DNK","display":"Denmark"}]}],"compose":{"include":[{"valueSet":["http://kl.dk/fhir/common/caresocial/ValueSet/KLSeveritiesFFB"]},{"valueSet":["http://kl.dk/fhir/common/caresocial/ValueSet/KLSeveritiesFSIII"]}]}}