{"resourceType":"ValueSet","id":"KLCitizenObservationCodesFSIII","text":{"status":"generated","div":"<div xmlns=\"http://www.w3.org/1999/xhtml\"><ul><li>Include these codes as defined in <a href=\"CodeSystem-FSIII.html\"><code>http://kl.dk/fhir/common/caresocial/CodeSystem/FSIII</code></a><table class=\"none\"><tr><td style=\"white-space:nowrap\"><b>Code</b></td><td><b>Display</b></td></tr><tr><td><a href=\"CodeSystem-FSIII.html#FSIII-C\">C</a></td><td>Udførelse</td></tr><tr><td><a href=\"CodeSystem-FSIII.html#FSIII-D\">D</a></td><td>Betydning</td></tr></table></li></ul></div>"},"url":"http://kl.dk/fhir/common/caresocial/ValueSet/KLCitizenObservationCodesFSIII","version":"0.7.0","name":"KLCitizenObservationCodesFSIII","title":"KLBorgervurderingsObservationskoderFSIII","status":"draft","date":"2023-07-06T08:45:08+02:00","publisher":"Kommunernes landsforening","contact":[{"name":"Kommunernes landsforening","telecom":[{"system":"url","value":"http://kl.dk"},{"system":"email","value":"kl@kl.dk"}]}],"description":"Observation codes for citizens own observations as defined by FSIII","jurisdiction":[{"coding":[{"system":"urn:iso:std:iso:3166","code":"DNK","display":"Denmark"}]}],"compose":{"include":[{"system":"http://kl.dk/fhir/common/caresocial/CodeSystem/FSIII","concept":[{"code":"C"},{"code":"D"}]}]}}