{"resourceType":"ValueSet","id":"KLPreventionAreasFSIII","text":{"status":"generated","div":"<div xmlns=\"http://www.w3.org/1999/xhtml\"><ul><li>Include these codes as defined in <a href=\"CodeSystem-FSIII.html\"><code>http://kl.dk/fhir/common/caresocial/CodeSystem/FSIII</code></a><table class=\"none\"><tr><td style=\"white-space:nowrap\"><b>Code</b></td><td><b>Display</b></td></tr><tr><td><a href=\"CodeSystem-FSIII.html#FSIII-d03da587-94dc-46e6-ba71-eb1e43ec7df6\">d03da587-94dc-46e6-ba71-eb1e43ec7df6</a></td><td>Kroppen</td></tr><tr><td><a href=\"CodeSystem-FSIII.html#FSIII-7b3b3587-4ddd-4b93-a81b-455bfc601492\">7b3b3587-4ddd-4b93-a81b-455bfc601492</a></td><td>Hverdagsliv</td></tr><tr><td><a href=\"CodeSystem-FSIII.html#FSIII-b349c7ec-86c5-4c52-aaf2-9034d98b0e3b\">b349c7ec-86c5-4c52-aaf2-9034d98b0e3b</a></td><td>Sundhedsadfærd</td></tr><tr><td><a href=\"CodeSystem-FSIII.html#FSIII-3547a306-8623-4713-a8ce-db1e82839c50\">3547a306-8623-4713-a8ce-db1e82839c50</a></td><td>Mental sundhed</td></tr></table></li></ul></div>"},"url":"http://kl.dk/fhir/common/caresocial/ValueSet/KLPreventionAreasFSIII","version":"0.7.0","name":"KLPreventionAreasFSIII","title":"KLForebyggelseOmråderFSIII","status":"draft","date":"2023-07-06T08:45:08+02:00","publisher":"Kommunernes landsforening","contact":[{"name":"Kommunernes landsforening","telecom":[{"system":"url","value":"http://kl.dk"},{"system":"email","value":"kl@kl.dk"}]}],"description":"Prevention areas (observation codes), used for documentation within prevention and health promotion","jurisdiction":[{"coding":[{"system":"urn:iso:std:iso:3166","code":"DNK","display":"Denmark"}]}],"compose":{"include":[{"system":"http://kl.dk/fhir/common/caresocial/CodeSystem/FSIII","concept":[{"code":"d03da587-94dc-46e6-ba71-eb1e43ec7df6"},{"code":"7b3b3587-4ddd-4b93-a81b-455bfc601492"},{"code":"b349c7ec-86c5-4c52-aaf2-9034d98b0e3b"},{"code":"3547a306-8623-4713-a8ce-db1e82839c50"}]}]}}