{"resourceType":"ValueSet","id":"KLInformationGatheringTypeCodes","text":{"status":"extensions","div":"<div xmlns=\"http://www.w3.org/1999/xhtml\"><ul><li>Include these codes as defined in <a href=\"CodeSystem-KLCommonCareSocialCodes.html\"><code>http://kl.dk/fhir/common/caresocial/CodeSystem/KLCommonCareSocialCodes</code></a><table class=\"none\"><tr><td style=\"white-space:nowrap\"><b>Code</b></td><td><b>Display</b></td><td><b>Definition</b></td></tr><tr><td><a href=\"CodeSystem-KLCommonCareSocialCodes.html#KLCommonCareSocialCodes-e70c66c0-a939-493b-8ea8-5b7e7b48ba1a\">e70c66c0-a939-493b-8ea8-5b7e7b48ba1a</a></td><td>generelle oplysninger, FSIII</td><td>indhentning af generelle oplysninger jævnfør FSIII</td></tr><tr><td><a href=\"CodeSystem-KLCommonCareSocialCodes.html#KLCommonCareSocialCodes-e5a73b0e-a5d2-430e-931f-6156306ab00f\">e5a73b0e-a5d2-430e-931f-6156306ab00f</a></td><td>funktionsevnevurdering hjemmepleje, FSIII</td><td>udførelse af funktionsevnevurdering i hjemmeplejen jævnfør FSIII</td></tr><tr><td><a href=\"CodeSystem-KLCommonCareSocialCodes.html#KLCommonCareSocialCodes-47fd1468-89da-4803-9d7a-ecc039a30d92\">47fd1468-89da-4803-9d7a-ecc039a30d92</a></td><td>sygeplejefaglig udredning, FSIII</td><td>udførelse af sygeplejefaglig udredning jævnfør FSIII</td></tr><tr><td><a href=\"CodeSystem-KLCommonCareSocialCodes.html#KLCommonCareSocialCodes-0f0f223c-abe3-4720-aab8-c257679a0a4e\">0f0f223c-abe3-4720-aab8-c257679a0a4e</a></td><td>terapeutfaglig udredning, FSIII</td><td>udførelse af terapeutfaglig udredning jævnfør FSIII</td></tr><tr><td><a href=\"CodeSystem-KLCommonCareSocialCodes.html#KLCommonCareSocialCodes-95e787e0-5490-437d-ae4c-f3736644242f\">95e787e0-5490-437d-ae4c-f3736644242f</a></td><td>afklarende samtale §119, FSIII</td><td>udførelse af afklarende samtale vedr. sundhedsfremme og forebyggelse jævnfør FSIII</td></tr><tr><td><a href=\"CodeSystem-KLCommonCareSocialCodes.html#KLCommonCareSocialCodes-f8ebd11a-04f3-4aa0-9786-406e8896c84d\">f8ebd11a-04f3-4aa0-9786-406e8896c84d</a></td><td>socialfaglig udredning, VUM/FFB</td><td>udførelse af socialfaglig udredning som specificeret af VUM og FFB</td></tr></table></li></ul></div>"},"url":"http://kl.dk/fhir/common/caresocial/ValueSet/KLInformationGatheringTypeCodes","version":"0.7.0","name":"KLInformationGatheringTypeCodes","title":"KLOplysningsaktivitetsTypeKoder","status":"draft","date":"2023-07-06T08:45:08+02:00","publisher":"Kommunernes landsforening","contact":[{"name":"Kommunernes landsforening","telecom":[{"system":"url","value":"http://kl.dk"},{"system":"email","value":"kl@kl.dk"}]}],"description":"Codes used to specify which kind of information gathering is conducted","jurisdiction":[{"coding":[{"system":"urn:iso:std:iso:3166","code":"DNK","display":"Denmark"}]}],"compose":{"include":[{"system":"http://kl.dk/fhir/common/caresocial/CodeSystem/KLCommonCareSocialCodes","concept":[{"code":"e70c66c0-a939-493b-8ea8-5b7e7b48ba1a"},{"code":"e5a73b0e-a5d2-430e-931f-6156306ab00f"},{"code":"47fd1468-89da-4803-9d7a-ecc039a30d92"},{"code":"0f0f223c-abe3-4720-aab8-c257679a0a4e"},{"code":"95e787e0-5490-437d-ae4c-f3736644242f"},{"code":"f8ebd11a-04f3-4aa0-9786-406e8896c84d"}]}]}}