{"resourceType":"ValueSet","id":"KLFollowUpCodesFSIII","text":{"status":"generated","div":"<div xmlns=\"http://www.w3.org/1999/xhtml\"><ul><li>Include these codes as defined in <a href=\"CodeSystem-FSIII.html\"><code>http://kl.dk/fhir/common/caresocial/CodeSystem/FSIII</code></a><table class=\"none\"><tr><td style=\"white-space:nowrap\"><b>Code</b></td><td><b>Display</b></td></tr><tr><td><a href=\"CodeSystem-FSIII.html#FSIII-E3\">E3</a></td><td>Afsluttes</td></tr><tr><td><a href=\"CodeSystem-FSIII.html#FSIII-E1\">E1</a></td><td>Fortsættes</td></tr><tr><td><a href=\"CodeSystem-FSIII.html#FSIII-E2\">E2</a></td><td>Ændres inden for rammen</td></tr><tr><td><a href=\"CodeSystem-FSIII.html#FSIII-E4\">E4</a></td><td>Revisitation</td></tr></table></li></ul></div>"},"url":"http://kl.dk/fhir/common/caresocial/ValueSet/KLFollowUpCodesFSIII","version":"0.7.0","name":"KLFollowUpCodesFSIII","title":"KLOpfølgningKoderFSIII","status":"draft","date":"2023-07-06T08:45:08+02:00","publisher":"Kommunernes landsforening","contact":[{"name":"Kommunernes landsforening","telecom":[{"system":"url","value":"http://kl.dk"},{"system":"email","value":"kl@kl.dk"}]}],"description":"Follow-up codes used in FSIII","jurisdiction":[{"coding":[{"system":"urn:iso:std:iso:3166","code":"DNK","display":"Denmark"}]}],"compose":{"include":[{"system":"http://kl.dk/fhir/common/caresocial/CodeSystem/FSIII","concept":[{"code":"E3"},{"code":"E1"},{"code":"E2"},{"code":"E4"}]}]}}