{"resourceType":"ValueSet","id":"KLConditionCodesPrevention","text":{"status":"extensions","div":"<div xmlns=\"http://www.w3.org/1999/xhtml\"><ul><li>Include these codes as defined in <a href=\"CodeSystem-FSIII.html\"><code>http://kl.dk/fhir/common/caresocial/CodeSystem/FSIII</code></a><table class=\"none\"><tr><td style=\"white-space:nowrap\"><b>Code</b></td><td><b>Display</b></td><td><b>Definition</b></td></tr><tr><td><a href=\"CodeSystem-FSIII.html#FSIII-57b8979f-cf46-4312-aafa-3a0dd93aa921\">57b8979f-cf46-4312-aafa-3a0dd93aa921</a></td><td>Alkohol</td><td>Beskrivelse af ændringer og fund relateret til alkohol.</td></tr><tr><td><a href=\"CodeSystem-FSIII.html#FSIII-cb55874a-93d9-45c7-a25a-8ff677c24385\">cb55874a-93d9-45c7-a25a-8ff677c24385</a></td><td>Søvn og hvile</td><td>Beskrivelse af ændringer og fund relateret til søvn og hvilemønster.</td></tr><tr><td><a href=\"CodeSystem-FSIII.html#FSIII-525b5dd8-d62b-4efa-bf66-262ac47eca5b\">525b5dd8-d62b-4efa-bf66-262ac47eca5b</a></td><td>Emotionel funktion</td><td>Beskrivelse af ændringer og fund relateret til håndtering af en ændret livssituation med afledte emotionelle udfordringer eller oplevelser.</td></tr><tr><td><a href=\"CodeSystem-FSIII.html#FSIII-0520a107-2bb0-47b8-8856-c53e27607e51\">0520a107-2bb0-47b8-8856-c53e27607e51</a></td><td>Kognitiv funktion</td><td>Beskrivelse af ændringer og fund relateret til evnen til at forstå, ræsonnere, reflektere.</td></tr><tr><td><a href=\"CodeSystem-FSIII.html#FSIII-febbd20d-f5ff-41e7-bf12-dfa0700678e0\">febbd20d-f5ff-41e7-bf12-dfa0700678e0</a></td><td>Vægt</td><td>Beskrivelse af ændringer og fund relateret til vægt.</td></tr><tr><td><a href=\"CodeSystem-FSIII.html#FSIII-bb7e9e71-73f6-4ec6-a0bf-eaec1e5982b4\">bb7e9e71-73f6-4ec6-a0bf-eaec1e5982b4</a></td><td>Sundhedskompetencer</td><td>Beskrivelse af ændringer og fund relateret til borgerens evne til at mestre egen situation</td></tr><tr><td><a href=\"CodeSystem-FSIII.html#FSIII-08042057-72f4-4798-a727-75ce6205dc86\">08042057-72f4-4798-a727-75ce6205dc86</a></td><td>Sociale relationer</td><td>Beskrivelse af evne, lyst og vilje til at indgå i sociale relationer og netværk -  omfatter familie, det umiddelbare netværk og større fællesskaber.</td></tr><tr><td><a href=\"CodeSystem-FSIII.html#FSIII-e3ff3fea-a4ff-4c7b-ad04-f4aad2e67fd3\">e3ff3fea-a4ff-4c7b-ad04-f4aad2e67fd3</a></td><td>Cirkulation</td><td>Beskrivelse af ændringer og fund, der opstår som følge af uhensigtsmæssige kredsløbsforandringer.</td></tr><tr><td><a href=\"CodeSystem-FSIII.html#FSIII-43ad3091-f684-4d6f-8885-20ecd1cf2255\">43ad3091-f684-4d6f-8885-20ecd1cf2255</a></td><td>Kropsopfattelse</td><td>Beskrivelse af ændringer og fund relateret til kropsopfattelse.</td></tr><tr><td><a href=\"CodeSystem-FSIII.html#FSIII-f715168e-125b-4d00-8e93-2ca4147ed13f\">f715168e-125b-4d00-8e93-2ca4147ed13f</a></td><td>Spisemønster</td><td>Beskrivelse af ændringer og fund vedr. uhensigtsmæssigheder relateret til borgerens spisemønster.</td></tr><tr><td><a href=\"CodeSystem-FSIII.html#FSIII-f0b62265-6c83-4239-af97-4d6e9ba9dea7\">f0b62265-6c83-4239-af97-4d6e9ba9dea7</a></td><td>Medicin og stoffer</td><td>Beskrivelse af ændringer eller fund relateret til uhensigtsmæssig indtagelse af medicin og stoffer.</td></tr><tr><td><a href=\"CodeSystem-FSIII.html#FSIII-880cdd75-c63a-44a0-a4e4-8209644c8628\">880cdd75-c63a-44a0-a4e4-8209644c8628</a></td><td>Kontinens</td><td>Beskrivelse af ændringer og fund relateret til urin- og afføringsmønstre</td></tr><tr><td><a href=\"CodeSystem-FSIII.html#FSIII-f1f1eee3-a3ea-4ca1-bfa9-ebb381af1a1f\">f1f1eee3-a3ea-4ca1-bfa9-ebb381af1a1f</a></td><td>Fysisk aktivitet</td><td>Beskrivelse af ændringer og fund relateret til borgerens fysiske aktivitetsniveau</td></tr><tr><td><a href=\"CodeSystem-FSIII.html#FSIII-e33396bb-019a-4fda-b901-1dbfdea1fc10\">e33396bb-019a-4fda-b901-1dbfdea1fc10</a></td><td>Respiration</td><td>Beskrivelse af ændringer og fund, der opstår som følge af uhensigtsmæssige vejrtrækningsforandringer.</td></tr><tr><td><a href=\"CodeSystem-FSIII.html#FSIII-e7531532-7b7f-4ac0-863a-0b6a4cbe6ce2\">e7531532-7b7f-4ac0-863a-0b6a4cbe6ce2</a></td><td>Smerte</td><td>Beskrivelse af ændringer og fund relateret til smerte, samt eventuelle årsager til eller sammenhænge med smerteoplevelsen</td></tr><tr><td><a href=\"CodeSystem-FSIII.html#FSIII-c0ee1cf6-47a9-4523-8fda-a80a13e28e30\">c0ee1cf6-47a9-4523-8fda-a80a13e28e30</a></td><td>Ernæring</td><td>Beskrivelse af ændringer og fund relateret til indtag af mad og drikke. Fokus på det som borgeren indtager - ud fra et ernæringsperspektiv.</td></tr><tr><td><a href=\"CodeSystem-FSIII.html#FSIII-1a34ed6c-083b-451f-b8c8-137f99126b0c\">1a34ed6c-083b-451f-b8c8-137f99126b0c</a></td><td>Tobak</td><td>Beskrivelse af ændringer og fund relateret til tobaksrygning</td></tr><tr><td><a href=\"CodeSystem-FSIII.html#FSIII-abc0b770-d080-4cc8-851a-aa62556730e6\">abc0b770-d080-4cc8-851a-aa62556730e6</a></td><td>Mobilitet og bevægelse</td><td>Beskrivelse af ændringer og fund relateret til mobilitet og det at bevæge sig.</td></tr><tr><td><a href=\"CodeSystem-FSIII.html#FSIII-fab34c19-4805-45af-b961-56099c849744\">fab34c19-4805-45af-b961-56099c849744</a></td><td>Daglige aktiviteter</td><td>Beskrivelse af ændringer og fund relateret til basale aktiviteter i hverdagen. At kunne planlægge, strukturere, administrere og udføre aktiviteter i løbet dagen</td></tr><tr><td><a href=\"CodeSystem-FSIII.html#FSIII-43f0b6da-11da-4eed-b00b-19b2177690b5\">43f0b6da-11da-4eed-b00b-19b2177690b5</a></td><td>Håndtere genstande</td><td>Beskrivelse af ændringer og fund relateret til evnen til fysisk at løfte, bære, flytte og håndtere genstande.</td></tr></table></li></ul></div>"},"url":"http://kl.dk/fhir/common/caresocial/ValueSet/KLConditionCodesPrevention","version":"0.7.0","name":"KLConditionCodesPrevention","title":"KLTilstandKoderForebyggelse","status":"draft","date":"2023-07-06T08:45:08+02:00","publisher":"Kommunernes landsforening","contact":[{"name":"Kommunernes landsforening","telecom":[{"system":"url","value":"http://kl.dk"},{"system":"email","value":"kl@kl.dk"}]}],"description":"Danish municipality Prevention condition codes","jurisdiction":[{"coding":[{"system":"urn:iso:std:iso:3166","code":"DNK","display":"Denmark"}]}],"compose":{"include":[{"system":"http://kl.dk/fhir/common/caresocial/CodeSystem/FSIII","concept":[{"code":"57b8979f-cf46-4312-aafa-3a0dd93aa921"},{"code":"cb55874a-93d9-45c7-a25a-8ff677c24385"},{"code":"525b5dd8-d62b-4efa-bf66-262ac47eca5b"},{"code":"0520a107-2bb0-47b8-8856-c53e27607e51"},{"code":"febbd20d-f5ff-41e7-bf12-dfa0700678e0"},{"code":"bb7e9e71-73f6-4ec6-a0bf-eaec1e5982b4"},{"code":"08042057-72f4-4798-a727-75ce6205dc86"},{"code":"e3ff3fea-a4ff-4c7b-ad04-f4aad2e67fd3"},{"code":"43ad3091-f684-4d6f-8885-20ecd1cf2255"},{"code":"f715168e-125b-4d00-8e93-2ca4147ed13f"},{"code":"f0b62265-6c83-4239-af97-4d6e9ba9dea7"},{"code":"880cdd75-c63a-44a0-a4e4-8209644c8628"},{"code":"f1f1eee3-a3ea-4ca1-bfa9-ebb381af1a1f"},{"code":"e33396bb-019a-4fda-b901-1dbfdea1fc10"},{"code":"e7531532-7b7f-4ac0-863a-0b6a4cbe6ce2"},{"code":"c0ee1cf6-47a9-4523-8fda-a80a13e28e30"},{"code":"1a34ed6c-083b-451f-b8c8-137f99126b0c"},{"code":"abc0b770-d080-4cc8-851a-aa62556730e6"},{"code":"fab34c19-4805-45af-b961-56099c849744"},{"code":"43f0b6da-11da-4eed-b00b-19b2177690b5"}]}]}}