<?xml version="1.0" encoding="UTF-8"?><ImplementationGuide xmlns="http://hl7.org/fhir"><id value="kl.dk.fhir.children"/><text><status value="extensions"/><div xmlns="http://www.w3.org/1999/xhtml"><h2>KLChildren</h2><p>The official URL for this implementation guide is: </p><pre>http://fhir.kl.dk/children/ImplementationGuide/kl.dk.fhir.children</pre></div></text><url value="http://fhir.kl.dk/children/ImplementationGuide/kl.dk.fhir.children"/><version value="1.0.0"/><name value="KLChildren"/><status value="active"/><date value="2023-09-30T15:40:30+02:00"/><publisher value="Kommunernes Landsforening"/><contact><name value="Kommunernes Landsforening"/><telecom><system value="url"/><value value="http://kl.dk"/></telecom></contact><packageId value="kl.dk.fhir.children"/><license value="CC0-1.0"/><fhirVersion value="4.0.1"/><dependsOn id="hl7tx"><extension url="http://hl7.org/fhir/tools/StructureDefinition/implementationguide-dependency-comment"><valueMarkdown value="Automatically added as a dependency - all IGs depend on HL7 Terminology"/></extension><uri value="http://terminology.hl7.org/ImplementationGuide/hl7.terminology"/><packageId value="hl7.terminology.r4"/><version value="5.3.0"/></dependsOn><dependsOn id="hl7ext"><extension url="http://hl7.org/fhir/tools/StructureDefinition/implementationguide-dependency-comment"><valueMarkdown value="Automatically added as a dependency - all IGs depend on the HL7 Extension Pack"/></extension><uri value="http://hl7.org/fhir/extensions/ImplementationGuide/hl7.fhir.uv.extensions"/><packageId value="hl7.fhir.uv.extensions.r4"/><version value="1.0.0"/></dependsOn><dependsOn id="hl7_fhir_dk_core"><uri value="https://hl7.dk/fhir/core"/><packageId value="hl7.fhir.dk.core"/><version value="2.1.0"/></dependsOn><dependsOn id="kl_dk_fhir_term"><uri value="http://fhir.kl.dk/term/ImplementationGuide/kl.dk.fhir.term"/><packageId value="kl.dk.fhir.term"/><version value="1.1.0"/></dependsOn><definition><extension url="http://hl7.org/fhir/tools/StructureDefinition/ig-parameter"><extension url="code"><valueString value="copyrightyear"/></extension><extension url="value"><valueString value="2023+"/></extension></extension><extension url="http://hl7.org/fhir/tools/StructureDefinition/ig-parameter"><extension url="code"><valueString value="releaselabel"/></extension><extension url="value"><valueString value="Release"/></extension></extension><extension url="http://hl7.org/fhir/tools/StructureDefinition/ig-parameter"><extension url="code"><valueString value="special-url"/></extension><extension url="value"><valueString value="http://snomed.info/sct"/></extension></extension><extension url="http://hl7.org/fhir/tools/StructureDefinition/ig-parameter"><extension url="code"><valueString value="autoload-resources"/></extension><extension url="value"><valueString value="true"/></extension></extension><extension url="http://hl7.org/fhir/tools/StructureDefinition/ig-parameter"><extension url="code"><valueString value="path-liquid"/></extension><extension url="value"><valueString value="template/liquid"/></extension></extension><extension url="http://hl7.org/fhir/tools/StructureDefinition/ig-parameter"><extension url="code"><valueString value="path-liquid"/></extension><extension url="value"><valueString value="input/liquid"/></extension></extension><extension url="http://hl7.org/fhir/tools/StructureDefinition/ig-parameter"><extension url="code"><valueString value="path-qa"/></extension><extension url="value"><valueString value="temp/qa"/></extension></extension><extension url="http://hl7.org/fhir/tools/StructureDefinition/ig-parameter"><extension url="code"><valueString value="path-temp"/></extension><extension url="value"><valueString value="temp/pages"/></extension></extension><extension url="http://hl7.org/fhir/tools/StructureDefinition/ig-parameter"><extension url="code"><valueString value="path-output"/></extension><extension url="value"><valueString value="output"/></extension></extension><extension url="http://hl7.org/fhir/tools/StructureDefinition/ig-parameter"><extension url="code"><valueString value="path-suppressed-warnings"/></extension><extension url="value"><valueString value="input/ignoreWarnings.txt"/></extension></extension><extension url="http://hl7.org/fhir/tools/StructureDefinition/ig-parameter"><extension url="code"><valueString value="path-history"/></extension><extension url="value"><valueString value="http://fhir.kl.dk/children/history.html"/></extension></extension><extension url="http://hl7.org/fhir/tools/StructureDefinition/ig-parameter"><extension url="code"><valueString value="template-html"/></extension><extension url="value"><valueString value="template-page.html"/></extension></extension><extension url="http://hl7.org/fhir/tools/StructureDefinition/ig-parameter"><extension url="code"><valueString value="template-md"/></extension><extension url="value"><valueString value="template-page-md.html"/></extension></extension><extension url="http://hl7.org/fhir/tools/StructureDefinition/ig-parameter"><extension url="code"><valueString value="apply-contact"/></extension><extension url="value"><valueString value="true"/></extension></extension><extension url="http://hl7.org/fhir/tools/StructureDefinition/ig-parameter"><extension url="code"><valueString value="apply-context"/></extension><extension url="value"><valueString value="true"/></extension></extension><extension url="http://hl7.org/fhir/tools/StructureDefinition/ig-parameter"><extension url="code"><valueString value="apply-copyright"/></extension><extension url="value"><valueString value="true"/></extension></extension><extension url="http://hl7.org/fhir/tools/StructureDefinition/ig-parameter"><extension url="code"><valueString value="apply-jurisdiction"/></extension><extension url="value"><valueString value="true"/></extension></extension><extension url="http://hl7.org/fhir/tools/StructureDefinition/ig-parameter"><extension url="code"><valueString value="apply-license"/></extension><extension url="value"><valueString value="true"/></extension></extension><extension url="http://hl7.org/fhir/tools/StructureDefinition/ig-parameter"><extension url="code"><valueString value="apply-publisher"/></extension><extension url="value"><valueString value="true"/></extension></extension><extension url="http://hl7.org/fhir/tools/StructureDefinition/ig-parameter"><extension url="code"><valueString value="apply-version"/></extension><extension url="value"><valueString value="true"/></extension></extension><extension url="http://hl7.org/fhir/tools/StructureDefinition/ig-parameter"><extension url="code"><valueString value="apply-wg"/></extension><extension url="value"><valueString value="true"/></extension></extension><extension url="http://hl7.org/fhir/tools/StructureDefinition/ig-parameter"><extension url="code"><valueString value="active-tables"/></extension><extension url="value"><valueString value="true"/></extension></extension><extension url="http://hl7.org/fhir/tools/StructureDefinition/ig-parameter"><extension url="code"><valueString value="fmm-definition"/></extension><extension url="value"><valueString value="http://hl7.org/fhir/versions.html#maturity"/></extension></extension><extension url="http://hl7.org/fhir/tools/StructureDefinition/ig-parameter"><extension url="code"><valueString value="propagate-status"/></extension><extension url="value"><valueString value="true"/></extension></extension><extension url="http://hl7.org/fhir/tools/StructureDefinition/ig-parameter"><extension url="code"><valueString value="excludelogbinaryformat"/></extension><extension url="value"><valueString value="true"/></extension></extension><extension url="http://hl7.org/fhir/tools/StructureDefinition/ig-parameter"><extension url="code"><valueString value="tabbed-snapshots"/></extension><extension url="value"><valueString value="true"/></extension></extension><extension url="http://hl7.org/fhir/tools/StructureDefinition/ig-internal-dependency"><valueCode value="hl7.fhir.uv.tools#current"/></extension><extension url="http://hl7.org/fhir/tools/StructureDefinition/ig-parameter"><extension url="code"><valueCode value="copyrightyear"/></extension><extension url="value"><valueString value="2023+"/></extension></extension><extension url="http://hl7.org/fhir/tools/StructureDefinition/ig-parameter"><extension url="code"><valueCode value="releaselabel"/></extension><extension url="value"><valueString value="Release"/></extension></extension><extension url="http://hl7.org/fhir/tools/StructureDefinition/ig-parameter"><extension url="code"><valueCode value="special-url"/></extension><extension url="value"><valueString value="http://snomed.info/sct"/></extension></extension><extension url="http://hl7.org/fhir/tools/StructureDefinition/ig-parameter"><extension url="code"><valueCode value="autoload-resources"/></extension><extension url="value"><valueString value="true"/></extension></extension><extension url="http://hl7.org/fhir/tools/StructureDefinition/ig-parameter"><extension url="code"><valueCode value="path-liquid"/></extension><extension url="value"><valueString value="template/liquid"/></extension></extension><extension url="http://hl7.org/fhir/tools/StructureDefinition/ig-parameter"><extension url="code"><valueCode value="path-liquid"/></extension><extension url="value"><valueString value="input/liquid"/></extension></extension><extension url="http://hl7.org/fhir/tools/StructureDefinition/ig-parameter"><extension url="code"><valueCode value="path-qa"/></extension><extension url="value"><valueString value="temp/qa"/></extension></extension><extension url="http://hl7.org/fhir/tools/StructureDefinition/ig-parameter"><extension url="code"><valueCode value="path-temp"/></extension><extension url="value"><valueString value="temp/pages"/></extension></extension><extension url="http://hl7.org/fhir/tools/StructureDefinition/ig-parameter"><extension url="code"><valueCode value="path-output"/></extension><extension url="value"><valueString value="output"/></extension></extension><extension url="http://hl7.org/fhir/tools/StructureDefinition/ig-parameter"><extension url="code"><valueCode value="path-suppressed-warnings"/></extension><extension url="value"><valueString value="input/ignoreWarnings.txt"/></extension></extension><extension url="http://hl7.org/fhir/tools/StructureDefinition/ig-parameter"><extension url="code"><valueCode value="path-history"/></extension><extension url="value"><valueString value="http://fhir.kl.dk/children/history.html"/></extension></extension><extension url="http://hl7.org/fhir/tools/StructureDefinition/ig-parameter"><extension url="code"><valueCode value="template-html"/></extension><extension url="value"><valueString value="template-page.html"/></extension></extension><extension url="http://hl7.org/fhir/tools/StructureDefinition/ig-parameter"><extension url="code"><valueCode value="template-md"/></extension><extension url="value"><valueString value="template-page-md.html"/></extension></extension><extension url="http://hl7.org/fhir/tools/StructureDefinition/ig-parameter"><extension url="code"><valueCode value="apply-contact"/></extension><extension url="value"><valueString value="true"/></extension></extension><extension url="http://hl7.org/fhir/tools/StructureDefinition/ig-parameter"><extension url="code"><valueCode value="apply-context"/></extension><extension url="value"><valueString value="true"/></extension></extension><extension url="http://hl7.org/fhir/tools/StructureDefinition/ig-parameter"><extension url="code"><valueCode value="apply-copyright"/></extension><extension url="value"><valueString value="true"/></extension></extension><extension url="http://hl7.org/fhir/tools/StructureDefinition/ig-parameter"><extension url="code"><valueCode value="apply-jurisdiction"/></extension><extension url="value"><valueString value="true"/></extension></extension><extension url="http://hl7.org/fhir/tools/StructureDefinition/ig-parameter"><extension url="code"><valueCode value="apply-license"/></extension><extension url="value"><valueString value="true"/></extension></extension><extension url="http://hl7.org/fhir/tools/StructureDefinition/ig-parameter"><extension url="code"><valueCode value="apply-publisher"/></extension><extension url="value"><valueString value="true"/></extension></extension><extension url="http://hl7.org/fhir/tools/StructureDefinition/ig-parameter"><extension url="code"><valueCode value="apply-version"/></extension><extension url="value"><valueString value="true"/></extension></extension><extension url="http://hl7.org/fhir/tools/StructureDefinition/ig-parameter"><extension url="code"><valueCode value="apply-wg"/></extension><extension url="value"><valueString value="true"/></extension></extension><extension url="http://hl7.org/fhir/tools/StructureDefinition/ig-parameter"><extension url="code"><valueCode value="active-tables"/></extension><extension url="value"><valueString value="true"/></extension></extension><extension url="http://hl7.org/fhir/tools/StructureDefinition/ig-parameter"><extension url="code"><valueCode value="fmm-definition"/></extension><extension url="value"><valueString value="http://hl7.org/fhir/versions.html#maturity"/></extension></extension><extension url="http://hl7.org/fhir/tools/StructureDefinition/ig-parameter"><extension url="code"><valueCode value="propagate-status"/></extension><extension url="value"><valueString value="true"/></extension></extension><extension url="http://hl7.org/fhir/tools/StructureDefinition/ig-parameter"><extension url="code"><valueCode value="excludelogbinaryformat"/></extension><extension url="value"><valueString value="true"/></extension></extension><extension url="http://hl7.org/fhir/tools/StructureDefinition/ig-parameter"><extension url="code"><valueCode value="tabbed-snapshots"/></extension><extension url="value"><valueString value="true"/></extension></extension><extension url="http://hl7.org/fhir/tools/StructureDefinition/ig-parameter"><extension url="code"><valueCode value="copyrightyear"/></extension><extension url="value"><valueString value="2023+"/></extension></extension><extension url="http://hl7.org/fhir/tools/StructureDefinition/ig-parameter"><extension url="code"><valueCode value="releaselabel"/></extension><extension url="value"><valueString value="Release"/></extension></extension><extension url="http://hl7.org/fhir/tools/StructureDefinition/ig-parameter"><extension url="code"><valueCode value="special-url"/></extension><extension url="value"><valueString value="http://snomed.info/sct"/></extension></extension><extension url="http://hl7.org/fhir/tools/StructureDefinition/ig-parameter"><extension url="code"><valueCode value="autoload-resources"/></extension><extension url="value"><valueString value="true"/></extension></extension><extension url="http://hl7.org/fhir/tools/StructureDefinition/ig-parameter"><extension url="code"><valueCode value="path-liquid"/></extension><extension url="value"><valueString value="template/liquid"/></extension></extension><extension url="http://hl7.org/fhir/tools/StructureDefinition/ig-parameter"><extension url="code"><valueCode value="path-liquid"/></extension><extension url="value"><valueString value="input/liquid"/></extension></extension><extension url="http://hl7.org/fhir/tools/StructureDefinition/ig-parameter"><extension url="code"><valueCode value="path-qa"/></extension><extension url="value"><valueString value="temp/qa"/></extension></extension><extension url="http://hl7.org/fhir/tools/StructureDefinition/ig-parameter"><extension url="code"><valueCode value="path-temp"/></extension><extension url="value"><valueString value="temp/pages"/></extension></extension><extension url="http://hl7.org/fhir/tools/StructureDefinition/ig-parameter"><extension url="code"><valueCode value="path-output"/></extension><extension url="value"><valueString value="output"/></extension></extension><extension url="http://hl7.org/fhir/tools/StructureDefinition/ig-parameter"><extension url="code"><valueCode value="path-suppressed-warnings"/></extension><extension url="value"><valueString value="input/ignoreWarnings.txt"/></extension></extension><extension url="http://hl7.org/fhir/tools/StructureDefinition/ig-parameter"><extension url="code"><valueCode value="path-history"/></extension><extension url="value"><valueString value="http://fhir.kl.dk/children/history.html"/></extension></extension><extension url="http://hl7.org/fhir/tools/StructureDefinition/ig-parameter"><extension url="code"><valueCode value="template-html"/></extension><extension url="value"><valueString value="template-page.html"/></extension></extension><extension url="http://hl7.org/fhir/tools/StructureDefinition/ig-parameter"><extension url="code"><valueCode value="template-md"/></extension><extension url="value"><valueString value="template-page-md.html"/></extension></extension><extension url="http://hl7.org/fhir/tools/StructureDefinition/ig-parameter"><extension url="code"><valueCode value="apply-contact"/></extension><extension url="value"><valueString value="true"/></extension></extension><extension url="http://hl7.org/fhir/tools/StructureDefinition/ig-parameter"><extension url="code"><valueCode value="apply-context"/></extension><extension url="value"><valueString value="true"/></extension></extension><extension url="http://hl7.org/fhir/tools/StructureDefinition/ig-parameter"><extension url="code"><valueCode value="apply-copyright"/></extension><extension url="value"><valueString value="true"/></extension></extension><extension url="http://hl7.org/fhir/tools/StructureDefinition/ig-parameter"><extension url="code"><valueCode value="apply-jurisdiction"/></extension><extension url="value"><valueString value="true"/></extension></extension><extension url="http://hl7.org/fhir/tools/StructureDefinition/ig-parameter"><extension url="code"><valueCode value="apply-license"/></extension><extension url="value"><valueString value="true"/></extension></extension><extension url="http://hl7.org/fhir/tools/StructureDefinition/ig-parameter"><extension url="code"><valueCode value="apply-publisher"/></extension><extension url="value"><valueString value="true"/></extension></extension><extension url="http://hl7.org/fhir/tools/StructureDefinition/ig-parameter"><extension url="code"><valueCode value="apply-version"/></extension><extension url="value"><valueString value="true"/></extension></extension><extension url="http://hl7.org/fhir/tools/StructureDefinition/ig-parameter"><extension url="code"><valueCode value="apply-wg"/></extension><extension url="value"><valueString value="true"/></extension></extension><extension url="http://hl7.org/fhir/tools/StructureDefinition/ig-parameter"><extension url="code"><valueCode value="active-tables"/></extension><extension url="value"><valueString value="true"/></extension></extension><extension url="http://hl7.org/fhir/tools/StructureDefinition/ig-parameter"><extension url="code"><valueCode value="fmm-definition"/></extension><extension url="value"><valueString value="http://hl7.org/fhir/versions.html#maturity"/></extension></extension><extension url="http://hl7.org/fhir/tools/StructureDefinition/ig-parameter"><extension url="code"><valueCode value="propagate-status"/></extension><extension url="value"><valueString value="true"/></extension></extension><extension url="http://hl7.org/fhir/tools/StructureDefinition/ig-parameter"><extension url="code"><valueCode value="excludelogbinaryformat"/></extension><extension url="value"><valueString value="true"/></extension></extension><extension url="http://hl7.org/fhir/tools/StructureDefinition/ig-parameter"><extension url="code"><valueCode value="tabbed-snapshots"/></extension><extension url="value"><valueString value="true"/></extension></extension><grouping id="-str-profile"><name value="Structures: Resource Profiles"/><description value="These define constraints on FHIR resources for systems conforming to this implementation guide."/></grouping><grouping id="-term-valueset"><name value="Terminology: Value Sets"/><description value="These define sets of codes used by systems conforming to this implementation guide."/></grouping><grouping id="-term-codesystem"><name value="Terminology: Code Systems"/><description value="These define new code systems used by systems conforming to this implementation guide."/></grouping><grouping id="-ex-example"><name value="Example: Example Instances"/><description value="These are example instances that show what data produced and consumed by systems conforming with this implementation guide might look like."/></grouping><resource><extension url="http://hl7.org/fhir/tools/StructureDefinition/resource-sort"><valueInteger value="999999999"/></extension><extension url="http://hl7.org/fhir/StructureDefinition/implementationguide-page"><valueUri value="StructureDefinition-klgateway-children-bodyheight.html"/></extension><reference><reference value="StructureDefinition/klgateway-children-bodyheight"/></reference><name value="KLGatewayChildrenBodyHeight"/><description value="Body height profile used in Danish Municipalities, derived from HL7 standard profile"/><exampleBoolean value="false"/><groupingId value="-str-profile"/></resource><resource><extension url="http://hl7.org/fhir/tools/StructureDefinition/resource-sort"><valueInteger value="999999999"/></extension><extension url="http://hl7.org/fhir/StructureDefinition/implementationguide-page"><valueUri value="StructureDefinition-klgateway-children-bodyweight.html"/></extension><reference><reference value="StructureDefinition/klgateway-children-bodyweight"/></reference><name value="KLGatewayChildrenBodyWeight"/><description value="Profile of HL7 body weight profile used in Danish Municipalities"/><exampleBoolean value="false"/><groupingId value="-str-profile"/></resource><resource><extension url="http://hl7.org/fhir/tools/StructureDefinition/resource-sort"><valueInteger value="999999999"/></extension><extension url="http://hl7.org/fhir/StructureDefinition/implementationguide-page"><valueUri value="StructureDefinition-klgateway-children-citizen.html"/></extension><reference><reference value="StructureDefinition/klgateway-children-citizen"/></reference><name value="KLGatewayChildrenCitizen"/><description value="Administrative information about a citizen receiving care or care related services."/><exampleBoolean value="false"/><groupingId value="-str-profile"/></resource><resource><extension url="http://hl7.org/fhir/tools/StructureDefinition/resource-sort"><valueInteger value="999999999"/></extension><extension url="http://hl7.org/fhir/StructureDefinition/implementationguide-page"><valueUri value="StructureDefinition-klgateway-children-delivery-report.html"/></extension><reference><reference value="StructureDefinition/klgateway-children-delivery-report"/></reference><name value="KLGatewayChildrenDeliveryReport"/><description value="Delivery report to deliver data for each child, including state of the family."/><exampleBoolean value="false"/><groupingId value="-str-profile"/></resource><resource><extension url="http://hl7.org/fhir/tools/StructureDefinition/resource-sort"><valueInteger value="999999999"/></extension><extension url="http://hl7.org/fhir/StructureDefinition/implementationguide-page"><valueUri value="StructureDefinition-klgateway-children-encounter.html"/></extension><reference><reference value="StructureDefinition/klgateway-children-encounter"/></reference><name value="KLGatewayChildrenEncounter"/><description value="Encounter for health prevention and need-based visits from childrens nurses"/><exampleBoolean value="false"/><groupingId value="-str-profile"/></resource><resource><extension url="http://hl7.org/fhir/tools/StructureDefinition/resource-sort"><valueInteger value="999999999"/></extension><extension url="http://hl7.org/fhir/StructureDefinition/implementationguide-page"><valueUri value="StructureDefinition-klgateway-children-feeding-observation.html"/></extension><reference><reference value="StructureDefinition/klgateway-children-feeding-observation"/></reference><name value="KLGatewayChildrenFeedingObservation"/><description value="Feeding observation profile used in the children database"/><exampleBoolean value="false"/><groupingId value="-str-profile"/></resource><resource><extension url="http://hl7.org/fhir/tools/StructureDefinition/resource-sort"><valueInteger value="999999999"/></extension><extension url="http://hl7.org/fhir/StructureDefinition/implementationguide-page"><valueUri value="StructureDefinition-klgateway-children-headcircum.html"/></extension><reference><reference value="StructureDefinition/klgateway-children-headcircum"/></reference><name value="KLGatewayChildrenHeadCircumference"/><description value="Head circumference profile used in Danish Municipalities, derived from HL7 standard profile"/><exampleBoolean value="false"/><groupingId value="-str-profile"/></resource><resource><extension url="http://hl7.org/fhir/tools/StructureDefinition/resource-sort"><valueInteger value="999999999"/></extension><extension url="http://hl7.org/fhir/StructureDefinition/implementationguide-page"><valueUri value="StructureDefinition-klgateway-children-indicator.html"/></extension><reference><reference value="StructureDefinition/klgateway-children-indicator"/></reference><name value="KLGatewayChildrenIndicator"/><description value="Indicator profile used in the children database"/><exampleBoolean value="false"/><groupingId value="-str-profile"/></resource><resource><extension url="http://hl7.org/fhir/tools/StructureDefinition/resource-sort"><valueInteger value="999999999"/></extension><extension url="http://hl7.org/fhir/StructureDefinition/implementationguide-page"><valueUri value="StructureDefinition-klgateway-children-mental-state.html"/></extension><reference><reference value="StructureDefinition/klgateway-children-mental-state"/></reference><name value="KLGatewayChildrenMentalState"/><description value="Profile used to document mental state in the children database"/><exampleBoolean value="false"/><groupingId value="-str-profile"/></resource><resource><extension url="http://hl7.org/fhir/tools/StructureDefinition/resource-sort"><valueInteger value="999999999"/></extension><extension url="http://hl7.org/fhir/StructureDefinition/implementationguide-page"><valueUri value="StructureDefinition-klgateway-children-related-parent.html"/></extension><reference><reference value="StructureDefinition/klgateway-children-related-parent"/></reference><name value="KLGatewayChildrenRelatedParent"/><description value="Profile for describing the relationship between the child, and the parents, guardians or caregivers who are also relevant for the journal"/><exampleBoolean value="false"/><groupingId value="-str-profile"/></resource><resource><extension url="http://hl7.org/fhir/tools/StructureDefinition/resource-sort"><valueInteger value="999999999"/></extension><extension url="http://hl7.org/fhir/StructureDefinition/implementationguide-page"><valueUri value="StructureDefinition-klgateway-children-tobacco-observation.html"/></extension><reference><reference value="StructureDefinition/klgateway-children-tobacco-observation"/></reference><name value="KLGatewayChildrenTobaccoObservation"/><description value="Tobacco observation profile used in the children database"/><exampleBoolean value="false"/><groupingId value="-str-profile"/></resource><resource><extension url="http://hl7.org/fhir/tools/StructureDefinition/resource-sort"><valueInteger value="999999999"/></extension><extension url="http://hl7.org/fhir/StructureDefinition/implementationguide-page"><valueUri value="ValueSet-BodyheightSCTobservablesChildren.html"/></extension><reference><reference value="ValueSet/BodyheightSCTobservablesChildren"/></reference><name value="BodyheightSCTobservablesChildren"/><description value="SNOMED CT observables for length/height"/><exampleBoolean value="false"/><groupingId value="-term-valueset"/></resource><resource><extension url="http://hl7.org/fhir/tools/StructureDefinition/resource-sort"><valueInteger value="999999999"/></extension><extension url="http://hl7.org/fhir/StructureDefinition/implementationguide-page"><valueUri value="ValueSet-BodyweightSCTobservablesChildren.html"/></extension><reference><reference value="ValueSet/BodyweightSCTobservablesChildren"/></reference><name value="BodyweightSCTobservablesChildren"/><description value="SNOMED CT observables for weight"/><exampleBoolean value="false"/><groupingId value="-term-valueset"/></resource><resource><extension url="http://hl7.org/fhir/tools/StructureDefinition/resource-sort"><valueInteger value="999999999"/></extension><extension url="http://hl7.org/fhir/StructureDefinition/implementationguide-page"><valueUri value="ValueSet-EncounterTypes.html"/></extension><reference><reference value="ValueSet/EncounterTypes"/></reference><name value="EncounterTypes"/><description value="Extension on encountertype valueset, to be implemented in KL-term and FKI, does not use exciting codes only those specific to childrens nursing"/><exampleBoolean value="false"/><groupingId value="-term-valueset"/></resource><resource><extension url="http://hl7.org/fhir/tools/StructureDefinition/resource-sort"><valueInteger value="999999999"/></extension><extension url="http://hl7.org/fhir/StructureDefinition/implementationguide-page"><valueUri value="ValueSet-FeedingObservablesChildren.html"/></extension><reference><reference value="ValueSet/FeedingObservablesChildren"/></reference><name value="FeedingObservablesChildren"/><description value="SNOMED CT observables for infant feeding method"/><exampleBoolean value="false"/><groupingId value="-term-valueset"/></resource><resource><extension url="http://hl7.org/fhir/tools/StructureDefinition/resource-sort"><valueInteger value="999999999"/></extension><extension url="http://hl7.org/fhir/StructureDefinition/implementationguide-page"><valueUri value="ValueSet-FeedingResultsChildren.html"/></extension><reference><reference value="ValueSet/FeedingResultsChildren"/></reference><name value="FeedingResultsChildren"/><description value="Resultcodes for feeding"/><exampleBoolean value="false"/><groupingId value="-term-valueset"/></resource><resource><extension url="http://hl7.org/fhir/tools/StructureDefinition/resource-sort"><valueInteger value="999999999"/></extension><extension url="http://hl7.org/fhir/StructureDefinition/implementationguide-page"><valueUri value="ValueSet-HeadCircumSCTobservablesChildren.html"/></extension><reference><reference value="ValueSet/HeadCircumSCTobservablesChildren"/></reference><name value="HeadCircumferenceSCTobservablesChildren"/><description value="SNOMED CT observables for Head Circumference"/><exampleBoolean value="false"/><groupingId value="-term-valueset"/></resource><resource><extension url="http://hl7.org/fhir/tools/StructureDefinition/resource-sort"><valueInteger value="999999999"/></extension><extension url="http://hl7.org/fhir/StructureDefinition/implementationguide-page"><valueUri value="ValueSet-IndicatorCodesChildren.html"/></extension><reference><reference value="ValueSet/IndicatorCodesChildren"/></reference><name value="IndicatorCodesChildren"/><description value="Indicator-observables for parents and children"/><exampleBoolean value="false"/><groupingId value="-term-valueset"/></resource><resource><extension url="http://hl7.org/fhir/tools/StructureDefinition/resource-sort"><valueInteger value="999999999"/></extension><extension url="http://hl7.org/fhir/StructureDefinition/implementationguide-page"><valueUri value="ValueSet-IndicatorResultsChildren.html"/></extension><reference><reference value="ValueSet/IndicatorResultsChildren"/></reference><name value="IndicatorResultsChildren"/><description value="Result values for children indicators"/><exampleBoolean value="false"/><groupingId value="-term-valueset"/></resource><resource><extension url="http://hl7.org/fhir/tools/StructureDefinition/resource-sort"><valueInteger value="999999999"/></extension><extension url="http://hl7.org/fhir/StructureDefinition/implementationguide-page"><valueUri value="ValueSet-MentalStateResultsChildren.html"/></extension><reference><reference value="ValueSet/MentalStateResultsChildren"/></reference><name value="MentalStateResultsChildren"/><description value="Resultcodes for mental state"/><exampleBoolean value="false"/><groupingId value="-term-valueset"/></resource><resource><extension url="http://hl7.org/fhir/tools/StructureDefinition/resource-sort"><valueInteger value="999999999"/></extension><extension url="http://hl7.org/fhir/StructureDefinition/implementationguide-page"><valueUri value="ValueSet-MentalStateObservablesChildren.html"/></extension><reference><reference value="ValueSet/MentalStateObservablesChildren"/></reference><name value="MentalStateobservablesChildren"/><description value="SNOMED CT observables for MentalState"/><exampleBoolean value="false"/><groupingId value="-term-valueset"/></resource><resource><extension url="http://hl7.org/fhir/tools/StructureDefinition/resource-sort"><valueInteger value="999999999"/></extension><extension url="http://hl7.org/fhir/StructureDefinition/implementationguide-page"><valueUri value="ValueSet-ObservationResultsChildren.html"/></extension><reference><reference value="ValueSet/ObservationResultsChildren"/></reference><name value="Observation resultcodes"/><description value="SNOMED CT finding codes to express the result of children observations"/><exampleBoolean value="false"/><groupingId value="-term-valueset"/></resource><resource><extension url="http://hl7.org/fhir/tools/StructureDefinition/resource-sort"><valueInteger value="999999999"/></extension><extension url="http://hl7.org/fhir/StructureDefinition/implementationguide-page"><valueUri value="ValueSet-ObservationUnitsChildren.html"/></extension><reference><reference value="ValueSet/ObservationUnitsChildren"/></reference><name value="ObservationUnitsChildren"/><description value="UCUM units for children observations"/><exampleBoolean value="false"/><groupingId value="-term-valueset"/></resource><resource><extension url="http://hl7.org/fhir/tools/StructureDefinition/resource-sort"><valueInteger value="999999999"/></extension><extension url="http://hl7.org/fhir/StructureDefinition/implementationguide-page"><valueUri value="ValueSet-ParentTypes.html"/></extension><reference><reference value="ValueSet/ParentTypes"/></reference><name value="ParentTypes"/><description value="Limitation on HL7 role class to only represent parent-relationships, as accepted in the children data-set"/><exampleBoolean value="false"/><groupingId value="-term-valueset"/></resource><resource><extension url="http://hl7.org/fhir/tools/StructureDefinition/resource-sort"><valueInteger value="999999999"/></extension><extension url="http://hl7.org/fhir/StructureDefinition/implementationguide-page"><valueUri value="ValueSet-ObservationSCTChildren.html"/></extension><reference><reference value="ValueSet/ObservationSCTChildren"/></reference><name value="SCTobservablesChildren"/><description value="SNOMED CT observables for children observations"/><exampleBoolean value="false"/><groupingId value="-term-valueset"/></resource><resource><extension url="http://hl7.org/fhir/tools/StructureDefinition/resource-sort"><valueInteger value="999999999"/></extension><extension url="http://hl7.org/fhir/StructureDefinition/implementationguide-page"><valueUri value="ValueSet-TobaccoResultsChildren.html"/></extension><reference><reference value="ValueSet/TobaccoResultsChildren"/></reference><name value="TobaccoResultsChildren"/><description value="SNOMED CT observation resultcodes for tobacco use and exposure"/><exampleBoolean value="false"/><groupingId value="-term-valueset"/></resource><resource><extension url="http://hl7.org/fhir/tools/StructureDefinition/resource-sort"><valueInteger value="999999999"/></extension><extension url="http://hl7.org/fhir/StructureDefinition/implementationguide-page"><valueUri value="ValueSet-TobaccoObservablesChildren.html"/></extension><reference><reference value="ValueSet/TobaccoObservablesChildren"/></reference><name value="TobaccoobservablesChildren"/><description value="SNOMED CT observables for tobacco use and exposure"/><exampleBoolean value="false"/><groupingId value="-term-valueset"/></resource><resource><extension url="http://hl7.org/fhir/tools/StructureDefinition/resource-sort"><valueInteger value="999999999"/></extension><extension url="http://hl7.org/fhir/StructureDefinition/implementationguide-page"><valueUri value="CodeSystem-SNOMED-CT-INT.html"/></extension><reference><reference value="CodeSystem/SNOMED-CT-INT"/></reference><name value="SNOMED CT International Edition"/><description value="SNOMED CT is a core clinical healthcare terminology that contains concepts with unique meanings and formal logic based definitions organized into hierarchies."/><exampleBoolean value="false"/><groupingId value="-term-codesystem"/></resource><resource><extension url="http://hl7.org/fhir/tools/StructureDefinition/resource-sort"><valueInteger value="999999999"/></extension><extension url="http://hl7.org/fhir/StructureDefinition/implementationguide-page"><valueUri value="Encounter-10mthEncounter.html"/></extension><reference><reference value="Encounter/10mthEncounter"/></reference><name value="10 måneders besøg ved Rikke"/><description value="Kontakt, hvor der leveres besøg ved det 8-11 måneder gamle barn til Rikke og hendes familie"/><exampleCanonical value="http://fhir.kl.dk/children/StructureDefinition/klgateway-children-encounter"/><groupingId value="-ex-example"/></resource><resource><extension url="http://hl7.org/fhir/tools/StructureDefinition/resource-sort"><valueInteger value="999999999"/></extension><extension url="http://hl7.org/fhir/StructureDefinition/implementationguide-page"><valueUri value="Encounter-2mthEncounter.html"/></extension><reference><reference value="Encounter/2mthEncounter"/></reference><name value="2 måneders besøg ved Rikke"/><description value="Kontakt, hvor der leveres besøg ved det ca. 2 måneder gamle barn til Rikke og hendes familie"/><exampleCanonical value="http://fhir.kl.dk/children/StructureDefinition/klgateway-children-encounter"/><groupingId value="-ex-example"/></resource><resource><extension url="http://hl7.org/fhir/tools/StructureDefinition/resource-sort"><valueInteger value="999999999"/></extension><extension url="http://hl7.org/fhir/StructureDefinition/implementationguide-page"><valueUri value="Encounter-2nd1mthEncounter.html"/></extension><reference><reference value="Encounter/2nd1mthEncounter"/></reference><name value="Andet besøg i barnets første levemåned ved Rikke"/><description value="Kontakt, hvor der leveres andet besøg i barnets første levemåned til Rikke og hendes familie"/><exampleCanonical value="http://fhir.kl.dk/children/StructureDefinition/klgateway-children-encounter"/><groupingId value="-ex-example"/></resource><resource><extension url="http://hl7.org/fhir/tools/StructureDefinition/resource-sort"><valueInteger value="999999999"/></extension><extension url="http://hl7.org/fhir/StructureDefinition/implementationguide-page"><valueUri value="Encounter-SchoolStartEncounter.html"/></extension><reference><reference value="Encounter/SchoolStartEncounter"/></reference><name value="Indskolingsundersøgelse Lars"/><description value="Kontakt, der er Lars' indskolingsundersøgelse"/><exampleCanonical value="http://fhir.kl.dk/children/StructureDefinition/klgateway-children-encounter"/><groupingId value="-ex-example"/></resource><resource><extension url="http://hl7.org/fhir/tools/StructureDefinition/resource-sort"><valueInteger value="999999999"/></extension><extension url="http://hl7.org/fhir/StructureDefinition/implementationguide-page"><valueUri value="Patient-Kirsten.html"/></extension><reference><reference value="Patient/Kirsten"/></reference><name value="Kirsten"/><description value="Borger, Kirsten"/><exampleCanonical value="http://fhir.kl.dk/children/StructureDefinition/klgateway-children-citizen"/><groupingId value="-ex-example"/></resource><resource><extension url="http://hl7.org/fhir/tools/StructureDefinition/resource-sort"><valueInteger value="999999999"/></extension><extension url="http://hl7.org/fhir/StructureDefinition/implementationguide-page"><valueUri value="Observation-KirstenIndicatorMS.html"/></extension><reference><reference value="Observation/KirstenIndicatorMS"/></reference><name value="KirstenIndicatorMS"/><description value="Kirstens psykiske tilstand ved 2mrd"/><exampleCanonical value="http://fhir.kl.dk/children/StructureDefinition/klgateway-children-indicator"/><groupingId value="-ex-example"/></resource><resource><extension url="http://hl7.org/fhir/tools/StructureDefinition/resource-sort"><valueInteger value="999999999"/></extension><extension url="http://hl7.org/fhir/StructureDefinition/implementationguide-page"><valueUri value="Patient-Lars.html"/></extension><reference><reference value="Patient/Lars"/></reference><name value="Lars"/><description value="Barnet Lars"/><exampleCanonical value="http://fhir.kl.dk/children/StructureDefinition/klgateway-children-citizen"/><groupingId value="-ex-example"/></resource><resource><extension url="http://hl7.org/fhir/tools/StructureDefinition/resource-sort"><valueInteger value="999999999"/></extension><extension url="http://hl7.org/fhir/StructureDefinition/implementationguide-page"><valueUri value="Observation-LarsmentalStateObservation.html"/></extension><reference><reference value="Observation/LarsmentalStateObservation"/></reference><name value="LarsMentalState"/><description value="Lars egenvurderede generelle trivsel ved indskolingsundersøgelsen"/><exampleCanonical value="http://fhir.kl.dk/children/StructureDefinition/klgateway-children-mental-state"/><groupingId value="-ex-example"/></resource><resource><extension url="http://hl7.org/fhir/tools/StructureDefinition/resource-sort"><valueInteger value="999999999"/></extension><extension url="http://hl7.org/fhir/StructureDefinition/implementationguide-page"><valueUri value="Patient-Rikke.html"/></extension><reference><reference value="Patient/Rikke"/></reference><name value="Rikke"/><description value="Barnet Rikke"/><exampleCanonical value="http://fhir.kl.dk/children/StructureDefinition/klgateway-children-citizen"/><groupingId value="-ex-example"/></resource><resource><extension url="http://hl7.org/fhir/tools/StructureDefinition/resource-sort"><valueInteger value="999999999"/></extension><extension url="http://hl7.org/fhir/StructureDefinition/implementationguide-page"><valueUri value="Observation-RikkeFeedingObservationError.html"/></extension><reference><reference value="Observation/RikkeFeedingObservationError"/></reference><name value="RikkeBodyFeedingObservationError"/><description value="Rikkes ammestatus, med forkert angivelse af tid giver feed-2 fejl"/><exampleCanonical value="http://fhir.kl.dk/children/StructureDefinition/klgateway-children-feeding-observation"/><groupingId value="-ex-example"/></resource><resource><extension url="http://hl7.org/fhir/tools/StructureDefinition/resource-sort"><valueInteger value="999999999"/></extension><extension url="http://hl7.org/fhir/StructureDefinition/implementationguide-page"><valueUri value="Observation-RikkeBodyHeight.html"/></extension><reference><reference value="Observation/RikkeBodyHeight"/></reference><name value="RikkeBodyHeight"/><description value="Rikkes kropslængde"/><exampleCanonical value="http://fhir.kl.dk/children/StructureDefinition/klgateway-children-bodyheight"/><groupingId value="-ex-example"/></resource><resource><extension url="http://hl7.org/fhir/tools/StructureDefinition/resource-sort"><valueInteger value="999999999"/></extension><extension url="http://hl7.org/fhir/StructureDefinition/implementationguide-page"><valueUri value="Observation-RikkeBodyWeight.html"/></extension><reference><reference value="Observation/RikkeBodyWeight"/></reference><name value="RikkeBodyWeight"/><description value="Rikkes vægt"/><exampleCanonical value="http://fhir.kl.dk/children/StructureDefinition/klgateway-children-bodyweight"/><groupingId value="-ex-example"/></resource><resource><extension url="http://hl7.org/fhir/tools/StructureDefinition/resource-sort"><valueInteger value="999999999"/></extension><extension url="http://hl7.org/fhir/StructureDefinition/implementationguide-page"><valueUri value="Bundle-RikkeDeliveryReport2months.html"/></extension><reference><reference value="Bundle/RikkeDeliveryReport2months"/></reference><name value="RikkeDeliveryReport2months"/><description value="Indberetning for Rikke 2 måneder"/><exampleCanonical value="http://fhir.kl.dk/children/StructureDefinition/klgateway-children-delivery-report"/><groupingId value="-ex-example"/></resource><resource><extension url="http://hl7.org/fhir/tools/StructureDefinition/resource-sort"><valueInteger value="999999999"/></extension><extension url="http://hl7.org/fhir/StructureDefinition/implementationguide-page"><valueUri value="Bundle-RikkeDeliveryReport2nd1mth.html"/></extension><reference><reference value="Bundle/RikkeDeliveryReport2nd1mth"/></reference><name value="RikkeDeliveryReport2nd1mth"/><description value="Indberetning for Rikke, andet besøg første levemåned"/><exampleCanonical value="http://fhir.kl.dk/children/StructureDefinition/klgateway-children-delivery-report"/><groupingId value="-ex-example"/></resource><resource><extension url="http://hl7.org/fhir/tools/StructureDefinition/resource-sort"><valueInteger value="999999999"/></extension><extension url="http://hl7.org/fhir/StructureDefinition/implementationguide-page"><valueUri value="Observation-RikkeFeedingObservation.html"/></extension><reference><reference value="Observation/RikkeFeedingObservation"/></reference><name value="RikkeFeedingObservation"/><description value="Rikkes ammestatus, med rigtig angivelse af tid"/><exampleCanonical value="http://fhir.kl.dk/children/StructureDefinition/klgateway-children-feeding-observation"/><groupingId value="-ex-example"/></resource><resource><extension url="http://hl7.org/fhir/tools/StructureDefinition/resource-sort"><valueInteger value="999999999"/></extension><extension url="http://hl7.org/fhir/StructureDefinition/implementationguide-page"><valueUri value="Observation-RikkeFeedingObservation2.html"/></extension><reference><reference value="Observation/RikkeFeedingObservation2"/></reference><name value="RikkeFeedingObservation2"/><description value="Rikkes ammestatus, ved stop af amning"/><exampleCanonical value="http://fhir.kl.dk/children/StructureDefinition/klgateway-children-feeding-observation"/><groupingId value="-ex-example"/></resource><resource><extension url="http://hl7.org/fhir/tools/StructureDefinition/resource-sort"><valueInteger value="999999999"/></extension><extension url="http://hl7.org/fhir/StructureDefinition/implementationguide-page"><valueUri value="Observation-RikkeHeadCircum.html"/></extension><reference><reference value="Observation/RikkeHeadCircum"/></reference><name value="RikkeHeadCircum"/><description value="Rikkes hovedomkreds"/><exampleCanonical value="http://fhir.kl.dk/children/StructureDefinition/klgateway-children-headcircum"/><groupingId value="-ex-example"/></resource><resource><extension url="http://hl7.org/fhir/tools/StructureDefinition/resource-sort"><valueInteger value="999999999"/></extension><extension url="http://hl7.org/fhir/StructureDefinition/implementationguide-page"><valueUri value="Observation-RikkeIndicatorSK.html"/></extension><reference><reference value="Observation/RikkeIndicatorSK"/></reference><name value="RikkeIndicatorSK"/><description value="Rikkes samvær og kontakt indikator ved 2mrd"/><exampleCanonical value="http://fhir.kl.dk/children/StructureDefinition/klgateway-children-indicator"/><groupingId value="-ex-example"/></resource><resource><extension url="http://hl7.org/fhir/tools/StructureDefinition/resource-sort"><valueInteger value="999999999"/></extension><extension url="http://hl7.org/fhir/StructureDefinition/implementationguide-page"><valueUri value="Observation-RikkeTobaccoObservation.html"/></extension><reference><reference value="Observation/RikkeTobaccoObservation"/></reference><name value="RikkeTobaccoObservation"/><description value="Rikkes tobaksobservation ved 2mrd"/><exampleCanonical value="http://fhir.kl.dk/children/StructureDefinition/klgateway-children-tobacco-observation"/><groupingId value="-ex-example"/></resource><resource><extension url="http://hl7.org/fhir/tools/StructureDefinition/resource-sort"><valueInteger value="999999999"/></extension><extension url="http://hl7.org/fhir/StructureDefinition/implementationguide-page"><valueUri value="RelatedPerson-RikkesParent.html"/></extension><reference><reference value="RelatedPerson/RikkesParent"/></reference><name value="RikkesParent"/><description value="RikkesParent"/><exampleCanonical value="http://fhir.kl.dk/children/StructureDefinition/klgateway-children-related-parent"/><groupingId value="-ex-example"/></resource><page><extension url="http://hl7.org/fhir/tools/StructureDefinition/ig-page-name"><valueUrl value="toc.html"/></extension><nameUrl value="toc.html"/><title value="Table of Contents"/><generation value="html"/><page><extension url="http://hl7.org/fhir/tools/StructureDefinition/ig-page-name"><valueUrl value="index.html"/></extension><nameUrl value="index.html"/><title value="Home"/><generation value="markdown"/></page><page><extension url="http://hl7.org/fhir/tools/StructureDefinition/ig-page-name"><valueUrl value="artifacts.html"/></extension><nameUrl value="artifacts.html"/><title value="Artifacts Summary"/><generation value="html"/><page><extension url="http://hl7.org/fhir/tools/StructureDefinition/ig-page-name"><valueUrl value="StructureDefinition-klgateway-children-bodyheight.html"/></extension><nameUrl value="StructureDefinition-klgateway-children-bodyheight.html"/><title value="KLGatewayChildrenBodyHeight"/><generation value="generated"/></page><page><extension url="http://hl7.org/fhir/tools/StructureDefinition/ig-page-name"><valueUrl value="StructureDefinition-klgateway-children-bodyweight.html"/></extension><nameUrl value="StructureDefinition-klgateway-children-bodyweight.html"/><title value="KLGatewayChildrenBodyWeight"/><generation value="generated"/></page><page><extension url="http://hl7.org/fhir/tools/StructureDefinition/ig-page-name"><valueUrl value="StructureDefinition-klgateway-children-citizen.html"/></extension><nameUrl value="StructureDefinition-klgateway-children-citizen.html"/><title value="KLGatewayChildrenCitizen"/><generation value="generated"/></page><page><extension url="http://hl7.org/fhir/tools/StructureDefinition/ig-page-name"><valueUrl value="StructureDefinition-klgateway-children-delivery-report.html"/></extension><nameUrl value="StructureDefinition-klgateway-children-delivery-report.html"/><title value="KLGatewayChildrenDeliveryReport"/><generation value="generated"/></page><page><extension url="http://hl7.org/fhir/tools/StructureDefinition/ig-page-name"><valueUrl value="StructureDefinition-klgateway-children-encounter.html"/></extension><nameUrl value="StructureDefinition-klgateway-children-encounter.html"/><title value="KLGatewayChildrenEncounter"/><generation value="generated"/></page><page><extension url="http://hl7.org/fhir/tools/StructureDefinition/ig-page-name"><valueUrl value="StructureDefinition-klgateway-children-feeding-observation.html"/></extension><nameUrl value="StructureDefinition-klgateway-children-feeding-observation.html"/><title value="KLGatewayChildrenFeedingObservation"/><generation value="generated"/></page><page><extension url="http://hl7.org/fhir/tools/StructureDefinition/ig-page-name"><valueUrl value="StructureDefinition-klgateway-children-headcircum.html"/></extension><nameUrl value="StructureDefinition-klgateway-children-headcircum.html"/><title value="KLGatewayChildrenHeadCircumference"/><generation value="generated"/></page><page><extension url="http://hl7.org/fhir/tools/StructureDefinition/ig-page-name"><valueUrl value="StructureDefinition-klgateway-children-indicator.html"/></extension><nameUrl value="StructureDefinition-klgateway-children-indicator.html"/><title value="KLGatewayChildrenIndicator"/><generation value="generated"/></page><page><extension url="http://hl7.org/fhir/tools/StructureDefinition/ig-page-name"><valueUrl value="StructureDefinition-klgateway-children-mental-state.html"/></extension><nameUrl value="StructureDefinition-klgateway-children-mental-state.html"/><title value="KLGatewayChildrenMentalState"/><generation value="generated"/></page><page><extension url="http://hl7.org/fhir/tools/StructureDefinition/ig-page-name"><valueUrl value="StructureDefinition-klgateway-children-related-parent.html"/></extension><nameUrl value="StructureDefinition-klgateway-children-related-parent.html"/><title value="KLGatewayChildrenRelatedParent"/><generation value="generated"/></page><page><extension url="http://hl7.org/fhir/tools/StructureDefinition/ig-page-name"><valueUrl value="StructureDefinition-klgateway-children-tobacco-observation.html"/></extension><nameUrl value="StructureDefinition-klgateway-children-tobacco-observation.html"/><title value="KLGatewayChildrenTobaccoObservation"/><generation value="generated"/></page><page><extension url="http://hl7.org/fhir/tools/StructureDefinition/ig-page-name"><valueUrl value="ValueSet-BodyheightSCTobservablesChildren.html"/></extension><nameUrl value="ValueSet-BodyheightSCTobservablesChildren.html"/><title value="BodyheightSCTobservablesChildren"/><generation value="generated"/></page><page><extension url="http://hl7.org/fhir/tools/StructureDefinition/ig-page-name"><valueUrl value="ValueSet-BodyweightSCTobservablesChildren.html"/></extension><nameUrl value="ValueSet-BodyweightSCTobservablesChildren.html"/><title value="BodyweightSCTobservablesChildren"/><generation value="generated"/></page><page><extension url="http://hl7.org/fhir/tools/StructureDefinition/ig-page-name"><valueUrl value="ValueSet-EncounterTypes.html"/></extension><nameUrl value="ValueSet-EncounterTypes.html"/><title value="EncounterTypes"/><generation value="generated"/></page><page><extension url="http://hl7.org/fhir/tools/StructureDefinition/ig-page-name"><valueUrl value="ValueSet-FeedingObservablesChildren.html"/></extension><nameUrl value="ValueSet-FeedingObservablesChildren.html"/><title value="FeedingObservablesChildren"/><generation value="generated"/></page><page><extension url="http://hl7.org/fhir/tools/StructureDefinition/ig-page-name"><valueUrl value="ValueSet-FeedingResultsChildren.html"/></extension><nameUrl value="ValueSet-FeedingResultsChildren.html"/><title value="FeedingResultsChildren"/><generation value="generated"/></page><page><extension url="http://hl7.org/fhir/tools/StructureDefinition/ig-page-name"><valueUrl value="ValueSet-HeadCircumSCTobservablesChildren.html"/></extension><nameUrl value="ValueSet-HeadCircumSCTobservablesChildren.html"/><title value="HeadCircumferenceSCTobservablesChildren"/><generation value="generated"/></page><page><extension url="http://hl7.org/fhir/tools/StructureDefinition/ig-page-name"><valueUrl value="ValueSet-IndicatorCodesChildren.html"/></extension><nameUrl value="ValueSet-IndicatorCodesChildren.html"/><title value="IndicatorCodesChildren"/><generation value="generated"/></page><page><extension url="http://hl7.org/fhir/tools/StructureDefinition/ig-page-name"><valueUrl value="ValueSet-IndicatorResultsChildren.html"/></extension><nameUrl value="ValueSet-IndicatorResultsChildren.html"/><title value="IndicatorResultsChildren"/><generation value="generated"/></page><page><extension url="http://hl7.org/fhir/tools/StructureDefinition/ig-page-name"><valueUrl value="ValueSet-MentalStateObservablesChildren.html"/></extension><nameUrl value="ValueSet-MentalStateObservablesChildren.html"/><title value="MentalStateobservablesChildren"/><generation value="generated"/></page><page><extension url="http://hl7.org/fhir/tools/StructureDefinition/ig-page-name"><valueUrl value="ValueSet-MentalStateResultsChildren.html"/></extension><nameUrl value="ValueSet-MentalStateResultsChildren.html"/><title value="MentalStateResultsChildren"/><generation value="generated"/></page><page><extension url="http://hl7.org/fhir/tools/StructureDefinition/ig-page-name"><valueUrl value="ValueSet-ObservationResultsChildren.html"/></extension><nameUrl value="ValueSet-ObservationResultsChildren.html"/><title value="Observation resultcodes"/><generation value="generated"/></page><page><extension url="http://hl7.org/fhir/tools/StructureDefinition/ig-page-name"><valueUrl value="ValueSet-ObservationUnitsChildren.html"/></extension><nameUrl value="ValueSet-ObservationUnitsChildren.html"/><title value="ObservationUnitsChildren"/><generation value="generated"/></page><page><extension url="http://hl7.org/fhir/tools/StructureDefinition/ig-page-name"><valueUrl value="ValueSet-ParentTypes.html"/></extension><nameUrl value="ValueSet-ParentTypes.html"/><title value="ParentTypes"/><generation value="generated"/></page><page><extension url="http://hl7.org/fhir/tools/StructureDefinition/ig-page-name"><valueUrl value="ValueSet-ObservationSCTChildren.html"/></extension><nameUrl value="ValueSet-ObservationSCTChildren.html"/><title value="SCTobservablesChildren"/><generation value="generated"/></page><page><extension url="http://hl7.org/fhir/tools/StructureDefinition/ig-page-name"><valueUrl value="ValueSet-TobaccoObservablesChildren.html"/></extension><nameUrl value="ValueSet-TobaccoObservablesChildren.html"/><title value="TobaccoobservablesChildren"/><generation value="generated"/></page><page><extension url="http://hl7.org/fhir/tools/StructureDefinition/ig-page-name"><valueUrl value="ValueSet-TobaccoResultsChildren.html"/></extension><nameUrl value="ValueSet-TobaccoResultsChildren.html"/><title value="TobaccoResultsChildren"/><generation value="generated"/></page><page><extension url="http://hl7.org/fhir/tools/StructureDefinition/ig-page-name"><valueUrl value="CodeSystem-SNOMED-CT-INT.html"/></extension><nameUrl value="CodeSystem-SNOMED-CT-INT.html"/><title value="SNOMED CT International Edition"/><generation value="generated"/></page><page><extension url="http://hl7.org/fhir/tools/StructureDefinition/ig-page-name"><valueUrl value="Encounter-10mthEncounter.html"/></extension><nameUrl value="Encounter-10mthEncounter.html"/><title value="10 måneders besøg ved Rikke"/><generation value="generated"/></page><page><extension url="http://hl7.org/fhir/tools/StructureDefinition/ig-page-name"><valueUrl value="Encounter-2mthEncounter.html"/></extension><nameUrl value="Encounter-2mthEncounter.html"/><title value="2 måneders besøg ved Rikke"/><generation value="generated"/></page><page><extension url="http://hl7.org/fhir/tools/StructureDefinition/ig-page-name"><valueUrl value="Encounter-2nd1mthEncounter.html"/></extension><nameUrl value="Encounter-2nd1mthEncounter.html"/><title value="Andet besøg i barnets første levemåned ved Rikke"/><generation value="generated"/></page><page><extension url="http://hl7.org/fhir/tools/StructureDefinition/ig-page-name"><valueUrl value="Encounter-SchoolStartEncounter.html"/></extension><nameUrl value="Encounter-SchoolStartEncounter.html"/><title value="Indskolingsundersøgelse Lars"/><generation value="generated"/></page><page><extension url="http://hl7.org/fhir/tools/StructureDefinition/ig-page-name"><valueUrl value="Patient-Kirsten.html"/></extension><nameUrl value="Patient-Kirsten.html"/><title value="Kirsten"/><generation value="generated"/></page><page><extension url="http://hl7.org/fhir/tools/StructureDefinition/ig-page-name"><valueUrl value="Observation-KirstenIndicatorMS.html"/></extension><nameUrl value="Observation-KirstenIndicatorMS.html"/><title value="KirstenIndicatorMS"/><generation value="generated"/></page><page><extension url="http://hl7.org/fhir/tools/StructureDefinition/ig-page-name"><valueUrl value="Patient-Lars.html"/></extension><nameUrl value="Patient-Lars.html"/><title value="Lars"/><generation value="generated"/></page><page><extension url="http://hl7.org/fhir/tools/StructureDefinition/ig-page-name"><valueUrl value="Observation-LarsmentalStateObservation.html"/></extension><nameUrl value="Observation-LarsmentalStateObservation.html"/><title value="LarsMentalState"/><generation value="generated"/></page><page><extension url="http://hl7.org/fhir/tools/StructureDefinition/ig-page-name"><valueUrl value="Patient-Rikke.html"/></extension><nameUrl value="Patient-Rikke.html"/><title value="Rikke"/><generation value="generated"/></page><page><extension url="http://hl7.org/fhir/tools/StructureDefinition/ig-page-name"><valueUrl value="Observation-RikkeFeedingObservationError.html"/></extension><nameUrl value="Observation-RikkeFeedingObservationError.html"/><title value="RikkeBodyFeedingObservationError"/><generation value="generated"/></page><page><extension url="http://hl7.org/fhir/tools/StructureDefinition/ig-page-name"><valueUrl value="Observation-RikkeBodyHeight.html"/></extension><nameUrl value="Observation-RikkeBodyHeight.html"/><title value="RikkeBodyHeight"/><generation value="generated"/></page><page><extension url="http://hl7.org/fhir/tools/StructureDefinition/ig-page-name"><valueUrl value="Observation-RikkeBodyWeight.html"/></extension><nameUrl value="Observation-RikkeBodyWeight.html"/><title value="RikkeBodyWeight"/><generation value="generated"/></page><page><extension url="http://hl7.org/fhir/tools/StructureDefinition/ig-page-name"><valueUrl value="Bundle-RikkeDeliveryReport2months.html"/></extension><nameUrl value="Bundle-RikkeDeliveryReport2months.html"/><title value="RikkeDeliveryReport2months"/><generation value="generated"/></page><page><extension url="http://hl7.org/fhir/tools/StructureDefinition/ig-page-name"><valueUrl value="Bundle-RikkeDeliveryReport2nd1mth.html"/></extension><nameUrl value="Bundle-RikkeDeliveryReport2nd1mth.html"/><title value="RikkeDeliveryReport2nd1mth"/><generation value="generated"/></page><page><extension url="http://hl7.org/fhir/tools/StructureDefinition/ig-page-name"><valueUrl value="Observation-RikkeFeedingObservation.html"/></extension><nameUrl value="Observation-RikkeFeedingObservation.html"/><title value="RikkeFeedingObservation"/><generation value="generated"/></page><page><extension url="http://hl7.org/fhir/tools/StructureDefinition/ig-page-name"><valueUrl value="Observation-RikkeFeedingObservation2.html"/></extension><nameUrl value="Observation-RikkeFeedingObservation2.html"/><title value="RikkeFeedingObservation2"/><generation value="generated"/></page><page><extension url="http://hl7.org/fhir/tools/StructureDefinition/ig-page-name"><valueUrl value="Observation-RikkeHeadCircum.html"/></extension><nameUrl value="Observation-RikkeHeadCircum.html"/><title value="RikkeHeadCircum"/><generation value="generated"/></page><page><extension url="http://hl7.org/fhir/tools/StructureDefinition/ig-page-name"><valueUrl value="Observation-RikkeIndicatorSK.html"/></extension><nameUrl value="Observation-RikkeIndicatorSK.html"/><title value="RikkeIndicatorSK"/><generation value="generated"/></page><page><extension url="http://hl7.org/fhir/tools/StructureDefinition/ig-page-name"><valueUrl value="RelatedPerson-RikkesParent.html"/></extension><nameUrl value="RelatedPerson-RikkesParent.html"/><title value="RikkesParent"/><generation value="generated"/></page><page><extension url="http://hl7.org/fhir/tools/StructureDefinition/ig-page-name"><valueUrl value="Observation-RikkeTobaccoObservation.html"/></extension><nameUrl value="Observation-RikkeTobaccoObservation.html"/><title value="RikkeTobaccoObservation"/><generation value="generated"/></page></page></page><parameter><code value="path-resource"/><value value="input/capabilities"/></parameter><parameter><code value="path-resource"/><value value="input/examples"/></parameter><parameter><code value="path-resource"/><value value="input/extensions"/></parameter><parameter><code value="path-resource"/><value value="input/models"/></parameter><parameter><code value="path-resource"/><value value="input/operations"/></parameter><parameter><code value="path-resource"/><value value="input/profiles"/></parameter><parameter><code value="path-resource"/><value value="input/resources"/></parameter><parameter><code value="path-resource"/><value value="input/vocabulary"/></parameter><parameter><code value="path-resource"/><value value="input/maps"/></parameter><parameter><code value="path-resource"/><value value="input/testing"/></parameter><parameter><code value="path-resource"/><value value="input/history"/></parameter><parameter><code value="path-resource"/><value value="fsh-generated/resources"/></parameter><parameter><code value="path-pages"/><value value="template/config"/></parameter><parameter><code value="path-pages"/><value value="input/images"/></parameter><parameter><code value="path-tx-cache"/><value value="input-cache/txcache"/></parameter></definition></ImplementationGuide>