<?xml version="1.0" encoding="UTF-8"?><ValueSet xmlns="http://hl7.org/fhir"><id value="PhysicalActivityCodes"/><text><status value="extensions"/><div xmlns="http://www.w3.org/1999/xhtml"><ul><li>Include these codes as defined in <a href="http://fhir.kl.dk/term/2.0.0/CodeSystem-FBOE.html"><code>http://fhir.kl.dk/term/CodeSystem/FBOE</code></a><table class="none"><tr><td style="white-space:nowrap"><b>Code</b></td><td><b>Display</b></td><td><b>Definition</b></td></tr><tr><td><a href="http://fhir.kl.dk/term/2.0.0/CodeSystem-FBOE.html#FBOE-05086dad-8718-4a6c-b096-54c7101d0b2c">05086dad-8718-4a6c-b096-54c7101d0b2c</a></td><td style="color: #cccccc">Fysisk aktiv</td><td>Skolebørn: Barnet bevæger sig dagligt én time eller mere. Fx aktiviteter såsom cykling, løb, hop, spring og kast. For de ældre børn kan aktiviteter, som styrker de store muskelgrupper også være en del af den daglige fysiske aktivitet.</td></tr><tr><td><a href="http://fhir.kl.dk/term/2.0.0/CodeSystem-FBOE.html#FBOE-2effe989-0cc3-4dce-ad93-9f6503b91eaa">2effe989-0cc3-4dce-ad93-9f6503b91eaa</a></td><td style="color: #cccccc">Moderat fysisk aktiv</td><td>Skolebørn: Barnet bevæger sig ikke en time dagligt. Barnet bevæger sig dog én time eller mere flere gange på en uge.</td></tr><tr><td><a href="http://fhir.kl.dk/term/2.0.0/CodeSystem-FBOE.html#FBOE-38f72570-630f-40c6-8a60-cf2e1bddc8eb">38f72570-630f-40c6-8a60-cf2e1bddc8eb</a></td><td style="color: #cccccc">Meget stillesiddende aktivitet</td><td>Skolebørn: Barnet har ofte stillesiddende adfærd og bevæger sig ikke én time dagligt. Undgår og vægrer sig ved fysisk aktivitet.</td></tr><tr><td><a href="http://fhir.kl.dk/term/2.0.0/CodeSystem-FBOE.html#FBOE-2ef19cdf-f6e6-4b2c-aaef-f466e33cf261">2ef19cdf-f6e6-4b2c-aaef-f466e33cf261</a></td><td style="color: #cccccc">Overdreven motion</td><td>Skolebørn: Barnet dyrker overdreven motion, hvor motionen eller træningen bliver tvangspræget.</td></tr></table></li></ul></div></text><url value="http://fhir.kl.dk/children/ValueSet/PhysicalActivityCodes"/><version value="2.0.1"/><name value="PhysicalActivityCodes"/><title value="FysiskAktiviteteKoder"/><status value="active"/><experimental value="false"/><date value="2024-06-21T14:15:43+02:00"/><publisher value="Kommunernes Landsforening"/><contact><name value="Kommunernes Landsforening"/><telecom><system value="url"/><value value="http://kl.dk"/></telecom></contact><description value="Mandatory result values for physical activity in school children"/><compose><include><system value="http://fhir.kl.dk/term/CodeSystem/FBOE"/><concept><code value="05086dad-8718-4a6c-b096-54c7101d0b2c"/></concept><concept><code value="2effe989-0cc3-4dce-ad93-9f6503b91eaa"/></concept><concept><code value="38f72570-630f-40c6-8a60-cf2e1bddc8eb"/></concept><concept><code value="2ef19cdf-f6e6-4b2c-aaef-f466e33cf261"/></concept></include></compose></ValueSet>