<?xml version="1.0" encoding="UTF-8"?><ValueSet xmlns="http://hl7.org/fhir"><id value="KLHealthNurseInterventions"/><text><status value="generated"/><div xmlns="http://www.w3.org/1999/xhtml"><p class="res-header-id"><b>Generated Narrative: ValueSet KLHealthNurseInterventions</b></p><a name="KLHealthNurseInterventions"> </a><a name="hcKLHealthNurseInterventions"> </a><a name="hcKLHealthNurseInterventions-en-US"> </a><p>This value set includes codes based on the following rules:</p><ul><li>Include codes from<a href="http://fhir.kl.dk/term/2.1.0/CodeSystem-FBOE.html"><code>http://fhir.kl.dk/term/CodeSystem/FBOE</code></a> where concept  descends from <a href="http://fhir.kl.dk/term/2.1.0/CodeSystem-FBOE.html#FBOE-6cbf8b19-5aff-4f6f-a7dc-9a411197bcff">6cbf8b19-5aff-4f6f-a7dc-9a411197bcff</a></li><li>Include codes from<a href="http://fhir.kl.dk/term/2.1.0/CodeSystem-FBOE.html"><code>http://fhir.kl.dk/term/CodeSystem/FBOE</code></a> where concept  descends from <a href="http://fhir.kl.dk/term/2.1.0/CodeSystem-FBOE.html#FBOE-5a45df21-d80c-4b41-9e5a-4896a519c6c6">5a45df21-d80c-4b41-9e5a-4896a519c6c6</a></li><li>Include codes from<a href="http://fhir.kl.dk/term/2.1.0/CodeSystem-FBOE.html"><code>http://fhir.kl.dk/term/CodeSystem/FBOE</code></a> where concept  descends from <a href="http://fhir.kl.dk/term/2.1.0/CodeSystem-FBOE.html#FBOE-76a96391-7b5a-4d29-8471-9b7d238cb9df">76a96391-7b5a-4d29-8471-9b7d238cb9df</a></li><li>Include codes from<a href="http://fhir.kl.dk/term/2.1.0/CodeSystem-FBOE.html"><code>http://fhir.kl.dk/term/CodeSystem/FBOE</code></a> where concept  descends from <a href="http://fhir.kl.dk/term/2.1.0/CodeSystem-FBOE.html#FBOE-3cd144c0-7b1e-4ca3-9f21-28f9c8918a74">3cd144c0-7b1e-4ca3-9f21-28f9c8918a74</a></li><li>Include codes from<a href="http://fhir.kl.dk/term/2.1.0/CodeSystem-FBOE.html"><code>http://fhir.kl.dk/term/CodeSystem/FBOE</code></a> where concept  descends from <a href="http://fhir.kl.dk/term/2.1.0/CodeSystem-FBOE.html#FBOE-52d1d013-4fdd-49b1-bba0-b7c00458852c">52d1d013-4fdd-49b1-bba0-b7c00458852c</a></li><li>Include codes from<a href="http://fhir.kl.dk/term/2.1.0/CodeSystem-FBOE.html"><code>http://fhir.kl.dk/term/CodeSystem/FBOE</code></a> where concept  descends from <a href="http://fhir.kl.dk/term/2.1.0/CodeSystem-FBOE.html#FBOE-b062a901-1364-4ed6-8d40-f4f14cfc737a">b062a901-1364-4ed6-8d40-f4f14cfc737a</a></li></ul></div></text><url value="http://fhir.kl.dk/children/ValueSet/KLHealthNurseInterventions"/><version value="2.0.1"/><name value="KLHealthNurseInterventions"/><title value="Sundhedsplejeindsatser"/><status value="active"/><experimental value="false"/><date value="2024-07-01T22:52:03+02:00"/><publisher value="Kommunernes Landsforening"/><contact><name value="Kommunernes Landsforening"/><telecom><system value="url"/><value value="http://kl.dk"/></telecom></contact><description value="Need based interventions used in municipality health nursing (sundhedsplejen)"/><compose><include><system value="http://fhir.kl.dk/term/CodeSystem/FBOE"/><filter><property value="concept"/><op value="descendent-of"/><value value="6cbf8b19-5aff-4f6f-a7dc-9a411197bcff"/></filter></include><include><system value="http://fhir.kl.dk/term/CodeSystem/FBOE"/><filter><property value="concept"/><op value="descendent-of"/><value value="5a45df21-d80c-4b41-9e5a-4896a519c6c6"/></filter></include><include><system value="http://fhir.kl.dk/term/CodeSystem/FBOE"/><filter><property value="concept"/><op value="descendent-of"/><value value="76a96391-7b5a-4d29-8471-9b7d238cb9df"/></filter></include><include><system value="http://fhir.kl.dk/term/CodeSystem/FBOE"/><filter><property value="concept"/><op value="descendent-of"/><value value="3cd144c0-7b1e-4ca3-9f21-28f9c8918a74"/></filter></include><include><system value="http://fhir.kl.dk/term/CodeSystem/FBOE"/><filter><property value="concept"/><op value="descendent-of"/><value value="52d1d013-4fdd-49b1-bba0-b7c00458852c"/></filter></include><include><system value="http://fhir.kl.dk/term/CodeSystem/FBOE"/><filter><property value="concept"/><op value="descendent-of"/><value value="b062a901-1364-4ed6-8d40-f4f14cfc737a"/></filter></include></compose></ValueSet>