<?xml version="1.0" encoding="UTF-8"?><ValueSet xmlns="http://hl7.org/fhir"><id value="HearingCodes"/><text><status value="extensions"/><div xmlns="http://www.w3.org/1999/xhtml"><p class="res-header-id"><b>Generated Narrative: ValueSet HearingCodes</b></p><a name="HearingCodes"> </a><a name="hcHearingCodes"> </a><a name="HearingCodes-en-US"> </a><ul><li>Include these codes as defined in <a href="http://fhir.kl.dk/term/2.2.0/CodeSystem-FBOE.html"><code>http://fhir.kl.dk/term/CodeSystem/FBOE</code></a><table class="none"><tr><td style="white-space:nowrap"><b>Code</b></td><td><b>Display</b></td><td><b>Definition</b></td></tr><tr><td><a href="http://fhir.kl.dk/term/2.2.0/CodeSystem-FBOE.html#FBOE-9628db65-7460-4ecc-bbb1-48c0ac4b3f02">9628db65-7460-4ecc-bbb1-48c0ac4b3f02</a></td><td style="color: #cccccc">Normal hørelse</td><td>Skolebørn: Screening viser intet problem med hørelse.</td></tr><tr><td><a href="http://fhir.kl.dk/term/2.2.0/CodeSystem-FBOE.html#FBOE-c4c79311-ba80-4890-9008-c2f62ab00eda">c4c79311-ba80-4890-9008-c2f62ab00eda</a></td><td style="color: #cccccc">Potentielt problem med hørelse</td><td>Skolebørn: Screening viser potentielt problem med hørelse. Barnets hørelse skal undersøges nærmere.</td></tr><tr><td><a href="http://fhir.kl.dk/term/2.2.0/CodeSystem-FBOE.html#FBOE-4d4b20b6-0159-4014-ac1c-46a7a860b204">4d4b20b6-0159-4014-ac1c-46a7a860b204</a></td><td style="color: #cccccc">Allerede kendt høreproblematik</td><td>Skolebørn: Barnet har en allerede kendt høreproblematik, som er identificeret ved tidligere undersøgelse(r) af barnets hørelse. Tidligere undersøgelser behøver ikke nødvendigvis at være foretaget af sundhedsplejen.</td></tr></table></li></ul></div></text><url value="http://fhir.kl.dk/children/ValueSet/HearingCodes"/><version value="2.1.0"/><name value="HearingCodes"/><title value="HørelseKoder"/><status value="active"/><experimental value="false"/><date value="2024-10-31T20:37:15+01:00"/><publisher value="Kommunernes Landsforening"/><contact><name value="Kommunernes Landsforening"/><telecom><system value="url"/><value value="http://kl.dk"/></telecom></contact><description value="Mandatory result values for hearning in school children"/><compose><include><system value="http://fhir.kl.dk/term/CodeSystem/FBOE"/><concept><code value="9628db65-7460-4ecc-bbb1-48c0ac4b3f02"/></concept><concept><code value="c4c79311-ba80-4890-9008-c2f62ab00eda"/></concept><concept><code value="4d4b20b6-0159-4014-ac1c-46a7a860b204"/></concept></include></compose></ValueSet>