{"resourceType":"CodeSystem","id":"CareSocialCodes","text":{"status":"generated","div":"<div xmlns=\"http://www.w3.org/1999/xhtml\"><p>This case-sensitive code system <code>http://fhir.kl.dk/term/CodeSystem/CareSocialCodes</code> defines the following codes in a Is-A hierarchy:</p><table class=\"codes\"><tr><td><b>Lvl</b></td><td style=\"white-space:nowrap\"><b>Code</b></td><td><b>Display</b></td><td><b>Definition</b></td></tr><tr><td>1</td><td style=\"white-space:nowrap\">95ec4535-8fe8-4296-867c-35de421794cf<a name=\"CareSocialCodes-95ec4535-8fe8-4296-867c-35de421794cf\"> </a></td><td>evaluering</td><td>evaluering</td></tr><tr><td>2</td><td style=\"white-space:nowrap\">\u00a0\u00a0effe55c7-572c-4a99-8fb4-2a9dda2f6572<a name=\"CareSocialCodes-effe55c7-572c-4a99-8fb4-2a9dda2f6572\"> </a></td><td>FFB støttebehovsvurdering</td><td>Angiver, hvor stort et behov borgeren har for hjælp og støtte.</td></tr><tr><td>2</td><td style=\"white-space:nowrap\">\u00a0\u00a0053a301d-1bb8-4cc4-b781-87825ecf0ef8<a name=\"CareSocialCodes-053a301d-1bb8-4cc4-b781-87825ecf0ef8\"> </a></td><td>FFB vurdering af borgers situation</td><td>Vurdering der sammenholder oplysninger fra udredning mhp en samlet faglig analyse og konklusion.</td></tr><tr><td>2</td><td style=\"white-space:nowrap\">\u00a0\u00a03f7a8ca0-afca-4b0d-8773-a99b5f2f8aaf<a name=\"CareSocialCodes-3f7a8ca0-afca-4b0d-8773-a99b5f2f8aaf\"> </a></td><td>VUM Borgerens perspektiv på indsatsen</td><td>VUM Borgerens perspektiv på indsatsen</td></tr><tr><td>2</td><td style=\"white-space:nowrap\">\u00a0\u00a0f52887de-023f-4193-b6b0-4b0a37b1cffc<a name=\"CareSocialCodes-f52887de-023f-4193-b6b0-4b0a37b1cffc\"> </a></td><td>VUM Borgerens ressourcer i forhold til indsatsen</td><td>VUM Borgerens ressourcer i forhold til indsatsen</td></tr><tr><td>2</td><td style=\"white-space:nowrap\">\u00a0\u00a054c4ffea-7caf-4edc-8aa9-ef6e0be26c4c<a name=\"CareSocialCodes-54c4ffea-7caf-4edc-8aa9-ef6e0be26c4c\"> </a></td><td>FSIII helhedsvurdering</td><td>Sagsvurdering, der sammenholder resultaterne af en myndighedsudredning og den øvrige sagsoplysning med henblik på at træffe en afgørelse</td></tr><tr><td>1</td><td style=\"white-space:nowrap\">7b41185e-eeb4-437d-8120-5d51bbd27a79<a name=\"CareSocialCodes-7b41185e-eeb4-437d-8120-5d51bbd27a79\"> </a></td><td>Indsats/ydelses-anmodning</td><td>Indsats/ydelses-anmodning</td></tr><tr><td>2</td><td style=\"white-space:nowrap\">\u00a0\u00a04a297733-4d66-4726-a933-590d55cf91e0<a name=\"CareSocialCodes-4a297733-4d66-4726-a933-590d55cf91e0\"> </a></td><td>Social indsats</td><td>Der anmodes om en social indsats</td></tr><tr><td>2</td><td style=\"white-space:nowrap\">\u00a0\u00a0ad865929-7363-4b2d-a271-01993181fbaf<a name=\"CareSocialCodes-ad865929-7363-4b2d-a271-01993181fbaf\"> </a></td><td>Kommunal pleje og omsorg</td><td>Der anmodes om kommunal pleje og omsorg fx hjemmepleje til ældre borger.</td></tr><tr><td>2</td><td style=\"white-space:nowrap\">\u00a0\u00a0490ab7be-ddb1-4a54-baf1-009fe6e8a83b<a name=\"CareSocialCodes-490ab7be-ddb1-4a54-baf1-009fe6e8a83b\"> </a></td><td>Kommunal sygepleje</td><td>Der anmodes om kommunal sygepleje.</td></tr><tr><td>2</td><td style=\"white-space:nowrap\">\u00a0\u00a0a71921ea-fe83-441d-933b-cc21d0b3c8c3<a name=\"CareSocialCodes-a71921ea-fe83-441d-933b-cc21d0b3c8c3\"> </a></td><td>Kommunal Sundhedsfremme og forebyggelse</td><td>Der anmodes om kommunal sundhedsfremme og forebyggelse efter SUL §119.</td></tr><tr><td>2</td><td style=\"white-space:nowrap\">\u00a0\u00a07fc66c15-0cb3-4c89-9e18-f3a01e6a6592<a name=\"CareSocialCodes-7fc66c15-0cb3-4c89-9e18-f3a01e6a6592\"> </a></td><td>Kommunal genoptræning efter sygehusophold</td><td>Der anmodes om kommunal genoptræning efter sygehusophold efter SUL §140.</td></tr><tr><td>2</td><td style=\"white-space:nowrap\">\u00a0\u00a0d267ac44-8d7f-43e9-8535-ab3da350649f<a name=\"CareSocialCodes-d267ac44-8d7f-43e9-8535-ab3da350649f\"> </a></td><td>Kommunalt hjælpemiddelområde</td><td>Der anmodes om hjælpemidler og lignende, der ligger indenfor det kommunale hjælpemiddelområde dvs § 112, § 113, § 114, § 116 i Serviceloven.</td></tr><tr><td>1</td><td style=\"white-space:nowrap\">b5731132-f6b9-4a47-995d-681d2b755d4f<a name=\"CareSocialCodes-b5731132-f6b9-4a47-995d-681d2b755d4f\"> </a></td><td>Kilde</td><td>Person der er kilde til oplysning eller vurdering</td></tr><tr><td>2</td><td style=\"white-space:nowrap\">\u00a0\u00a025b4e705-2e9a-47a2-b11a-c829316b9d3a<a name=\"CareSocialCodes-25b4e705-2e9a-47a2-b11a-c829316b9d3a\"> </a></td><td>Borger</td><td>Borger er kilde til oplysning eller vurdering</td></tr><tr><td>2</td><td style=\"white-space:nowrap\">\u00a0\u00a0f6ea2920-7dde-491e-a489-6b99a3904069<a name=\"CareSocialCodes-f6ea2920-7dde-491e-a489-6b99a3904069\"> </a></td><td>Sagsbehandler</td><td>Sagsbehandler er kilde til oplysning eller vurdering</td></tr><tr><td>2</td><td style=\"white-space:nowrap\">\u00a0\u00a0329774f9-7700-47cf-9c00-63765d9e8078<a name=\"CareSocialCodes-329774f9-7700-47cf-9c00-63765d9e8078\"> </a></td><td>Medarbejder og pårørende alene</td><td>En medarbejder og pårørende er sammen, men uden input fra borger, kilde til oplysning eller vurdering. Fx PUF spørgeskema i sundhedsplejen.</td></tr><tr><td>2</td><td style=\"white-space:nowrap\">\u00a0\u00a08fe80acb-2c2a-4f10-b2b8-ddb77d2f69dc<a name=\"CareSocialCodes-8fe80acb-2c2a-4f10-b2b8-ddb77d2f69dc\"> </a></td><td>Medarbejder alene</td><td>Medarbejderen er alene kilde til oplysning eller vurdering. Fx AIMS skema i sundhedsplejen.</td></tr><tr><td>2</td><td style=\"white-space:nowrap\">\u00a0\u00a012428e48-7df8-441f-9a89-d92bb7874066<a name=\"CareSocialCodes-12428e48-7df8-441f-9a89-d92bb7874066\"> </a></td><td>Borger støttet af medarbejder</td><td>Borger fik hjælp af en medarbejder til at komme med oplysninger eller vurderinger. Fx ældre borger der får hjælp til at udfylde WHO5 spørgeskema.</td></tr><tr><td>2</td><td style=\"white-space:nowrap\">\u00a0\u00a0b66dc78a-a673-43fc-8ac0-1e859ba626e0<a name=\"CareSocialCodes-b66dc78a-a673-43fc-8ac0-1e859ba626e0\"> </a></td><td>Borger støttet af pårørende</td><td>Borger fik hjælp af en pårørende til at komme med oplysninger eller vurderinger. Fx ældre borger der får hjælp til at udfylde WHO5 spørgeskema.</td></tr><tr><td>2</td><td style=\"white-space:nowrap\">\u00a0\u00a0166d2437-4e47-4a52-bd94-cdbe91086ca6<a name=\"CareSocialCodes-166d2437-4e47-4a52-bd94-cdbe91086ca6\"> </a></td><td>Pårørende alene</td><td>Pårørende er alene, uden input fra borger, kilde til oplysninger eller vuderderinger. Fx WHO 5 spørgeskema for svækket ældre borger udfyldt af datter.</td></tr><tr><td>2</td><td style=\"white-space:nowrap\">\u00a0\u00a063338442-7b2e-405b-acc0-142361ef19f1<a name=\"CareSocialCodes-63338442-7b2e-405b-acc0-142361ef19f1\"> </a></td><td>Andre</td><td>Andre end borger og sagsbehandler er kilde til oplysning eller vurdering. Fx læge, pårørende og udfører. Denne definition af andre, bruges kun på voksensocialområdet.</td></tr><tr><td>3</td><td style=\"white-space:nowrap\">\u00a0\u00a0\u00a0\u00a0f00a6844-1005-401d-965d-1c5859df7beb<a name=\"CareSocialCodes-f00a6844-1005-401d-965d-1c5859df7beb\"> </a></td><td>Udfører</td><td>Udfører er kilde til oplysning eller vurdering</td></tr><tr><td>1</td><td style=\"white-space:nowrap\">25303acd-dcaf-4a8e-a8a3-3961a43858aa<a name=\"CareSocialCodes-25303acd-dcaf-4a8e-a8a3-3961a43858aa\"> </a></td><td>kontaktaktivitet</td><td>aktivitet der foretages ved kommunal kontakt.</td></tr><tr><td>2</td><td style=\"white-space:nowrap\">\u00a0\u00a0bb6fc544-7f4f-4b50-8868-1431e0df2381<a name=\"CareSocialCodes-bb6fc544-7f4f-4b50-8868-1431e0df2381\"> </a></td><td>observation</td><td>observation foretaget ved kontakt</td></tr><tr><td>2</td><td style=\"white-space:nowrap\">\u00a0\u00a09f03dfbb-7a97-45a5-94db-d4c3501714a9<a name=\"CareSocialCodes-9f03dfbb-7a97-45a5-94db-d4c3501714a9\"> </a></td><td>opfølgning</td><td>opfølgning foretaget ved kontakt</td></tr><tr><td>2</td><td style=\"white-space:nowrap\">\u00a0\u00a0829ac647-c7fc-4964-836b-f708d886e0e3<a name=\"CareSocialCodes-829ac647-c7fc-4964-836b-f708d886e0e3\"> </a></td><td>oplysning</td><td>oplysning er foretaget ved kontakt</td></tr><tr><td>2</td><td style=\"white-space:nowrap\">\u00a0\u00a015775b0a-7ec6-469e-9d3c-a81fbc9a1b45<a name=\"CareSocialCodes-15775b0a-7ec6-469e-9d3c-a81fbc9a1b45\"> </a></td><td>udførelse af akutindsats</td><td>Akutindsats, bevilget af læge eller akutteam, udført ved kontakt</td></tr><tr><td>2</td><td style=\"white-space:nowrap\">\u00a0\u00a0c03b426a-4348-407f-b343-f4baa9759c72<a name=\"CareSocialCodes-c03b426a-4348-407f-b343-f4baa9759c72\"> </a></td><td>udførelse af ikke-bevilget indsats</td><td>Indsats, der ikke i forvejen var bevilget, udført ved kontakt</td></tr><tr><td>2</td><td style=\"white-space:nowrap\">\u00a0\u00a0784275f1-6822-4a88-b361-d958007d5253<a name=\"CareSocialCodes-784275f1-6822-4a88-b361-d958007d5253\"> </a></td><td>udførelse af planlagt indsats</td><td>Planlagt indsats udført ved kontakt</td></tr><tr><td>2</td><td style=\"white-space:nowrap\">\u00a0\u00a09269c9a2-8220-447b-a127-811275b41062<a name=\"CareSocialCodes-9269c9a2-8220-447b-a127-811275b41062\"> </a></td><td>vurdering/bevilling</td><td>vurdering og/eller bevilling er foretaget ved kontakt</td></tr><tr><td>1</td><td style=\"white-space:nowrap\">3762dd32-4123-43a8-815d-ec40d3697652<a name=\"CareSocialCodes-3762dd32-4123-43a8-815d-ec40d3697652\"> </a></td><td>indforståelse ifm henvendelse</td><td>indforståelse ifm henvendelse</td></tr><tr><td>2</td><td style=\"white-space:nowrap\">\u00a0\u00a054aeeba6-6aa2-4165-a5a8-bbd6f2f3b1eb<a name=\"CareSocialCodes-54aeeba6-6aa2-4165-a5a8-bbd6f2f3b1eb\"> </a></td><td>ikke indforstået</td><td>Borger ikke indforstået med henvendelse</td></tr><tr><td>2</td><td style=\"white-space:nowrap\">\u00a0\u00a0e67035da-9179-466b-99ad-ea86835d38c9<a name=\"CareSocialCodes-e67035da-9179-466b-99ad-ea86835d38c9\"> </a></td><td>indforstået</td><td>Borger indforstået med henvendelse</td></tr><tr><td>1</td><td style=\"white-space:nowrap\">253bbdc0-c4ca-4e77-9d3e-3a9e51281636<a name=\"CareSocialCodes-253bbdc0-c4ca-4e77-9d3e-3a9e51281636\"> </a></td><td>Mål/formål</td><td>Mål/formål</td></tr><tr><td>2</td><td style=\"white-space:nowrap\">\u00a0\u00a0416fe27d-3ccf-4390-8742-8b52a9d8dc78<a name=\"CareSocialCodes-416fe27d-3ccf-4390-8742-8b52a9d8dc78\"> </a></td><td>FFB borgers mål og ønsker</td><td>Borgers mål og ønsker som specificeret af FFB. Det er overordnet og er som udtrykt af borger</td></tr><tr><td>2</td><td style=\"white-space:nowrap\">\u00a0\u00a06746d4af-145a-4bfd-a672-05c0cf11b53b<a name=\"CareSocialCodes-6746d4af-145a-4bfd-a672-05c0cf11b53b\"> </a></td><td>FFB delmål</td><td>Delmål i FFB, ligger under indsatsmål, og er som udtrykt af udfører</td></tr><tr><td>2</td><td style=\"white-space:nowrap\">\u00a0\u00a00bb3daef-538d-45dc-b444-abdbcb63f6bc<a name=\"CareSocialCodes-0bb3daef-538d-45dc-b444-abdbcb63f6bc\"> </a></td><td>FFB indsatsmål</td><td>Indsatsmål i FFB - er de konkrete faglige mål der arbejdes med, og som er knyttet til tilstande og opfølgninger</td></tr><tr><td>2</td><td style=\"white-space:nowrap\">\u00a0\u00a0ca552020-6ed1-4cdc-b0d4-32697f1f27ad<a name=\"CareSocialCodes-ca552020-6ed1-4cdc-b0d4-32697f1f27ad\"> </a></td><td>FSIII tilstandsmål</td><td>Tilstandsmål som defineret af FSIII - ofte i form af en forventet tilstand</td></tr><tr><td>2</td><td style=\"white-space:nowrap\">\u00a0\u00a0424827b1-23aa-4848-962b-56ee47def560<a name=\"CareSocialCodes-424827b1-23aa-4848-962b-56ee47def560\"> </a></td><td>Indsatsformål</td><td>Det overordnede formål med hele indsatsen (Defineret af FFB men bruges også for FSIII)</td></tr><tr><td>2</td><td style=\"white-space:nowrap\">\u00a0\u00a0ffb9886b-d04e-46b1-9165-a400f91f822b<a name=\"CareSocialCodes-ffb9886b-d04e-46b1-9165-a400f91f822b\"> </a></td><td>Borgers ønsker og mål</td><td>Borgers ønsker og mål</td></tr><tr><td>1</td><td style=\"white-space:nowrap\">940f37e6-8a3d-483b-adac-be8af3268a5b<a name=\"CareSocialCodes-940f37e6-8a3d-483b-adac-be8af3268a5b\"> </a></td><td>oplysningsaktivitet</td><td>oplysningsaktivitet</td></tr><tr><td>2</td><td style=\"white-space:nowrap\">\u00a0\u00a095e787e0-5490-437d-ae4c-f3736644242f<a name=\"CareSocialCodes-95e787e0-5490-437d-ae4c-f3736644242f\"> </a></td><td>afklarende samtale §119, FSIII</td><td>udførelse af afklarende samtale vedr. sundhedsfremme og forebyggelse jævnfør FSIII</td></tr><tr><td>2</td><td style=\"white-space:nowrap\">\u00a0\u00a0e5a73b0e-a5d2-430e-931f-6156306ab00f<a name=\"CareSocialCodes-e5a73b0e-a5d2-430e-931f-6156306ab00f\"> </a></td><td>funktionsevnevurdering hjemmepleje, FSIII</td><td>udførelse af funktionsevnevurdering i hjemmeplejen jævnfør FSIII</td></tr><tr><td>2</td><td style=\"white-space:nowrap\">\u00a0\u00a0f8ebd11a-04f3-4aa0-9786-406e8896c84d<a name=\"CareSocialCodes-f8ebd11a-04f3-4aa0-9786-406e8896c84d\"> </a></td><td>socialfaglig udredning, VUM/FFB</td><td>udførelse af socialfaglig udredning som specificeret af VUM og FFB</td></tr><tr><td>2</td><td style=\"white-space:nowrap\">\u00a0\u00a047fd1468-89da-4803-9d7a-ecc039a30d92<a name=\"CareSocialCodes-47fd1468-89da-4803-9d7a-ecc039a30d92\"> </a></td><td>sygeplejefaglig udredning, FSIII</td><td>udførelse af sygeplejefaglig udredning jævnfør FSIII</td></tr><tr><td>2</td><td style=\"white-space:nowrap\">\u00a0\u00a00f0f223c-abe3-4720-aab8-c257679a0a4e<a name=\"CareSocialCodes-0f0f223c-abe3-4720-aab8-c257679a0a4e\"> </a></td><td>terapeutfaglig udredning, FSIII</td><td>udførelse af terapeutfaglig udredning jævnfør FSIII</td></tr><tr><td>2</td><td style=\"white-space:nowrap\">\u00a0\u00a0e70c66c0-a939-493b-8ea8-5b7e7b48ba1a<a name=\"CareSocialCodes-e70c66c0-a939-493b-8ea8-5b7e7b48ba1a\"> </a></td><td>generelle oplysninger, FSIII</td><td>indhentning af generelle oplysninger jævnfør FSIII</td></tr><tr><td>1</td><td style=\"white-space:nowrap\">10deb210-e7e1-4d56-9531-b9ff2102126e<a name=\"CareSocialCodes-10deb210-e7e1-4d56-9531-b9ff2102126e\"> </a></td><td>Planlagt indsatsforløb</td><td>Planlagt indsatsforløb</td></tr><tr><td>2</td><td style=\"white-space:nowrap\">\u00a0\u00a0e459386d-1474-4c31-89c5-c8bc7a25e3d4<a name=\"CareSocialCodes-e459386d-1474-4c31-89c5-c8bc7a25e3d4\"> </a></td><td>Social indsats</td><td>Det planlagte indsatsforløb er en social indsats, som defineret af FFB, med tilhørende ydelser, målgruppe og tilbud</td></tr><tr><td>2</td><td style=\"white-space:nowrap\">\u00a0\u00a04fd6c23a-6ff3-4251-ac37-3ca095027b5b<a name=\"CareSocialCodes-4fd6c23a-6ff3-4251-ac37-3ca095027b5b\"> </a></td><td>Kommunal Sundhedsfremme og forebyggelse</td><td>Det planlagte indsatsforløb vedrører sundhedsfremme og forebyggelse efter §119.</td></tr><tr><td>3</td><td style=\"white-space:nowrap\">\u00a0\u00a0\u00a0\u00a05c160c02-e858-4c1f-925a-71ed64844749<a name=\"CareSocialCodes-5c160c02-e858-4c1f-925a-71ed64844749\"> </a></td><td>Interventionsforløb efter §119</td><td>Et planlagt §119 indsatsforløb, som udelukkende indeholder interventioner, og som leveres samlet. Med interventioner menes indsatser, der søger at forbedre borgers tilstand. For §119 kunne et interventionsforløb fx være et KOL-træningshold der indeholder indsatserne fysisk træning og funktionstræning.</td></tr><tr><td>3</td><td style=\"white-space:nowrap\">\u00a0\u00a0\u00a0\u00a09791e55a-656f-47eb-8fd5-c4a06b0a4662<a name=\"CareSocialCodes-9791e55a-656f-47eb-8fd5-c4a06b0a4662\"> </a></td><td>Opfølgningsforløb efter §119</td><td>Planlagt indsatsforløb der består af opfølgningsindsatser. Anvendes hvis der i forvejen planlægges opfølgning ved flere forskellige lejligheder fx efter 2,4 og 6 måneder.</td></tr><tr><td>2</td><td style=\"white-space:nowrap\">\u00a0\u00a0ddd2f670-5ec7-4f9c-9a2c-aee25cb133bf<a name=\"CareSocialCodes-ddd2f670-5ec7-4f9c-9a2c-aee25cb133bf\"> </a></td><td>Kommunal genoptræning efter sygehusophold</td><td>Det planlagte indsatsforløb er genoptræning efter sundhedslovens §140.</td></tr><tr><td>3</td><td style=\"white-space:nowrap\">\u00a0\u00a0\u00a0\u00a0f15b2663-94d9-4d0c-a5de-d8bd8e1e4ebb<a name=\"CareSocialCodes-f15b2663-94d9-4d0c-a5de-d8bd8e1e4ebb\"> </a></td><td>Interventionsforløb efter §140</td><td>Et planlagt §140 indsatsforløb, som udelukkende indeholder interventioner, og som leveres samlet. Med interventioner menes indsatser, der søger at forbedre borgers tilstand. For §140 kunne et interventionsforløb fx være et Knæ-genoptræningshold der indeholder indsatserne fysisk træning, funktionstræning og vejledning og undervisning.</td></tr><tr><td>3</td><td style=\"white-space:nowrap\">\u00a0\u00a0\u00a0\u00a04863001e-14c7-4be8-a2da-e4f21a4b6ac4<a name=\"CareSocialCodes-4863001e-14c7-4be8-a2da-e4f21a4b6ac4\"> </a></td><td>Opfølgningsforløb efter §140</td><td>Planlagt indsatsforløb efter §140 der består af opfølgningsindsatser. Anvendes hvis der i forvejen planlægges opfølgning ved flere forskellige lejligheder fx efter 2,4 og 6 måneder.</td></tr><tr><td>1</td><td style=\"white-space:nowrap\">2c059407-fed5-4852-92d8-6bb5ad63d7bb<a name=\"CareSocialCodes-2c059407-fed5-4852-92d8-6bb5ad63d7bb\"> </a></td><td>Begrundelse for indsatsophør</td><td>Begrundelse for, at kommunale indsatser ophører</td></tr><tr><td>2</td><td style=\"white-space:nowrap\">\u00a0\u00a082e99421-31da-4915-96ed-168ccfa1d20c<a name=\"CareSocialCodes-82e99421-31da-4915-96ed-168ccfa1d20c\"> </a></td><td>Hændelse medfører ophør</td><td>Hændelse, som ikke er et aktivt fravalg eller en behovsvurdering medfører ophør. Det kan fx være en længere hospitalsindlæggelse, eller at borger flytter.</td></tr><tr><td>2</td><td style=\"white-space:nowrap\">\u00a0\u00a04bbf6d6a-a1c6-41c2-b8c1-7352b7378adf<a name=\"CareSocialCodes-4bbf6d6a-a1c6-41c2-b8c1-7352b7378adf\"> </a></td><td>Ikke yderligere behov (borger-vurderet)</td><td>Borger vurderer, at han/hun ikke har yderligere behov og afslutter derfor før tid</td></tr><tr><td>2</td><td style=\"white-space:nowrap\">\u00a0\u00a0a63b6aa6-7d56-4e67-a5b3-d73f6d262af5<a name=\"CareSocialCodes-a63b6aa6-7d56-4e67-a5b3-d73f6d262af5\"> </a></td><td>Ikke yderligere behov (fagperson-vurderet)</td><td>Fagperson vurderer, at borger ikke har yderligere behov og afslutter derfor før tid</td></tr><tr><td>2</td><td style=\"white-space:nowrap\">\u00a0\u00a03a5a72b7-addf-4857-b80c-04e4246e3072<a name=\"CareSocialCodes-3a5a72b7-addf-4857-b80c-04e4246e3072\"> </a></td><td>Aktivt fravalg</td><td>Borger har behov, men har foretaget et aktivt fravalg</td></tr><tr><td>3</td><td style=\"white-space:nowrap\">\u00a0\u00a0\u00a0\u00a00cd5734d-b663-47c6-a3da-6b14a937d144<a name=\"CareSocialCodes-0cd5734d-b663-47c6-a3da-6b14a937d144\"> </a></td><td>Aktivt fravalg pga. anden sygdom</td><td>Borger har behov, men har foretaget et aktivt fravalg pga. anden sygdom</td></tr><tr><td>3</td><td style=\"white-space:nowrap\">\u00a0\u00a0\u00a0\u00a08371b769-4bfb-4ac8-b130-d91c54784a56<a name=\"CareSocialCodes-8371b769-4bfb-4ac8-b130-d91c54784a56\"> </a></td><td>Aktivt fravalg pga. logistik ifm. transport</td><td>Borger har behov, men har foretaget et aktivt fravalg pga. den logistiske udfordring det er mht. transport, at nå frem til det sted indsatsen tilbydes</td></tr><tr><td>3</td><td style=\"white-space:nowrap\">\u00a0\u00a0\u00a0\u00a0a3f2bd01-078b-486e-81be-797d192ad7bd<a name=\"CareSocialCodes-a3f2bd01-078b-486e-81be-797d192ad7bd\"> </a></td><td>Aktivt fravalg pga. anden træning</td><td>Borger har behov, men har foretaget et aktivt fravalg fordi han/hun er påbegyndt træning i andet regi fx fitnesscenter</td></tr><tr><td>3</td><td style=\"white-space:nowrap\">\u00a0\u00a0\u00a0\u00a0f8436c2e-af1c-44fe-939d-473b518dd01d<a name=\"CareSocialCodes-f8436c2e-af1c-44fe-939d-473b518dd01d\"> </a></td><td>Aktivt fravalg pga. økonomi ifm. transport</td><td>Borger har behov, men har foretaget et aktivt fravalg pga. den omkostning der er forbundet med transport til det sted indsatsen tilbydes</td></tr><tr><td>1</td><td style=\"white-space:nowrap\">3f79cee2-b148-4f2c-9cbd-387820e74685<a name=\"CareSocialCodes-3f79cee2-b148-4f2c-9cbd-387820e74685\"> </a></td><td>Leveringstype</td><td>Om der leveres individuelt eller gruppebaseret</td></tr><tr><td>2</td><td style=\"white-space:nowrap\">\u00a0\u00a02865f123-15a7-4a36-a514-32ea37c400ca<a name=\"CareSocialCodes-2865f123-15a7-4a36-a514-32ea37c400ca\"> </a></td><td>Gruppebaseret indsats</td><td>Indsats leveres i gruppe</td></tr><tr><td>2</td><td style=\"white-space:nowrap\">\u00a0\u00a08d12d74c-17da-47a7-a4fe-e69dbaec0a8c<a name=\"CareSocialCodes-8d12d74c-17da-47a7-a4fe-e69dbaec0a8c\"> </a></td><td>Individuel indsats</td><td>Indsats leveres individuelt</td></tr><tr><td>1</td><td style=\"white-space:nowrap\">bf469e95-f9e3-45c7-bf15-ab7e8a85236f<a name=\"CareSocialCodes-bf469e95-f9e3-45c7-bf15-ab7e8a85236f\"> </a></td><td>Kontaktklasse</td><td>Type af kontakt. Beskriver leveringsmetode.</td></tr><tr><td>2</td><td style=\"white-space:nowrap\">\u00a0\u00a01b55a4b0-1156-4f58-b2df-b5c6014d9048<a name=\"CareSocialCodes-1b55a4b0-1156-4f58-b2df-b5c6014d9048\"> </a></td><td>Telefonisk</td><td>Kontakten er foregået per telefon.</td></tr><tr><td>2</td><td style=\"white-space:nowrap\">\u00a0\u00a0124be95d-6924-4609-9d2a-e7c73ae3ab3d<a name=\"CareSocialCodes-124be95d-6924-4609-9d2a-e7c73ae3ab3d\"> </a></td><td>Skærmbesøg</td><td>Kontakten er foregået via skærm med mulighed for tændt kamera, så parterne har haft mulighed for at interagere ansigt til ansigt, og fremvise ting.</td></tr><tr><td>1</td><td style=\"white-space:nowrap\">11266a8f-5795-42ab-88ec-4fe5c6c28e80<a name=\"CareSocialCodes-11266a8f-5795-42ab-88ec-4fe5c6c28e80\"> </a></td><td>Målfokus</td><td>Målfokus</td></tr><tr><td>2</td><td style=\"white-space:nowrap\">\u00a0\u00a066959f77-6e2a-4574-8423-3ff097f8b9fa<a name=\"CareSocialCodes-66959f77-6e2a-4574-8423-3ff097f8b9fa\"> </a></td><td>funktionsevneniveau</td><td>målet udtrykkes i form af et funktionsevneniveau, som kan være et FFB funktionsevneniveau eller FSIII tilstandsniveau</td></tr><tr><td>2</td><td style=\"white-space:nowrap\">\u00a0\u00a090c48f03-f194-4b2f-ad7d-6cba1069ae48<a name=\"CareSocialCodes-90c48f03-f194-4b2f-ad7d-6cba1069ae48\"> </a></td><td>måltype</td><td>målet udtrykkes i form af en måltype, måltypen er den forventede ændring i tilstanden givet indsatsen</td></tr></table></div>"},"url":"http://fhir.kl.dk/term/CodeSystem/CareSocialCodes","version":"2.0.0","name":"CareSocialCodes","title":"CareSocialCodes","status":"active","experimental":false,"date":"2024-06-04T14:56:17+02:00","publisher":"Kommunernes Landsforening","contact":[{"name":"Kommunernes Landsforening","telecom":[{"system":"url","value":"http://kl.dk"}]}],"description":"Administrative/technical codes in Local Govenment Denmark (KL), associated with common use cases across areas or kl-core","caseSensitive":true,"hierarchyMeaning":"is-a","content":"complete","concept":[{"code":"95ec4535-8fe8-4296-867c-35de421794cf","display":"evaluering","definition":"evaluering","concept":[{"code":"effe55c7-572c-4a99-8fb4-2a9dda2f6572","display":"FFB støttebehovsvurdering","definition":"Angiver, hvor stort et behov borgeren har for hjælp og støtte."},{"code":"053a301d-1bb8-4cc4-b781-87825ecf0ef8","display":"FFB vurdering af borgers situation","definition":"Vurdering der sammenholder oplysninger fra udredning mhp en samlet faglig analyse og konklusion."},{"code":"3f7a8ca0-afca-4b0d-8773-a99b5f2f8aaf","display":"VUM Borgerens perspektiv på indsatsen","definition":"VUM Borgerens perspektiv på indsatsen"},{"code":"f52887de-023f-4193-b6b0-4b0a37b1cffc","display":"VUM Borgerens ressourcer i forhold til indsatsen","definition":"VUM Borgerens ressourcer i forhold til indsatsen"},{"code":"54c4ffea-7caf-4edc-8aa9-ef6e0be26c4c","display":"FSIII helhedsvurdering","definition":"Sagsvurdering, der sammenholder resultaterne af en myndighedsudredning og den øvrige sagsoplysning med henblik på at træffe en afgørelse"}]},{"code":"7b41185e-eeb4-437d-8120-5d51bbd27a79","display":"Indsats/ydelses-anmodning","definition":"Indsats/ydelses-anmodning","concept":[{"code":"4a297733-4d66-4726-a933-590d55cf91e0","display":"Social indsats","definition":"Der anmodes om en social indsats"},{"code":"ad865929-7363-4b2d-a271-01993181fbaf","display":"Kommunal pleje og omsorg","definition":"Der anmodes om kommunal pleje og omsorg fx hjemmepleje til ældre borger."},{"code":"490ab7be-ddb1-4a54-baf1-009fe6e8a83b","display":"Kommunal sygepleje","definition":"Der anmodes om kommunal sygepleje."},{"code":"a71921ea-fe83-441d-933b-cc21d0b3c8c3","display":"Kommunal Sundhedsfremme og forebyggelse","definition":"Der anmodes om kommunal sundhedsfremme og forebyggelse efter SUL §119."},{"code":"7fc66c15-0cb3-4c89-9e18-f3a01e6a6592","display":"Kommunal genoptræning efter sygehusophold","definition":"Der anmodes om kommunal genoptræning efter sygehusophold efter SUL §140."},{"code":"d267ac44-8d7f-43e9-8535-ab3da350649f","display":"Kommunalt hjælpemiddelområde","definition":"Der anmodes om hjælpemidler og lignende, der ligger indenfor det kommunale hjælpemiddelområde dvs § 112, § 113, § 114, § 116 i Serviceloven."}]},{"code":"b5731132-f6b9-4a47-995d-681d2b755d4f","display":"Kilde","definition":"Person der er kilde til oplysning eller vurdering","concept":[{"code":"25b4e705-2e9a-47a2-b11a-c829316b9d3a","display":"Borger","definition":"Borger er kilde til oplysning eller vurdering"},{"code":"f6ea2920-7dde-491e-a489-6b99a3904069","display":"Sagsbehandler","definition":"Sagsbehandler er kilde til oplysning eller vurdering"},{"code":"329774f9-7700-47cf-9c00-63765d9e8078","display":"Medarbejder og pårørende alene","definition":"En medarbejder og pårørende er sammen, men uden input fra borger, kilde til oplysning eller vurdering. Fx PUF spørgeskema i sundhedsplejen."},{"code":"8fe80acb-2c2a-4f10-b2b8-ddb77d2f69dc","display":"Medarbejder alene","definition":"Medarbejderen er alene kilde til oplysning eller vurdering. Fx AIMS skema i sundhedsplejen."},{"code":"12428e48-7df8-441f-9a89-d92bb7874066","display":"Borger støttet af medarbejder","definition":"Borger fik hjælp af en medarbejder til at komme med oplysninger eller vurderinger. Fx ældre borger der får hjælp til at udfylde WHO5 spørgeskema."},{"code":"b66dc78a-a673-43fc-8ac0-1e859ba626e0","display":"Borger støttet af pårørende","definition":"Borger fik hjælp af en pårørende til at komme med oplysninger eller vurderinger. Fx ældre borger der får hjælp til at udfylde WHO5 spørgeskema."},{"code":"166d2437-4e47-4a52-bd94-cdbe91086ca6","display":"Pårørende alene","definition":"Pårørende er alene, uden input fra borger, kilde til oplysninger eller vuderderinger. Fx WHO 5 spørgeskema for svækket ældre borger udfyldt af datter."},{"code":"63338442-7b2e-405b-acc0-142361ef19f1","display":"Andre","definition":"Andre end borger og sagsbehandler er kilde til oplysning eller vurdering. Fx læge, pårørende og udfører. Denne definition af andre, bruges kun på voksensocialområdet.","concept":[{"code":"f00a6844-1005-401d-965d-1c5859df7beb","display":"Udfører","definition":"Udfører er kilde til oplysning eller vurdering"}]}]},{"code":"25303acd-dcaf-4a8e-a8a3-3961a43858aa","display":"kontaktaktivitet","definition":"aktivitet der foretages ved kommunal kontakt.","concept":[{"code":"bb6fc544-7f4f-4b50-8868-1431e0df2381","display":"observation","definition":"observation foretaget ved kontakt"},{"code":"9f03dfbb-7a97-45a5-94db-d4c3501714a9","display":"opfølgning","definition":"opfølgning foretaget ved kontakt"},{"code":"829ac647-c7fc-4964-836b-f708d886e0e3","display":"oplysning","definition":"oplysning er foretaget ved kontakt"},{"code":"15775b0a-7ec6-469e-9d3c-a81fbc9a1b45","display":"udførelse af akutindsats","definition":"Akutindsats, bevilget af læge eller akutteam, udført ved kontakt"},{"code":"c03b426a-4348-407f-b343-f4baa9759c72","display":"udførelse af ikke-bevilget indsats","definition":"Indsats, der ikke i forvejen var bevilget, udført ved kontakt"},{"code":"784275f1-6822-4a88-b361-d958007d5253","display":"udførelse af planlagt indsats","definition":"Planlagt indsats udført ved kontakt"},{"code":"9269c9a2-8220-447b-a127-811275b41062","display":"vurdering/bevilling","definition":"vurdering og/eller bevilling er foretaget ved kontakt"}]},{"code":"3762dd32-4123-43a8-815d-ec40d3697652","display":"indforståelse ifm henvendelse","definition":"indforståelse ifm henvendelse","concept":[{"code":"54aeeba6-6aa2-4165-a5a8-bbd6f2f3b1eb","display":"ikke indforstået","definition":"Borger ikke indforstået med henvendelse"},{"code":"e67035da-9179-466b-99ad-ea86835d38c9","display":"indforstået","definition":"Borger indforstået med henvendelse"}]},{"code":"253bbdc0-c4ca-4e77-9d3e-3a9e51281636","display":"Mål/formål","definition":"Mål/formål","concept":[{"code":"416fe27d-3ccf-4390-8742-8b52a9d8dc78","display":"FFB borgers mål og ønsker","definition":"Borgers mål og ønsker som specificeret af FFB. Det er overordnet og er som udtrykt af borger"},{"code":"6746d4af-145a-4bfd-a672-05c0cf11b53b","display":"FFB delmål","definition":"Delmål i FFB, ligger under indsatsmål, og er som udtrykt af udfører"},{"code":"0bb3daef-538d-45dc-b444-abdbcb63f6bc","display":"FFB indsatsmål","definition":"Indsatsmål i FFB - er de konkrete faglige mål der arbejdes med, og som er knyttet til tilstande og opfølgninger"},{"code":"ca552020-6ed1-4cdc-b0d4-32697f1f27ad","display":"FSIII tilstandsmål","definition":"Tilstandsmål som defineret af FSIII - ofte i form af en forventet tilstand"},{"code":"424827b1-23aa-4848-962b-56ee47def560","display":"Indsatsformål","definition":"Det overordnede formål med hele indsatsen (Defineret af FFB men bruges også for FSIII)"},{"code":"ffb9886b-d04e-46b1-9165-a400f91f822b","display":"Borgers ønsker og mål","definition":"Borgers ønsker og mål"}]},{"code":"940f37e6-8a3d-483b-adac-be8af3268a5b","display":"oplysningsaktivitet","definition":"oplysningsaktivitet","concept":[{"code":"95e787e0-5490-437d-ae4c-f3736644242f","display":"afklarende samtale §119, FSIII","definition":"udførelse af afklarende samtale vedr. sundhedsfremme og forebyggelse jævnfør FSIII"},{"code":"e5a73b0e-a5d2-430e-931f-6156306ab00f","display":"funktionsevnevurdering hjemmepleje, FSIII","definition":"udførelse af funktionsevnevurdering i hjemmeplejen jævnfør FSIII"},{"code":"f8ebd11a-04f3-4aa0-9786-406e8896c84d","display":"socialfaglig udredning, VUM/FFB","definition":"udførelse af socialfaglig udredning som specificeret af VUM og FFB"},{"code":"47fd1468-89da-4803-9d7a-ecc039a30d92","display":"sygeplejefaglig udredning, FSIII","definition":"udførelse af sygeplejefaglig udredning jævnfør FSIII"},{"code":"0f0f223c-abe3-4720-aab8-c257679a0a4e","display":"terapeutfaglig udredning, FSIII","definition":"udførelse af terapeutfaglig udredning jævnfør FSIII"},{"code":"e70c66c0-a939-493b-8ea8-5b7e7b48ba1a","display":"generelle oplysninger, FSIII","definition":"indhentning af generelle oplysninger jævnfør FSIII"}]},{"code":"10deb210-e7e1-4d56-9531-b9ff2102126e","display":"Planlagt indsatsforløb","definition":"Planlagt indsatsforløb","concept":[{"code":"e459386d-1474-4c31-89c5-c8bc7a25e3d4","display":"Social indsats","definition":"Det planlagte indsatsforløb er en social indsats, som defineret af FFB, med tilhørende ydelser, målgruppe og tilbud"},{"code":"4fd6c23a-6ff3-4251-ac37-3ca095027b5b","display":"Kommunal Sundhedsfremme og forebyggelse","definition":"Det planlagte indsatsforløb vedrører sundhedsfremme og forebyggelse efter §119.","concept":[{"code":"5c160c02-e858-4c1f-925a-71ed64844749","display":"Interventionsforløb efter §119","definition":"Et planlagt §119 indsatsforløb, som udelukkende indeholder interventioner, og som leveres samlet. Med interventioner menes indsatser, der søger at forbedre borgers tilstand. For §119 kunne et interventionsforløb fx være et KOL-træningshold der indeholder indsatserne fysisk træning og funktionstræning."},{"code":"9791e55a-656f-47eb-8fd5-c4a06b0a4662","display":"Opfølgningsforløb efter §119","definition":"Planlagt indsatsforløb der består af opfølgningsindsatser. Anvendes hvis der i forvejen planlægges opfølgning ved flere forskellige lejligheder fx efter 2,4 og 6 måneder."}]},{"code":"ddd2f670-5ec7-4f9c-9a2c-aee25cb133bf","display":"Kommunal genoptræning efter sygehusophold","definition":"Det planlagte indsatsforløb er genoptræning efter sundhedslovens §140.","concept":[{"code":"f15b2663-94d9-4d0c-a5de-d8bd8e1e4ebb","display":"Interventionsforløb efter §140","definition":"Et planlagt §140 indsatsforløb, som udelukkende indeholder interventioner, og som leveres samlet. Med interventioner menes indsatser, der søger at forbedre borgers tilstand. For §140 kunne et interventionsforløb fx være et Knæ-genoptræningshold der indeholder indsatserne fysisk træning, funktionstræning og vejledning og undervisning."},{"code":"4863001e-14c7-4be8-a2da-e4f21a4b6ac4","display":"Opfølgningsforløb efter §140","definition":"Planlagt indsatsforløb efter §140 der består af opfølgningsindsatser. Anvendes hvis der i forvejen planlægges opfølgning ved flere forskellige lejligheder fx efter 2,4 og 6 måneder."}]}]},{"code":"2c059407-fed5-4852-92d8-6bb5ad63d7bb","display":"Begrundelse for indsatsophør","definition":"Begrundelse for, at kommunale indsatser ophører","concept":[{"code":"82e99421-31da-4915-96ed-168ccfa1d20c","display":"Hændelse medfører ophør","definition":"Hændelse, som ikke er et aktivt fravalg eller en behovsvurdering medfører ophør. Det kan fx være en længere hospitalsindlæggelse, eller at borger flytter."},{"code":"4bbf6d6a-a1c6-41c2-b8c1-7352b7378adf","display":"Ikke yderligere behov (borger-vurderet)","definition":"Borger vurderer, at han/hun ikke har yderligere behov og afslutter derfor før tid"},{"code":"a63b6aa6-7d56-4e67-a5b3-d73f6d262af5","display":"Ikke yderligere behov (fagperson-vurderet)","definition":"Fagperson vurderer, at borger ikke har yderligere behov og afslutter derfor før tid"},{"code":"3a5a72b7-addf-4857-b80c-04e4246e3072","display":"Aktivt fravalg","definition":"Borger har behov, men har foretaget et aktivt fravalg","concept":[{"code":"0cd5734d-b663-47c6-a3da-6b14a937d144","display":"Aktivt fravalg pga. anden sygdom","definition":"Borger har behov, men har foretaget et aktivt fravalg pga. anden sygdom"},{"code":"8371b769-4bfb-4ac8-b130-d91c54784a56","display":"Aktivt fravalg pga. logistik ifm. transport","definition":"Borger har behov, men har foretaget et aktivt fravalg pga. den logistiske udfordring det er mht. transport, at nå frem til det sted indsatsen tilbydes"},{"code":"a3f2bd01-078b-486e-81be-797d192ad7bd","display":"Aktivt fravalg pga. anden træning","definition":"Borger har behov, men har foretaget et aktivt fravalg fordi han/hun er påbegyndt træning i andet regi fx fitnesscenter"},{"code":"f8436c2e-af1c-44fe-939d-473b518dd01d","display":"Aktivt fravalg pga. økonomi ifm. transport","definition":"Borger har behov, men har foretaget et aktivt fravalg pga. den omkostning der er forbundet med transport til det sted indsatsen tilbydes"}]}]},{"code":"3f79cee2-b148-4f2c-9cbd-387820e74685","display":"Leveringstype","definition":"Om der leveres individuelt eller gruppebaseret","concept":[{"code":"2865f123-15a7-4a36-a514-32ea37c400ca","display":"Gruppebaseret indsats","definition":"Indsats leveres i gruppe"},{"code":"8d12d74c-17da-47a7-a4fe-e69dbaec0a8c","display":"Individuel indsats","definition":"Indsats leveres individuelt"}]},{"code":"bf469e95-f9e3-45c7-bf15-ab7e8a85236f","display":"Kontaktklasse","definition":"Type af kontakt. Beskriver leveringsmetode.","concept":[{"code":"1b55a4b0-1156-4f58-b2df-b5c6014d9048","display":"Telefonisk","definition":"Kontakten er foregået per telefon."},{"code":"124be95d-6924-4609-9d2a-e7c73ae3ab3d","display":"Skærmbesøg","definition":"Kontakten er foregået via skærm med mulighed for tændt kamera, så parterne har haft mulighed for at interagere ansigt til ansigt, og fremvise ting."}]},{"code":"11266a8f-5795-42ab-88ec-4fe5c6c28e80","display":"Målfokus","definition":"Målfokus","concept":[{"code":"66959f77-6e2a-4574-8423-3ff097f8b9fa","display":"funktionsevneniveau","definition":"målet udtrykkes i form af et funktionsevneniveau, som kan være et FFB funktionsevneniveau eller FSIII tilstandsniveau"},{"code":"90c48f03-f194-4b2f-ad7d-6cba1069ae48","display":"måltype","definition":"målet udtrykkes i form af en måltype, måltypen er den forventede ændring i tilstanden givet indsatsen"}]}]}