{"resourceType":"ValueSet","id":"KLInterventions","text":{"status":"generated","div":"<div xmlns=\"http://www.w3.org/1999/xhtml\"><p>This value set includes codes based on the following rules:</p><ul><li>Import all the codes that are contained in <a href=\"ValueSet-KLNursingInterventionsFSIII.html\">KLSygeplejeIndsatserFSIII</a></li><li>Import all the codes that are contained in <a href=\"ValueSet-KLHomeCareInterventionsFSIII.html\">KLHjemmeplejeIndsatserFSIII</a></li><li>Import all the codes that are contained in <a href=\"ValueSet-KLTrainingInterventionsFSIII.html\">KLTræningIndsatserFSIII</a></li><li>Import all the codes that are contained in <a href=\"ValueSet-KLPreventionInterventionsFSIII.html\">KLForebyggelseIndsatserFSIII</a></li><li>Import all the codes that are contained in <a href=\"ValueSet-KLInterventionsFFB.html\">KLYdelserFFB</a></li></ul></div>"},"url":"http://fhir.kl.dk/term/ValueSet/KLInterventions","version":"2.0.0","name":"KLInterventions","title":"KLIndsatser","status":"active","experimental":false,"date":"2024-06-01T22:19:27+02:00","publisher":"Kommunernes Landsforening","contact":[{"name":"Kommunernes Landsforening","telecom":[{"system":"url","value":"http://kl.dk"}]}],"description":"Interventions as described by FSIII and FFB","compose":{"include":[{"valueSet":["http://fhir.kl.dk/term/ValueSet/KLNursingInterventionsFSIII"]},{"valueSet":["http://fhir.kl.dk/term/ValueSet/KLHomeCareInterventionsFSIII"]},{"valueSet":["http://fhir.kl.dk/term/ValueSet/KLTrainingInterventionsFSIII"]},{"valueSet":["http://fhir.kl.dk/term/ValueSet/KLPreventionInterventionsFSIII"]},{"valueSet":["http://fhir.kl.dk/term/ValueSet/KLInterventionsFFB"]}]}}