{
  "resourceType" : "ValueSet",
  "id" : "a0cfea30-15e6-4f63-9199-8e847b395a15-21",
  "url" : "http://hl7.org/fhir/comparison/ValueSet/a0cfea30-15e6-4f63-9199-8e847b395a15-21",
  "name" : "IntersectionCancellationTypesAndCancellationTypes",
  "title" : "Intersection of CancellationTypes And CancellationTypes",
  "status" : "active",
  "date" : "2024-06-13T16:58:50+02:00",
  "compose" : {
    "include" : [{
      "filter" : [{
        "property" : "concept",
        "op" : "descendent-of",
        "value" : "2c059407-fed5-4852-92d8-6bb5ad63d7bb"
      }]
    }]
  }
}