{
  "resourceType" : "ValueSet",
  "id" : "a0cfea30-15e6-4f63-9199-8e847b395a15-50",
  "url" : "http://hl7.org/fhir/comparison/ValueSet/a0cfea30-15e6-4f63-9199-8e847b395a15-50",
  "name" : "UnionKLConditionCodesFFBAndKLConditionCodesFFB",
  "title" : "Union of KLTilstandKoderFFB And KLTilstandKoderFFB",
  "status" : "active",
  "date" : "2024-06-13T16:58:50+02:00",
  "compose" : {
    "include" : [{
      "valueSet" : ["http://fhir.kl.dk/term/ValueSet/KLConditionFFCodesFFB"]
    },
    {
      "valueSet" : ["http://fhir.kl.dk/term/ValueSet/KLConditionADCodesFFB"]
    },
    {
      "valueSet" : ["http://fhir.kl.dk/term/ValueSet/KLConditionOCodesFFB"]
    }]
  }
}