{
  "resourceType" : "ValueSet",
  "id" : "a0cfea30-15e6-4f63-9199-8e847b395a15-105",
  "url" : "http://hl7.org/fhir/comparison/ValueSet/a0cfea30-15e6-4f63-9199-8e847b395a15-105",
  "name" : "IntersectionKLHomeCareAreasFSIIIAndKLHomeCareAreasFSIII",
  "title" : "Intersection of KLHjemmeplejeOmråderFSIII And KLHjemmeplejeOmråderFSIII",
  "status" : "active",
  "date" : "2024-06-13T16:58:50+02:00",
  "compose" : {
    "include" : [{
      "concept" : [{
        "code" : "43c2b7f0-5e55-4627-8fcf-bdaf5a9d84ac"
      },
      {
        "code" : "86b53158-6d05-412e-ad55-2e1fa26359b3"
      },
      {
        "code" : "1c850a09-aa49-4fae-9354-f932f13e030b"
      },
      {
        "code" : "462f9352-0129-4d8e-8c75-a6dfed78ddcf"
      },
      {
        "code" : "4571f168-a92a-4caf-8dc8-35f45c2a1cb4"
      },
      {
        "code" : "J1"
      },
      {
        "code" : "J5"
      },
      {
        "code" : "J2"
      },
      {
        "code" : "J3"
      },
      {
        "code" : "J4"
      }]
    }]
  }
}