{
  "resourceType" : "ValueSet",
  "id" : "a0cfea30-15e6-4f63-9199-8e847b395a15-29",
  "url" : "http://hl7.org/fhir/comparison/ValueSet/a0cfea30-15e6-4f63-9199-8e847b395a15-29",
  "name" : "UnionKLChangeValueCodesFFBAndKLChangeValueCodesFFB",
  "title" : "Union of KLMåltypekoderFFB And KLMåltypekoderFFB",
  "status" : "active",
  "date" : "2024-06-13T16:58:50+02:00",
  "compose" : {
    "include" : [{
      "filter" : [{
        "property" : "concept",
        "op" : "descendent-of",
        "value" : "b5257b2d-0fbf-4d00-bf38-d298c8568116"
      }]
    }]
  }
}