{
  "resourceType" : "ValueSet",
  "id" : "a0cfea30-15e6-4f63-9199-8e847b395a15-53",
  "url" : "http://hl7.org/fhir/comparison/ValueSet/a0cfea30-15e6-4f63-9199-8e847b395a15-53",
  "name" : "UnionKLConditionCodesFSIIIAndKLConditionCodesFSIII",
  "title" : "Union of KLTilstandKoderFSIII And KLTilstandKoderFSIII",
  "status" : "active",
  "date" : "2024-06-13T16:58:50+02:00",
  "compose" : {
    "include" : [{
      "valueSet" : ["http://fhir.kl.dk/term/ValueSet/KLConditionCodesHomeCare"]
    },
    {
      "valueSet" : ["http://fhir.kl.dk/term/ValueSet/KLConditionCodesNursing"]
    },
    {
      "valueSet" : ["http://fhir.kl.dk/term/ValueSet/KLConditionCodesTheraphy"]
    },
    {
      "valueSet" : ["http://fhir.kl.dk/term/ValueSet/KLConditionCodesPrevention"]
    }]
  }
}