{
  "resourceType" : "ValueSet",
  "id" : "a0cfea30-15e6-4f63-9199-8e847b395a15-93",
  "url" : "http://hl7.org/fhir/comparison/ValueSet/a0cfea30-15e6-4f63-9199-8e847b395a15-93",
  "name" : "IntersectionKLFollowUpCodesFFBAndKLFollowUpCodesFFB",
  "title" : "Intersection of KLOpfølgningKoderFFB And KLOpfølgningKoderFFB",
  "status" : "active",
  "date" : "2024-06-13T16:58:50+02:00",
  "compose" : {
    "include" : [{
      "filter" : [{
        "property" : "concept",
        "op" : "descendent-of",
        "value" : "90479ffa-bf46-4b3a-a172-91f2798e2a43"
      }]
    }]
  }
}