{
  "resourceType" : "ValueSet",
  "id" : "a0cfea30-15e6-4f63-9199-8e847b395a15-83",
  "url" : "http://hl7.org/fhir/comparison/ValueSet/a0cfea30-15e6-4f63-9199-8e847b395a15-83",
  "name" : "UnionKLEvaluationTypeCodesAndKLEvaluationTypeCodes",
  "title" : "Union of KLVurderingTypekoder And KLVurderingTypekoder",
  "status" : "active",
  "date" : "2024-06-13T16:58:50+02:00",
  "compose" : {
    "include" : [{
      "filter" : [{
        "property" : "concept",
        "op" : "descendent-of",
        "value" : "95ec4535-8fe8-4296-867c-35de421794cf"
      }]
    }]
  }
}