{
  "resourceType" : "ValueSet",
  "id" : "a0cfea30-15e6-4f63-9199-8e847b395a15-35",
  "url" : "http://hl7.org/fhir/comparison/ValueSet/a0cfea30-15e6-4f63-9199-8e847b395a15-35",
  "name" : "UnionKLCitizenObservationCodesFSIIIAndKLCitizenObservationCodesFSIII",
  "title" : "Union of KLBorgervurderingsObservationskoderFSIII And KLBorgervurderingsObservationskoderFSIII",
  "status" : "active",
  "date" : "2024-06-13T16:58:50+02:00",
  "compose" : {
    "include" : [{
      "concept" : [{
        "code" : "d6d48a71-b96f-4b88-86f9-b13bd3c03560"
      },
      {
        "code" : "687159ad-a61c-47c0-a878-53aa54bae2d5"
      },
      {
        "code" : "C"
      },
      {
        "code" : "D"
      }]
    }]
  }
}