{
  "resourceType" : "ValueSet",
  "id" : "a0cfea30-15e6-4f63-9199-8e847b395a15-33",
  "url" : "http://hl7.org/fhir/comparison/ValueSet/a0cfea30-15e6-4f63-9199-8e847b395a15-33",
  "name" : "IntersectionKLChangeValueCodesFSIIIAndKLChangeValueCodesFSIII",
  "title" : "Intersection of KLMåltypeKoderFSIII And KLMåltypeKoderFSIII",
  "status" : "active",
  "date" : "2024-06-13T16:58:50+02:00",
  "compose" : {
    "include" : [{
      "filter" : [{
        "property" : "concept",
        "op" : "descendent-of",
        "value" : "e182c5dc-9f91-474a-92e8-f62be3d498f4"
      }]
    }]
  }
}