{
  "resourceType" : "ValueSet",
  "id" : "a0cfea30-15e6-4f63-9199-8e847b395a15-188",
  "url" : "http://hl7.org/fhir/comparison/ValueSet/a0cfea30-15e6-4f63-9199-8e847b395a15-188",
  "name" : "UnionKLTrainingInterventionsFSIIIAndKLTrainingInterventionsFSIII",
  "title" : "Union of KLTræningIndsatserFSIII And KLTræningIndsatserFSIII",
  "status" : "active",
  "date" : "2024-06-13T16:58:50+02:00",
  "compose" : {
    "include" : [{
      "filter" : [{
        "property" : "concept",
        "op" : "descendent-of",
        "value" : "7deb81de-12c0-4a49-bd5b-72ea6fe89d83"
      }]
    }]
  }
}