{
  "resourceType" : "ValueSet",
  "id" : "a0cfea30-15e6-4f63-9199-8e847b395a15-78",
  "url" : "http://hl7.org/fhir/comparison/ValueSet/a0cfea30-15e6-4f63-9199-8e847b395a15-78",
  "name" : "IntersectionKLConsentToLiasingAndKLConsentToLiasing",
  "title" : "Intersection of KLBorgerIndforståetMedHenvendelseKoder And KLBorgerIndforståetMedHenvendelseKoder",
  "status" : "active",
  "date" : "2024-06-13T16:58:50+02:00",
  "compose" : {
    "include" : [{
      "filter" : [{
        "property" : "concept",
        "op" : "descendent-of",
        "value" : "3762dd32-4123-43a8-815d-ec40d3697652"
      }]
    }]
  }
}