{
  "resourceType" : "ValueSet",
  "id" : "a0cfea30-15e6-4f63-9199-8e847b395a15-131",
  "url" : "http://hl7.org/fhir/comparison/ValueSet/a0cfea30-15e6-4f63-9199-8e847b395a15-131",
  "name" : "UnionKLMatterOfInterestInformerFFBAndKLMatterOfInterestInformerFFB",
  "title" : "Union of KLKildeTilOplysningFFB And KLKildeTilOplysningFFB",
  "status" : "active",
  "date" : "2024-06-13T16:58:50+02:00",
  "compose" : {
    "include" : [{
      "filter" : [{
        "property" : "concept",
        "op" : "descendent-of",
        "value" : "b5731132-f6b9-4a47-995d-681d2b755d4f"
      }]
    }]
  }
}