{
  "resourceType" : "ValueSet",
  "id" : "a0cfea30-15e6-4f63-9199-8e847b395a15-138",
  "url" : "http://hl7.org/fhir/comparison/ValueSet/a0cfea30-15e6-4f63-9199-8e847b395a15-138",
  "name" : "IntersectionKLNeedsAssessmentCodesFFBAndKLNeedsAssessmentCodesFFB",
  "title" : "Intersection of KLStøttebehovsvurderingskoderFFB And KLStøttebehovsvurderingskoderFFB",
  "status" : "active",
  "date" : "2024-06-13T16:58:50+02:00",
  "compose" : {
    "include" : [{
      "filter" : [{
        "property" : "concept",
        "op" : "descendent-of",
        "value" : "7ac451dc-773b-4877-baaf-1e6b1d5c8e28"
      }]
    }]
  }
}