{
  "resourceType" : "ValueSet",
  "id" : "a0cfea30-15e6-4f63-9199-8e847b395a15-110",
  "url" : "http://hl7.org/fhir/comparison/ValueSet/a0cfea30-15e6-4f63-9199-8e847b395a15-110",
  "name" : "UnionKLImportanceLevelCodesFSIIIAndKLImportanceLevelCodesFSIII",
  "title" : "Union of KLBetydningKoderFSIII And KLBetydningKoderFSIII",
  "status" : "active",
  "date" : "2024-06-13T16:58:50+02:00",
  "compose" : {
    "include" : [{
      "filter" : [{
        "property" : "concept",
        "op" : "descendent-of",
        "value" : "687159ad-a61c-47c0-a878-53aa54bae2d5"
      }]
    },
    {
      "filter" : [{
        "property" : "concept",
        "op" : "descendent-of",
        "value" : "D"
      }]
    }]
  }
}