{
  "resourceType" : "ValueSet",
  "id" : "a0cfea30-15e6-4f63-9199-8e847b395a15-23",
  "url" : "http://hl7.org/fhir/comparison/ValueSet/a0cfea30-15e6-4f63-9199-8e847b395a15-23",
  "name" : "UnionKLCarePlanCategoryCodesAndKLCarePlanCategoryCodes",
  "title" : "Union of KLIndsatsforløbTypekoder And KLIndsatsforløbTypekoder",
  "status" : "active",
  "date" : "2024-06-13T16:58:50+02:00",
  "compose" : {
    "include" : [{
      "filter" : [{
        "property" : "concept",
        "op" : "descendent-of",
        "value" : "10deb210-e7e1-4d56-9531-b9ff2102126e"
      }]
    }]
  }
}