{
  "resourceType" : "ValueSet",
  "id" : "a0cfea30-15e6-4f63-9199-8e847b395a15-72",
  "url" : "http://hl7.org/fhir/comparison/ValueSet/a0cfea30-15e6-4f63-9199-8e847b395a15-72",
  "name" : "IntersectionKLConditionOCodesFFBAndKLConditionOCodesFFB",
  "title" : "Intersection of KLTilstandOKoderFFB And KLTilstandOKoderFFB",
  "status" : "active",
  "date" : "2024-06-13T16:58:50+02:00",
  "compose" : {
    "include" : [{
      "filter" : [{
        "property" : "concept",
        "op" : "descendent-of",
        "value" : "7445fb2b-0009-43d9-b49b-1b9782f2fcd9"
      }]
    }]
  }
}