{
  "resourceType" : "ValueSet",
  "id" : "a0cfea30-15e6-4f63-9199-8e847b395a15-170",
  "url" : "http://hl7.org/fhir/comparison/ValueSet/a0cfea30-15e6-4f63-9199-8e847b395a15-170",
  "name" : "UnionKLSeveritiesFFBAndKLSeveritiesFFB",
  "title" : "Union of KLFunktionsevneniveauFFB And KLFunktionsevneniveauFFB",
  "status" : "active",
  "date" : "2024-06-13T16:58:50+02:00",
  "compose" : {
    "include" : [{
      "filter" : [{
        "property" : "concept",
        "op" : "descendent-of",
        "value" : "e89d317c-4657-4970-b614-ada2ed220595"
      }]
    }]
  }
}