{
  "resourceType" : "ValueSet",
  "id" : "a0cfea30-15e6-4f63-9199-8e847b395a15-81",
  "url" : "http://hl7.org/fhir/comparison/ValueSet/a0cfea30-15e6-4f63-9199-8e847b395a15-81",
  "name" : "IntersectionKLEncounterTypesAndKLEncounterTypes",
  "title" : "Intersection of KLKontaktTyper And KLKontaktTyper",
  "status" : "active",
  "date" : "2024-06-13T16:58:50+02:00",
  "compose" : {
    "include" : [{
      "filter" : [{
        "property" : "concept",
        "op" : "descendent-of",
        "value" : "25303acd-dcaf-4a8e-a8a3-3961a43858aa"
      }]
    }]
  }
}