{"resourceType":"ImplementationGuide","id":"hl7.fhir.dk.kl.gateway.care","text":{"status":"extensions","div":"<div xmlns=\"http://www.w3.org/1999/xhtml\"><h2>KLGateway</h2><p>The official URL for this implementation guide is: </p><pre>http://gateway.kl.dk/1.0/ImplementationGuide/hl7.fhir.dk.kl.gateway.care</pre></div>"},"url":"http://gateway.kl.dk/1.0/ImplementationGuide/hl7.fhir.dk.kl.gateway.care","version":"1.0.4","name":"KLGateway","status":"active","date":"2023-07-06T11:09:58+02:00","publisher":"KL","contact":[{"name":"KL","telecom":[{"system":"url","value":"http://www.kl.dk"}]}],"jurisdiction":[{"coding":[{"system":"urn:iso:std:iso:3166","code":"DK","display":"Denmark"}]}],"packageId":"hl7.fhir.dk.kl.gateway.care","license":"CC0-1.0","fhirVersion":["4.0.1"],"dependsOn":[{"id":"hl7tx","extension":[{"url":"http://hl7.org/fhir/tools/StructureDefinition/implementationguide-dependency-comment","valueMarkdown":"Automatically added as a dependency - all IGs depend on HL7 Terminology"}],"uri":"http://terminology.hl7.org/ImplementationGuide/hl7.terminology","packageId":"hl7.terminology.r4","version":"5.0.0"},{"id":"hl7ext","extension":[{"url":"http://hl7.org/fhir/tools/StructureDefinition/implementationguide-dependency-comment","valueMarkdown":"Automatically added as a dependency - all IGs depend on the HL7 Extension Pack"}],"uri":"http://hl7.org/fhir/extensions/ImplementationGuide/hl7.fhir.uv.extensions","packageId":"hl7.fhir.uv.extensions.r4","version":"1.0.0"},{"id":"hl7_fhir_dk_core","uri":"https://hl7.dk/fhir/core","packageId":"hl7.fhir.dk.core","version":"1.1.0"},{"id":"dk_fhir_ig_kl_common_caresocial","uri":"http://kl.dk/fhir/common/caresocial/ImplementationGuide/dk.fhir.ig.kl.common.caresocial","packageId":"dk.fhir.ig.kl.common.caresocial","version":"current"}],"definition":{"extension":[{"extension":[{"url":"code","valueString":"copyrightyear"},{"url":"value","valueString":"2021+"}],"url":"http://hl7.org/fhir/tools/StructureDefinition/ig-parameter"},{"extension":[{"url":"code","valueString":"releaselabel"},{"url":"value","valueString":"Build CI"}],"url":"http://hl7.org/fhir/tools/StructureDefinition/ig-parameter"},{"extension":[{"url":"code","valueString":"apply-contact"},{"url":"value","valueString":"true"}],"url":"http://hl7.org/fhir/tools/StructureDefinition/ig-parameter"},{"extension":[{"url":"code","valueString":"apply-juristiction"},{"url":"value","valueString":"true"}],"url":"http://hl7.org/fhir/tools/StructureDefinition/ig-parameter"},{"extension":[{"url":"code","valueString":"apply-publisher"},{"url":"value","valueString":"true"}],"url":"http://hl7.org/fhir/tools/StructureDefinition/ig-parameter"},{"extension":[{"url":"code","valueString":"autoload-resources"},{"url":"value","valueString":"true"}],"url":"http://hl7.org/fhir/tools/StructureDefinition/ig-parameter"},{"extension":[{"url":"code","valueString":"path-liquid"},{"url":"value","valueString":"template/liquid"}],"url":"http://hl7.org/fhir/tools/StructureDefinition/ig-parameter"},{"extension":[{"url":"code","valueString":"path-liquid"},{"url":"value","valueString":"input/liquid"}],"url":"http://hl7.org/fhir/tools/StructureDefinition/ig-parameter"},{"extension":[{"url":"code","valueString":"path-qa"},{"url":"value","valueString":"temp/qa"}],"url":"http://hl7.org/fhir/tools/StructureDefinition/ig-parameter"},{"extension":[{"url":"code","valueString":"path-temp"},{"url":"value","valueString":"temp/pages"}],"url":"http://hl7.org/fhir/tools/StructureDefinition/ig-parameter"},{"extension":[{"url":"code","valueString":"path-output"},{"url":"value","valueString":"output"}],"url":"http://hl7.org/fhir/tools/StructureDefinition/ig-parameter"},{"extension":[{"url":"code","valueString":"path-suppressed-warnings"},{"url":"value","valueString":"input/ignoreWarnings.txt"}],"url":"http://hl7.org/fhir/tools/StructureDefinition/ig-parameter"},{"extension":[{"url":"code","valueString":"path-history"},{"url":"value","valueString":"http://gateway.kl.dk/1.0/history.html"}],"url":"http://hl7.org/fhir/tools/StructureDefinition/ig-parameter"},{"extension":[{"url":"code","valueString":"template-html"},{"url":"value","valueString":"template-page.html"}],"url":"http://hl7.org/fhir/tools/StructureDefinition/ig-parameter"},{"extension":[{"url":"code","valueString":"template-md"},{"url":"value","valueString":"template-page-md.html"}],"url":"http://hl7.org/fhir/tools/StructureDefinition/ig-parameter"},{"extension":[{"url":"code","valueString":"apply-context"},{"url":"value","valueString":"true"}],"url":"http://hl7.org/fhir/tools/StructureDefinition/ig-parameter"},{"extension":[{"url":"code","valueString":"apply-copyright"},{"url":"value","valueString":"true"}],"url":"http://hl7.org/fhir/tools/StructureDefinition/ig-parameter"},{"extension":[{"url":"code","valueString":"apply-jurisdiction"},{"url":"value","valueString":"true"}],"url":"http://hl7.org/fhir/tools/StructureDefinition/ig-parameter"},{"extension":[{"url":"code","valueString":"apply-license"},{"url":"value","valueString":"true"}],"url":"http://hl7.org/fhir/tools/StructureDefinition/ig-parameter"},{"extension":[{"url":"code","valueString":"apply-version"},{"url":"value","valueString":"true"}],"url":"http://hl7.org/fhir/tools/StructureDefinition/ig-parameter"},{"extension":[{"url":"code","valueString":"active-tables"},{"url":"value","valueString":"true"}],"url":"http://hl7.org/fhir/tools/StructureDefinition/ig-parameter"},{"extension":[{"url":"code","valueString":"fmm-definition"},{"url":"value","valueString":"http://hl7.org/fhir/versions.html#maturity"}],"url":"http://hl7.org/fhir/tools/StructureDefinition/ig-parameter"},{"extension":[{"url":"code","valueString":"propagate-status"},{"url":"value","valueString":"true"}],"url":"http://hl7.org/fhir/tools/StructureDefinition/ig-parameter"},{"extension":[{"url":"code","valueString":"excludelogbinaryformat"},{"url":"value","valueString":"true"}],"url":"http://hl7.org/fhir/tools/StructureDefinition/ig-parameter"},{"extension":[{"url":"code","valueString":"tabbed-snapshots"},{"url":"value","valueString":"true"}],"url":"http://hl7.org/fhir/tools/StructureDefinition/ig-parameter"},{"url":"http://hl7.org/fhir/tools/StructureDefinition/ig-internal-dependency","valueCode":"hl7.fhir.uv.tools#current"},{"extension":[{"url":"code","valueCode":"copyrightyear"},{"url":"value","valueString":"2021+"}],"url":"http://hl7.org/fhir/tools/StructureDefinition/ig-parameter"},{"extension":[{"url":"code","valueCode":"releaselabel"},{"url":"value","valueString":"Build CI"}],"url":"http://hl7.org/fhir/tools/StructureDefinition/ig-parameter"},{"extension":[{"url":"code","valueCode":"apply-contact"},{"url":"value","valueString":"true"}],"url":"http://hl7.org/fhir/tools/StructureDefinition/ig-parameter"},{"extension":[{"url":"code","valueCode":"apply-juristiction"},{"url":"value","valueString":"true"}],"url":"http://hl7.org/fhir/tools/StructureDefinition/ig-parameter"},{"extension":[{"url":"code","valueCode":"apply-publisher"},{"url":"value","valueString":"true"}],"url":"http://hl7.org/fhir/tools/StructureDefinition/ig-parameter"},{"extension":[{"url":"code","valueCode":"autoload-resources"},{"url":"value","valueString":"true"}],"url":"http://hl7.org/fhir/tools/StructureDefinition/ig-parameter"},{"extension":[{"url":"code","valueCode":"path-liquid"},{"url":"value","valueString":"template/liquid"}],"url":"http://hl7.org/fhir/tools/StructureDefinition/ig-parameter"},{"extension":[{"url":"code","valueCode":"path-liquid"},{"url":"value","valueString":"input/liquid"}],"url":"http://hl7.org/fhir/tools/StructureDefinition/ig-parameter"},{"extension":[{"url":"code","valueCode":"path-qa"},{"url":"value","valueString":"temp/qa"}],"url":"http://hl7.org/fhir/tools/StructureDefinition/ig-parameter"},{"extension":[{"url":"code","valueCode":"path-temp"},{"url":"value","valueString":"temp/pages"}],"url":"http://hl7.org/fhir/tools/StructureDefinition/ig-parameter"},{"extension":[{"url":"code","valueCode":"path-output"},{"url":"value","valueString":"output"}],"url":"http://hl7.org/fhir/tools/StructureDefinition/ig-parameter"},{"extension":[{"url":"code","valueCode":"path-suppressed-warnings"},{"url":"value","valueString":"input/ignoreWarnings.txt"}],"url":"http://hl7.org/fhir/tools/StructureDefinition/ig-parameter"},{"extension":[{"url":"code","valueCode":"path-history"},{"url":"value","valueString":"http://gateway.kl.dk/1.0/history.html"}],"url":"http://hl7.org/fhir/tools/StructureDefinition/ig-parameter"},{"extension":[{"url":"code","valueCode":"template-html"},{"url":"value","valueString":"template-page.html"}],"url":"http://hl7.org/fhir/tools/StructureDefinition/ig-parameter"},{"extension":[{"url":"code","valueCode":"template-md"},{"url":"value","valueString":"template-page-md.html"}],"url":"http://hl7.org/fhir/tools/StructureDefinition/ig-parameter"},{"extension":[{"url":"code","valueCode":"apply-context"},{"url":"value","valueString":"true"}],"url":"http://hl7.org/fhir/tools/StructureDefinition/ig-parameter"},{"extension":[{"url":"code","valueCode":"apply-copyright"},{"url":"value","valueString":"true"}],"url":"http://hl7.org/fhir/tools/StructureDefinition/ig-parameter"},{"extension":[{"url":"code","valueCode":"apply-jurisdiction"},{"url":"value","valueString":"true"}],"url":"http://hl7.org/fhir/tools/StructureDefinition/ig-parameter"},{"extension":[{"url":"code","valueCode":"apply-license"},{"url":"value","valueString":"true"}],"url":"http://hl7.org/fhir/tools/StructureDefinition/ig-parameter"},{"extension":[{"url":"code","valueCode":"apply-version"},{"url":"value","valueString":"true"}],"url":"http://hl7.org/fhir/tools/StructureDefinition/ig-parameter"},{"extension":[{"url":"code","valueCode":"active-tables"},{"url":"value","valueString":"true"}],"url":"http://hl7.org/fhir/tools/StructureDefinition/ig-parameter"},{"extension":[{"url":"code","valueCode":"fmm-definition"},{"url":"value","valueString":"http://hl7.org/fhir/versions.html#maturity"}],"url":"http://hl7.org/fhir/tools/StructureDefinition/ig-parameter"},{"extension":[{"url":"code","valueCode":"propagate-status"},{"url":"value","valueString":"true"}],"url":"http://hl7.org/fhir/tools/StructureDefinition/ig-parameter"},{"extension":[{"url":"code","valueCode":"excludelogbinaryformat"},{"url":"value","valueString":"true"}],"url":"http://hl7.org/fhir/tools/StructureDefinition/ig-parameter"},{"extension":[{"url":"code","valueCode":"tabbed-snapshots"},{"url":"value","valueString":"true"}],"url":"http://hl7.org/fhir/tools/StructureDefinition/ig-parameter"},{"extension":[{"url":"code","valueCode":"copyrightyear"},{"url":"value","valueString":"2021+"}],"url":"http://hl7.org/fhir/tools/StructureDefinition/ig-parameter"},{"extension":[{"url":"code","valueCode":"releaselabel"},{"url":"value","valueString":"Build CI"}],"url":"http://hl7.org/fhir/tools/StructureDefinition/ig-parameter"},{"extension":[{"url":"code","valueCode":"apply-contact"},{"url":"value","valueString":"true"}],"url":"http://hl7.org/fhir/tools/StructureDefinition/ig-parameter"},{"extension":[{"url":"code","valueCode":"apply-juristiction"},{"url":"value","valueString":"true"}],"url":"http://hl7.org/fhir/tools/StructureDefinition/ig-parameter"},{"extension":[{"url":"code","valueCode":"apply-publisher"},{"url":"value","valueString":"true"}],"url":"http://hl7.org/fhir/tools/StructureDefinition/ig-parameter"},{"extension":[{"url":"code","valueCode":"autoload-resources"},{"url":"value","valueString":"true"}],"url":"http://hl7.org/fhir/tools/StructureDefinition/ig-parameter"},{"extension":[{"url":"code","valueCode":"path-liquid"},{"url":"value","valueString":"template/liquid"}],"url":"http://hl7.org/fhir/tools/StructureDefinition/ig-parameter"},{"extension":[{"url":"code","valueCode":"path-liquid"},{"url":"value","valueString":"input/liquid"}],"url":"http://hl7.org/fhir/tools/StructureDefinition/ig-parameter"},{"extension":[{"url":"code","valueCode":"path-qa"},{"url":"value","valueString":"temp/qa"}],"url":"http://hl7.org/fhir/tools/StructureDefinition/ig-parameter"},{"extension":[{"url":"code","valueCode":"path-temp"},{"url":"value","valueString":"temp/pages"}],"url":"http://hl7.org/fhir/tools/StructureDefinition/ig-parameter"},{"extension":[{"url":"code","valueCode":"path-output"},{"url":"value","valueString":"output"}],"url":"http://hl7.org/fhir/tools/StructureDefinition/ig-parameter"},{"extension":[{"url":"code","valueCode":"path-suppressed-warnings"},{"url":"value","valueString":"input/ignoreWarnings.txt"}],"url":"http://hl7.org/fhir/tools/StructureDefinition/ig-parameter"},{"extension":[{"url":"code","valueCode":"path-history"},{"url":"value","valueString":"http://gateway.kl.dk/1.0/history.html"}],"url":"http://hl7.org/fhir/tools/StructureDefinition/ig-parameter"},{"extension":[{"url":"code","valueCode":"template-html"},{"url":"value","valueString":"template-page.html"}],"url":"http://hl7.org/fhir/tools/StructureDefinition/ig-parameter"},{"extension":[{"url":"code","valueCode":"template-md"},{"url":"value","valueString":"template-page-md.html"}],"url":"http://hl7.org/fhir/tools/StructureDefinition/ig-parameter"},{"extension":[{"url":"code","valueCode":"apply-context"},{"url":"value","valueString":"true"}],"url":"http://hl7.org/fhir/tools/StructureDefinition/ig-parameter"},{"extension":[{"url":"code","valueCode":"apply-copyright"},{"url":"value","valueString":"true"}],"url":"http://hl7.org/fhir/tools/StructureDefinition/ig-parameter"},{"extension":[{"url":"code","valueCode":"apply-jurisdiction"},{"url":"value","valueString":"true"}],"url":"http://hl7.org/fhir/tools/StructureDefinition/ig-parameter"},{"extension":[{"url":"code","valueCode":"apply-license"},{"url":"value","valueString":"true"}],"url":"http://hl7.org/fhir/tools/StructureDefinition/ig-parameter"},{"extension":[{"url":"code","valueCode":"apply-version"},{"url":"value","valueString":"true"}],"url":"http://hl7.org/fhir/tools/StructureDefinition/ig-parameter"},{"extension":[{"url":"code","valueCode":"active-tables"},{"url":"value","valueString":"true"}],"url":"http://hl7.org/fhir/tools/StructureDefinition/ig-parameter"},{"extension":[{"url":"code","valueCode":"fmm-definition"},{"url":"value","valueString":"http://hl7.org/fhir/versions.html#maturity"}],"url":"http://hl7.org/fhir/tools/StructureDefinition/ig-parameter"},{"extension":[{"url":"code","valueCode":"propagate-status"},{"url":"value","valueString":"true"}],"url":"http://hl7.org/fhir/tools/StructureDefinition/ig-parameter"},{"extension":[{"url":"code","valueCode":"excludelogbinaryformat"},{"url":"value","valueString":"true"}],"url":"http://hl7.org/fhir/tools/StructureDefinition/ig-parameter"},{"extension":[{"url":"code","valueCode":"tabbed-snapshots"},{"url":"value","valueString":"true"}],"url":"http://hl7.org/fhir/tools/StructureDefinition/ig-parameter"}],"grouping":[{"id":"-str-profile","name":"Structures: Resource Profiles","description":"These define constraints on FHIR resources for systems conforming to this implementation guide."},{"id":"-str-extension","name":"Structures: Extension Definitions","description":"These define constraints on FHIR data types for systems conforming to this implementation guide."},{"id":"-term-valueset","name":"Terminology: Value Sets","description":"These define sets of codes used by systems conforming to this implementation guide."},{"id":"-term-codesystem","name":"Terminology: Code Systems","description":"These define new code systems used by systems conforming to this implementation guide."},{"id":"-ex-example","name":"Example: Example Instances","description":"These are example instances that show what data produced and consumed by systems conforming with this implementation guide might look like."}],"resource":[{"extension":[{"url":"http://hl7.org/fhir/StructureDefinition/implementationguide-page","valueUri":"Encounter-bfa70a76-318d-453d-9abc-76982f8d13ca.html"}],"reference":{"reference":"Encounter/bfa70a76-318d-453d-9abc-76982f8d13ca"},"name":"bfa70a76-318d-453d-9abc-76982f8d13ca","description":"Encounter documenting the next date for a follow-up","exampleCanonical":"http://gateway.kl.dk/1.0/StructureDefinition/klgateway-care-encounter","groupingId":"-ex-example"},{"extension":[{"url":"http://hl7.org/fhir/StructureDefinition/implementationguide-page","valueUri":"StructureDefinition-klgateway-care-citizen.html"}],"reference":{"reference":"StructureDefinition/klgateway-care-citizen"},"name":"CareCitizen","description":"Administrative information about a citizen receiving care or care related services.","exampleBoolean":false,"groupingId":"-str-profile"},{"extension":[{"url":"http://hl7.org/fhir/StructureDefinition/implementationguide-page","valueUri":"StructureDefinition-klgateway-care-citizens-own-observation.html"}],"reference":{"reference":"StructureDefinition/klgateway-care-citizens-own-observation"},"name":"CareCitizensOwnObservation","description":"Measurements and simple assertions made about a patient by the patient.","exampleBoolean":false,"groupingId":"-str-profile"},{"extension":[{"url":"http://hl7.org/fhir/StructureDefinition/implementationguide-page","valueUri":"StructureDefinition-klgateway-care-completed-intervention.html"}],"reference":{"reference":"StructureDefinition/klgateway-care-completed-intervention"},"name":"CareCompletedIntervention","description":"Documentation for completed interventions (activities related to one and only one encounter) in Danish municipalities","exampleBoolean":false,"groupingId":"-str-profile"},{"extension":[{"url":"http://hl7.org/fhir/StructureDefinition/implementationguide-page","valueUri":"StructureDefinition-klgateway-care-condition.html"}],"reference":{"reference":"StructureDefinition/klgateway-care-condition"},"name":"CareCondition","description":"Detailed information about conditions.","exampleBoolean":false,"groupingId":"-str-profile"},{"extension":[{"url":"http://hl7.org/fhir/StructureDefinition/implementationguide-page","valueUri":"StructureDefinition-klgateway-care-delivery-report.html"}],"reference":{"reference":"StructureDefinition/klgateway-care-delivery-report"},"name":"CareDeliveryReport","description":"Deliver report to deliver for each citizen.","exampleBoolean":false,"groupingId":"-str-profile"},{"extension":[{"url":"http://hl7.org/fhir/StructureDefinition/implementationguide-page","valueUri":"StructureDefinition-klgateway-care-encounter.html"}],"reference":{"reference":"StructureDefinition/klgateway-care-encounter"},"name":"CareEncounter","description":"Encounter for following up on conditions, care plans, or observations.","exampleBoolean":false,"groupingId":"-str-profile"},{"extension":[{"url":"http://hl7.org/fhir/StructureDefinition/implementationguide-page","valueUri":"StructureDefinition-klgateway-care-finding-context-at-risk-extension.html"}],"reference":{"reference":"StructureDefinition/klgateway-care-finding-context-at-risk-extension"},"name":"CareFindingContextAtRiskExtension","description":"Context at risk for a given matter of interest given as a condition code.","exampleBoolean":false,"groupingId":"-str-extension"},{"extension":[{"url":"http://hl7.org/fhir/StructureDefinition/implementationguide-page","valueUri":"StructureDefinition-klgateway-care-follow-up-encounter-extension.html"}],"reference":{"reference":"StructureDefinition/klgateway-care-follow-up-encounter-extension"},"name":"CareFollowUpEncounterExtension","description":"Encounter for following up on this information.","exampleBoolean":false,"groupingId":"-str-extension"},{"extension":[{"url":"http://hl7.org/fhir/StructureDefinition/implementationguide-page","valueUri":"StructureDefinition-klgateway-care-follow-up-observation.html"}],"reference":{"reference":"StructureDefinition/klgateway-care-follow-up-observation"},"name":"CareFollowUpObservation","description":"Structured result or outcome of a follow up.","exampleBoolean":false,"groupingId":"-str-profile"},{"extension":[{"url":"http://hl7.org/fhir/StructureDefinition/implementationguide-page","valueUri":"StructureDefinition-klgateway-care-goal.html"}],"reference":{"reference":"StructureDefinition/klgateway-care-goal"},"name":"CareGoal","description":"Describes the intended or expected functional level for a condition of a citizen.","exampleBoolean":false,"groupingId":"-str-profile"},{"extension":[{"url":"http://hl7.org/fhir/StructureDefinition/implementationguide-page","valueUri":"StructureDefinition-klgateway-care-matter-of-interest-observation.html"}],"reference":{"reference":"StructureDefinition/klgateway-care-matter-of-interest-observation"},"name":"CareMatterOfInterestObservation","description":"Matter or area of interest in relation to the care of the citizen.","exampleBoolean":false,"groupingId":"-str-profile"},{"extension":[{"url":"http://hl7.org/fhir/StructureDefinition/implementationguide-page","valueUri":"StructureDefinition-klgateway-care-planned-intervention.html"}],"reference":{"reference":"StructureDefinition/klgateway-care-planned-intervention"},"name":"CarePlannedIntervention","description":"Planned interventions for nursing and home care in Danish Municipalities.","exampleBoolean":false,"groupingId":"-str-profile"},{"extension":[{"url":"http://hl7.org/fhir/StructureDefinition/implementationguide-page","valueUri":"Bundle-3304e5f8-4b3f-4c19-8c68-e36c573f3f98.html"}],"reference":{"reference":"Bundle/3304e5f8-4b3f-4c19-8c68-e36c573f3f98"},"name":"DeliveryReport-JensHansen-1","description":"Reporting of Jens Hansen after first encounter with Home Care Assessor at the hospital","exampleCanonical":"http://gateway.kl.dk/1.0/StructureDefinition/klgateway-care-delivery-report","groupingId":"-ex-example"},{"extension":[{"url":"http://hl7.org/fhir/StructureDefinition/implementationguide-page","valueUri":"Bundle-b1c5348b-fe9f-4afc-96ff-8c42b6c6c7ff.html"}],"reference":{"reference":"Bundle/b1c5348b-fe9f-4afc-96ff-8c42b6c6c7ff"},"name":"DeliveryReport-JensHansen-2","description":"Reporting of Jens Hansen after second encounter with Home Care Assessor updating follow-up date","exampleCanonical":"http://gateway.kl.dk/1.0/StructureDefinition/klgateway-care-delivery-report","groupingId":"-ex-example"},{"extension":[{"url":"http://hl7.org/fhir/StructureDefinition/implementationguide-page","valueUri":"Bundle-643c3e42-ab90-4354-9b98-f01b4740d3d9.html"}],"reference":{"reference":"Bundle/643c3e42-ab90-4354-9b98-f01b4740d3d9"},"name":"DeliveryReport-JensHansen-3","description":"Reporting of Jens Hansen after first encounter with Home Care Assessor at the hospital","exampleCanonical":"http://gateway.kl.dk/1.0/StructureDefinition/klgateway-care-delivery-report","groupingId":"-ex-example"},{"extension":[{"url":"http://hl7.org/fhir/StructureDefinition/implementationguide-page","valueUri":"Bundle-d54206de-c95b-4c53-9517-6eb155dca99a.html"}],"reference":{"reference":"Bundle/d54206de-c95b-4c53-9517-6eb155dca99a"},"name":"DeliveryReport-PeterOlsen-1","description":"Reporting of Peter Olsen after first encounter with the Acute Team","exampleCanonical":"http://gateway.kl.dk/1.0/StructureDefinition/klgateway-care-delivery-report","groupingId":"-ex-example"},{"extension":[{"url":"http://hl7.org/fhir/StructureDefinition/implementationguide-page","valueUri":"Bundle-abc81b1f-b3ba-41f0-9f4b-2fc4df5aaabb.html"}],"reference":{"reference":"Bundle/abc81b1f-b3ba-41f0-9f4b-2fc4df5aaabb"},"name":"DeliveryReport-PeterOlsen-2","description":"Reporting of Peter Olsen after second encounter with the Acute Team","exampleCanonical":"http://gateway.kl.dk/1.0/StructureDefinition/klgateway-care-delivery-report","groupingId":"-ex-example"},{"extension":[{"url":"http://hl7.org/fhir/StructureDefinition/implementationguide-page","valueUri":"Bundle-0c1112c3-77b5-4d85-965c-0c26228ec7ef.html"}],"reference":{"reference":"Bundle/0c1112c3-77b5-4d85-965c-0c26228ec7ef"},"name":"DeliveryReport-PeterOlsen-3","description":"Reporting of Peter Olsen after third encounter with the Acute Team","exampleCanonical":"http://gateway.kl.dk/1.0/StructureDefinition/klgateway-care-delivery-report","groupingId":"-ex-example"},{"extension":[{"url":"http://hl7.org/fhir/StructureDefinition/implementationguide-page","valueUri":"Bundle-374484d0-00cb-4b63-94d1-a0d984afc339.html"}],"reference":{"reference":"Bundle/374484d0-00cb-4b63-94d1-a0d984afc339"},"name":"DeliveryReport-PeterOlsen-4","description":"Reporting of Peter Olsen after first encounter with home nursing","exampleCanonical":"http://gateway.kl.dk/1.0/StructureDefinition/klgateway-care-delivery-report","groupingId":"-ex-example"},{"extension":[{"url":"http://hl7.org/fhir/StructureDefinition/implementationguide-page","valueUri":"Bundle-cc93afc5-7849-4895-84eb-00bb5c129c0b.html"}],"reference":{"reference":"Bundle/cc93afc5-7849-4895-84eb-00bb5c129c0b"},"name":"DeliveryReport-PeterOlsen-5","description":"Reporting of Peter Olsen after second encounter with home nursing","exampleCanonical":"http://gateway.kl.dk/1.0/StructureDefinition/klgateway-care-delivery-report","groupingId":"-ex-example"},{"extension":[{"url":"http://hl7.org/fhir/StructureDefinition/implementationguide-page","valueUri":"Bundle-1652f2a9-510a-4cd3-8fc4-8b69d0ffedae.html"}],"reference":{"reference":"Bundle/1652f2a9-510a-4cd3-8fc4-8b69d0ffedae"},"name":"DeliveryReport-PeterOlsen-6","description":"Reporting of Peter Olsen after first encounter with training","exampleCanonical":"http://gateway.kl.dk/1.0/StructureDefinition/klgateway-care-delivery-report","groupingId":"-ex-example"},{"extension":[{"url":"http://hl7.org/fhir/StructureDefinition/implementationguide-page","valueUri":"CarePlan-Dialyse.html"}],"reference":{"reference":"CarePlan/Dialyse"},"name":"Dialyse","description":"Planned intervention doing dialysis according to FSIII on the test person","exampleCanonical":"http://gateway.kl.dk/1.0/StructureDefinition/klgateway-care-planned-intervention","groupingId":"-ex-example"},{"extension":[{"url":"http://hl7.org/fhir/StructureDefinition/implementationguide-page","valueUri":"Observation-DialyseFortsaettes.html"}],"reference":{"reference":"Observation/DialyseFortsaettes"},"name":"DialyseFortsaettes","description":"Follow-up observation documenting that the planned intervention on dialysis should be continued for the test person","exampleCanonical":"http://gateway.kl.dk/1.0/StructureDefinition/klgateway-care-follow-up-observation","groupingId":"-ex-example"},{"extension":[{"url":"http://hl7.org/fhir/StructureDefinition/implementationguide-page","valueUri":"Observation-EgensomsorgBegraensninger.html"}],"reference":{"reference":"Observation/EgensomsorgBegraensninger"},"name":"EgensomsorgBegraensninger","description":"An observation that self-care is an area that is a matter of interest regarding the test person","exampleCanonical":"http://gateway.kl.dk/1.0/StructureDefinition/klgateway-care-matter-of-interest-observation","groupingId":"-ex-example"},{"extension":[{"url":"http://hl7.org/fhir/StructureDefinition/implementationguide-page","valueUri":"Observation-EgensomsorgBegraensningerOmkringKropspleje.html"}],"reference":{"reference":"Observation/EgensomsorgBegraensningerOmkringKropspleje"},"name":"EgensomsorgBegraensningerOmkringKropspleje","description":"An observation that self-care is an area that is a matter of interest regarding the test person with potential problems around bodily care","exampleCanonical":"http://gateway.kl.dk/1.0/StructureDefinition/klgateway-care-matter-of-interest-observation","groupingId":"-ex-example"},{"extension":[{"url":"http://hl7.org/fhir/StructureDefinition/implementationguide-page","valueUri":"Goal-ForventetIngenBegraensninger.html"}],"reference":{"reference":"Goal/ForventetIngenBegraensninger"},"name":"ForventetIngenBegraensninger","description":"A goal for the test person on the ability to wash himself","exampleCanonical":"http://gateway.kl.dk/1.0/StructureDefinition/klgateway-care-goal","groupingId":"-ex-example"},{"extension":[{"url":"http://hl7.org/fhir/StructureDefinition/implementationguide-page","valueUri":"ValueSet-FSIIICareConditions.html"}],"reference":{"reference":"ValueSet/FSIIICareConditions"},"name":"FSIIICareConditions","description":"Conditions defined by FSIII for nursing and home care","exampleBoolean":false,"groupingId":"-term-valueset"},{"extension":[{"url":"http://hl7.org/fhir/StructureDefinition/implementationguide-page","valueUri":"ValueSet-FSIIICareGoalTypes.html"}],"reference":{"reference":"ValueSet/FSIIICareGoalTypes"},"name":"FSIIICareGoalTypes","description":"Goal Types defined by FSIII for nursing and home care","exampleBoolean":false,"groupingId":"-term-valueset"},{"extension":[{"url":"http://hl7.org/fhir/StructureDefinition/implementationguide-page","valueUri":"ValueSet-FSIIICareInterventions.html"}],"reference":{"reference":"ValueSet/FSIIICareInterventions"},"name":"FSIIICareInterventions","description":"Interventions defined by FSIII for nursing and home care","exampleBoolean":false,"groupingId":"-term-valueset"},{"extension":[{"url":"http://hl7.org/fhir/StructureDefinition/implementationguide-page","valueUri":"ValueSet-FSIIICareMatterOfInterests.html"}],"reference":{"reference":"ValueSet/FSIIICareMatterOfInterests"},"name":"FSIIICareMatterOfInterests","description":"Matters of Interests (areas) defined by FSIII for nursing and home care","exampleBoolean":false,"groupingId":"-term-valueset"},{"extension":[{"url":"http://hl7.org/fhir/StructureDefinition/implementationguide-page","valueUri":"ValueSet-KLGatewayCareMatterOfInterestValues.html"}],"reference":{"reference":"ValueSet/KLGatewayCareMatterOfInterestValues"},"name":"KLGatewayCareMatterOfInterestValues","description":"Values of Matters of Interests (areas)","exampleBoolean":false,"groupingId":"-term-valueset"},{"extension":[{"url":"http://hl7.org/fhir/StructureDefinition/implementationguide-page","valueUri":"CodeSystem-LocallyDefinedInterventions.html"}],"reference":{"reference":"CodeSystem/LocallyDefinedInterventions"},"name":"LocallyDefinedInterventions","description":"Coding system to indicate a code defined locally in the managing organization","exampleBoolean":false,"groupingId":"-term-codesystem"},{"extension":[{"url":"http://hl7.org/fhir/StructureDefinition/implementationguide-page","valueUri":"Observation-OpleverIkkeBegraensningerMedVaskeSig.html"}],"reference":{"reference":"Observation/OpleverIkkeBegraensningerMedVaskeSig"},"name":"OpleverIkkeBegraensningerMedVaskeSig","description":"Citizens own observation regarding the importance of the limitations on the ability to wash himself","exampleCanonical":"http://gateway.kl.dk/1.0/StructureDefinition/klgateway-care-citizens-own-observation","groupingId":"-ex-example"},{"extension":[{"url":"http://hl7.org/fhir/StructureDefinition/implementationguide-page","valueUri":"CarePlan-PersonligHygiejne.html"}],"reference":{"reference":"CarePlan/PersonligHygiejne"},"name":"PersonligHygiejne","description":"Planned intervention doing personal hygiene according to FSIII on the test person","exampleCanonical":"http://gateway.kl.dk/1.0/StructureDefinition/klgateway-care-planned-intervention","groupingId":"-ex-example"},{"extension":[{"url":"http://hl7.org/fhir/StructureDefinition/implementationguide-page","valueUri":"Observation-PersonligHygiejneFortsaettes.html"}],"reference":{"reference":"Observation/PersonligHygiejneFortsaettes"},"name":"PersonligHygiejneFortsaettes","description":"Follow-up observation documenting that the planned intervention on personal hygiene should be continued for the test person","exampleCanonical":"http://gateway.kl.dk/1.0/StructureDefinition/klgateway-care-follow-up-observation","groupingId":"-ex-example"},{"extension":[{"url":"http://hl7.org/fhir/StructureDefinition/implementationguide-page","valueUri":"Observation-PersonligPlejeFortsaettes.html"}],"reference":{"reference":"Observation/PersonligPlejeFortsaettes"},"name":"PersonligPlejeFortsaettes","description":"Follow-up observation documenting that focus on personal care should be continued for the test person","exampleCanonical":"http://gateway.kl.dk/1.0/StructureDefinition/klgateway-care-follow-up-observation","groupingId":"-ex-example"},{"extension":[{"url":"http://hl7.org/fhir/StructureDefinition/implementationguide-page","valueUri":"Condition-ProblemerMedPersonligPleje.html"}],"reference":{"reference":"Condition/ProblemerMedPersonligPleje"},"name":"ProblemerMedPersonligPleje","description":"Assessed ability for the test person to perform personal care","exampleCanonical":"http://gateway.kl.dk/1.0/StructureDefinition/klgateway-care-condition","groupingId":"-ex-example"},{"extension":[{"url":"http://hl7.org/fhir/StructureDefinition/implementationguide-page","valueUri":"Procedure-Saarbehandling.html"}],"reference":{"reference":"Procedure/Saarbehandling"},"name":"Saarbehandling","description":"Completed intervention doing wound treatment according to FSIII on the test person","exampleCanonical":"http://gateway.kl.dk/1.0/StructureDefinition/klgateway-care-completed-intervention","groupingId":"-ex-example"},{"extension":[{"url":"http://hl7.org/fhir/StructureDefinition/implementationguide-page","valueUri":"Patient-TestPerson.html"}],"reference":{"reference":"Patient/TestPerson"},"name":"TestPerson","description":"Test person used in the examples of the implementation guide.","exampleCanonical":"http://gateway.kl.dk/1.0/StructureDefinition/klgateway-care-citizen","groupingId":"-ex-example"},{"extension":[{"url":"http://hl7.org/fhir/StructureDefinition/implementationguide-page","valueUri":"Bundle-TestPersonReport.html"}],"reference":{"reference":"Bundle/TestPersonReport"},"name":"TestPersonReport","description":"Example of a delivery report for the test person","exampleCanonical":"http://gateway.kl.dk/1.0/StructureDefinition/klgateway-care-delivery-report","groupingId":"-ex-example"},{"extension":[{"url":"http://hl7.org/fhir/StructureDefinition/implementationguide-page","valueUri":"Observation-UdfoererSelvVaskeSig.html"}],"reference":{"reference":"Observation/UdfoererSelvVaskeSig"},"name":"UdfoererSelvVaskeSig","description":"Citizens own observation regarding abililty to wash himself","exampleCanonical":"http://gateway.kl.dk/1.0/StructureDefinition/klgateway-care-citizens-own-observation","groupingId":"-ex-example"},{"extension":[{"url":"http://hl7.org/fhir/StructureDefinition/implementationguide-page","valueUri":"Observation-VaskeSigFortsaettes.html"}],"reference":{"reference":"Observation/VaskeSigFortsaettes"},"name":"VaskeSigFortsaettes","description":"Follow-up observation documenting that focus on ability to wash himself should be continued for the test person","exampleCanonical":"http://gateway.kl.dk/1.0/StructureDefinition/klgateway-care-follow-up-observation","groupingId":"-ex-example"},{"extension":[{"url":"http://hl7.org/fhir/StructureDefinition/implementationguide-page","valueUri":"Condition-VaskeSigLetteBegraensninger.html"}],"reference":{"reference":"Condition/VaskeSigLetteBegraensninger"},"name":"VaskeSigLetteBegraensninger","description":"Assessed ability for the test person to wash himself","exampleCanonical":"http://gateway.kl.dk/1.0/StructureDefinition/klgateway-care-condition","groupingId":"-ex-example"}],"page":{"extension":[{"url":"http://hl7.org/fhir/tools/StructureDefinition/ig-page-name","valueUrl":"toc.html"}],"nameUrl":"toc.html","title":"Table of Contents","generation":"html","page":[{"extension":[{"url":"http://hl7.org/fhir/tools/StructureDefinition/ig-page-name","valueUrl":"index.html"}],"nameUrl":"index.html","title":"Home","generation":"markdown"},{"extension":[{"url":"http://hl7.org/fhir/tools/StructureDefinition/ig-page-name","valueUrl":"downloads.html"}],"nameUrl":"downloads.html","title":"Downloads","generation":"markdown"},{"extension":[{"url":"http://hl7.org/fhir/tools/StructureDefinition/ig-page-name","valueUrl":"Homecare.html"}],"nameUrl":"Homecare.html","title":"Homecare","generation":"markdown"},{"extension":[{"url":"http://hl7.org/fhir/tools/StructureDefinition/ig-page-name","valueUrl":"Nursing.html"}],"nameUrl":"Nursing.html","title":"Nursing","generation":"markdown"},{"extension":[{"url":"http://hl7.org/fhir/tools/StructureDefinition/ig-page-name","valueUrl":"artifacts.html"}],"nameUrl":"artifacts.html","title":"Artifacts Summary","generation":"html","page":[{"extension":[{"url":"http://hl7.org/fhir/tools/StructureDefinition/ig-page-name","valueUrl":"StructureDefinition-klgateway-care-citizen.html"}],"nameUrl":"StructureDefinition-klgateway-care-citizen.html","title":"CareCitizen","generation":"generated"},{"extension":[{"url":"http://hl7.org/fhir/tools/StructureDefinition/ig-page-name","valueUrl":"StructureDefinition-klgateway-care-citizens-own-observation.html"}],"nameUrl":"StructureDefinition-klgateway-care-citizens-own-observation.html","title":"CareCitizensOwnObservation","generation":"generated"},{"extension":[{"url":"http://hl7.org/fhir/tools/StructureDefinition/ig-page-name","valueUrl":"StructureDefinition-klgateway-care-completed-intervention.html"}],"nameUrl":"StructureDefinition-klgateway-care-completed-intervention.html","title":"CareCompletedIntervention","generation":"generated"},{"extension":[{"url":"http://hl7.org/fhir/tools/StructureDefinition/ig-page-name","valueUrl":"StructureDefinition-klgateway-care-condition.html"}],"nameUrl":"StructureDefinition-klgateway-care-condition.html","title":"CareCondition","generation":"generated"},{"extension":[{"url":"http://hl7.org/fhir/tools/StructureDefinition/ig-page-name","valueUrl":"StructureDefinition-klgateway-care-delivery-report.html"}],"nameUrl":"StructureDefinition-klgateway-care-delivery-report.html","title":"CareDeliveryReport","generation":"generated"},{"extension":[{"url":"http://hl7.org/fhir/tools/StructureDefinition/ig-page-name","valueUrl":"StructureDefinition-klgateway-care-encounter.html"}],"nameUrl":"StructureDefinition-klgateway-care-encounter.html","title":"CareEncounter","generation":"generated"},{"extension":[{"url":"http://hl7.org/fhir/tools/StructureDefinition/ig-page-name","valueUrl":"StructureDefinition-klgateway-care-follow-up-observation.html"}],"nameUrl":"StructureDefinition-klgateway-care-follow-up-observation.html","title":"CareFollowUpObservation","generation":"generated"},{"extension":[{"url":"http://hl7.org/fhir/tools/StructureDefinition/ig-page-name","valueUrl":"StructureDefinition-klgateway-care-goal.html"}],"nameUrl":"StructureDefinition-klgateway-care-goal.html","title":"CareGoal","generation":"generated"},{"extension":[{"url":"http://hl7.org/fhir/tools/StructureDefinition/ig-page-name","valueUrl":"StructureDefinition-klgateway-care-matter-of-interest-observation.html"}],"nameUrl":"StructureDefinition-klgateway-care-matter-of-interest-observation.html","title":"CareMatterOfInterestObservation","generation":"generated"},{"extension":[{"url":"http://hl7.org/fhir/tools/StructureDefinition/ig-page-name","valueUrl":"StructureDefinition-klgateway-care-planned-intervention.html"}],"nameUrl":"StructureDefinition-klgateway-care-planned-intervention.html","title":"CarePlannedIntervention","generation":"generated"},{"extension":[{"url":"http://hl7.org/fhir/tools/StructureDefinition/ig-page-name","valueUrl":"StructureDefinition-klgateway-care-finding-context-at-risk-extension.html"}],"nameUrl":"StructureDefinition-klgateway-care-finding-context-at-risk-extension.html","title":"CareFindingContextAtRiskExtension","generation":"generated"},{"extension":[{"url":"http://hl7.org/fhir/tools/StructureDefinition/ig-page-name","valueUrl":"StructureDefinition-klgateway-care-follow-up-encounter-extension.html"}],"nameUrl":"StructureDefinition-klgateway-care-follow-up-encounter-extension.html","title":"CareFollowUpEncounterExtension","generation":"generated"},{"extension":[{"url":"http://hl7.org/fhir/tools/StructureDefinition/ig-page-name","valueUrl":"ValueSet-FSIIICareConditions.html"}],"nameUrl":"ValueSet-FSIIICareConditions.html","title":"FSIIICareConditions","generation":"generated"},{"extension":[{"url":"http://hl7.org/fhir/tools/StructureDefinition/ig-page-name","valueUrl":"ValueSet-FSIIICareGoalTypes.html"}],"nameUrl":"ValueSet-FSIIICareGoalTypes.html","title":"FSIIICareGoalTypes","generation":"generated"},{"extension":[{"url":"http://hl7.org/fhir/tools/StructureDefinition/ig-page-name","valueUrl":"ValueSet-FSIIICareInterventions.html"}],"nameUrl":"ValueSet-FSIIICareInterventions.html","title":"FSIIICareInterventions","generation":"generated"},{"extension":[{"url":"http://hl7.org/fhir/tools/StructureDefinition/ig-page-name","valueUrl":"ValueSet-FSIIICareMatterOfInterests.html"}],"nameUrl":"ValueSet-FSIIICareMatterOfInterests.html","title":"FSIIICareMatterOfInterests","generation":"generated"},{"extension":[{"url":"http://hl7.org/fhir/tools/StructureDefinition/ig-page-name","valueUrl":"ValueSet-KLGatewayCareMatterOfInterestValues.html"}],"nameUrl":"ValueSet-KLGatewayCareMatterOfInterestValues.html","title":"KLGatewayCareMatterOfInterestValues","generation":"generated"},{"extension":[{"url":"http://hl7.org/fhir/tools/StructureDefinition/ig-page-name","valueUrl":"CodeSystem-LocallyDefinedInterventions.html"}],"nameUrl":"CodeSystem-LocallyDefinedInterventions.html","title":"LocallyDefinedInterventions","generation":"generated"},{"extension":[{"url":"http://hl7.org/fhir/tools/StructureDefinition/ig-page-name","valueUrl":"Encounter-bfa70a76-318d-453d-9abc-76982f8d13ca.html"}],"nameUrl":"Encounter-bfa70a76-318d-453d-9abc-76982f8d13ca.html","title":"bfa70a76-318d-453d-9abc-76982f8d13ca","generation":"generated"},{"extension":[{"url":"http://hl7.org/fhir/tools/StructureDefinition/ig-page-name","valueUrl":"Bundle-3304e5f8-4b3f-4c19-8c68-e36c573f3f98.html"}],"nameUrl":"Bundle-3304e5f8-4b3f-4c19-8c68-e36c573f3f98.html","title":"DeliveryReport-JensHansen-1","generation":"generated"},{"extension":[{"url":"http://hl7.org/fhir/tools/StructureDefinition/ig-page-name","valueUrl":"Bundle-b1c5348b-fe9f-4afc-96ff-8c42b6c6c7ff.html"}],"nameUrl":"Bundle-b1c5348b-fe9f-4afc-96ff-8c42b6c6c7ff.html","title":"DeliveryReport-JensHansen-2","generation":"generated"},{"extension":[{"url":"http://hl7.org/fhir/tools/StructureDefinition/ig-page-name","valueUrl":"Bundle-643c3e42-ab90-4354-9b98-f01b4740d3d9.html"}],"nameUrl":"Bundle-643c3e42-ab90-4354-9b98-f01b4740d3d9.html","title":"DeliveryReport-JensHansen-3","generation":"generated"},{"extension":[{"url":"http://hl7.org/fhir/tools/StructureDefinition/ig-page-name","valueUrl":"Bundle-d54206de-c95b-4c53-9517-6eb155dca99a.html"}],"nameUrl":"Bundle-d54206de-c95b-4c53-9517-6eb155dca99a.html","title":"DeliveryReport-PeterOlsen-1","generation":"generated"},{"extension":[{"url":"http://hl7.org/fhir/tools/StructureDefinition/ig-page-name","valueUrl":"Bundle-abc81b1f-b3ba-41f0-9f4b-2fc4df5aaabb.html"}],"nameUrl":"Bundle-abc81b1f-b3ba-41f0-9f4b-2fc4df5aaabb.html","title":"DeliveryReport-PeterOlsen-2","generation":"generated"},{"extension":[{"url":"http://hl7.org/fhir/tools/StructureDefinition/ig-page-name","valueUrl":"Bundle-0c1112c3-77b5-4d85-965c-0c26228ec7ef.html"}],"nameUrl":"Bundle-0c1112c3-77b5-4d85-965c-0c26228ec7ef.html","title":"DeliveryReport-PeterOlsen-3","generation":"generated"},{"extension":[{"url":"http://hl7.org/fhir/tools/StructureDefinition/ig-page-name","valueUrl":"Bundle-374484d0-00cb-4b63-94d1-a0d984afc339.html"}],"nameUrl":"Bundle-374484d0-00cb-4b63-94d1-a0d984afc339.html","title":"DeliveryReport-PeterOlsen-4","generation":"generated"},{"extension":[{"url":"http://hl7.org/fhir/tools/StructureDefinition/ig-page-name","valueUrl":"Bundle-cc93afc5-7849-4895-84eb-00bb5c129c0b.html"}],"nameUrl":"Bundle-cc93afc5-7849-4895-84eb-00bb5c129c0b.html","title":"DeliveryReport-PeterOlsen-5","generation":"generated"},{"extension":[{"url":"http://hl7.org/fhir/tools/StructureDefinition/ig-page-name","valueUrl":"Bundle-1652f2a9-510a-4cd3-8fc4-8b69d0ffedae.html"}],"nameUrl":"Bundle-1652f2a9-510a-4cd3-8fc4-8b69d0ffedae.html","title":"DeliveryReport-PeterOlsen-6","generation":"generated"},{"extension":[{"url":"http://hl7.org/fhir/tools/StructureDefinition/ig-page-name","valueUrl":"CarePlan-Dialyse.html"}],"nameUrl":"CarePlan-Dialyse.html","title":"Dialyse","generation":"generated"},{"extension":[{"url":"http://hl7.org/fhir/tools/StructureDefinition/ig-page-name","valueUrl":"Observation-DialyseFortsaettes.html"}],"nameUrl":"Observation-DialyseFortsaettes.html","title":"DialyseFortsaettes","generation":"generated"},{"extension":[{"url":"http://hl7.org/fhir/tools/StructureDefinition/ig-page-name","valueUrl":"Observation-EgensomsorgBegraensninger.html"}],"nameUrl":"Observation-EgensomsorgBegraensninger.html","title":"EgensomsorgBegraensninger","generation":"generated"},{"extension":[{"url":"http://hl7.org/fhir/tools/StructureDefinition/ig-page-name","valueUrl":"Observation-EgensomsorgBegraensningerOmkringKropspleje.html"}],"nameUrl":"Observation-EgensomsorgBegraensningerOmkringKropspleje.html","title":"EgensomsorgBegraensningerOmkringKropspleje","generation":"generated"},{"extension":[{"url":"http://hl7.org/fhir/tools/StructureDefinition/ig-page-name","valueUrl":"Goal-ForventetIngenBegraensninger.html"}],"nameUrl":"Goal-ForventetIngenBegraensninger.html","title":"ForventetIngenBegraensninger","generation":"generated"},{"extension":[{"url":"http://hl7.org/fhir/tools/StructureDefinition/ig-page-name","valueUrl":"Observation-OpleverIkkeBegraensningerMedVaskeSig.html"}],"nameUrl":"Observation-OpleverIkkeBegraensningerMedVaskeSig.html","title":"OpleverIkkeBegraensningerMedVaskeSig","generation":"generated"},{"extension":[{"url":"http://hl7.org/fhir/tools/StructureDefinition/ig-page-name","valueUrl":"CarePlan-PersonligHygiejne.html"}],"nameUrl":"CarePlan-PersonligHygiejne.html","title":"PersonligHygiejne","generation":"generated"},{"extension":[{"url":"http://hl7.org/fhir/tools/StructureDefinition/ig-page-name","valueUrl":"Observation-PersonligHygiejneFortsaettes.html"}],"nameUrl":"Observation-PersonligHygiejneFortsaettes.html","title":"PersonligHygiejneFortsaettes","generation":"generated"},{"extension":[{"url":"http://hl7.org/fhir/tools/StructureDefinition/ig-page-name","valueUrl":"Observation-PersonligPlejeFortsaettes.html"}],"nameUrl":"Observation-PersonligPlejeFortsaettes.html","title":"PersonligPlejeFortsaettes","generation":"generated"},{"extension":[{"url":"http://hl7.org/fhir/tools/StructureDefinition/ig-page-name","valueUrl":"Condition-ProblemerMedPersonligPleje.html"}],"nameUrl":"Condition-ProblemerMedPersonligPleje.html","title":"ProblemerMedPersonligPleje","generation":"generated"},{"extension":[{"url":"http://hl7.org/fhir/tools/StructureDefinition/ig-page-name","valueUrl":"Procedure-Saarbehandling.html"}],"nameUrl":"Procedure-Saarbehandling.html","title":"Saarbehandling","generation":"generated"},{"extension":[{"url":"http://hl7.org/fhir/tools/StructureDefinition/ig-page-name","valueUrl":"Patient-TestPerson.html"}],"nameUrl":"Patient-TestPerson.html","title":"TestPerson","generation":"generated"},{"extension":[{"url":"http://hl7.org/fhir/tools/StructureDefinition/ig-page-name","valueUrl":"Bundle-TestPersonReport.html"}],"nameUrl":"Bundle-TestPersonReport.html","title":"TestPersonReport","generation":"generated"},{"extension":[{"url":"http://hl7.org/fhir/tools/StructureDefinition/ig-page-name","valueUrl":"Observation-UdfoererSelvVaskeSig.html"}],"nameUrl":"Observation-UdfoererSelvVaskeSig.html","title":"UdfoererSelvVaskeSig","generation":"generated"},{"extension":[{"url":"http://hl7.org/fhir/tools/StructureDefinition/ig-page-name","valueUrl":"Observation-VaskeSigFortsaettes.html"}],"nameUrl":"Observation-VaskeSigFortsaettes.html","title":"VaskeSigFortsaettes","generation":"generated"},{"extension":[{"url":"http://hl7.org/fhir/tools/StructureDefinition/ig-page-name","valueUrl":"Condition-VaskeSigLetteBegraensninger.html"}],"nameUrl":"Condition-VaskeSigLetteBegraensninger.html","title":"VaskeSigLetteBegraensninger","generation":"generated"}]}]},"parameter":[{"code":"path-resource","value":"input/capabilities"},{"code":"path-resource","value":"input/examples"},{"code":"path-resource","value":"input/extensions"},{"code":"path-resource","value":"input/models"},{"code":"path-resource","value":"input/operations"},{"code":"path-resource","value":"input/profiles"},{"code":"path-resource","value":"input/resources"},{"code":"path-resource","value":"input/vocabulary"},{"code":"path-resource","value":"input/maps"},{"code":"path-resource","value":"input/testing"},{"code":"path-resource","value":"input/history"},{"code":"path-resource","value":"fsh-generated/resources"},{"code":"path-pages","value":"template/config"},{"code":"path-pages","value":"input/images"},{"code":"path-tx-cache","value":"input-cache/txcache"}]}}