{"resourceType":"ValueSet","id":"FSIIICareConditions","text":{"status":"generated","div":"<div xmlns=\"http://www.w3.org/1999/xhtml\"><p>This value set includes codes based on the following rules:</p><ul><li>Import all the codes that are contained in <a href=\"https://build.fhir.org/ig/hl7dk/KL-dk//ValueSet-KLConditionCodesNursing.html\">KLTilstandeKoderSygepleje</a></li><li>Import all the codes that are contained in <a href=\"https://build.fhir.org/ig/hl7dk/KL-dk//ValueSet-KLConditionCodesHomeCare.html\">KLTilstandeKoderHjemmepleje</a></li></ul></div>"},"url":"http://gateway.kl.dk/1.0/ValueSet/FSIIICareConditions","version":"1.0.4","name":"FSIIICareConditions","title":"FSIIICareConditions","status":"active","date":"2023-07-06T11:09:58+02:00","publisher":"KL","contact":[{"name":"KL","telecom":[{"system":"url","value":"http://www.kl.dk"}]}],"description":"Conditions defined by FSIII for nursing and home care","jurisdiction":[{"coding":[{"system":"urn:iso:std:iso:3166","code":"DK","display":"Denmark"}]}],"compose":{"include":[{"valueSet":["http://kl.dk/fhir/common/caresocial/ValueSet/KLConditionCodesNursing"]},{"valueSet":["http://kl.dk/fhir/common/caresocial/ValueSet/KLConditionCodesHomeCare"]}]}}