{
  "resourceType" : "CodeSystem",
  "id" : "1a392426-a252-4f99-a257-e12abe9215e3-17",
  "url" : "http://hl7.org/fhir/comparison/CodeSystem/1a392426-a252-4f99-a257-e12abe9215e3-17",
  "name" : "UnionNPUAndNPU",
  "title" : "Union of NPU And NPU",
  "status" : "active",
  "date" : "2024-10-31T13:18:56+01:00",
  "concept" : [{
    "code" : "NPU14924",
    "display" : "U—Urin; egenskabsart(liste; stix; proc.)"
  },
  {
    "code" : "NPU10504",
    "display" : "U—Acetoacetat; arb.k.(proc.) = ?"
  },
  {
    "code" : "NPU17997",
    "display" : "U—Albumin; arb.k.(proc.) = ?"
  },
  {
    "code" : "NPU10506",
    "display" : "U—Bacterium, nitrit-producerende; arb.k.(proc.) = ?"
  },
  {
    "code" : "NPU01372",
    "display" : "U—Bilirubiner; arb.k.(proc.) = ?"
  },
  {
    "code" : "NPU03963",
    "display" : "U—Erythrocytter; arb.k.(proc.) = ?"
  },
  {
    "code" : "NPU04207",
    "display" : "U—Glucose; arb.k.(proc.) = ?"
  },
  {
    "code" : "NPU02415",
    "display" : "U—Hydrogen-ion; pH(proc.) = ?"
  },
  {
    "code" : "NPU04208",
    "display" : "U—Hæmoglobin; arb.k.(proc.) = ?"
  },
  {
    "code" : "NPU03987",
    "display" : "U—Leukocytter; arb.k.(proc.) = ?"
  },
  {
    "code" : "NPU21578",
    "display" : "U—Nitrit; arb.k.(proc.) = ?"
  },
  {
    "code" : "NPU04864",
    "display" : "U—Porphobilinogen; arb.k.(proc.) = ?"
  },
  {
    "code" : "NPU04206",
    "display" : "U—Protein; arb.k.(proc.) = ?"
  },
  {
    "code" : "NPU03694",
    "display" : "Pt—Urin; rel.massetæthed(20 °C/vand, 20 °C; proc.) = ?"
  },
  {
    "code" : "NPU03697",
    "display" : "U—Urobilinogen; arb.k.(proc.) = ?"
  },
  {
    "code" : "NPU02195",
    "display" : "P(vB; fPt)—Glucose; stofk. = ? mmol/L"
  }]
}