{
  "resourceType" : "ValueSet",
  "id" : "1a392426-a252-4f99-a257-e12abe9215e3-20",
  "url" : "http://hl7.org/fhir/comparison/ValueSet/1a392426-a252-4f99-a257-e12abe9215e3-20",
  "name" : "UnionCancellationTypesAndCancellationTypes",
  "title" : "Union of CancellationTypes And CancellationTypes",
  "status" : "active",
  "date" : "2024-10-31T13:18:56+01:00",
  "compose" : {
    "include" : [{
      "filter" : [{
        "property" : "concept",
        "op" : "descendent-of",
        "value" : "2c059407-fed5-4852-92d8-6bb5ad63d7bb"
      }]
    }]
  }
}