{
  "resourceType" : "ValueSet",
  "id" : "1a392426-a252-4f99-a257-e12abe9215e3-68",
  "url" : "http://hl7.org/fhir/comparison/ValueSet/1a392426-a252-4f99-a257-e12abe9215e3-68",
  "name" : "UnionKLConditionFFCodesFFBAndKLConditionFFCodesFFB",
  "title" : "Union of KLTilstandFFKoderFFB And KLTilstandFFKoderFFB",
  "status" : "active",
  "date" : "2024-10-31T13:18:56+01:00",
  "compose" : {
    "include" : [{
      "filter" : [{
        "property" : "concept",
        "op" : "descendent-of",
        "value" : "a134c31d-d316-46d4-935e-e500874dbbe1"
      }]
    },
    {
      "filter" : [{
        "property" : "concept",
        "op" : "descendent-of",
        "value" : "25c5c614-305f-46cd-9891-55d564fc30cf"
      }]
    },
    {
      "filter" : [{
        "property" : "concept",
        "op" : "descendent-of",
        "value" : "e1836145-0c20-4e20-971e-d62dfe4ea1a0"
      }]
    },
    {
      "filter" : [{
        "property" : "concept",
        "op" : "descendent-of",
        "value" : "4fb78b88-d3af-4cfb-84d7-f06daf423317"
      }]
    }]
  }
}