{
  "resourceType" : "ValueSet",
  "id" : "1a392426-a252-4f99-a257-e12abe9215e3-119",
  "url" : "http://hl7.org/fhir/comparison/ValueSet/1a392426-a252-4f99-a257-e12abe9215e3-119",
  "name" : "UnionKLInformationGatheringTypeCodesAndKLInformationGatheringTypeCodes",
  "title" : "Union of KLOplysningsaktivitetsTypeKoder And KLOplysningsaktivitetsTypeKoder",
  "status" : "active",
  "date" : "2024-10-31T13:18:56+01:00",
  "compose" : {
    "include" : [{
      "filter" : [{
        "property" : "concept",
        "op" : "descendent-of",
        "value" : "940f37e6-8a3d-483b-adac-be8af3268a5b"
      }]
    }]
  }
}