{
  "resourceType" : "ValueSet",
  "id" : "1a392426-a252-4f99-a257-e12abe9215e3-180",
  "url" : "http://hl7.org/fhir/comparison/ValueSet/1a392426-a252-4f99-a257-e12abe9215e3-180",
  "name" : "IntersectionKLTargetMeasureCodesAndKLTargetMeasureCodes",
  "title" : "Intersection of KLTypeAfObservationPåMål And KLTypeAfObservationPåMål",
  "status" : "active",
  "date" : "2024-10-31T13:18:56+01:00",
  "compose" : {
    "include" : [{
      "concept" : [{
        "code" : "66959f77-6e2a-4574-8423-3ff097f8b9fa"
      },
      {
        "code" : "90c48f03-f194-4b2f-ad7d-6cba1069ae48"
      }]
    },
    {
      "valueSet" : ["http://fhir.kl.dk/term/ValueSet/KLObservationCodes"]
    }]
  }
}