{
  "resourceType" : "ValueSet",
  "id" : "1a392426-a252-4f99-a257-e12abe9215e3-77",
  "url" : "http://hl7.org/fhir/comparison/ValueSet/1a392426-a252-4f99-a257-e12abe9215e3-77",
  "name" : "UnionKLConsentToLiasingAndKLConsentToLiasing",
  "title" : "Union of KLBorgerIndforståetMedHenvendelseKoder And KLBorgerIndforståetMedHenvendelseKoder",
  "status" : "active",
  "date" : "2024-10-31T13:18:56+01:00",
  "compose" : {
    "include" : [{
      "filter" : [{
        "property" : "concept",
        "op" : "descendent-of",
        "value" : "3762dd32-4123-43a8-815d-ec40d3697652"
      }]
    }]
  }
}