{
  "resourceType" : "ValueSet",
  "id" : "1a392426-a252-4f99-a257-e12abe9215e3-144",
  "url" : "http://hl7.org/fhir/comparison/ValueSet/1a392426-a252-4f99-a257-e12abe9215e3-144",
  "name" : "IntersectionKLNursingInterventionsFSIIIAndKLNursingInterventionsFSIII",
  "title" : "Intersection of KLSygeplejeIndsatserFSIII And KLSygeplejeIndsatserFSIII",
  "status" : "active",
  "date" : "2024-10-31T13:18:56+01:00",
  "compose" : {
    "include" : [{
      "filter" : [{
        "property" : "concept",
        "op" : "descendent-of",
        "value" : "993d8f7b-fbed-4a78-90d9-6efbfa835114"
      }]
    },
    {
      "filter" : [{
        "property" : "concept",
        "op" : "descendent-of",
        "value" : "ff47f955-3179-446f-b211-dc29de9456e3"
      }]
    },
    {
      "filter" : [{
        "property" : "concept",
        "op" : "descendent-of",
        "value" : "G1"
      }]
    },
    {
      "filter" : [{
        "property" : "concept",
        "op" : "descendent-of",
        "value" : "G2"
      }]
    }]
  }
}