{
  "resourceType" : "ValueSet",
  "id" : "1a392426-a252-4f99-a257-e12abe9215e3-84",
  "url" : "http://hl7.org/fhir/comparison/ValueSet/1a392426-a252-4f99-a257-e12abe9215e3-84",
  "name" : "IntersectionKLEvaluationTypeCodesAndKLEvaluationTypeCodes",
  "title" : "Intersection of KLVurderingTypekoder And KLVurderingTypekoder",
  "status" : "active",
  "date" : "2024-10-31T13:18:56+01:00",
  "compose" : {
    "include" : [{
      "filter" : [{
        "property" : "concept",
        "op" : "descendent-of",
        "value" : "95ec4535-8fe8-4296-867c-35de421794cf"
      }]
    }]
  }
}