{
  "resourceType" : "ValueSet",
  "id" : "1a392426-a252-4f99-a257-e12abe9215e3-167",
  "url" : "http://hl7.org/fhir/comparison/ValueSet/1a392426-a252-4f99-a257-e12abe9215e3-167",
  "name" : "UnionKLSeveritiesAndKLSeverities",
  "title" : "Union of KLSværhedgrader And KLSværhedgrader",
  "status" : "active",
  "date" : "2024-10-31T13:18:56+01:00",
  "compose" : {
    "include" : [{
      "valueSet" : ["http://fhir.kl.dk/term/ValueSet/KLSeveritiesFFB"]
    },
    {
      "valueSet" : ["http://fhir.kl.dk/term/ValueSet/KLSeveritiesFSIII"]
    }]
  }
}