{
  "resourceType" : "ValueSet",
  "id" : "1a392426-a252-4f99-a257-e12abe9215e3-123",
  "url" : "http://hl7.org/fhir/comparison/ValueSet/1a392426-a252-4f99-a257-e12abe9215e3-123",
  "name" : "IntersectionKLInterventionsAndKLInterventions",
  "title" : "Intersection of KLIndsatser And KLIndsatser",
  "status" : "active",
  "date" : "2024-10-31T13:18:56+01:00",
  "compose" : {
    "include" : [{
      "valueSet" : ["http://fhir.kl.dk/term/ValueSet/KLNursingInterventionsFSIII"]
    },
    {
      "valueSet" : ["http://fhir.kl.dk/term/ValueSet/KLHomeCareInterventionsFSIII"]
    },
    {
      "valueSet" : ["http://fhir.kl.dk/term/ValueSet/KLTrainingInterventionsFSIII"]
    },
    {
      "valueSet" : ["http://fhir.kl.dk/term/ValueSet/KLPreventionInterventionsFSIII"]
    },
    {
      "valueSet" : ["http://fhir.kl.dk/term/ValueSet/KLInterventionsFFB"]
    }]
  }
}