{
  "resourceType" : "ValueSet",
  "id" : "1a392426-a252-4f99-a257-e12abe9215e3-30",
  "url" : "http://hl7.org/fhir/comparison/ValueSet/1a392426-a252-4f99-a257-e12abe9215e3-30",
  "name" : "IntersectionKLChangeValueCodesFFBAndKLChangeValueCodesFFB",
  "title" : "Intersection of KLMåltypekoderFFB And KLMåltypekoderFFB",
  "status" : "active",
  "date" : "2024-10-31T13:18:56+01:00",
  "compose" : {
    "include" : [{
      "filter" : [{
        "property" : "concept",
        "op" : "descendent-of",
        "value" : "b5257b2d-0fbf-4d00-bf38-d298c8568116"
      }]
    }]
  }
}