{
  "resourceType" : "ValueSet",
  "id" : "1a392426-a252-4f99-a257-e12abe9215e3-138",
  "url" : "http://hl7.org/fhir/comparison/ValueSet/1a392426-a252-4f99-a257-e12abe9215e3-138",
  "name" : "IntersectionKLNeedsAssessmentCodesFFBAndKLNeedsAssessmentCodesFFB",
  "title" : "Intersection of KLStøttebehovsvurderingskoderFFB And KLStøttebehovsvurderingskoderFFB",
  "status" : "active",
  "date" : "2024-10-31T13:18:56+01:00",
  "compose" : {
    "include" : [{
      "filter" : [{
        "property" : "concept",
        "op" : "descendent-of",
        "value" : "7ac451dc-773b-4877-baaf-1e6b1d5c8e28"
      }]
    }]
  }
}