{
  "resourceType" : "ValueSet",
  "id" : "1a392426-a252-4f99-a257-e12abe9215e3-75",
  "url" : "http://hl7.org/fhir/comparison/ValueSet/1a392426-a252-4f99-a257-e12abe9215e3-75",
  "name" : "IntersectionKLConditionsAndTargetGroupsFFBAndKLConditionsAndTargetGroupsFFB",
  "title" : "Intersection of KLTilstandeOgMålgrupperFFB And KLTilstandeOgMålgrupperFFB",
  "status" : "active",
  "date" : "2024-10-31T13:18:56+01:00",
  "compose" : {
    "include" : [{
      "valueSet" : ["http://fhir.kl.dk/term/ValueSet/KLConditionCodesFFB"]
    },
    {
      "valueSet" : ["http://fhir.kl.dk/term/ValueSet/KLTargetGroupsFFB"]
    }]
  }
}