{
  "resourceType" : "ValueSet",
  "id" : "1a392426-a252-4f99-a257-e12abe9215e3-56",
  "url" : "http://hl7.org/fhir/comparison/ValueSet/1a392426-a252-4f99-a257-e12abe9215e3-56",
  "name" : "UnionKLConditionCodesHomeCareAndKLConditionCodesHomeCare",
  "title" : "Union of KLTilstandeKoderHjemmepleje And KLTilstandeKoderHjemmepleje",
  "status" : "active",
  "date" : "2024-10-31T13:18:56+01:00",
  "compose" : {
    "include" : [{
      "filter" : [{
        "property" : "concept",
        "op" : "descendent-of",
        "value" : "43c2b7f0-5e55-4627-8fcf-bdaf5a9d84ac"
      }]
    },
    {
      "filter" : [{
        "property" : "concept",
        "op" : "descendent-of",
        "value" : "1c850a09-aa49-4fae-9354-f932f13e030b"
      }]
    },
    {
      "filter" : [{
        "property" : "concept",
        "op" : "descendent-of",
        "value" : "462f9352-0129-4d8e-8c75-a6dfed78ddcf"
      }]
    },
    {
      "filter" : [{
        "property" : "concept",
        "op" : "descendent-of",
        "value" : "4571f168-a92a-4caf-8dc8-35f45c2a1cb4"
      }]
    },
    {
      "filter" : [{
        "property" : "concept",
        "op" : "descendent-of",
        "value" : "86b53158-6d05-412e-ad55-2e1fa26359b3"
      }]
    },
    {
      "filter" : [{
        "property" : "concept",
        "op" : "descendent-of",
        "value" : "J1"
      }]
    },
    {
      "filter" : [{
        "property" : "concept",
        "op" : "descendent-of",
        "value" : "J2"
      }]
    },
    {
      "filter" : [{
        "property" : "concept",
        "op" : "descendent-of",
        "value" : "J3"
      }]
    },
    {
      "filter" : [{
        "property" : "concept",
        "op" : "descendent-of",
        "value" : "J4"
      }]
    },
    {
      "filter" : [{
        "property" : "concept",
        "op" : "descendent-of",
        "value" : "J5"
      }]
    }]
  }
}