{
  "resourceType" : "ValueSet",
  "id" : "1a392426-a252-4f99-a257-e12abe9215e3-33",
  "url" : "http://hl7.org/fhir/comparison/ValueSet/1a392426-a252-4f99-a257-e12abe9215e3-33",
  "name" : "IntersectionKLChangeValueCodesFSIIIAndKLChangeValueCodesFSIII",
  "title" : "Intersection of KLMåltypeKoderFSIII And KLMåltypeKoderFSIII",
  "status" : "active",
  "date" : "2024-10-31T13:18:56+01:00",
  "compose" : {
    "include" : [{
      "filter" : [{
        "property" : "concept",
        "op" : "descendent-of",
        "value" : "e182c5dc-9f91-474a-92e8-f62be3d498f4"
      }]
    }]
  }
}