{
  "resourceType" : "ValueSet",
  "id" : "1a392426-a252-4f99-a257-e12abe9215e3-146",
  "url" : "http://hl7.org/fhir/comparison/ValueSet/1a392426-a252-4f99-a257-e12abe9215e3-146",
  "name" : "UnionKLObservationCodesAndKLObservationCodes",
  "title" : "Union of KLObservationskoder And KLObservationskoder",
  "status" : "active",
  "date" : "2024-10-31T13:18:56+01:00",
  "compose" : {
    "include" : [{
      "concept" : [{
        "code" : "446226005"
      },
      {
        "code" : "400975005"
      },
      {
        "code" : "407557002"
      },
      {
        "code" : "407555005"
      },
      {
        "code" : "271650006"
      },
      {
        "code" : "72313002"
      },
      {
        "code" : "400974009"
      },
      {
        "code" : "399304008"
      },
      {
        "code" : "407556006"
      },
      {
        "code" : "407554009"
      },
      {
        "code" : "271649006"
      },
      {
        "code" : "422119006"
      },
      {
        "code" : "429614003"
      },
      {
        "code" : "429525003"
      },
      {
        "code" : "399017001"
      },
      {
        "code" : "78564009"
      },
      {
        "code" : "444981005"
      },
      {
        "code" : "364075005"
      },
      {
        "code" : "424927000"
      },
      {
        "code" : "445541000"
      },
      {
        "code" : "425024002"
      },
      {
        "code" : "364589006"
      },
      {
        "code" : "27113001"
      },
      {
        "code" : "248334005"
      },
      {
        "code" : "276351002"
      },
      {
        "code" : "276353004"
      },
      {
        "code" : "248333004"
      },
      {
        "code" : "450738001"
      },
      {
        "code" : "1144649008"
      },
      {
        "code" : "6942003"
      },
      {
        "code" : "444714004"
      },
      {
        "code" : "443394008"
      },
      {
        "code" : "1144798005"
      },
      {
        "code" : "1144665009"
      },
      {
        "code" : "404949004"
      },
      {
        "code" : "406202006"
      },
      {
        "code" : "247752005"
      },
      {
        "code" : "301438001"
      },
      {
        "code" : "284773001"
      },
      {
        "code" : "284545001"
      },
      {
        "code" : "364624006"
      },
      {
        "code" : "285854004"
      },
      {
        "code" : "736535009"
      },
      {
        "code" : "1144655003"
      },
      {
        "code" : "420753006"
      },
      {
        "code" : "434912009"
      }]
    },
    {
      "filter" : [{
        "property" : "concept",
        "op" : "is-a",
        "value" : "431314004"
      }]
    },
    {
      "filter" : [{
        "property" : "concept",
        "op" : "is-a",
        "value" : "86290005"
      }]
    },
    {
      "filter" : [{
        "property" : "concept",
        "op" : "is-a",
        "value" : "276885007"
      }]
    },
    {
      "concept" : [{
        "code" : "NPU14924"
      },
      {
        "code" : "NPU10504"
      },
      {
        "code" : "NPU17997"
      },
      {
        "code" : "NPU10506"
      },
      {
        "code" : "NPU01372"
      },
      {
        "code" : "NPU03963"
      },
      {
        "code" : "NPU04207"
      },
      {
        "code" : "NPU02415"
      },
      {
        "code" : "NPU04208"
      },
      {
        "code" : "NPU03987"
      },
      {
        "code" : "NPU21578"
      },
      {
        "code" : "NPU04864"
      },
      {
        "code" : "NPU04206"
      },
      {
        "code" : "NPU03694"
      },
      {
        "code" : "NPU03697"
      },
      {
        "code" : "NPU02195"
      }]
    }]
  }
}