{
  "resourceType" : "ValueSet",
  "id" : "1a392426-a252-4f99-a257-e12abe9215e3-134",
  "url" : "http://hl7.org/fhir/comparison/ValueSet/1a392426-a252-4f99-a257-e12abe9215e3-134",
  "name" : "UnionKLMatterOfInterestValuesAndKLMatterOfInterestValues",
  "title" : "Union of KLIngenOplysningerKoder And KLIngenOplysningerKoder",
  "status" : "active",
  "date" : "2024-10-31T13:18:56+01:00",
  "compose" : {
    "include" : [{
      "concept" : [{
        "code" : "d7ff926a-4955-478f-b300-0b0ec0785013"
      },
      {
        "code" : "B6"
      }]
    },
    {
      "concept" : [{
        "code" : "2254dac8-8aa3-4334-8502-9720194f49ad"
      }]
    }]
  }
}