{
  "resourceType" : "ValueSet",
  "id" : "1a392426-a252-4f99-a257-e12abe9215e3-104",
  "url" : "http://hl7.org/fhir/comparison/ValueSet/1a392426-a252-4f99-a257-e12abe9215e3-104",
  "name" : "UnionKLHomeCareAreasFSIIIAndKLHomeCareAreasFSIII",
  "title" : "Union of KLHjemmeplejeOmråderFSIII And KLHjemmeplejeOmråderFSIII",
  "status" : "active",
  "date" : "2024-10-31T13:18:56+01:00",
  "compose" : {
    "include" : [{
      "concept" : [{
        "code" : "43c2b7f0-5e55-4627-8fcf-bdaf5a9d84ac"
      },
      {
        "code" : "86b53158-6d05-412e-ad55-2e1fa26359b3"
      },
      {
        "code" : "1c850a09-aa49-4fae-9354-f932f13e030b"
      },
      {
        "code" : "462f9352-0129-4d8e-8c75-a6dfed78ddcf"
      },
      {
        "code" : "4571f168-a92a-4caf-8dc8-35f45c2a1cb4"
      },
      {
        "code" : "J1"
      },
      {
        "code" : "J5"
      },
      {
        "code" : "J2"
      },
      {
        "code" : "J3"
      },
      {
        "code" : "J4"
      }]
    }]
  }
}