{
  "resourceType" : "ValueSet",
  "id" : "1a392426-a252-4f99-a257-e12abe9215e3-173",
  "url" : "http://hl7.org/fhir/comparison/ValueSet/1a392426-a252-4f99-a257-e12abe9215e3-173",
  "name" : "UnionKLSeveritiesFSIIIAndKLSeveritiesFSIII",
  "title" : "Union of KLFunktionsevneniveauFSIII And KLFunktionsevneniveauFSIII",
  "status" : "active",
  "date" : "2024-10-31T13:18:56+01:00",
  "compose" : {
    "include" : [{
      "filter" : [{
        "property" : "concept",
        "op" : "descendent-of",
        "value" : "2c02a704-deee-4878-9378-1167613b3da6"
      }]
    },
    {
      "filter" : [{
        "property" : "concept",
        "op" : "descendent-of",
        "value" : "B"
      }]
    }]
  }
}