{
  "resourceType" : "ValueSet",
  "id" : "1a392426-a252-4f99-a257-e12abe9215e3-182",
  "url" : "http://hl7.org/fhir/comparison/ValueSet/1a392426-a252-4f99-a257-e12abe9215e3-182",
  "name" : "UnionKLThemesFFBAndKLThemesFFB",
  "title" : "Union of KLTemaerFFB And KLTemaerFFB",
  "status" : "active",
  "date" : "2024-10-31T13:18:56+01:00",
  "compose" : {
    "include" : [{
      "concept" : [{
        "code" : "4fb78b88-d3af-4cfb-84d7-f06daf423317"
      },
      {
        "code" : "25c5c614-305f-46cd-9891-55d564fc30cf"
      },
      {
        "code" : "e1836145-0c20-4e20-971e-d62dfe4ea1a0"
      },
      {
        "code" : "a134c31d-d316-46d4-935e-e500874dbbe1"
      },
      {
        "code" : "da3f488f-1742-4d00-b247-a7d47500b36b"
      },
      {
        "code" : "3856b434-f72e-42a5-b9d1-0cc93f48434b"
      },
      {
        "code" : "c2b186f9-9c10-478e-8345-2d2c37ab4c46"
      },
      {
        "code" : "dfbe6ff6-223b-436a-b864-8ba29bda41e2"
      },
      {
        "code" : "d1495b2c-1452-4e49-8dbe-8193af5d8823"
      },
      {
        "code" : "eef71492-65f5-4297-aa95-3c3a6866ddef"
      },
      {
        "code" : "7445fb2b-0009-43d9-b49b-1b9782f2fcd9"
      },
      {
        "code" : "93433530-b85c-4d04-a4fb-5ae26cf16f1c"
      },
      {
        "code" : "740934cd-002b-4b96-b92e-b3562eed9448"
      }]
    }]
  }
}