{
  "resourceType" : "ValueSet",
  "id" : "1a392426-a252-4f99-a257-e12abe9215e3-114",
  "url" : "http://hl7.org/fhir/comparison/ValueSet/1a392426-a252-4f99-a257-e12abe9215e3-114",
  "name" : "IntersectionKLInformationCodesAndKLInformationCodes",
  "title" : "Intersection of KLOplysningKoder And KLOplysningKoder",
  "status" : "active",
  "date" : "2024-10-31T13:18:56+01:00",
  "compose" : {
    "include" : [{
      "valueSet" : ["http://fhir.kl.dk/term/ValueSet/KLGeneralInformationFSIII"]
    },
    {
      "valueSet" : ["http://fhir.kl.dk/term/ValueSet/KLNursingAreasFSIII"]
    },
    {
      "valueSet" : ["http://fhir.kl.dk/term/ValueSet/KLHomeCareAreasFSIII"]
    },
    {
      "valueSet" : ["http://fhir.kl.dk/term/ValueSet/KLTheraphyAreasFSIII"]
    },
    {
      "valueSet" : ["http://fhir.kl.dk/term/ValueSet/KLPreventionAreasFSIII"]
    },
    {
      "valueSet" : ["http://fhir.kl.dk/term/ValueSet/KLThemesFFB"]
    }]
  }
}