{
  "resourceType" : "ValueSet",
  "id" : "1a392426-a252-4f99-a257-e12abe9215e3-108",
  "url" : "http://hl7.org/fhir/comparison/ValueSet/1a392426-a252-4f99-a257-e12abe9215e3-108",
  "name" : "IntersectionKLHomeCareInterventionsFSIIIAndKLHomeCareInterventionsFSIII",
  "title" : "Intersection of KLHjemmeplejeIndsatserFSIII And KLHjemmeplejeIndsatserFSIII",
  "status" : "active",
  "date" : "2024-10-31T13:18:56+01:00",
  "compose" : {
    "include" : [{
      "filter" : [{
        "property" : "concept",
        "op" : "descendent-of",
        "value" : "23a80ae9-ab88-48ed-a689-36bdd3cc6e41"
      }]
    },
    {
      "filter" : [{
        "property" : "concept",
        "op" : "descendent-of",
        "value" : "3823d4cd-c38f-49f7-bb15-bd2488b07cd9"
      }]
    },
    {
      "filter" : [{
        "property" : "concept",
        "op" : "descendent-of",
        "value" : "6cacf7a2-97ef-4981-a16a-338d571fc115"
      }]
    },
    {
      "filter" : [{
        "property" : "concept",
        "op" : "descendent-of",
        "value" : "fe266687-9efd-4aea-a37c-49c88632d4f3"
      }]
    },
    {
      "filter" : [{
        "property" : "concept",
        "op" : "descendent-of",
        "value" : "4bfff76f-cc05-4635-96e5-282f4abb2986"
      }]
    },
    {
      "filter" : [{
        "property" : "concept",
        "op" : "descendent-of",
        "value" : "90910722-a79d-4c35-8110-3adc988b206b"
      }]
    },
    {
      "filter" : [{
        "property" : "concept",
        "op" : "descendent-of",
        "value" : "aeb52f84-c587-4e12-8793-69ebf83819f5"
      }]
    },
    {
      "filter" : [{
        "property" : "concept",
        "op" : "descendent-of",
        "value" : "db582ef3-121c-4061-9569-3dbede361d47"
      }]
    },
    {
      "filter" : [{
        "property" : "concept",
        "op" : "descendent-of",
        "value" : "ae759142-4006-454f-a585-ca02519e5579"
      }]
    },
    {
      "filter" : [{
        "property" : "concept",
        "op" : "descendent-of",
        "value" : "6f9ed46f-6498-4567-9637-2324dbfaa0a0"
      }]
    },
    {
      "filter" : [{
        "property" : "concept",
        "op" : "descendent-of",
        "value" : "83_stk_1_nr_1_Personlig_hjaelp_og_pleje"
      }]
    },
    {
      "filter" : [{
        "property" : "concept",
        "op" : "descendent-of",
        "value" : "83_stk_1_nr_2_Praktisk_hjaelp_i_hjemmet"
      }]
    },
    {
      "filter" : [{
        "property" : "concept",
        "op" : "descendent-of",
        "value" : "83_stk_1_nr_3_Madservice"
      }]
    },
    {
      "filter" : [{
        "property" : "concept",
        "op" : "descendent-of",
        "value" : "83a_Rehabilitering_personlig_hjaelp_og_pleje"
      }]
    },
    {
      "filter" : [{
        "property" : "concept",
        "op" : "descendent-of",
        "value" : "83a_Rehabilitering_praktisk_hjaelp_i_hjemmet"
      }]
    },
    {
      "filter" : [{
        "property" : "concept",
        "op" : "descendent-of",
        "value" : "H3"
      }]
    },
    {
      "filter" : [{
        "property" : "concept",
        "op" : "descendent-of",
        "value" : "H4"
      }]
    },
    {
      "filter" : [{
        "property" : "concept",
        "op" : "descendent-of",
        "value" : "H5"
      }]
    },
    {
      "filter" : [{
        "property" : "concept",
        "op" : "descendent-of",
        "value" : "H6"
      }]
    },
    {
      "filter" : [{
        "property" : "concept",
        "op" : "descendent-of",
        "value" : "H7"
      }]
    }]
  }
}