{"resourceType":"ImplementationGuide","id":"kl.dk.fhir.prevention","text":{"status":"extensions","div":"<div xmlns=\"http://www.w3.org/1999/xhtml\"><h2>KLGatewayPrevention</h2><p>The official URL for this implementation guide is: </p><pre>http://fhir.kl.dk/prevention/ImplementationGuide/kl.dk.fhir.prevention</pre></div>"},"url":"http://fhir.kl.dk/prevention/ImplementationGuide/kl.dk.fhir.prevention","version":"1.0.0","name":"KLGatewayPrevention","status":"active","date":"2023-09-28T10:27:14+02:00","publisher":"Kommunernes Landsforening","contact":[{"name":"Kommunernes Landsforening","telecom":[{"system":"url","value":"http://kl.dk"}]}],"packageId":"kl.dk.fhir.prevention","license":"CC0-1.0","fhirVersion":["4.0.1"],"dependsOn":[{"id":"hl7tx","extension":[{"url":"http://hl7.org/fhir/tools/StructureDefinition/implementationguide-dependency-comment","valueMarkdown":"Automatically added as a dependency - all IGs depend on HL7 Terminology"}],"uri":"http://terminology.hl7.org/ImplementationGuide/hl7.terminology","packageId":"hl7.terminology.r4","version":"5.3.0"},{"id":"hl7ext","extension":[{"url":"http://hl7.org/fhir/tools/StructureDefinition/implementationguide-dependency-comment","valueMarkdown":"Automatically added as a dependency - all IGs depend on the HL7 Extension Pack"}],"uri":"http://hl7.org/fhir/extensions/ImplementationGuide/hl7.fhir.uv.extensions","packageId":"hl7.fhir.uv.extensions.r4","version":"1.0.0"},{"id":"hl7_fhir_dk_core","uri":"https://hl7.dk/fhir/core","packageId":"hl7.fhir.dk.core","version":"2.1.0"},{"id":"kl_dk_fhir_term","uri":"http://fhir.kl.dk/term/ImplementationGuide/kl.dk.fhir.term","packageId":"kl.dk.fhir.term","version":"1.1.0"}],"definition":{"extension":[{"extension":[{"url":"code","valueString":"copyrightyear"},{"url":"value","valueString":"2023+"}],"url":"http://hl7.org/fhir/tools/StructureDefinition/ig-parameter"},{"extension":[{"url":"code","valueString":"releaselabel"},{"url":"value","valueString":"Release"}],"url":"http://hl7.org/fhir/tools/StructureDefinition/ig-parameter"},{"extension":[{"url":"code","valueString":"autoload-resources"},{"url":"value","valueString":"true"}],"url":"http://hl7.org/fhir/tools/StructureDefinition/ig-parameter"},{"extension":[{"url":"code","valueString":"path-liquid"},{"url":"value","valueString":"template/liquid"}],"url":"http://hl7.org/fhir/tools/StructureDefinition/ig-parameter"},{"extension":[{"url":"code","valueString":"path-liquid"},{"url":"value","valueString":"input/liquid"}],"url":"http://hl7.org/fhir/tools/StructureDefinition/ig-parameter"},{"extension":[{"url":"code","valueString":"path-qa"},{"url":"value","valueString":"temp/qa"}],"url":"http://hl7.org/fhir/tools/StructureDefinition/ig-parameter"},{"extension":[{"url":"code","valueString":"path-temp"},{"url":"value","valueString":"temp/pages"}],"url":"http://hl7.org/fhir/tools/StructureDefinition/ig-parameter"},{"extension":[{"url":"code","valueString":"path-output"},{"url":"value","valueString":"output"}],"url":"http://hl7.org/fhir/tools/StructureDefinition/ig-parameter"},{"extension":[{"url":"code","valueString":"path-suppressed-warnings"},{"url":"value","valueString":"input/ignoreWarnings.txt"}],"url":"http://hl7.org/fhir/tools/StructureDefinition/ig-parameter"},{"extension":[{"url":"code","valueString":"path-history"},{"url":"value","valueString":"http://fhir.kl.dk/prevention/history.html"}],"url":"http://hl7.org/fhir/tools/StructureDefinition/ig-parameter"},{"extension":[{"url":"code","valueString":"template-html"},{"url":"value","valueString":"template-page.html"}],"url":"http://hl7.org/fhir/tools/StructureDefinition/ig-parameter"},{"extension":[{"url":"code","valueString":"template-md"},{"url":"value","valueString":"template-page-md.html"}],"url":"http://hl7.org/fhir/tools/StructureDefinition/ig-parameter"},{"extension":[{"url":"code","valueString":"apply-contact"},{"url":"value","valueString":"true"}],"url":"http://hl7.org/fhir/tools/StructureDefinition/ig-parameter"},{"extension":[{"url":"code","valueString":"apply-context"},{"url":"value","valueString":"true"}],"url":"http://hl7.org/fhir/tools/StructureDefinition/ig-parameter"},{"extension":[{"url":"code","valueString":"apply-copyright"},{"url":"value","valueString":"true"}],"url":"http://hl7.org/fhir/tools/StructureDefinition/ig-parameter"},{"extension":[{"url":"code","valueString":"apply-jurisdiction"},{"url":"value","valueString":"true"}],"url":"http://hl7.org/fhir/tools/StructureDefinition/ig-parameter"},{"extension":[{"url":"code","valueString":"apply-license"},{"url":"value","valueString":"true"}],"url":"http://hl7.org/fhir/tools/StructureDefinition/ig-parameter"},{"extension":[{"url":"code","valueString":"apply-publisher"},{"url":"value","valueString":"true"}],"url":"http://hl7.org/fhir/tools/StructureDefinition/ig-parameter"},{"extension":[{"url":"code","valueString":"apply-version"},{"url":"value","valueString":"true"}],"url":"http://hl7.org/fhir/tools/StructureDefinition/ig-parameter"},{"extension":[{"url":"code","valueString":"apply-wg"},{"url":"value","valueString":"true"}],"url":"http://hl7.org/fhir/tools/StructureDefinition/ig-parameter"},{"extension":[{"url":"code","valueString":"active-tables"},{"url":"value","valueString":"true"}],"url":"http://hl7.org/fhir/tools/StructureDefinition/ig-parameter"},{"extension":[{"url":"code","valueString":"fmm-definition"},{"url":"value","valueString":"http://hl7.org/fhir/versions.html#maturity"}],"url":"http://hl7.org/fhir/tools/StructureDefinition/ig-parameter"},{"extension":[{"url":"code","valueString":"propagate-status"},{"url":"value","valueString":"true"}],"url":"http://hl7.org/fhir/tools/StructureDefinition/ig-parameter"},{"extension":[{"url":"code","valueString":"excludelogbinaryformat"},{"url":"value","valueString":"true"}],"url":"http://hl7.org/fhir/tools/StructureDefinition/ig-parameter"},{"extension":[{"url":"code","valueString":"tabbed-snapshots"},{"url":"value","valueString":"true"}],"url":"http://hl7.org/fhir/tools/StructureDefinition/ig-parameter"},{"url":"http://hl7.org/fhir/tools/StructureDefinition/ig-internal-dependency","valueCode":"hl7.fhir.uv.tools#current"},{"extension":[{"url":"code","valueCode":"copyrightyear"},{"url":"value","valueString":"2023+"}],"url":"http://hl7.org/fhir/tools/StructureDefinition/ig-parameter"},{"extension":[{"url":"code","valueCode":"releaselabel"},{"url":"value","valueString":"Release"}],"url":"http://hl7.org/fhir/tools/StructureDefinition/ig-parameter"},{"extension":[{"url":"code","valueCode":"autoload-resources"},{"url":"value","valueString":"true"}],"url":"http://hl7.org/fhir/tools/StructureDefinition/ig-parameter"},{"extension":[{"url":"code","valueCode":"path-liquid"},{"url":"value","valueString":"template/liquid"}],"url":"http://hl7.org/fhir/tools/StructureDefinition/ig-parameter"},{"extension":[{"url":"code","valueCode":"path-liquid"},{"url":"value","valueString":"input/liquid"}],"url":"http://hl7.org/fhir/tools/StructureDefinition/ig-parameter"},{"extension":[{"url":"code","valueCode":"path-qa"},{"url":"value","valueString":"temp/qa"}],"url":"http://hl7.org/fhir/tools/StructureDefinition/ig-parameter"},{"extension":[{"url":"code","valueCode":"path-temp"},{"url":"value","valueString":"temp/pages"}],"url":"http://hl7.org/fhir/tools/StructureDefinition/ig-parameter"},{"extension":[{"url":"code","valueCode":"path-output"},{"url":"value","valueString":"output"}],"url":"http://hl7.org/fhir/tools/StructureDefinition/ig-parameter"},{"extension":[{"url":"code","valueCode":"path-suppressed-warnings"},{"url":"value","valueString":"input/ignoreWarnings.txt"}],"url":"http://hl7.org/fhir/tools/StructureDefinition/ig-parameter"},{"extension":[{"url":"code","valueCode":"path-history"},{"url":"value","valueString":"http://fhir.kl.dk/prevention/history.html"}],"url":"http://hl7.org/fhir/tools/StructureDefinition/ig-parameter"},{"extension":[{"url":"code","valueCode":"template-html"},{"url":"value","valueString":"template-page.html"}],"url":"http://hl7.org/fhir/tools/StructureDefinition/ig-parameter"},{"extension":[{"url":"code","valueCode":"template-md"},{"url":"value","valueString":"template-page-md.html"}],"url":"http://hl7.org/fhir/tools/StructureDefinition/ig-parameter"},{"extension":[{"url":"code","valueCode":"apply-contact"},{"url":"value","valueString":"true"}],"url":"http://hl7.org/fhir/tools/StructureDefinition/ig-parameter"},{"extension":[{"url":"code","valueCode":"apply-context"},{"url":"value","valueString":"true"}],"url":"http://hl7.org/fhir/tools/StructureDefinition/ig-parameter"},{"extension":[{"url":"code","valueCode":"apply-copyright"},{"url":"value","valueString":"true"}],"url":"http://hl7.org/fhir/tools/StructureDefinition/ig-parameter"},{"extension":[{"url":"code","valueCode":"apply-jurisdiction"},{"url":"value","valueString":"true"}],"url":"http://hl7.org/fhir/tools/StructureDefinition/ig-parameter"},{"extension":[{"url":"code","valueCode":"apply-license"},{"url":"value","valueString":"true"}],"url":"http://hl7.org/fhir/tools/StructureDefinition/ig-parameter"},{"extension":[{"url":"code","valueCode":"apply-publisher"},{"url":"value","valueString":"true"}],"url":"http://hl7.org/fhir/tools/StructureDefinition/ig-parameter"},{"extension":[{"url":"code","valueCode":"apply-version"},{"url":"value","valueString":"true"}],"url":"http://hl7.org/fhir/tools/StructureDefinition/ig-parameter"},{"extension":[{"url":"code","valueCode":"apply-wg"},{"url":"value","valueString":"true"}],"url":"http://hl7.org/fhir/tools/StructureDefinition/ig-parameter"},{"extension":[{"url":"code","valueCode":"active-tables"},{"url":"value","valueString":"true"}],"url":"http://hl7.org/fhir/tools/StructureDefinition/ig-parameter"},{"extension":[{"url":"code","valueCode":"fmm-definition"},{"url":"value","valueString":"http://hl7.org/fhir/versions.html#maturity"}],"url":"http://hl7.org/fhir/tools/StructureDefinition/ig-parameter"},{"extension":[{"url":"code","valueCode":"propagate-status"},{"url":"value","valueString":"true"}],"url":"http://hl7.org/fhir/tools/StructureDefinition/ig-parameter"},{"extension":[{"url":"code","valueCode":"excludelogbinaryformat"},{"url":"value","valueString":"true"}],"url":"http://hl7.org/fhir/tools/StructureDefinition/ig-parameter"},{"extension":[{"url":"code","valueCode":"tabbed-snapshots"},{"url":"value","valueString":"true"}],"url":"http://hl7.org/fhir/tools/StructureDefinition/ig-parameter"},{"extension":[{"url":"code","valueCode":"copyrightyear"},{"url":"value","valueString":"2023+"}],"url":"http://hl7.org/fhir/tools/StructureDefinition/ig-parameter"},{"extension":[{"url":"code","valueCode":"releaselabel"},{"url":"value","valueString":"Release"}],"url":"http://hl7.org/fhir/tools/StructureDefinition/ig-parameter"},{"extension":[{"url":"code","valueCode":"autoload-resources"},{"url":"value","valueString":"true"}],"url":"http://hl7.org/fhir/tools/StructureDefinition/ig-parameter"},{"extension":[{"url":"code","valueCode":"path-liquid"},{"url":"value","valueString":"template/liquid"}],"url":"http://hl7.org/fhir/tools/StructureDefinition/ig-parameter"},{"extension":[{"url":"code","valueCode":"path-liquid"},{"url":"value","valueString":"input/liquid"}],"url":"http://hl7.org/fhir/tools/StructureDefinition/ig-parameter"},{"extension":[{"url":"code","valueCode":"path-qa"},{"url":"value","valueString":"temp/qa"}],"url":"http://hl7.org/fhir/tools/StructureDefinition/ig-parameter"},{"extension":[{"url":"code","valueCode":"path-temp"},{"url":"value","valueString":"temp/pages"}],"url":"http://hl7.org/fhir/tools/StructureDefinition/ig-parameter"},{"extension":[{"url":"code","valueCode":"path-output"},{"url":"value","valueString":"output"}],"url":"http://hl7.org/fhir/tools/StructureDefinition/ig-parameter"},{"extension":[{"url":"code","valueCode":"path-suppressed-warnings"},{"url":"value","valueString":"input/ignoreWarnings.txt"}],"url":"http://hl7.org/fhir/tools/StructureDefinition/ig-parameter"},{"extension":[{"url":"code","valueCode":"path-history"},{"url":"value","valueString":"http://fhir.kl.dk/prevention/history.html"}],"url":"http://hl7.org/fhir/tools/StructureDefinition/ig-parameter"},{"extension":[{"url":"code","valueCode":"template-html"},{"url":"value","valueString":"template-page.html"}],"url":"http://hl7.org/fhir/tools/StructureDefinition/ig-parameter"},{"extension":[{"url":"code","valueCode":"template-md"},{"url":"value","valueString":"template-page-md.html"}],"url":"http://hl7.org/fhir/tools/StructureDefinition/ig-parameter"},{"extension":[{"url":"code","valueCode":"apply-contact"},{"url":"value","valueString":"true"}],"url":"http://hl7.org/fhir/tools/StructureDefinition/ig-parameter"},{"extension":[{"url":"code","valueCode":"apply-context"},{"url":"value","valueString":"true"}],"url":"http://hl7.org/fhir/tools/StructureDefinition/ig-parameter"},{"extension":[{"url":"code","valueCode":"apply-copyright"},{"url":"value","valueString":"true"}],"url":"http://hl7.org/fhir/tools/StructureDefinition/ig-parameter"},{"extension":[{"url":"code","valueCode":"apply-jurisdiction"},{"url":"value","valueString":"true"}],"url":"http://hl7.org/fhir/tools/StructureDefinition/ig-parameter"},{"extension":[{"url":"code","valueCode":"apply-license"},{"url":"value","valueString":"true"}],"url":"http://hl7.org/fhir/tools/StructureDefinition/ig-parameter"},{"extension":[{"url":"code","valueCode":"apply-publisher"},{"url":"value","valueString":"true"}],"url":"http://hl7.org/fhir/tools/StructureDefinition/ig-parameter"},{"extension":[{"url":"code","valueCode":"apply-version"},{"url":"value","valueString":"true"}],"url":"http://hl7.org/fhir/tools/StructureDefinition/ig-parameter"},{"extension":[{"url":"code","valueCode":"apply-wg"},{"url":"value","valueString":"true"}],"url":"http://hl7.org/fhir/tools/StructureDefinition/ig-parameter"},{"extension":[{"url":"code","valueCode":"active-tables"},{"url":"value","valueString":"true"}],"url":"http://hl7.org/fhir/tools/StructureDefinition/ig-parameter"},{"extension":[{"url":"code","valueCode":"fmm-definition"},{"url":"value","valueString":"http://hl7.org/fhir/versions.html#maturity"}],"url":"http://hl7.org/fhir/tools/StructureDefinition/ig-parameter"},{"extension":[{"url":"code","valueCode":"propagate-status"},{"url":"value","valueString":"true"}],"url":"http://hl7.org/fhir/tools/StructureDefinition/ig-parameter"},{"extension":[{"url":"code","valueCode":"excludelogbinaryformat"},{"url":"value","valueString":"true"}],"url":"http://hl7.org/fhir/tools/StructureDefinition/ig-parameter"},{"extension":[{"url":"code","valueCode":"tabbed-snapshots"},{"url":"value","valueString":"true"}],"url":"http://hl7.org/fhir/tools/StructureDefinition/ig-parameter"}],"grouping":[{"id":"-str-profile","name":"Structures: Resource Profiles","description":"These define constraints on FHIR resources for systems conforming to this implementation guide."},{"id":"-str-extension","name":"Structures: Extension Definitions","description":"These define constraints on FHIR data types for systems conforming to this implementation guide."},{"id":"-term-valueset","name":"Terminology: Value Sets","description":"These define sets of codes used by systems conforming to this implementation guide."},{"id":"-term-codesystem","name":"Terminology: Code Systems","description":"These define new code systems used by systems conforming to this implementation guide."},{"id":"-ex-example","name":"Example: Example Instances","description":"These are example instances that show what data produced and consumed by systems conforming with this implementation guide might look like."}],"resource":[{"extension":[{"url":"http://hl7.org/fhir/tools/StructureDefinition/resource-sort","valueInteger":999999999},{"url":"http://hl7.org/fhir/StructureDefinition/implementationguide-page","valueUri":"StructureDefinition-klgateway-119-care-plan.html"}],"reference":{"reference":"StructureDefinition/klgateway-119-care-plan"},"name":"KLGateway119CarePlan","description":"Care plans for §119 health promotion and disease prevention in Danish Municipalities.","exampleBoolean":false,"groupingId":"-str-profile"},{"extension":[{"url":"http://hl7.org/fhir/tools/StructureDefinition/resource-sort","valueInteger":999999999},{"url":"http://hl7.org/fhir/StructureDefinition/implementationguide-page","valueUri":"StructureDefinition-klgateway-119-citizen.html"}],"reference":{"reference":"StructureDefinition/klgateway-119-citizen"},"name":"KLGateway119Citizen","description":"Administrative information about a citizen receiving care or care related services.","exampleBoolean":false,"groupingId":"-str-profile"},{"extension":[{"url":"http://hl7.org/fhir/tools/StructureDefinition/resource-sort","valueInteger":999999999},{"url":"http://hl7.org/fhir/StructureDefinition/implementationguide-page","valueUri":"StructureDefinition-klgateway-119-condition.html"}],"reference":{"reference":"StructureDefinition/klgateway-119-condition"},"name":"KLGateway119Condition","description":"Detailed information about condition relating to §119 care pathways","exampleBoolean":false,"groupingId":"-str-profile"},{"extension":[{"url":"http://hl7.org/fhir/tools/StructureDefinition/resource-sort","valueInteger":999999999},{"url":"http://hl7.org/fhir/StructureDefinition/implementationguide-page","valueUri":"StructureDefinition-klgateway-119-delivery-report.html"}],"reference":{"reference":"StructureDefinition/klgateway-119-delivery-report"},"name":"KLGateway119DeliveryReport","description":"Delivery report to deliver data for each citizen.","exampleBoolean":false,"groupingId":"-str-profile"},{"extension":[{"url":"http://hl7.org/fhir/tools/StructureDefinition/resource-sort","valueInteger":999999999},{"url":"http://hl7.org/fhir/StructureDefinition/implementationguide-page","valueUri":"StructureDefinition-klgateway-119-encounter.html"}],"reference":{"reference":"StructureDefinition/klgateway-119-encounter"},"name":"KLGateway119Encounter","description":"Encounter for first planned visits and all executed activities in a §119 care pathway","exampleBoolean":false,"groupingId":"-str-profile"},{"extension":[{"url":"http://hl7.org/fhir/tools/StructureDefinition/resource-sort","valueInteger":999999999},{"url":"http://hl7.org/fhir/StructureDefinition/implementationguide-page","valueUri":"StructureDefinition-klgateway-119-focus-condition.html"}],"reference":{"reference":"StructureDefinition/klgateway-119-focus-condition"},"name":"KLGateway119FocusCondition","description":"Conditions which may be used to express the problem of a citizen in Danish municipalities. Mostly used for cross sector use cases.","exampleBoolean":false,"groupingId":"-str-profile"},{"extension":[{"url":"http://hl7.org/fhir/tools/StructureDefinition/resource-sort","valueInteger":999999999},{"url":"http://hl7.org/fhir/StructureDefinition/implementationguide-page","valueUri":"StructureDefinition-klgateway-119-organization.html"}],"reference":{"reference":"StructureDefinition/klgateway-119-organization"},"name":"KLGateway119Organization","description":"Organization as expressed in KLGateway for prevention/health promotion.","exampleBoolean":false,"groupingId":"-str-profile"},{"extension":[{"url":"http://hl7.org/fhir/tools/StructureDefinition/resource-sort","valueInteger":999999999},{"url":"http://hl7.org/fhir/StructureDefinition/implementationguide-page","valueUri":"StructureDefinition-klgateway-119-planned-intervention.html"}],"reference":{"reference":"StructureDefinition/klgateway-119-planned-intervention"},"name":"KLGateway119PlannedIntervention","description":"Planned interventions for §119 prevention/health promotion in Danish Municipalities.","exampleBoolean":false,"groupingId":"-str-profile"},{"extension":[{"url":"http://hl7.org/fhir/tools/StructureDefinition/resource-sort","valueInteger":999999999},{"url":"http://hl7.org/fhir/StructureDefinition/implementationguide-page","valueUri":"StructureDefinition-klgateway-119-servicerequest.html"}],"reference":{"reference":"StructureDefinition/klgateway-119-servicerequest"},"name":"KLGateway119ServiceRequest","description":"Referal or request for prevention/health promotion to a Danish municipalities","exampleBoolean":false,"groupingId":"-str-profile"},{"extension":[{"url":"http://hl7.org/fhir/tools/StructureDefinition/resource-sort","valueInteger":999999999},{"url":"http://hl7.org/fhir/StructureDefinition/implementationguide-page","valueUri":"StructureDefinition-DeliveryType.html"}],"reference":{"reference":"StructureDefinition/DeliveryType"},"name":"DeliveryType","description":"Extension for a code that specifies some context of how a treatment-activity is delivered to a patient","exampleBoolean":false,"groupingId":"-str-extension"},{"extension":[{"url":"http://hl7.org/fhir/tools/StructureDefinition/resource-sort","valueInteger":999999999},{"url":"http://hl7.org/fhir/StructureDefinition/implementationguide-page","valueUri":"StructureDefinition-BasedOnCarePlanExtension.html"}],"reference":{"reference":"StructureDefinition/BasedOnCarePlanExtension"},"name":"basedOnCarePlanExtension","description":"Extension for pointing to the careplan describing why this encounter is taking place, will be part of R5 without needing the extension","exampleBoolean":false,"groupingId":"-str-extension"},{"extension":[{"url":"http://hl7.org/fhir/tools/StructureDefinition/resource-sort","valueInteger":999999999},{"url":"http://hl7.org/fhir/StructureDefinition/implementationguide-page","valueUri":"StructureDefinition-BasedOnServiceRequestExtension.html"}],"reference":{"reference":"StructureDefinition/BasedOnServiceRequestExtension"},"name":"basedOnServiceRequestExtension","description":"Extension for pointing to the servicerequest, that started an intervention","exampleBoolean":false,"groupingId":"-str-extension"},{"extension":[{"url":"http://hl7.org/fhir/tools/StructureDefinition/resource-sort","valueInteger":999999999},{"url":"http://hl7.org/fhir/StructureDefinition/implementationguide-page","valueUri":"ValueSet-CancellationTypes.html"}],"reference":{"reference":"ValueSet/CancellationTypes"},"name":"CancellationTypes","description":"Cancellation valueset, to be implemented in KL-term and FKI","exampleBoolean":false,"groupingId":"-term-valueset"},{"extension":[{"url":"http://hl7.org/fhir/tools/StructureDefinition/resource-sort","valueInteger":999999999},{"url":"http://hl7.org/fhir/StructureDefinition/implementationguide-page","valueUri":"ValueSet-CarePlanCategories119.html"}],"reference":{"reference":"ValueSet/CarePlanCategories119"},"name":"CarePlanCategories","description":"The care plan categories used for §119","exampleBoolean":false,"groupingId":"-term-valueset"},{"extension":[{"url":"http://hl7.org/fhir/tools/StructureDefinition/resource-sort","valueInteger":999999999},{"url":"http://hl7.org/fhir/StructureDefinition/implementationguide-page","valueUri":"ValueSet-DeliveryTypes119.html"}],"reference":{"reference":"ValueSet/DeliveryTypes119"},"name":"DeliveryTypes","description":"The delivery context types allowed in §119 prevention. Whether intervention is group based or delivered individually","exampleBoolean":false,"groupingId":"-term-valueset"},{"extension":[{"url":"http://hl7.org/fhir/tools/StructureDefinition/resource-sort","valueInteger":999999999},{"url":"http://hl7.org/fhir/StructureDefinition/implementationguide-page","valueUri":"ValueSet-KLInterventionCodes119.html"}],"reference":{"reference":"ValueSet/KLInterventionCodes119"},"name":"KLInterventionCodes119","description":"Intervention codes allowed in this implementation guide. Notice that codes are excluded to pinpoint that information about group/individual treatment must be included for some interventions","exampleBoolean":false,"groupingId":"-term-valueset"},{"extension":[{"url":"http://hl7.org/fhir/tools/StructureDefinition/resource-sort","valueInteger":999999999},{"url":"http://hl7.org/fhir/StructureDefinition/implementationguide-page","valueUri":"ValueSet-ServiceTypes119.html"}],"reference":{"reference":"ValueSet/ServiceTypes119"},"name":"ServiceTypes","description":"The service types allowed in §119","exampleBoolean":false,"groupingId":"-term-valueset"},{"extension":[{"url":"http://hl7.org/fhir/tools/StructureDefinition/resource-sort","valueInteger":999999999},{"url":"http://hl7.org/fhir/StructureDefinition/implementationguide-page","valueUri":"CodeSystem-Tempcodes.html"}],"reference":{"reference":"CodeSystem/Tempcodes"},"name":"Tempcodes","description":"Tempcodes to be implemented in KL-term","exampleBoolean":false,"groupingId":"-term-codesystem"},{"extension":[{"url":"http://hl7.org/fhir/tools/StructureDefinition/resource-sort","valueInteger":999999999},{"url":"http://hl7.org/fhir/StructureDefinition/implementationguide-page","valueUri":"Organization-AfsenderAfBrunosHenvisning.html"}],"reference":{"reference":"Organization/AfsenderAfBrunosHenvisning"},"name":"AfsenderAfBrunosHenvisning","description":"Kardiologisk afdeling Holbæk sygehus, der er afsender af Brunos Henvisning","exampleCanonical":"http://fhir.kl.dk/prevention/StructureDefinition/klgateway-119-organization","groupingId":"-ex-example"},{"extension":[{"url":"http://hl7.org/fhir/tools/StructureDefinition/resource-sort","valueInteger":999999999},{"url":"http://hl7.org/fhir/StructureDefinition/implementationguide-page","valueUri":"CarePlan-BrunoAfklarendeSamtale.html"}],"reference":{"reference":"CarePlan/BrunoAfklarendeSamtale"},"name":"BrunoAfklarendeSamtale","description":"Bruno's afklarende Samtale","exampleCanonical":"http://fhir.kl.dk/prevention/StructureDefinition/klgateway-119-planned-intervention","groupingId":"-ex-example"},{"extension":[{"url":"http://hl7.org/fhir/tools/StructureDefinition/resource-sort","valueInteger":999999999},{"url":"http://hl7.org/fhir/StructureDefinition/implementationguide-page","valueUri":"Condition-BrunoAktionsdiagnoseRequest.html"}],"reference":{"reference":"Condition/BrunoAktionsdiagnoseRequest"},"name":"BrunoAktionsdiagnoseRequest","description":"Brunos aktionsdiagnose fra hans henvisning, hvor man kan se, at han tidligere har haft et myokardieinfarkt (Q-tak, anteriort)","exampleCanonical":"http://fhir.kl.dk/prevention/StructureDefinition/klgateway-119-focus-condition","groupingId":"-ex-example"},{"extension":[{"url":"http://hl7.org/fhir/tools/StructureDefinition/resource-sort","valueInteger":999999999},{"url":"http://hl7.org/fhir/StructureDefinition/implementationguide-page","valueUri":"Bundle-BrunoIndberetningsrapport.html"}],"reference":{"reference":"Bundle/BrunoIndberetningsrapport"},"name":"BrunoIndberetningsrapport","description":"Indberetning for Bruno","exampleCanonical":"http://fhir.kl.dk/prevention/StructureDefinition/klgateway-119-delivery-report","groupingId":"-ex-example"},{"extension":[{"url":"http://hl7.org/fhir/tools/StructureDefinition/resource-sort","valueInteger":999999999},{"url":"http://hl7.org/fhir/StructureDefinition/implementationguide-page","valueUri":"Encounter-BrunoKontakt1Kost.html"}],"reference":{"reference":"Encounter/BrunoKontakt1Kost"},"name":"BrunoKontakt1Kost","description":"Brunos kontakt, hvor han har første kostvejledning","exampleCanonical":"http://fhir.kl.dk/prevention/StructureDefinition/klgateway-119-encounter","groupingId":"-ex-example"},{"extension":[{"url":"http://hl7.org/fhir/tools/StructureDefinition/resource-sort","valueInteger":999999999},{"url":"http://hl7.org/fhir/StructureDefinition/implementationguide-page","valueUri":"Encounter-BrunoKontaktAfklarende.html"}],"reference":{"reference":"Encounter/BrunoKontaktAfklarende"},"name":"BrunoKontaktAfklarende","description":"Brunos kontakt, hvor der er udført en afklarende samtale","exampleCanonical":"http://fhir.kl.dk/prevention/StructureDefinition/klgateway-119-encounter","groupingId":"-ex-example"},{"extension":[{"url":"http://hl7.org/fhir/tools/StructureDefinition/resource-sort","valueInteger":999999999},{"url":"http://hl7.org/fhir/StructureDefinition/implementationguide-page","valueUri":"CarePlan-BrunoKostvejledning.html"}],"reference":{"reference":"CarePlan/BrunoKostvejledning"},"name":"BrunoKostvejledning","description":"Bruno's Kostvejledning","exampleCanonical":"http://fhir.kl.dk/prevention/StructureDefinition/klgateway-119-planned-intervention","groupingId":"-ex-example"},{"extension":[{"url":"http://hl7.org/fhir/tools/StructureDefinition/resource-sort","valueInteger":999999999},{"url":"http://hl7.org/fhir/StructureDefinition/implementationguide-page","valueUri":"CarePlan-BrunoKostvejledningValidationError.html"}],"reference":{"reference":"CarePlan/BrunoKostvejledningValidationError"},"name":"BrunoKostvejledningValidationError","description":"BrunoKostvejledningValidationError","exampleCanonical":"http://fhir.kl.dk/prevention/StructureDefinition/klgateway-119-planned-intervention","groupingId":"-ex-example"},{"extension":[{"url":"http://hl7.org/fhir/tools/StructureDefinition/resource-sort","valueInteger":999999999},{"url":"http://hl7.org/fhir/StructureDefinition/implementationguide-page","valueUri":"ServiceRequest-BrunoRequestInformation.html"}],"reference":{"reference":"ServiceRequest/BrunoRequestInformation"},"name":"BrunoRequestInformation","description":"Information fra Brunos henvisning, der er baggrunden for at igangsætte indsatsen i kommunen","exampleCanonical":"http://fhir.kl.dk/prevention/StructureDefinition/klgateway-119-servicerequest","groupingId":"-ex-example"},{"extension":[{"url":"http://hl7.org/fhir/tools/StructureDefinition/resource-sort","valueInteger":999999999},{"url":"http://hl7.org/fhir/StructureDefinition/implementationguide-page","valueUri":"Patient-BrunoTestElmer.html"}],"reference":{"reference":"Patient/BrunoTestElmer"},"name":"BrunoTestElmer","description":"Test personen Elmer, fra MedCom test-cprnumre. Holbæk kommune er journalførende organisation.","exampleCanonical":"http://fhir.kl.dk/prevention/StructureDefinition/klgateway-119-citizen","groupingId":"-ex-example"},{"extension":[{"url":"http://hl7.org/fhir/tools/StructureDefinition/resource-sort","valueInteger":999999999},{"url":"http://hl7.org/fhir/StructureDefinition/implementationguide-page","valueUri":"ServiceRequest-BrunoTidligereRequestInformation.html"}],"reference":{"reference":"ServiceRequest/BrunoTidligereRequestInformation"},"name":"BrunoTidligereRequestInformation","description":"Information vedr. henvendelses, der er baggrunden for at igangsætte indsats i kommunen. Eksempel på, når der ikke er en MedCom besked der igangsætter indsatsen","exampleCanonical":"http://fhir.kl.dk/prevention/StructureDefinition/klgateway-119-servicerequest","groupingId":"-ex-example"},{"extension":[{"url":"http://hl7.org/fhir/tools/StructureDefinition/resource-sort","valueInteger":999999999},{"url":"http://hl7.org/fhir/StructureDefinition/implementationguide-page","valueUri":"Condition-BrunoTilstand.html"}],"reference":{"reference":"Condition/BrunoTilstand"},"name":"BrunoTilstand","description":"Brunos Tilstand vedrørende vægt","exampleCanonical":"http://fhir.kl.dk/prevention/StructureDefinition/klgateway-119-condition","groupingId":"-ex-example"},{"extension":[{"url":"http://hl7.org/fhir/tools/StructureDefinition/resource-sort","valueInteger":999999999},{"url":"http://hl7.org/fhir/StructureDefinition/implementationguide-page","valueUri":"CarePlan-BrunoforloebKostAfbrudtValidationerror.html"}],"reference":{"reference":"CarePlan/BrunoforloebKostAfbrudtValidationerror"},"name":"BrunoforloebKost_afbrudt_validationerror","description":"BrunoforloebKost_afbrudt_validationerror","exampleCanonical":"http://fhir.kl.dk/prevention/StructureDefinition/klgateway-119-care-plan","groupingId":"-ex-example"},{"extension":[{"url":"http://hl7.org/fhir/tools/StructureDefinition/resource-sort","valueInteger":999999999},{"url":"http://hl7.org/fhir/StructureDefinition/implementationguide-page","valueUri":"CarePlan-BrunoforloebKostValidationerror.html"}],"reference":{"reference":"CarePlan/BrunoforloebKostValidationerror"},"name":"BrunoforloebKost_validationerror","description":"BrunoforloebKost_validationerror","exampleCanonical":"http://fhir.kl.dk/prevention/StructureDefinition/klgateway-119-care-plan","groupingId":"-ex-example"},{"extension":[{"url":"http://hl7.org/fhir/tools/StructureDefinition/resource-sort","valueInteger":999999999},{"url":"http://hl7.org/fhir/StructureDefinition/implementationguide-page","valueUri":"CarePlan-BrunoforloebKost.html"}],"reference":{"reference":"CarePlan/BrunoforloebKost"},"name":"BrunoforløbKost","description":"Brunos forløb vedr. kostvejledning","exampleCanonical":"http://fhir.kl.dk/prevention/StructureDefinition/klgateway-119-care-plan","groupingId":"-ex-example"},{"extension":[{"url":"http://hl7.org/fhir/tools/StructureDefinition/resource-sort","valueInteger":999999999},{"url":"http://hl7.org/fhir/StructureDefinition/implementationguide-page","valueUri":"CarePlan-BrunoforloebKostAfbrudt.html"}],"reference":{"reference":"CarePlan/BrunoforloebKostAfbrudt"},"name":"BrunoforløbKost_afbrudt","description":"Brunos forløb vedr. kostvejledning, der er afbrudt fordi Bruno aktivt har fravalgt det pga. anden træning","exampleCanonical":"http://fhir.kl.dk/prevention/StructureDefinition/klgateway-119-care-plan","groupingId":"-ex-example"},{"extension":[{"url":"http://hl7.org/fhir/tools/StructureDefinition/resource-sort","valueInteger":999999999},{"url":"http://hl7.org/fhir/StructureDefinition/implementationguide-page","valueUri":"Organization-UdfoererAfBrunosForebyggelse.html"}],"reference":{"reference":"Organization/UdfoererAfBrunosForebyggelse"},"name":"UdførerAfBrunosIndsats","description":"Sundhedsfremme og forebyggelse Holbæk kommune, der er udfører af Brunos indsats","exampleCanonical":"http://fhir.kl.dk/prevention/StructureDefinition/klgateway-119-organization","groupingId":"-ex-example"}],"page":{"extension":[{"url":"http://hl7.org/fhir/tools/StructureDefinition/ig-page-name","valueUrl":"toc.html"}],"nameUrl":"toc.html","title":"Table of Contents","generation":"html","page":[{"extension":[{"url":"http://hl7.org/fhir/tools/StructureDefinition/ig-page-name","valueUrl":"index.html"}],"nameUrl":"index.html","title":"Home","generation":"markdown"},{"extension":[{"url":"http://hl7.org/fhir/tools/StructureDefinition/ig-page-name","valueUrl":"artifacts.html"}],"nameUrl":"artifacts.html","title":"Artifacts Summary","generation":"html","page":[{"extension":[{"url":"http://hl7.org/fhir/tools/StructureDefinition/ig-page-name","valueUrl":"StructureDefinition-klgateway-119-care-plan.html"}],"nameUrl":"StructureDefinition-klgateway-119-care-plan.html","title":"KLGateway119CarePlan","generation":"generated"},{"extension":[{"url":"http://hl7.org/fhir/tools/StructureDefinition/ig-page-name","valueUrl":"StructureDefinition-klgateway-119-citizen.html"}],"nameUrl":"StructureDefinition-klgateway-119-citizen.html","title":"KLGateway119Citizen","generation":"generated"},{"extension":[{"url":"http://hl7.org/fhir/tools/StructureDefinition/ig-page-name","valueUrl":"StructureDefinition-klgateway-119-condition.html"}],"nameUrl":"StructureDefinition-klgateway-119-condition.html","title":"KLGateway119Condition","generation":"generated"},{"extension":[{"url":"http://hl7.org/fhir/tools/StructureDefinition/ig-page-name","valueUrl":"StructureDefinition-klgateway-119-delivery-report.html"}],"nameUrl":"StructureDefinition-klgateway-119-delivery-report.html","title":"KLGateway119DeliveryReport","generation":"generated"},{"extension":[{"url":"http://hl7.org/fhir/tools/StructureDefinition/ig-page-name","valueUrl":"StructureDefinition-klgateway-119-encounter.html"}],"nameUrl":"StructureDefinition-klgateway-119-encounter.html","title":"KLGateway119Encounter","generation":"generated"},{"extension":[{"url":"http://hl7.org/fhir/tools/StructureDefinition/ig-page-name","valueUrl":"StructureDefinition-klgateway-119-focus-condition.html"}],"nameUrl":"StructureDefinition-klgateway-119-focus-condition.html","title":"KLGateway119FocusCondition","generation":"generated"},{"extension":[{"url":"http://hl7.org/fhir/tools/StructureDefinition/ig-page-name","valueUrl":"StructureDefinition-klgateway-119-organization.html"}],"nameUrl":"StructureDefinition-klgateway-119-organization.html","title":"KLGateway119Organization","generation":"generated"},{"extension":[{"url":"http://hl7.org/fhir/tools/StructureDefinition/ig-page-name","valueUrl":"StructureDefinition-klgateway-119-planned-intervention.html"}],"nameUrl":"StructureDefinition-klgateway-119-planned-intervention.html","title":"KLGateway119PlannedIntervention","generation":"generated"},{"extension":[{"url":"http://hl7.org/fhir/tools/StructureDefinition/ig-page-name","valueUrl":"StructureDefinition-klgateway-119-servicerequest.html"}],"nameUrl":"StructureDefinition-klgateway-119-servicerequest.html","title":"KLGateway119ServiceRequest","generation":"generated"},{"extension":[{"url":"http://hl7.org/fhir/tools/StructureDefinition/ig-page-name","valueUrl":"StructureDefinition-BasedOnCarePlanExtension.html"}],"nameUrl":"StructureDefinition-BasedOnCarePlanExtension.html","title":"basedOnCarePlanExtension","generation":"generated"},{"extension":[{"url":"http://hl7.org/fhir/tools/StructureDefinition/ig-page-name","valueUrl":"StructureDefinition-BasedOnServiceRequestExtension.html"}],"nameUrl":"StructureDefinition-BasedOnServiceRequestExtension.html","title":"basedOnServiceRequestExtension","generation":"generated"},{"extension":[{"url":"http://hl7.org/fhir/tools/StructureDefinition/ig-page-name","valueUrl":"StructureDefinition-DeliveryType.html"}],"nameUrl":"StructureDefinition-DeliveryType.html","title":"DeliveryType","generation":"generated"},{"extension":[{"url":"http://hl7.org/fhir/tools/StructureDefinition/ig-page-name","valueUrl":"ValueSet-CancellationTypes.html"}],"nameUrl":"ValueSet-CancellationTypes.html","title":"CancellationTypes","generation":"generated"},{"extension":[{"url":"http://hl7.org/fhir/tools/StructureDefinition/ig-page-name","valueUrl":"ValueSet-CarePlanCategories119.html"}],"nameUrl":"ValueSet-CarePlanCategories119.html","title":"CarePlanCategories","generation":"generated"},{"extension":[{"url":"http://hl7.org/fhir/tools/StructureDefinition/ig-page-name","valueUrl":"ValueSet-DeliveryTypes119.html"}],"nameUrl":"ValueSet-DeliveryTypes119.html","title":"DeliveryTypes","generation":"generated"},{"extension":[{"url":"http://hl7.org/fhir/tools/StructureDefinition/ig-page-name","valueUrl":"ValueSet-KLInterventionCodes119.html"}],"nameUrl":"ValueSet-KLInterventionCodes119.html","title":"KLInterventionCodes119","generation":"generated"},{"extension":[{"url":"http://hl7.org/fhir/tools/StructureDefinition/ig-page-name","valueUrl":"ValueSet-ServiceTypes119.html"}],"nameUrl":"ValueSet-ServiceTypes119.html","title":"ServiceTypes","generation":"generated"},{"extension":[{"url":"http://hl7.org/fhir/tools/StructureDefinition/ig-page-name","valueUrl":"CodeSystem-Tempcodes.html"}],"nameUrl":"CodeSystem-Tempcodes.html","title":"Tempcodes","generation":"generated"},{"extension":[{"url":"http://hl7.org/fhir/tools/StructureDefinition/ig-page-name","valueUrl":"Organization-AfsenderAfBrunosHenvisning.html"}],"nameUrl":"Organization-AfsenderAfBrunosHenvisning.html","title":"AfsenderAfBrunosHenvisning","generation":"generated"},{"extension":[{"url":"http://hl7.org/fhir/tools/StructureDefinition/ig-page-name","valueUrl":"CarePlan-BrunoAfklarendeSamtale.html"}],"nameUrl":"CarePlan-BrunoAfklarendeSamtale.html","title":"BrunoAfklarendeSamtale","generation":"generated"},{"extension":[{"url":"http://hl7.org/fhir/tools/StructureDefinition/ig-page-name","valueUrl":"Condition-BrunoAktionsdiagnoseRequest.html"}],"nameUrl":"Condition-BrunoAktionsdiagnoseRequest.html","title":"BrunoAktionsdiagnoseRequest","generation":"generated"},{"extension":[{"url":"http://hl7.org/fhir/tools/StructureDefinition/ig-page-name","valueUrl":"CarePlan-BrunoforloebKostAfbrudtValidationerror.html"}],"nameUrl":"CarePlan-BrunoforloebKostAfbrudtValidationerror.html","title":"BrunoforloebKost_afbrudt_validationerror","generation":"generated"},{"extension":[{"url":"http://hl7.org/fhir/tools/StructureDefinition/ig-page-name","valueUrl":"CarePlan-BrunoforloebKostValidationerror.html"}],"nameUrl":"CarePlan-BrunoforloebKostValidationerror.html","title":"BrunoforloebKost_validationerror","generation":"generated"},{"extension":[{"url":"http://hl7.org/fhir/tools/StructureDefinition/ig-page-name","valueUrl":"CarePlan-BrunoforloebKost.html"}],"nameUrl":"CarePlan-BrunoforloebKost.html","title":"BrunoforløbKost","generation":"generated"},{"extension":[{"url":"http://hl7.org/fhir/tools/StructureDefinition/ig-page-name","valueUrl":"CarePlan-BrunoforloebKostAfbrudt.html"}],"nameUrl":"CarePlan-BrunoforloebKostAfbrudt.html","title":"BrunoforløbKost_afbrudt","generation":"generated"},{"extension":[{"url":"http://hl7.org/fhir/tools/StructureDefinition/ig-page-name","valueUrl":"Bundle-BrunoIndberetningsrapport.html"}],"nameUrl":"Bundle-BrunoIndberetningsrapport.html","title":"BrunoIndberetningsrapport","generation":"generated"},{"extension":[{"url":"http://hl7.org/fhir/tools/StructureDefinition/ig-page-name","valueUrl":"Encounter-BrunoKontakt1Kost.html"}],"nameUrl":"Encounter-BrunoKontakt1Kost.html","title":"BrunoKontakt1Kost","generation":"generated"},{"extension":[{"url":"http://hl7.org/fhir/tools/StructureDefinition/ig-page-name","valueUrl":"Encounter-BrunoKontaktAfklarende.html"}],"nameUrl":"Encounter-BrunoKontaktAfklarende.html","title":"BrunoKontaktAfklarende","generation":"generated"},{"extension":[{"url":"http://hl7.org/fhir/tools/StructureDefinition/ig-page-name","valueUrl":"CarePlan-BrunoKostvejledning.html"}],"nameUrl":"CarePlan-BrunoKostvejledning.html","title":"BrunoKostvejledning","generation":"generated"},{"extension":[{"url":"http://hl7.org/fhir/tools/StructureDefinition/ig-page-name","valueUrl":"CarePlan-BrunoKostvejledningValidationError.html"}],"nameUrl":"CarePlan-BrunoKostvejledningValidationError.html","title":"BrunoKostvejledningValidationError","generation":"generated"},{"extension":[{"url":"http://hl7.org/fhir/tools/StructureDefinition/ig-page-name","valueUrl":"ServiceRequest-BrunoRequestInformation.html"}],"nameUrl":"ServiceRequest-BrunoRequestInformation.html","title":"BrunoRequestInformation","generation":"generated"},{"extension":[{"url":"http://hl7.org/fhir/tools/StructureDefinition/ig-page-name","valueUrl":"Patient-BrunoTestElmer.html"}],"nameUrl":"Patient-BrunoTestElmer.html","title":"BrunoTestElmer","generation":"generated"},{"extension":[{"url":"http://hl7.org/fhir/tools/StructureDefinition/ig-page-name","valueUrl":"ServiceRequest-BrunoTidligereRequestInformation.html"}],"nameUrl":"ServiceRequest-BrunoTidligereRequestInformation.html","title":"BrunoTidligereRequestInformation","generation":"generated"},{"extension":[{"url":"http://hl7.org/fhir/tools/StructureDefinition/ig-page-name","valueUrl":"Condition-BrunoTilstand.html"}],"nameUrl":"Condition-BrunoTilstand.html","title":"BrunoTilstand","generation":"generated"},{"extension":[{"url":"http://hl7.org/fhir/tools/StructureDefinition/ig-page-name","valueUrl":"Organization-UdfoererAfBrunosForebyggelse.html"}],"nameUrl":"Organization-UdfoererAfBrunosForebyggelse.html","title":"UdførerAfBrunosIndsats","generation":"generated"}]}]},"parameter":[{"code":"path-resource","value":"input/capabilities"},{"code":"path-resource","value":"input/examples"},{"code":"path-resource","value":"input/extensions"},{"code":"path-resource","value":"input/models"},{"code":"path-resource","value":"input/operations"},{"code":"path-resource","value":"input/profiles"},{"code":"path-resource","value":"input/resources"},{"code":"path-resource","value":"input/vocabulary"},{"code":"path-resource","value":"input/maps"},{"code":"path-resource","value":"input/testing"},{"code":"path-resource","value":"input/history"},{"code":"path-resource","value":"fsh-generated/resources"},{"code":"path-pages","value":"template/config"},{"code":"path-pages","value":"input/images"},{"code":"path-tx-cache","value":"input-cache/txcache"}]}}