{"resourceType":"ValueSet","id":"DeliveryTypes119","text":{"status":"generated","div":"<div xmlns=\"http://www.w3.org/1999/xhtml\"><ul><li>Include codes from<a href=\"http://fhir.kl.dk/term/2.1.0/CodeSystem-CareSocialCodes.html\"><code>http://fhir.kl.dk/term/CodeSystem/CareSocialCodes</code></a> where concept  descends from <a href=\"http://fhir.kl.dk/term/2.1.0/CodeSystem-CareSocialCodes.html#CareSocialCodes-3f79cee2-b148-4f2c-9cbd-387820e74685\">3f79cee2-b148-4f2c-9cbd-387820e74685</a></li></ul></div>"},"url":"http://fhir.kl.dk/prevention/ValueSet/DeliveryTypes119","version":"2.1.1","name":"DeliveryTypes119","title":"DeliveryTypes","status":"active","experimental":false,"date":"2024-06-24T12:38:57+02:00","publisher":"Kommunernes Landsforening","contact":[{"name":"Kommunernes Landsforening","telecom":[{"system":"url","value":"http://kl.dk"}]}],"description":"The delivery context types allowed in §119 prevention. Whether intervention is group based or delivered individually","compose":{"include":[{"system":"http://fhir.kl.dk/term/CodeSystem/CareSocialCodes","filter":[{"property":"concept","op":"descendent-of","value":"3f79cee2-b148-4f2c-9cbd-387820e74685"}]}]}}