{"resourceType":"ImplementationGuide","id":"kl.dk.fhir.children","text":{"status":"extensions","div":"<div xmlns=\"http://www.w3.org/1999/xhtml\"><h2>KLChildren</h2><p>The official URL for this implementation guide is: </p><pre>http://fhir.kl.dk/children/ImplementationGuide/kl.dk.fhir.children</pre></div>"},"url":"http://fhir.kl.dk/children/ImplementationGuide/kl.dk.fhir.children","version":"1.0.0","name":"KLChildren","status":"active","date":"2023-09-30T15:38:37+02:00","publisher":"Kommunernes Landsforening","contact":[{"name":"Kommunernes Landsforening","telecom":[{"system":"url","value":"http://kl.dk"}]}],"packageId":"kl.dk.fhir.children","license":"CC0-1.0","fhirVersion":["4.0.1"],"dependsOn":[{"id":"hl7tx","extension":[{"url":"http://hl7.org/fhir/tools/StructureDefinition/implementationguide-dependency-comment","valueMarkdown":"Automatically added as a dependency - all IGs depend on HL7 Terminology"}],"uri":"http://terminology.hl7.org/ImplementationGuide/hl7.terminology","packageId":"hl7.terminology.r4","version":"5.3.0"},{"id":"hl7ext","extension":[{"url":"http://hl7.org/fhir/tools/StructureDefinition/implementationguide-dependency-comment","valueMarkdown":"Automatically added as a dependency - all IGs depend on the HL7 Extension Pack"}],"uri":"http://hl7.org/fhir/extensions/ImplementationGuide/hl7.fhir.uv.extensions","packageId":"hl7.fhir.uv.extensions.r4","version":"1.0.0"},{"id":"hl7_fhir_dk_core","uri":"https://hl7.dk/fhir/core","packageId":"hl7.fhir.dk.core","version":"2.1.0"},{"id":"kl_dk_fhir_term","uri":"http://fhir.kl.dk/term/ImplementationGuide/kl.dk.fhir.term","packageId":"kl.dk.fhir.term","version":"1.1.0"}],"definition":{"extension":[{"extension":[{"url":"code","valueString":"copyrightyear"},{"url":"value","valueString":"2023+"}],"url":"http://hl7.org/fhir/tools/StructureDefinition/ig-parameter"},{"extension":[{"url":"code","valueString":"releaselabel"},{"url":"value","valueString":"Release"}],"url":"http://hl7.org/fhir/tools/StructureDefinition/ig-parameter"},{"extension":[{"url":"code","valueString":"special-url"},{"url":"value","valueString":"http://snomed.info/sct"}],"url":"http://hl7.org/fhir/tools/StructureDefinition/ig-parameter"},{"extension":[{"url":"code","valueString":"autoload-resources"},{"url":"value","valueString":"true"}],"url":"http://hl7.org/fhir/tools/StructureDefinition/ig-parameter"},{"extension":[{"url":"code","valueString":"path-liquid"},{"url":"value","valueString":"template/liquid"}],"url":"http://hl7.org/fhir/tools/StructureDefinition/ig-parameter"},{"extension":[{"url":"code","valueString":"path-liquid"},{"url":"value","valueString":"input/liquid"}],"url":"http://hl7.org/fhir/tools/StructureDefinition/ig-parameter"},{"extension":[{"url":"code","valueString":"path-qa"},{"url":"value","valueString":"temp/qa"}],"url":"http://hl7.org/fhir/tools/StructureDefinition/ig-parameter"},{"extension":[{"url":"code","valueString":"path-temp"},{"url":"value","valueString":"temp/pages"}],"url":"http://hl7.org/fhir/tools/StructureDefinition/ig-parameter"},{"extension":[{"url":"code","valueString":"path-output"},{"url":"value","valueString":"output"}],"url":"http://hl7.org/fhir/tools/StructureDefinition/ig-parameter"},{"extension":[{"url":"code","valueString":"path-suppressed-warnings"},{"url":"value","valueString":"input/ignoreWarnings.txt"}],"url":"http://hl7.org/fhir/tools/StructureDefinition/ig-parameter"},{"extension":[{"url":"code","valueString":"path-history"},{"url":"value","valueString":"http://fhir.kl.dk/children/history.html"}],"url":"http://hl7.org/fhir/tools/StructureDefinition/ig-parameter"},{"extension":[{"url":"code","valueString":"template-html"},{"url":"value","valueString":"template-page.html"}],"url":"http://hl7.org/fhir/tools/StructureDefinition/ig-parameter"},{"extension":[{"url":"code","valueString":"template-md"},{"url":"value","valueString":"template-page-md.html"}],"url":"http://hl7.org/fhir/tools/StructureDefinition/ig-parameter"},{"extension":[{"url":"code","valueString":"apply-contact"},{"url":"value","valueString":"true"}],"url":"http://hl7.org/fhir/tools/StructureDefinition/ig-parameter"},{"extension":[{"url":"code","valueString":"apply-context"},{"url":"value","valueString":"true"}],"url":"http://hl7.org/fhir/tools/StructureDefinition/ig-parameter"},{"extension":[{"url":"code","valueString":"apply-copyright"},{"url":"value","valueString":"true"}],"url":"http://hl7.org/fhir/tools/StructureDefinition/ig-parameter"},{"extension":[{"url":"code","valueString":"apply-jurisdiction"},{"url":"value","valueString":"true"}],"url":"http://hl7.org/fhir/tools/StructureDefinition/ig-parameter"},{"extension":[{"url":"code","valueString":"apply-license"},{"url":"value","valueString":"true"}],"url":"http://hl7.org/fhir/tools/StructureDefinition/ig-parameter"},{"extension":[{"url":"code","valueString":"apply-publisher"},{"url":"value","valueString":"true"}],"url":"http://hl7.org/fhir/tools/StructureDefinition/ig-parameter"},{"extension":[{"url":"code","valueString":"apply-version"},{"url":"value","valueString":"true"}],"url":"http://hl7.org/fhir/tools/StructureDefinition/ig-parameter"},{"extension":[{"url":"code","valueString":"apply-wg"},{"url":"value","valueString":"true"}],"url":"http://hl7.org/fhir/tools/StructureDefinition/ig-parameter"},{"extension":[{"url":"code","valueString":"active-tables"},{"url":"value","valueString":"true"}],"url":"http://hl7.org/fhir/tools/StructureDefinition/ig-parameter"},{"extension":[{"url":"code","valueString":"fmm-definition"},{"url":"value","valueString":"http://hl7.org/fhir/versions.html#maturity"}],"url":"http://hl7.org/fhir/tools/StructureDefinition/ig-parameter"},{"extension":[{"url":"code","valueString":"propagate-status"},{"url":"value","valueString":"true"}],"url":"http://hl7.org/fhir/tools/StructureDefinition/ig-parameter"},{"extension":[{"url":"code","valueString":"excludelogbinaryformat"},{"url":"value","valueString":"true"}],"url":"http://hl7.org/fhir/tools/StructureDefinition/ig-parameter"},{"extension":[{"url":"code","valueString":"tabbed-snapshots"},{"url":"value","valueString":"true"}],"url":"http://hl7.org/fhir/tools/StructureDefinition/ig-parameter"},{"url":"http://hl7.org/fhir/tools/StructureDefinition/ig-internal-dependency","valueCode":"hl7.fhir.uv.tools#current"},{"extension":[{"url":"code","valueCode":"copyrightyear"},{"url":"value","valueString":"2023+"}],"url":"http://hl7.org/fhir/tools/StructureDefinition/ig-parameter"},{"extension":[{"url":"code","valueCode":"releaselabel"},{"url":"value","valueString":"Release"}],"url":"http://hl7.org/fhir/tools/StructureDefinition/ig-parameter"},{"extension":[{"url":"code","valueCode":"special-url"},{"url":"value","valueString":"http://snomed.info/sct"}],"url":"http://hl7.org/fhir/tools/StructureDefinition/ig-parameter"},{"extension":[{"url":"code","valueCode":"autoload-resources"},{"url":"value","valueString":"true"}],"url":"http://hl7.org/fhir/tools/StructureDefinition/ig-parameter"},{"extension":[{"url":"code","valueCode":"path-liquid"},{"url":"value","valueString":"template/liquid"}],"url":"http://hl7.org/fhir/tools/StructureDefinition/ig-parameter"},{"extension":[{"url":"code","valueCode":"path-liquid"},{"url":"value","valueString":"input/liquid"}],"url":"http://hl7.org/fhir/tools/StructureDefinition/ig-parameter"},{"extension":[{"url":"code","valueCode":"path-qa"},{"url":"value","valueString":"temp/qa"}],"url":"http://hl7.org/fhir/tools/StructureDefinition/ig-parameter"},{"extension":[{"url":"code","valueCode":"path-temp"},{"url":"value","valueString":"temp/pages"}],"url":"http://hl7.org/fhir/tools/StructureDefinition/ig-parameter"},{"extension":[{"url":"code","valueCode":"path-output"},{"url":"value","valueString":"output"}],"url":"http://hl7.org/fhir/tools/StructureDefinition/ig-parameter"},{"extension":[{"url":"code","valueCode":"path-suppressed-warnings"},{"url":"value","valueString":"input/ignoreWarnings.txt"}],"url":"http://hl7.org/fhir/tools/StructureDefinition/ig-parameter"},{"extension":[{"url":"code","valueCode":"path-history"},{"url":"value","valueString":"http://fhir.kl.dk/children/history.html"}],"url":"http://hl7.org/fhir/tools/StructureDefinition/ig-parameter"},{"extension":[{"url":"code","valueCode":"template-html"},{"url":"value","valueString":"template-page.html"}],"url":"http://hl7.org/fhir/tools/StructureDefinition/ig-parameter"},{"extension":[{"url":"code","valueCode":"template-md"},{"url":"value","valueString":"template-page-md.html"}],"url":"http://hl7.org/fhir/tools/StructureDefinition/ig-parameter"},{"extension":[{"url":"code","valueCode":"apply-contact"},{"url":"value","valueString":"true"}],"url":"http://hl7.org/fhir/tools/StructureDefinition/ig-parameter"},{"extension":[{"url":"code","valueCode":"apply-context"},{"url":"value","valueString":"true"}],"url":"http://hl7.org/fhir/tools/StructureDefinition/ig-parameter"},{"extension":[{"url":"code","valueCode":"apply-copyright"},{"url":"value","valueString":"true"}],"url":"http://hl7.org/fhir/tools/StructureDefinition/ig-parameter"},{"extension":[{"url":"code","valueCode":"apply-jurisdiction"},{"url":"value","valueString":"true"}],"url":"http://hl7.org/fhir/tools/StructureDefinition/ig-parameter"},{"extension":[{"url":"code","valueCode":"apply-license"},{"url":"value","valueString":"true"}],"url":"http://hl7.org/fhir/tools/StructureDefinition/ig-parameter"},{"extension":[{"url":"code","valueCode":"apply-publisher"},{"url":"value","valueString":"true"}],"url":"http://hl7.org/fhir/tools/StructureDefinition/ig-parameter"},{"extension":[{"url":"code","valueCode":"apply-version"},{"url":"value","valueString":"true"}],"url":"http://hl7.org/fhir/tools/StructureDefinition/ig-parameter"},{"extension":[{"url":"code","valueCode":"apply-wg"},{"url":"value","valueString":"true"}],"url":"http://hl7.org/fhir/tools/StructureDefinition/ig-parameter"},{"extension":[{"url":"code","valueCode":"active-tables"},{"url":"value","valueString":"true"}],"url":"http://hl7.org/fhir/tools/StructureDefinition/ig-parameter"},{"extension":[{"url":"code","valueCode":"fmm-definition"},{"url":"value","valueString":"http://hl7.org/fhir/versions.html#maturity"}],"url":"http://hl7.org/fhir/tools/StructureDefinition/ig-parameter"},{"extension":[{"url":"code","valueCode":"propagate-status"},{"url":"value","valueString":"true"}],"url":"http://hl7.org/fhir/tools/StructureDefinition/ig-parameter"},{"extension":[{"url":"code","valueCode":"excludelogbinaryformat"},{"url":"value","valueString":"true"}],"url":"http://hl7.org/fhir/tools/StructureDefinition/ig-parameter"},{"extension":[{"url":"code","valueCode":"tabbed-snapshots"},{"url":"value","valueString":"true"}],"url":"http://hl7.org/fhir/tools/StructureDefinition/ig-parameter"},{"extension":[{"url":"code","valueCode":"copyrightyear"},{"url":"value","valueString":"2023+"}],"url":"http://hl7.org/fhir/tools/StructureDefinition/ig-parameter"},{"extension":[{"url":"code","valueCode":"releaselabel"},{"url":"value","valueString":"Release"}],"url":"http://hl7.org/fhir/tools/StructureDefinition/ig-parameter"},{"extension":[{"url":"code","valueCode":"special-url"},{"url":"value","valueString":"http://snomed.info/sct"}],"url":"http://hl7.org/fhir/tools/StructureDefinition/ig-parameter"},{"extension":[{"url":"code","valueCode":"autoload-resources"},{"url":"value","valueString":"true"}],"url":"http://hl7.org/fhir/tools/StructureDefinition/ig-parameter"},{"extension":[{"url":"code","valueCode":"path-liquid"},{"url":"value","valueString":"template/liquid"}],"url":"http://hl7.org/fhir/tools/StructureDefinition/ig-parameter"},{"extension":[{"url":"code","valueCode":"path-liquid"},{"url":"value","valueString":"input/liquid"}],"url":"http://hl7.org/fhir/tools/StructureDefinition/ig-parameter"},{"extension":[{"url":"code","valueCode":"path-qa"},{"url":"value","valueString":"temp/qa"}],"url":"http://hl7.org/fhir/tools/StructureDefinition/ig-parameter"},{"extension":[{"url":"code","valueCode":"path-temp"},{"url":"value","valueString":"temp/pages"}],"url":"http://hl7.org/fhir/tools/StructureDefinition/ig-parameter"},{"extension":[{"url":"code","valueCode":"path-output"},{"url":"value","valueString":"output"}],"url":"http://hl7.org/fhir/tools/StructureDefinition/ig-parameter"},{"extension":[{"url":"code","valueCode":"path-suppressed-warnings"},{"url":"value","valueString":"input/ignoreWarnings.txt"}],"url":"http://hl7.org/fhir/tools/StructureDefinition/ig-parameter"},{"extension":[{"url":"code","valueCode":"path-history"},{"url":"value","valueString":"http://fhir.kl.dk/children/history.html"}],"url":"http://hl7.org/fhir/tools/StructureDefinition/ig-parameter"},{"extension":[{"url":"code","valueCode":"template-html"},{"url":"value","valueString":"template-page.html"}],"url":"http://hl7.org/fhir/tools/StructureDefinition/ig-parameter"},{"extension":[{"url":"code","valueCode":"template-md"},{"url":"value","valueString":"template-page-md.html"}],"url":"http://hl7.org/fhir/tools/StructureDefinition/ig-parameter"},{"extension":[{"url":"code","valueCode":"apply-contact"},{"url":"value","valueString":"true"}],"url":"http://hl7.org/fhir/tools/StructureDefinition/ig-parameter"},{"extension":[{"url":"code","valueCode":"apply-context"},{"url":"value","valueString":"true"}],"url":"http://hl7.org/fhir/tools/StructureDefinition/ig-parameter"},{"extension":[{"url":"code","valueCode":"apply-copyright"},{"url":"value","valueString":"true"}],"url":"http://hl7.org/fhir/tools/StructureDefinition/ig-parameter"},{"extension":[{"url":"code","valueCode":"apply-jurisdiction"},{"url":"value","valueString":"true"}],"url":"http://hl7.org/fhir/tools/StructureDefinition/ig-parameter"},{"extension":[{"url":"code","valueCode":"apply-license"},{"url":"value","valueString":"true"}],"url":"http://hl7.org/fhir/tools/StructureDefinition/ig-parameter"},{"extension":[{"url":"code","valueCode":"apply-publisher"},{"url":"value","valueString":"true"}],"url":"http://hl7.org/fhir/tools/StructureDefinition/ig-parameter"},{"extension":[{"url":"code","valueCode":"apply-version"},{"url":"value","valueString":"true"}],"url":"http://hl7.org/fhir/tools/StructureDefinition/ig-parameter"},{"extension":[{"url":"code","valueCode":"apply-wg"},{"url":"value","valueString":"true"}],"url":"http://hl7.org/fhir/tools/StructureDefinition/ig-parameter"},{"extension":[{"url":"code","valueCode":"active-tables"},{"url":"value","valueString":"true"}],"url":"http://hl7.org/fhir/tools/StructureDefinition/ig-parameter"},{"extension":[{"url":"code","valueCode":"fmm-definition"},{"url":"value","valueString":"http://hl7.org/fhir/versions.html#maturity"}],"url":"http://hl7.org/fhir/tools/StructureDefinition/ig-parameter"},{"extension":[{"url":"code","valueCode":"propagate-status"},{"url":"value","valueString":"true"}],"url":"http://hl7.org/fhir/tools/StructureDefinition/ig-parameter"},{"extension":[{"url":"code","valueCode":"excludelogbinaryformat"},{"url":"value","valueString":"true"}],"url":"http://hl7.org/fhir/tools/StructureDefinition/ig-parameter"},{"extension":[{"url":"code","valueCode":"tabbed-snapshots"},{"url":"value","valueString":"true"}],"url":"http://hl7.org/fhir/tools/StructureDefinition/ig-parameter"}],"grouping":[{"id":"-str-profile","name":"Structures: Resource Profiles","description":"These define constraints on FHIR resources for systems conforming to this implementation guide."},{"id":"-term-valueset","name":"Terminology: Value Sets","description":"These define sets of codes used by systems conforming to this implementation guide."},{"id":"-term-codesystem","name":"Terminology: Code Systems","description":"These define new code systems used by systems conforming to this implementation guide."},{"id":"-ex-example","name":"Example: Example Instances","description":"These are example instances that show what data produced and consumed by systems conforming with this implementation guide might look like."}],"resource":[{"extension":[{"url":"http://hl7.org/fhir/tools/StructureDefinition/resource-sort","valueInteger":999999999},{"url":"http://hl7.org/fhir/StructureDefinition/implementationguide-page","valueUri":"StructureDefinition-klgateway-children-bodyheight.html"}],"reference":{"reference":"StructureDefinition/klgateway-children-bodyheight"},"name":"KLGatewayChildrenBodyHeight","description":"Body height profile used in Danish Municipalities, derived from HL7 standard profile","exampleBoolean":false,"groupingId":"-str-profile"},{"extension":[{"url":"http://hl7.org/fhir/tools/StructureDefinition/resource-sort","valueInteger":999999999},{"url":"http://hl7.org/fhir/StructureDefinition/implementationguide-page","valueUri":"StructureDefinition-klgateway-children-bodyweight.html"}],"reference":{"reference":"StructureDefinition/klgateway-children-bodyweight"},"name":"KLGatewayChildrenBodyWeight","description":"Profile of HL7 body weight profile used in Danish Municipalities","exampleBoolean":false,"groupingId":"-str-profile"},{"extension":[{"url":"http://hl7.org/fhir/tools/StructureDefinition/resource-sort","valueInteger":999999999},{"url":"http://hl7.org/fhir/StructureDefinition/implementationguide-page","valueUri":"StructureDefinition-klgateway-children-citizen.html"}],"reference":{"reference":"StructureDefinition/klgateway-children-citizen"},"name":"KLGatewayChildrenCitizen","description":"Administrative information about a citizen receiving care or care related services.","exampleBoolean":false,"groupingId":"-str-profile"},{"extension":[{"url":"http://hl7.org/fhir/tools/StructureDefinition/resource-sort","valueInteger":999999999},{"url":"http://hl7.org/fhir/StructureDefinition/implementationguide-page","valueUri":"StructureDefinition-klgateway-children-delivery-report.html"}],"reference":{"reference":"StructureDefinition/klgateway-children-delivery-report"},"name":"KLGatewayChildrenDeliveryReport","description":"Delivery report to deliver data for each child, including state of the family.","exampleBoolean":false,"groupingId":"-str-profile"},{"extension":[{"url":"http://hl7.org/fhir/tools/StructureDefinition/resource-sort","valueInteger":999999999},{"url":"http://hl7.org/fhir/StructureDefinition/implementationguide-page","valueUri":"StructureDefinition-klgateway-children-encounter.html"}],"reference":{"reference":"StructureDefinition/klgateway-children-encounter"},"name":"KLGatewayChildrenEncounter","description":"Encounter for health prevention and need-based visits from childrens nurses","exampleBoolean":false,"groupingId":"-str-profile"},{"extension":[{"url":"http://hl7.org/fhir/tools/StructureDefinition/resource-sort","valueInteger":999999999},{"url":"http://hl7.org/fhir/StructureDefinition/implementationguide-page","valueUri":"StructureDefinition-klgateway-children-feeding-observation.html"}],"reference":{"reference":"StructureDefinition/klgateway-children-feeding-observation"},"name":"KLGatewayChildrenFeedingObservation","description":"Feeding observation profile used in the children database","exampleBoolean":false,"groupingId":"-str-profile"},{"extension":[{"url":"http://hl7.org/fhir/tools/StructureDefinition/resource-sort","valueInteger":999999999},{"url":"http://hl7.org/fhir/StructureDefinition/implementationguide-page","valueUri":"StructureDefinition-klgateway-children-headcircum.html"}],"reference":{"reference":"StructureDefinition/klgateway-children-headcircum"},"name":"KLGatewayChildrenHeadCircumference","description":"Head circumference profile used in Danish Municipalities, derived from HL7 standard profile","exampleBoolean":false,"groupingId":"-str-profile"},{"extension":[{"url":"http://hl7.org/fhir/tools/StructureDefinition/resource-sort","valueInteger":999999999},{"url":"http://hl7.org/fhir/StructureDefinition/implementationguide-page","valueUri":"StructureDefinition-klgateway-children-indicator.html"}],"reference":{"reference":"StructureDefinition/klgateway-children-indicator"},"name":"KLGatewayChildrenIndicator","description":"Indicator profile used in the children database","exampleBoolean":false,"groupingId":"-str-profile"},{"extension":[{"url":"http://hl7.org/fhir/tools/StructureDefinition/resource-sort","valueInteger":999999999},{"url":"http://hl7.org/fhir/StructureDefinition/implementationguide-page","valueUri":"StructureDefinition-klgateway-children-mental-state.html"}],"reference":{"reference":"StructureDefinition/klgateway-children-mental-state"},"name":"KLGatewayChildrenMentalState","description":"Profile used to document mental state in the children database","exampleBoolean":false,"groupingId":"-str-profile"},{"extension":[{"url":"http://hl7.org/fhir/tools/StructureDefinition/resource-sort","valueInteger":999999999},{"url":"http://hl7.org/fhir/StructureDefinition/implementationguide-page","valueUri":"StructureDefinition-klgateway-children-related-parent.html"}],"reference":{"reference":"StructureDefinition/klgateway-children-related-parent"},"name":"KLGatewayChildrenRelatedParent","description":"Profile for describing the relationship between the child, and the parents, guardians or caregivers who are also relevant for the journal","exampleBoolean":false,"groupingId":"-str-profile"},{"extension":[{"url":"http://hl7.org/fhir/tools/StructureDefinition/resource-sort","valueInteger":999999999},{"url":"http://hl7.org/fhir/StructureDefinition/implementationguide-page","valueUri":"StructureDefinition-klgateway-children-tobacco-observation.html"}],"reference":{"reference":"StructureDefinition/klgateway-children-tobacco-observation"},"name":"KLGatewayChildrenTobaccoObservation","description":"Tobacco observation profile used in the children database","exampleBoolean":false,"groupingId":"-str-profile"},{"extension":[{"url":"http://hl7.org/fhir/tools/StructureDefinition/resource-sort","valueInteger":999999999},{"url":"http://hl7.org/fhir/StructureDefinition/implementationguide-page","valueUri":"ValueSet-BodyheightSCTobservablesChildren.html"}],"reference":{"reference":"ValueSet/BodyheightSCTobservablesChildren"},"name":"BodyheightSCTobservablesChildren","description":"SNOMED CT observables for length/height","exampleBoolean":false,"groupingId":"-term-valueset"},{"extension":[{"url":"http://hl7.org/fhir/tools/StructureDefinition/resource-sort","valueInteger":999999999},{"url":"http://hl7.org/fhir/StructureDefinition/implementationguide-page","valueUri":"ValueSet-BodyweightSCTobservablesChildren.html"}],"reference":{"reference":"ValueSet/BodyweightSCTobservablesChildren"},"name":"BodyweightSCTobservablesChildren","description":"SNOMED CT observables for weight","exampleBoolean":false,"groupingId":"-term-valueset"},{"extension":[{"url":"http://hl7.org/fhir/tools/StructureDefinition/resource-sort","valueInteger":999999999},{"url":"http://hl7.org/fhir/StructureDefinition/implementationguide-page","valueUri":"ValueSet-EncounterTypes.html"}],"reference":{"reference":"ValueSet/EncounterTypes"},"name":"EncounterTypes","description":"Extension on encountertype valueset, to be implemented in KL-term and FKI, does not use exciting codes only those specific to childrens nursing","exampleBoolean":false,"groupingId":"-term-valueset"},{"extension":[{"url":"http://hl7.org/fhir/tools/StructureDefinition/resource-sort","valueInteger":999999999},{"url":"http://hl7.org/fhir/StructureDefinition/implementationguide-page","valueUri":"ValueSet-FeedingObservablesChildren.html"}],"reference":{"reference":"ValueSet/FeedingObservablesChildren"},"name":"FeedingObservablesChildren","description":"SNOMED CT observables for infant feeding method","exampleBoolean":false,"groupingId":"-term-valueset"},{"extension":[{"url":"http://hl7.org/fhir/tools/StructureDefinition/resource-sort","valueInteger":999999999},{"url":"http://hl7.org/fhir/StructureDefinition/implementationguide-page","valueUri":"ValueSet-FeedingResultsChildren.html"}],"reference":{"reference":"ValueSet/FeedingResultsChildren"},"name":"FeedingResultsChildren","description":"Resultcodes for feeding","exampleBoolean":false,"groupingId":"-term-valueset"},{"extension":[{"url":"http://hl7.org/fhir/tools/StructureDefinition/resource-sort","valueInteger":999999999},{"url":"http://hl7.org/fhir/StructureDefinition/implementationguide-page","valueUri":"ValueSet-HeadCircumSCTobservablesChildren.html"}],"reference":{"reference":"ValueSet/HeadCircumSCTobservablesChildren"},"name":"HeadCircumferenceSCTobservablesChildren","description":"SNOMED CT observables for Head Circumference","exampleBoolean":false,"groupingId":"-term-valueset"},{"extension":[{"url":"http://hl7.org/fhir/tools/StructureDefinition/resource-sort","valueInteger":999999999},{"url":"http://hl7.org/fhir/StructureDefinition/implementationguide-page","valueUri":"ValueSet-IndicatorCodesChildren.html"}],"reference":{"reference":"ValueSet/IndicatorCodesChildren"},"name":"IndicatorCodesChildren","description":"Indicator-observables for parents and children","exampleBoolean":false,"groupingId":"-term-valueset"},{"extension":[{"url":"http://hl7.org/fhir/tools/StructureDefinition/resource-sort","valueInteger":999999999},{"url":"http://hl7.org/fhir/StructureDefinition/implementationguide-page","valueUri":"ValueSet-IndicatorResultsChildren.html"}],"reference":{"reference":"ValueSet/IndicatorResultsChildren"},"name":"IndicatorResultsChildren","description":"Result values for children indicators","exampleBoolean":false,"groupingId":"-term-valueset"},{"extension":[{"url":"http://hl7.org/fhir/tools/StructureDefinition/resource-sort","valueInteger":999999999},{"url":"http://hl7.org/fhir/StructureDefinition/implementationguide-page","valueUri":"ValueSet-MentalStateResultsChildren.html"}],"reference":{"reference":"ValueSet/MentalStateResultsChildren"},"name":"MentalStateResultsChildren","description":"Resultcodes for mental state","exampleBoolean":false,"groupingId":"-term-valueset"},{"extension":[{"url":"http://hl7.org/fhir/tools/StructureDefinition/resource-sort","valueInteger":999999999},{"url":"http://hl7.org/fhir/StructureDefinition/implementationguide-page","valueUri":"ValueSet-MentalStateObservablesChildren.html"}],"reference":{"reference":"ValueSet/MentalStateObservablesChildren"},"name":"MentalStateobservablesChildren","description":"SNOMED CT observables for MentalState","exampleBoolean":false,"groupingId":"-term-valueset"},{"extension":[{"url":"http://hl7.org/fhir/tools/StructureDefinition/resource-sort","valueInteger":999999999},{"url":"http://hl7.org/fhir/StructureDefinition/implementationguide-page","valueUri":"ValueSet-ObservationResultsChildren.html"}],"reference":{"reference":"ValueSet/ObservationResultsChildren"},"name":"Observation resultcodes","description":"SNOMED CT finding codes to express the result of children observations","exampleBoolean":false,"groupingId":"-term-valueset"},{"extension":[{"url":"http://hl7.org/fhir/tools/StructureDefinition/resource-sort","valueInteger":999999999},{"url":"http://hl7.org/fhir/StructureDefinition/implementationguide-page","valueUri":"ValueSet-ObservationUnitsChildren.html"}],"reference":{"reference":"ValueSet/ObservationUnitsChildren"},"name":"ObservationUnitsChildren","description":"UCUM units for children observations","exampleBoolean":false,"groupingId":"-term-valueset"},{"extension":[{"url":"http://hl7.org/fhir/tools/StructureDefinition/resource-sort","valueInteger":999999999},{"url":"http://hl7.org/fhir/StructureDefinition/implementationguide-page","valueUri":"ValueSet-ParentTypes.html"}],"reference":{"reference":"ValueSet/ParentTypes"},"name":"ParentTypes","description":"Limitation on HL7 role class to only represent parent-relationships, as accepted in the children data-set","exampleBoolean":false,"groupingId":"-term-valueset"},{"extension":[{"url":"http://hl7.org/fhir/tools/StructureDefinition/resource-sort","valueInteger":999999999},{"url":"http://hl7.org/fhir/StructureDefinition/implementationguide-page","valueUri":"ValueSet-ObservationSCTChildren.html"}],"reference":{"reference":"ValueSet/ObservationSCTChildren"},"name":"SCTobservablesChildren","description":"SNOMED CT observables for children observations","exampleBoolean":false,"groupingId":"-term-valueset"},{"extension":[{"url":"http://hl7.org/fhir/tools/StructureDefinition/resource-sort","valueInteger":999999999},{"url":"http://hl7.org/fhir/StructureDefinition/implementationguide-page","valueUri":"ValueSet-TobaccoResultsChildren.html"}],"reference":{"reference":"ValueSet/TobaccoResultsChildren"},"name":"TobaccoResultsChildren","description":"SNOMED CT observation resultcodes for tobacco use and exposure","exampleBoolean":false,"groupingId":"-term-valueset"},{"extension":[{"url":"http://hl7.org/fhir/tools/StructureDefinition/resource-sort","valueInteger":999999999},{"url":"http://hl7.org/fhir/StructureDefinition/implementationguide-page","valueUri":"ValueSet-TobaccoObservablesChildren.html"}],"reference":{"reference":"ValueSet/TobaccoObservablesChildren"},"name":"TobaccoobservablesChildren","description":"SNOMED CT observables for tobacco use and exposure","exampleBoolean":false,"groupingId":"-term-valueset"},{"extension":[{"url":"http://hl7.org/fhir/tools/StructureDefinition/resource-sort","valueInteger":999999999},{"url":"http://hl7.org/fhir/StructureDefinition/implementationguide-page","valueUri":"CodeSystem-SNOMED-CT-INT.html"}],"reference":{"reference":"CodeSystem/SNOMED-CT-INT"},"name":"SNOMED\u00a0CT International Edition","description":"SNOMED CT is a core clinical healthcare terminology that contains concepts with unique meanings and formal logic based definitions organized into hierarchies.","exampleBoolean":false,"groupingId":"-term-codesystem"},{"extension":[{"url":"http://hl7.org/fhir/tools/StructureDefinition/resource-sort","valueInteger":999999999},{"url":"http://hl7.org/fhir/StructureDefinition/implementationguide-page","valueUri":"Encounter-10mthEncounter.html"}],"reference":{"reference":"Encounter/10mthEncounter"},"name":"10 måneders besøg ved Rikke","description":"Kontakt, hvor der leveres besøg ved det 8-11 måneder gamle barn til Rikke og hendes familie","exampleCanonical":"http://fhir.kl.dk/children/StructureDefinition/klgateway-children-encounter","groupingId":"-ex-example"},{"extension":[{"url":"http://hl7.org/fhir/tools/StructureDefinition/resource-sort","valueInteger":999999999},{"url":"http://hl7.org/fhir/StructureDefinition/implementationguide-page","valueUri":"Encounter-2mthEncounter.html"}],"reference":{"reference":"Encounter/2mthEncounter"},"name":"2 måneders besøg ved Rikke","description":"Kontakt, hvor der leveres besøg ved det ca. 2 måneder gamle barn til Rikke og hendes familie","exampleCanonical":"http://fhir.kl.dk/children/StructureDefinition/klgateway-children-encounter","groupingId":"-ex-example"},{"extension":[{"url":"http://hl7.org/fhir/tools/StructureDefinition/resource-sort","valueInteger":999999999},{"url":"http://hl7.org/fhir/StructureDefinition/implementationguide-page","valueUri":"Encounter-2nd1mthEncounter.html"}],"reference":{"reference":"Encounter/2nd1mthEncounter"},"name":"Andet besøg i barnets første levemåned ved Rikke","description":"Kontakt, hvor der leveres andet besøg i barnets første levemåned til Rikke og hendes familie","exampleCanonical":"http://fhir.kl.dk/children/StructureDefinition/klgateway-children-encounter","groupingId":"-ex-example"},{"extension":[{"url":"http://hl7.org/fhir/tools/StructureDefinition/resource-sort","valueInteger":999999999},{"url":"http://hl7.org/fhir/StructureDefinition/implementationguide-page","valueUri":"Encounter-SchoolStartEncounter.html"}],"reference":{"reference":"Encounter/SchoolStartEncounter"},"name":"Indskolingsundersøgelse Lars","description":"Kontakt, der er Lars' indskolingsundersøgelse","exampleCanonical":"http://fhir.kl.dk/children/StructureDefinition/klgateway-children-encounter","groupingId":"-ex-example"},{"extension":[{"url":"http://hl7.org/fhir/tools/StructureDefinition/resource-sort","valueInteger":999999999},{"url":"http://hl7.org/fhir/StructureDefinition/implementationguide-page","valueUri":"Patient-Kirsten.html"}],"reference":{"reference":"Patient/Kirsten"},"name":"Kirsten","description":"Borger, Kirsten","exampleCanonical":"http://fhir.kl.dk/children/StructureDefinition/klgateway-children-citizen","groupingId":"-ex-example"},{"extension":[{"url":"http://hl7.org/fhir/tools/StructureDefinition/resource-sort","valueInteger":999999999},{"url":"http://hl7.org/fhir/StructureDefinition/implementationguide-page","valueUri":"Observation-KirstenIndicatorMS.html"}],"reference":{"reference":"Observation/KirstenIndicatorMS"},"name":"KirstenIndicatorMS","description":"Kirstens psykiske tilstand ved 2mrd","exampleCanonical":"http://fhir.kl.dk/children/StructureDefinition/klgateway-children-indicator","groupingId":"-ex-example"},{"extension":[{"url":"http://hl7.org/fhir/tools/StructureDefinition/resource-sort","valueInteger":999999999},{"url":"http://hl7.org/fhir/StructureDefinition/implementationguide-page","valueUri":"Patient-Lars.html"}],"reference":{"reference":"Patient/Lars"},"name":"Lars","description":"Barnet Lars","exampleCanonical":"http://fhir.kl.dk/children/StructureDefinition/klgateway-children-citizen","groupingId":"-ex-example"},{"extension":[{"url":"http://hl7.org/fhir/tools/StructureDefinition/resource-sort","valueInteger":999999999},{"url":"http://hl7.org/fhir/StructureDefinition/implementationguide-page","valueUri":"Observation-LarsmentalStateObservation.html"}],"reference":{"reference":"Observation/LarsmentalStateObservation"},"name":"LarsMentalState","description":"Lars egenvurderede generelle trivsel ved indskolingsundersøgelsen","exampleCanonical":"http://fhir.kl.dk/children/StructureDefinition/klgateway-children-mental-state","groupingId":"-ex-example"},{"extension":[{"url":"http://hl7.org/fhir/tools/StructureDefinition/resource-sort","valueInteger":999999999},{"url":"http://hl7.org/fhir/StructureDefinition/implementationguide-page","valueUri":"Patient-Rikke.html"}],"reference":{"reference":"Patient/Rikke"},"name":"Rikke","description":"Barnet Rikke","exampleCanonical":"http://fhir.kl.dk/children/StructureDefinition/klgateway-children-citizen","groupingId":"-ex-example"},{"extension":[{"url":"http://hl7.org/fhir/tools/StructureDefinition/resource-sort","valueInteger":999999999},{"url":"http://hl7.org/fhir/StructureDefinition/implementationguide-page","valueUri":"Observation-RikkeFeedingObservationError.html"}],"reference":{"reference":"Observation/RikkeFeedingObservationError"},"name":"RikkeBodyFeedingObservationError","description":"Rikkes ammestatus, med forkert angivelse af tid giver feed-2 fejl","exampleCanonical":"http://fhir.kl.dk/children/StructureDefinition/klgateway-children-feeding-observation","groupingId":"-ex-example"},{"extension":[{"url":"http://hl7.org/fhir/tools/StructureDefinition/resource-sort","valueInteger":999999999},{"url":"http://hl7.org/fhir/StructureDefinition/implementationguide-page","valueUri":"Observation-RikkeBodyHeight.html"}],"reference":{"reference":"Observation/RikkeBodyHeight"},"name":"RikkeBodyHeight","description":"Rikkes kropslængde","exampleCanonical":"http://fhir.kl.dk/children/StructureDefinition/klgateway-children-bodyheight","groupingId":"-ex-example"},{"extension":[{"url":"http://hl7.org/fhir/tools/StructureDefinition/resource-sort","valueInteger":999999999},{"url":"http://hl7.org/fhir/StructureDefinition/implementationguide-page","valueUri":"Observation-RikkeBodyWeight.html"}],"reference":{"reference":"Observation/RikkeBodyWeight"},"name":"RikkeBodyWeight","description":"Rikkes vægt","exampleCanonical":"http://fhir.kl.dk/children/StructureDefinition/klgateway-children-bodyweight","groupingId":"-ex-example"},{"extension":[{"url":"http://hl7.org/fhir/tools/StructureDefinition/resource-sort","valueInteger":999999999},{"url":"http://hl7.org/fhir/StructureDefinition/implementationguide-page","valueUri":"Bundle-RikkeDeliveryReport2months.html"}],"reference":{"reference":"Bundle/RikkeDeliveryReport2months"},"name":"RikkeDeliveryReport2months","description":"Indberetning for Rikke 2 måneder","exampleCanonical":"http://fhir.kl.dk/children/StructureDefinition/klgateway-children-delivery-report","groupingId":"-ex-example"},{"extension":[{"url":"http://hl7.org/fhir/tools/StructureDefinition/resource-sort","valueInteger":999999999},{"url":"http://hl7.org/fhir/StructureDefinition/implementationguide-page","valueUri":"Bundle-RikkeDeliveryReport2nd1mth.html"}],"reference":{"reference":"Bundle/RikkeDeliveryReport2nd1mth"},"name":"RikkeDeliveryReport2nd1mth","description":"Indberetning for Rikke, andet besøg første levemåned","exampleCanonical":"http://fhir.kl.dk/children/StructureDefinition/klgateway-children-delivery-report","groupingId":"-ex-example"},{"extension":[{"url":"http://hl7.org/fhir/tools/StructureDefinition/resource-sort","valueInteger":999999999},{"url":"http://hl7.org/fhir/StructureDefinition/implementationguide-page","valueUri":"Observation-RikkeFeedingObservation.html"}],"reference":{"reference":"Observation/RikkeFeedingObservation"},"name":"RikkeFeedingObservation","description":"Rikkes ammestatus, med rigtig angivelse af tid","exampleCanonical":"http://fhir.kl.dk/children/StructureDefinition/klgateway-children-feeding-observation","groupingId":"-ex-example"},{"extension":[{"url":"http://hl7.org/fhir/tools/StructureDefinition/resource-sort","valueInteger":999999999},{"url":"http://hl7.org/fhir/StructureDefinition/implementationguide-page","valueUri":"Observation-RikkeFeedingObservation2.html"}],"reference":{"reference":"Observation/RikkeFeedingObservation2"},"name":"RikkeFeedingObservation2","description":"Rikkes ammestatus, ved stop af amning","exampleCanonical":"http://fhir.kl.dk/children/StructureDefinition/klgateway-children-feeding-observation","groupingId":"-ex-example"},{"extension":[{"url":"http://hl7.org/fhir/tools/StructureDefinition/resource-sort","valueInteger":999999999},{"url":"http://hl7.org/fhir/StructureDefinition/implementationguide-page","valueUri":"Observation-RikkeHeadCircum.html"}],"reference":{"reference":"Observation/RikkeHeadCircum"},"name":"RikkeHeadCircum","description":"Rikkes hovedomkreds","exampleCanonical":"http://fhir.kl.dk/children/StructureDefinition/klgateway-children-headcircum","groupingId":"-ex-example"},{"extension":[{"url":"http://hl7.org/fhir/tools/StructureDefinition/resource-sort","valueInteger":999999999},{"url":"http://hl7.org/fhir/StructureDefinition/implementationguide-page","valueUri":"Observation-RikkeIndicatorSK.html"}],"reference":{"reference":"Observation/RikkeIndicatorSK"},"name":"RikkeIndicatorSK","description":"Rikkes samvær og kontakt indikator ved 2mrd","exampleCanonical":"http://fhir.kl.dk/children/StructureDefinition/klgateway-children-indicator","groupingId":"-ex-example"},{"extension":[{"url":"http://hl7.org/fhir/tools/StructureDefinition/resource-sort","valueInteger":999999999},{"url":"http://hl7.org/fhir/StructureDefinition/implementationguide-page","valueUri":"Observation-RikkeTobaccoObservation.html"}],"reference":{"reference":"Observation/RikkeTobaccoObservation"},"name":"RikkeTobaccoObservation","description":"Rikkes tobaksobservation ved 2mrd","exampleCanonical":"http://fhir.kl.dk/children/StructureDefinition/klgateway-children-tobacco-observation","groupingId":"-ex-example"},{"extension":[{"url":"http://hl7.org/fhir/tools/StructureDefinition/resource-sort","valueInteger":999999999},{"url":"http://hl7.org/fhir/StructureDefinition/implementationguide-page","valueUri":"RelatedPerson-RikkesParent.html"}],"reference":{"reference":"RelatedPerson/RikkesParent"},"name":"RikkesParent","description":"RikkesParent","exampleCanonical":"http://fhir.kl.dk/children/StructureDefinition/klgateway-children-related-parent","groupingId":"-ex-example"}],"page":{"extension":[{"url":"http://hl7.org/fhir/tools/StructureDefinition/ig-page-name","valueUrl":"toc.html"}],"nameUrl":"toc.html","title":"Table of Contents","generation":"html","page":[{"extension":[{"url":"http://hl7.org/fhir/tools/StructureDefinition/ig-page-name","valueUrl":"index.html"}],"nameUrl":"index.html","title":"Home","generation":"markdown"},{"extension":[{"url":"http://hl7.org/fhir/tools/StructureDefinition/ig-page-name","valueUrl":"artifacts.html"}],"nameUrl":"artifacts.html","title":"Artifacts Summary","generation":"html","page":[{"extension":[{"url":"http://hl7.org/fhir/tools/StructureDefinition/ig-page-name","valueUrl":"StructureDefinition-klgateway-children-bodyheight.html"}],"nameUrl":"StructureDefinition-klgateway-children-bodyheight.html","title":"KLGatewayChildrenBodyHeight","generation":"generated"},{"extension":[{"url":"http://hl7.org/fhir/tools/StructureDefinition/ig-page-name","valueUrl":"StructureDefinition-klgateway-children-bodyweight.html"}],"nameUrl":"StructureDefinition-klgateway-children-bodyweight.html","title":"KLGatewayChildrenBodyWeight","generation":"generated"},{"extension":[{"url":"http://hl7.org/fhir/tools/StructureDefinition/ig-page-name","valueUrl":"StructureDefinition-klgateway-children-citizen.html"}],"nameUrl":"StructureDefinition-klgateway-children-citizen.html","title":"KLGatewayChildrenCitizen","generation":"generated"},{"extension":[{"url":"http://hl7.org/fhir/tools/StructureDefinition/ig-page-name","valueUrl":"StructureDefinition-klgateway-children-delivery-report.html"}],"nameUrl":"StructureDefinition-klgateway-children-delivery-report.html","title":"KLGatewayChildrenDeliveryReport","generation":"generated"},{"extension":[{"url":"http://hl7.org/fhir/tools/StructureDefinition/ig-page-name","valueUrl":"StructureDefinition-klgateway-children-encounter.html"}],"nameUrl":"StructureDefinition-klgateway-children-encounter.html","title":"KLGatewayChildrenEncounter","generation":"generated"},{"extension":[{"url":"http://hl7.org/fhir/tools/StructureDefinition/ig-page-name","valueUrl":"StructureDefinition-klgateway-children-feeding-observation.html"}],"nameUrl":"StructureDefinition-klgateway-children-feeding-observation.html","title":"KLGatewayChildrenFeedingObservation","generation":"generated"},{"extension":[{"url":"http://hl7.org/fhir/tools/StructureDefinition/ig-page-name","valueUrl":"StructureDefinition-klgateway-children-headcircum.html"}],"nameUrl":"StructureDefinition-klgateway-children-headcircum.html","title":"KLGatewayChildrenHeadCircumference","generation":"generated"},{"extension":[{"url":"http://hl7.org/fhir/tools/StructureDefinition/ig-page-name","valueUrl":"StructureDefinition-klgateway-children-indicator.html"}],"nameUrl":"StructureDefinition-klgateway-children-indicator.html","title":"KLGatewayChildrenIndicator","generation":"generated"},{"extension":[{"url":"http://hl7.org/fhir/tools/StructureDefinition/ig-page-name","valueUrl":"StructureDefinition-klgateway-children-mental-state.html"}],"nameUrl":"StructureDefinition-klgateway-children-mental-state.html","title":"KLGatewayChildrenMentalState","generation":"generated"},{"extension":[{"url":"http://hl7.org/fhir/tools/StructureDefinition/ig-page-name","valueUrl":"StructureDefinition-klgateway-children-related-parent.html"}],"nameUrl":"StructureDefinition-klgateway-children-related-parent.html","title":"KLGatewayChildrenRelatedParent","generation":"generated"},{"extension":[{"url":"http://hl7.org/fhir/tools/StructureDefinition/ig-page-name","valueUrl":"StructureDefinition-klgateway-children-tobacco-observation.html"}],"nameUrl":"StructureDefinition-klgateway-children-tobacco-observation.html","title":"KLGatewayChildrenTobaccoObservation","generation":"generated"},{"extension":[{"url":"http://hl7.org/fhir/tools/StructureDefinition/ig-page-name","valueUrl":"ValueSet-BodyheightSCTobservablesChildren.html"}],"nameUrl":"ValueSet-BodyheightSCTobservablesChildren.html","title":"BodyheightSCTobservablesChildren","generation":"generated"},{"extension":[{"url":"http://hl7.org/fhir/tools/StructureDefinition/ig-page-name","valueUrl":"ValueSet-BodyweightSCTobservablesChildren.html"}],"nameUrl":"ValueSet-BodyweightSCTobservablesChildren.html","title":"BodyweightSCTobservablesChildren","generation":"generated"},{"extension":[{"url":"http://hl7.org/fhir/tools/StructureDefinition/ig-page-name","valueUrl":"ValueSet-EncounterTypes.html"}],"nameUrl":"ValueSet-EncounterTypes.html","title":"EncounterTypes","generation":"generated"},{"extension":[{"url":"http://hl7.org/fhir/tools/StructureDefinition/ig-page-name","valueUrl":"ValueSet-FeedingObservablesChildren.html"}],"nameUrl":"ValueSet-FeedingObservablesChildren.html","title":"FeedingObservablesChildren","generation":"generated"},{"extension":[{"url":"http://hl7.org/fhir/tools/StructureDefinition/ig-page-name","valueUrl":"ValueSet-FeedingResultsChildren.html"}],"nameUrl":"ValueSet-FeedingResultsChildren.html","title":"FeedingResultsChildren","generation":"generated"},{"extension":[{"url":"http://hl7.org/fhir/tools/StructureDefinition/ig-page-name","valueUrl":"ValueSet-HeadCircumSCTobservablesChildren.html"}],"nameUrl":"ValueSet-HeadCircumSCTobservablesChildren.html","title":"HeadCircumferenceSCTobservablesChildren","generation":"generated"},{"extension":[{"url":"http://hl7.org/fhir/tools/StructureDefinition/ig-page-name","valueUrl":"ValueSet-IndicatorCodesChildren.html"}],"nameUrl":"ValueSet-IndicatorCodesChildren.html","title":"IndicatorCodesChildren","generation":"generated"},{"extension":[{"url":"http://hl7.org/fhir/tools/StructureDefinition/ig-page-name","valueUrl":"ValueSet-IndicatorResultsChildren.html"}],"nameUrl":"ValueSet-IndicatorResultsChildren.html","title":"IndicatorResultsChildren","generation":"generated"},{"extension":[{"url":"http://hl7.org/fhir/tools/StructureDefinition/ig-page-name","valueUrl":"ValueSet-MentalStateObservablesChildren.html"}],"nameUrl":"ValueSet-MentalStateObservablesChildren.html","title":"MentalStateobservablesChildren","generation":"generated"},{"extension":[{"url":"http://hl7.org/fhir/tools/StructureDefinition/ig-page-name","valueUrl":"ValueSet-MentalStateResultsChildren.html"}],"nameUrl":"ValueSet-MentalStateResultsChildren.html","title":"MentalStateResultsChildren","generation":"generated"},{"extension":[{"url":"http://hl7.org/fhir/tools/StructureDefinition/ig-page-name","valueUrl":"ValueSet-ObservationResultsChildren.html"}],"nameUrl":"ValueSet-ObservationResultsChildren.html","title":"Observation resultcodes","generation":"generated"},{"extension":[{"url":"http://hl7.org/fhir/tools/StructureDefinition/ig-page-name","valueUrl":"ValueSet-ObservationUnitsChildren.html"}],"nameUrl":"ValueSet-ObservationUnitsChildren.html","title":"ObservationUnitsChildren","generation":"generated"},{"extension":[{"url":"http://hl7.org/fhir/tools/StructureDefinition/ig-page-name","valueUrl":"ValueSet-ParentTypes.html"}],"nameUrl":"ValueSet-ParentTypes.html","title":"ParentTypes","generation":"generated"},{"extension":[{"url":"http://hl7.org/fhir/tools/StructureDefinition/ig-page-name","valueUrl":"ValueSet-ObservationSCTChildren.html"}],"nameUrl":"ValueSet-ObservationSCTChildren.html","title":"SCTobservablesChildren","generation":"generated"},{"extension":[{"url":"http://hl7.org/fhir/tools/StructureDefinition/ig-page-name","valueUrl":"ValueSet-TobaccoObservablesChildren.html"}],"nameUrl":"ValueSet-TobaccoObservablesChildren.html","title":"TobaccoobservablesChildren","generation":"generated"},{"extension":[{"url":"http://hl7.org/fhir/tools/StructureDefinition/ig-page-name","valueUrl":"ValueSet-TobaccoResultsChildren.html"}],"nameUrl":"ValueSet-TobaccoResultsChildren.html","title":"TobaccoResultsChildren","generation":"generated"},{"extension":[{"url":"http://hl7.org/fhir/tools/StructureDefinition/ig-page-name","valueUrl":"CodeSystem-SNOMED-CT-INT.html"}],"nameUrl":"CodeSystem-SNOMED-CT-INT.html","title":"SNOMED\u00a0CT International Edition","generation":"generated"},{"extension":[{"url":"http://hl7.org/fhir/tools/StructureDefinition/ig-page-name","valueUrl":"Encounter-10mthEncounter.html"}],"nameUrl":"Encounter-10mthEncounter.html","title":"10 måneders besøg ved Rikke","generation":"generated"},{"extension":[{"url":"http://hl7.org/fhir/tools/StructureDefinition/ig-page-name","valueUrl":"Encounter-2mthEncounter.html"}],"nameUrl":"Encounter-2mthEncounter.html","title":"2 måneders besøg ved Rikke","generation":"generated"},{"extension":[{"url":"http://hl7.org/fhir/tools/StructureDefinition/ig-page-name","valueUrl":"Encounter-2nd1mthEncounter.html"}],"nameUrl":"Encounter-2nd1mthEncounter.html","title":"Andet besøg i barnets første levemåned ved Rikke","generation":"generated"},{"extension":[{"url":"http://hl7.org/fhir/tools/StructureDefinition/ig-page-name","valueUrl":"Encounter-SchoolStartEncounter.html"}],"nameUrl":"Encounter-SchoolStartEncounter.html","title":"Indskolingsundersøgelse Lars","generation":"generated"},{"extension":[{"url":"http://hl7.org/fhir/tools/StructureDefinition/ig-page-name","valueUrl":"Patient-Kirsten.html"}],"nameUrl":"Patient-Kirsten.html","title":"Kirsten","generation":"generated"},{"extension":[{"url":"http://hl7.org/fhir/tools/StructureDefinition/ig-page-name","valueUrl":"Observation-KirstenIndicatorMS.html"}],"nameUrl":"Observation-KirstenIndicatorMS.html","title":"KirstenIndicatorMS","generation":"generated"},{"extension":[{"url":"http://hl7.org/fhir/tools/StructureDefinition/ig-page-name","valueUrl":"Patient-Lars.html"}],"nameUrl":"Patient-Lars.html","title":"Lars","generation":"generated"},{"extension":[{"url":"http://hl7.org/fhir/tools/StructureDefinition/ig-page-name","valueUrl":"Observation-LarsmentalStateObservation.html"}],"nameUrl":"Observation-LarsmentalStateObservation.html","title":"LarsMentalState","generation":"generated"},{"extension":[{"url":"http://hl7.org/fhir/tools/StructureDefinition/ig-page-name","valueUrl":"Patient-Rikke.html"}],"nameUrl":"Patient-Rikke.html","title":"Rikke","generation":"generated"},{"extension":[{"url":"http://hl7.org/fhir/tools/StructureDefinition/ig-page-name","valueUrl":"Observation-RikkeFeedingObservationError.html"}],"nameUrl":"Observation-RikkeFeedingObservationError.html","title":"RikkeBodyFeedingObservationError","generation":"generated"},{"extension":[{"url":"http://hl7.org/fhir/tools/StructureDefinition/ig-page-name","valueUrl":"Observation-RikkeBodyHeight.html"}],"nameUrl":"Observation-RikkeBodyHeight.html","title":"RikkeBodyHeight","generation":"generated"},{"extension":[{"url":"http://hl7.org/fhir/tools/StructureDefinition/ig-page-name","valueUrl":"Observation-RikkeBodyWeight.html"}],"nameUrl":"Observation-RikkeBodyWeight.html","title":"RikkeBodyWeight","generation":"generated"},{"extension":[{"url":"http://hl7.org/fhir/tools/StructureDefinition/ig-page-name","valueUrl":"Bundle-RikkeDeliveryReport2months.html"}],"nameUrl":"Bundle-RikkeDeliveryReport2months.html","title":"RikkeDeliveryReport2months","generation":"generated"},{"extension":[{"url":"http://hl7.org/fhir/tools/StructureDefinition/ig-page-name","valueUrl":"Bundle-RikkeDeliveryReport2nd1mth.html"}],"nameUrl":"Bundle-RikkeDeliveryReport2nd1mth.html","title":"RikkeDeliveryReport2nd1mth","generation":"generated"},{"extension":[{"url":"http://hl7.org/fhir/tools/StructureDefinition/ig-page-name","valueUrl":"Observation-RikkeFeedingObservation.html"}],"nameUrl":"Observation-RikkeFeedingObservation.html","title":"RikkeFeedingObservation","generation":"generated"},{"extension":[{"url":"http://hl7.org/fhir/tools/StructureDefinition/ig-page-name","valueUrl":"Observation-RikkeFeedingObservation2.html"}],"nameUrl":"Observation-RikkeFeedingObservation2.html","title":"RikkeFeedingObservation2","generation":"generated"},{"extension":[{"url":"http://hl7.org/fhir/tools/StructureDefinition/ig-page-name","valueUrl":"Observation-RikkeHeadCircum.html"}],"nameUrl":"Observation-RikkeHeadCircum.html","title":"RikkeHeadCircum","generation":"generated"},{"extension":[{"url":"http://hl7.org/fhir/tools/StructureDefinition/ig-page-name","valueUrl":"Observation-RikkeIndicatorSK.html"}],"nameUrl":"Observation-RikkeIndicatorSK.html","title":"RikkeIndicatorSK","generation":"generated"},{"extension":[{"url":"http://hl7.org/fhir/tools/StructureDefinition/ig-page-name","valueUrl":"RelatedPerson-RikkesParent.html"}],"nameUrl":"RelatedPerson-RikkesParent.html","title":"RikkesParent","generation":"generated"},{"extension":[{"url":"http://hl7.org/fhir/tools/StructureDefinition/ig-page-name","valueUrl":"Observation-RikkeTobaccoObservation.html"}],"nameUrl":"Observation-RikkeTobaccoObservation.html","title":"RikkeTobaccoObservation","generation":"generated"}]}]},"parameter":[{"code":"path-resource","value":"input/capabilities"},{"code":"path-resource","value":"input/examples"},{"code":"path-resource","value":"input/extensions"},{"code":"path-resource","value":"input/models"},{"code":"path-resource","value":"input/operations"},{"code":"path-resource","value":"input/profiles"},{"code":"path-resource","value":"input/resources"},{"code":"path-resource","value":"input/vocabulary"},{"code":"path-resource","value":"input/maps"},{"code":"path-resource","value":"input/testing"},{"code":"path-resource","value":"input/history"},{"code":"path-resource","value":"fsh-generated/resources"},{"code":"path-pages","value":"template/config"},{"code":"path-pages","value":"input/images"},{"code":"path-tx-cache","value":"input-cache/txcache"}]}}