{
  "resourceType" : "Bundle",
  "id" : "b1c5348b-fe9f-4afc-96ff-8c42b6c6c7ff",
  "meta" : {
    "profile" : ["http://gateway.kl.dk/1.0/StructureDefinition/klgateway-care-delivery-report"]
  },
  "type" : "collection",
  "timestamp" : "2021-02-15T08:39:34Z",
  "entry" : [{
    "fullUrl" : "Patient/eec9e8e9-221d-4eae-a54d-cdd403661def",
    "resource" : {
      "resourceType" : "Patient",
      "id" : "eec9e8e9-221d-4eae-a54d-cdd403661def",
      "meta" : {
        "profile" : ["http://gateway.kl.dk/1.0/StructureDefinition/klgateway-care-citizen"]
      },
      "text" : {
        "status" : "generated",
        "div" : "<div xmlns=\"http://www.w3.org/1999/xhtml\"><p><b>Generated Narrative: Patient</b><a name=\"eec9e8e9-221d-4eae-a54d-cdd403661def\"> </a></p><div style=\"display: inline-block; background-color: #d9e0e7; padding: 6px; margin: 4px; border: 1px solid #8da1b4; border-radius: 5px; line-height: 60%\"><p style=\"margin-bottom: 0px\">Resource Patient &quot;eec9e8e9-221d-4eae-a54d-cdd403661def&quot; </p><p style=\"margin-bottom: 0px\">Profile: <a href=\"StructureDefinition-klgateway-care-citizen.html\">CareCitizen</a></p></div><p><b>identifier</b>: id:\u00a00101410001\u00a0(use:\u00a0OFFICIAL)</p><p><b>managingOrganization</b>: <span/></p></div>"
      },
      "identifier" : [{
        "use" : "official",
        "system" : "urn:oid:1.2.208.176.1.2",
        "value" : "0101410001"
      }],
      "managingOrganization" : {
        "identifier" : {
          "use" : "official",
          "system" : "urn:oid:1.2.208.176.1.1",
          "value" : "123456789012345"
        }
      }
    }
  },
  {
    "fullUrl" : "Condition/d45b02d1-be76-4968-812b-6b32338ad8ad",
    "resource" : {
      "resourceType" : "Condition",
      "id" : "d45b02d1-be76-4968-812b-6b32338ad8ad",
      "meta" : {
        "profile" : ["http://gateway.kl.dk/1.0/StructureDefinition/klgateway-care-condition"]
      },
      "text" : {
        "status" : "extensions",
        "div" : "<div xmlns=\"http://www.w3.org/1999/xhtml\"><p><b>Generated Narrative: Condition</b><a name=\"d45b02d1-be76-4968-812b-6b32338ad8ad\"> </a></p><div style=\"display: inline-block; background-color: #d9e0e7; padding: 6px; margin: 4px; border: 1px solid #8da1b4; border-radius: 5px; line-height: 60%\"><p style=\"margin-bottom: 0px\">Resource Condition &quot;d45b02d1-be76-4968-812b-6b32338ad8ad&quot; </p><p style=\"margin-bottom: 0px\">Profile: <a href=\"StructureDefinition-klgateway-care-condition.html\">CareCondition</a></p></div><p><b>CareFollowUpEncounterExtension</b>: <a href=\"#Encounter_56c8d2c3-5da1-4a33-a358-d3ecfb67ef3b\">See above (Encounter/56c8d2c3-5da1-4a33-a358-d3ecfb67ef3b)</a></p><p><b>clinicalStatus</b>: Active <span style=\"background: LightGoldenRodYellow; margin: 4px; border: 1px solid khaki\"> (<a href=\"http://terminology.hl7.org/5.0.0/CodeSystem-condition-clinical.html\">Condition Clinical Status Codes</a>#active)</span></p><p><b>category</b>: Problem List Item <span style=\"background: LightGoldenRodYellow; margin: 4px; border: 1px solid khaki\"> (<a href=\"http://terminology.hl7.org/5.0.0/CodeSystem-condition-category.html\">Condition Category Codes</a>#problem-list-item)</span></p><p><b>severity</b>: Svære begrænsninger <span style=\"background: LightGoldenRodYellow; margin: 4px; border: 1px solid khaki\"> (<a href=\"https://build.fhir.org/ig/hl7dk/KL-dk//CodeSystem-FSIII.html\">FSIII</a>#B4)</span></p><p><b>code</b>: Af- og påklædning <span style=\"background: LightGoldenRodYellow; margin: 4px; border: 1px solid khaki\"> (<a href=\"https://build.fhir.org/ig/hl7dk/KL-dk//CodeSystem-FSIII.html\">FSIII</a>#J1.3)</span></p><p><b>subject</b>: <a href=\"#Patient_eec9e8e9-221d-4eae-a54d-cdd403661def\">See above (Patient/eec9e8e9-221d-4eae-a54d-cdd403661def)</a></p><p><b>recordedDate</b>: 2021-02-10</p></div>"
      },
      "extension" : [{
        "url" : "http://gateway.kl.dk/1.0/StructureDefinition/klgateway-care-follow-up-encounter-extension",
        "valueReference" : {
          "reference" : "Encounter/56c8d2c3-5da1-4a33-a358-d3ecfb67ef3b"
        }
      }],
      "clinicalStatus" : {
        "coding" : [{
          "system" : "http://terminology.hl7.org/CodeSystem/condition-clinical",
          "code" : "active"
        }]
      },
      "category" : [{
        "coding" : [{
          "system" : "http://terminology.hl7.org/CodeSystem/condition-category",
          "code" : "problem-list-item"
        }]
      }],
      "severity" : {
        "coding" : [{
          "system" : "http://kl.dk/fhir/common/caresocial/CodeSystem/FSIII",
          "code" : "B4"
        }]
      },
      "code" : {
        "coding" : [{
          "system" : "http://kl.dk/fhir/common/caresocial/CodeSystem/FSIII",
          "code" : "J1.3"
        }]
      },
      "subject" : {
        "reference" : "Patient/eec9e8e9-221d-4eae-a54d-cdd403661def"
      },
      "recordedDate" : "2021-02-10"
    }
  },
  {
    "fullUrl" : "Condition/34665f6d-7573-46fb-8b4d-72f30641284b",
    "resource" : {
      "resourceType" : "Condition",
      "id" : "34665f6d-7573-46fb-8b4d-72f30641284b",
      "meta" : {
        "profile" : ["http://gateway.kl.dk/1.0/StructureDefinition/klgateway-care-condition"]
      },
      "text" : {
        "status" : "extensions",
        "div" : "<div xmlns=\"http://www.w3.org/1999/xhtml\"><p><b>Generated Narrative: Condition</b><a name=\"34665f6d-7573-46fb-8b4d-72f30641284b\"> </a></p><div style=\"display: inline-block; background-color: #d9e0e7; padding: 6px; margin: 4px; border: 1px solid #8da1b4; border-radius: 5px; line-height: 60%\"><p style=\"margin-bottom: 0px\">Resource Condition &quot;34665f6d-7573-46fb-8b4d-72f30641284b&quot; </p><p style=\"margin-bottom: 0px\">Profile: <a href=\"StructureDefinition-klgateway-care-condition.html\">CareCondition</a></p></div><p><b>CareFollowUpEncounterExtension</b>: <a href=\"#Encounter_56c8d2c3-5da1-4a33-a358-d3ecfb67ef3b\">See above (Encounter/56c8d2c3-5da1-4a33-a358-d3ecfb67ef3b)</a></p><p><b>clinicalStatus</b>: Active <span style=\"background: LightGoldenRodYellow; margin: 4px; border: 1px solid khaki\"> (<a href=\"http://terminology.hl7.org/5.0.0/CodeSystem-condition-clinical.html\">Condition Clinical Status Codes</a>#active)</span></p><p><b>category</b>: Problem List Item <span style=\"background: LightGoldenRodYellow; margin: 4px; border: 1px solid khaki\"> (<a href=\"http://terminology.hl7.org/5.0.0/CodeSystem-condition-category.html\">Condition Category Codes</a>#problem-list-item)</span></p><p><b>severity</b>: Svære begrænsninger <span style=\"background: LightGoldenRodYellow; margin: 4px; border: 1px solid khaki\"> (<a href=\"https://build.fhir.org/ig/hl7dk/KL-dk//CodeSystem-FSIII.html\">FSIII</a>#B4)</span></p><p><b>code</b>: Udføre daglige rutiner <span style=\"background: LightGoldenRodYellow; margin: 4px; border: 1px solid khaki\"> (<a href=\"https://build.fhir.org/ig/hl7dk/KL-dk//CodeSystem-FSIII.html\">FSIII</a>#J2.3)</span></p><p><b>subject</b>: <a href=\"#Patient_eec9e8e9-221d-4eae-a54d-cdd403661def\">See above (Patient/eec9e8e9-221d-4eae-a54d-cdd403661def)</a></p><p><b>recordedDate</b>: 2021-02-10</p></div>"
      },
      "extension" : [{
        "url" : "http://gateway.kl.dk/1.0/StructureDefinition/klgateway-care-follow-up-encounter-extension",
        "valueReference" : {
          "reference" : "Encounter/56c8d2c3-5da1-4a33-a358-d3ecfb67ef3b"
        }
      }],
      "clinicalStatus" : {
        "coding" : [{
          "system" : "http://terminology.hl7.org/CodeSystem/condition-clinical",
          "code" : "active"
        }]
      },
      "category" : [{
        "coding" : [{
          "system" : "http://terminology.hl7.org/CodeSystem/condition-category",
          "code" : "problem-list-item"
        }]
      }],
      "severity" : {
        "coding" : [{
          "system" : "http://kl.dk/fhir/common/caresocial/CodeSystem/FSIII",
          "code" : "B4"
        }]
      },
      "code" : {
        "coding" : [{
          "system" : "http://kl.dk/fhir/common/caresocial/CodeSystem/FSIII",
          "code" : "J2.3"
        }]
      },
      "subject" : {
        "reference" : "Patient/eec9e8e9-221d-4eae-a54d-cdd403661def"
      },
      "recordedDate" : "2021-02-10"
    }
  },
  {
    "fullUrl" : "Condition/067e0542-1d8a-404d-b6db-f2bfa6a03c2e",
    "resource" : {
      "resourceType" : "Condition",
      "id" : "067e0542-1d8a-404d-b6db-f2bfa6a03c2e",
      "meta" : {
        "profile" : ["http://gateway.kl.dk/1.0/StructureDefinition/klgateway-care-condition"]
      },
      "text" : {
        "status" : "extensions",
        "div" : "<div xmlns=\"http://www.w3.org/1999/xhtml\"><p><b>Generated Narrative: Condition</b><a name=\"067e0542-1d8a-404d-b6db-f2bfa6a03c2e\"> </a></p><div style=\"display: inline-block; background-color: #d9e0e7; padding: 6px; margin: 4px; border: 1px solid #8da1b4; border-radius: 5px; line-height: 60%\"><p style=\"margin-bottom: 0px\">Resource Condition &quot;067e0542-1d8a-404d-b6db-f2bfa6a03c2e&quot; </p><p style=\"margin-bottom: 0px\">Profile: <a href=\"StructureDefinition-klgateway-care-condition.html\">CareCondition</a></p></div><p><b>CareFollowUpEncounterExtension</b>: <a href=\"#Encounter_56c8d2c3-5da1-4a33-a358-d3ecfb67ef3b\">See above (Encounter/56c8d2c3-5da1-4a33-a358-d3ecfb67ef3b)</a></p><p><b>clinicalStatus</b>: Active <span style=\"background: LightGoldenRodYellow; margin: 4px; border: 1px solid khaki\"> (<a href=\"http://terminology.hl7.org/5.0.0/CodeSystem-condition-clinical.html\">Condition Clinical Status Codes</a>#active)</span></p><p><b>category</b>: Problem List Item <span style=\"background: LightGoldenRodYellow; margin: 4px; border: 1px solid khaki\"> (<a href=\"http://terminology.hl7.org/5.0.0/CodeSystem-condition-category.html\">Condition Category Codes</a>#problem-list-item)</span></p><p><b>severity</b>: Svære begrænsninger <span style=\"background: LightGoldenRodYellow; margin: 4px; border: 1px solid khaki\"> (<a href=\"https://build.fhir.org/ig/hl7dk/KL-dk//CodeSystem-FSIII.html\">FSIII</a>#B4)</span></p><p><b>code</b>: Lave mad <span style=\"background: LightGoldenRodYellow; margin: 4px; border: 1px solid khaki\"> (<a href=\"https://build.fhir.org/ig/hl7dk/KL-dk//CodeSystem-FSIII.html\">FSIII</a>#J2.2)</span></p><p><b>subject</b>: <a href=\"#Patient_eec9e8e9-221d-4eae-a54d-cdd403661def\">See above (Patient/eec9e8e9-221d-4eae-a54d-cdd403661def)</a></p><p><b>recordedDate</b>: 2021-02-10</p></div>"
      },
      "extension" : [{
        "url" : "http://gateway.kl.dk/1.0/StructureDefinition/klgateway-care-follow-up-encounter-extension",
        "valueReference" : {
          "reference" : "Encounter/56c8d2c3-5da1-4a33-a358-d3ecfb67ef3b"
        }
      }],
      "clinicalStatus" : {
        "coding" : [{
          "system" : "http://terminology.hl7.org/CodeSystem/condition-clinical",
          "code" : "active"
        }]
      },
      "category" : [{
        "coding" : [{
          "system" : "http://terminology.hl7.org/CodeSystem/condition-category",
          "code" : "problem-list-item"
        }]
      }],
      "severity" : {
        "coding" : [{
          "system" : "http://kl.dk/fhir/common/caresocial/CodeSystem/FSIII",
          "code" : "B4"
        }]
      },
      "code" : {
        "coding" : [{
          "system" : "http://kl.dk/fhir/common/caresocial/CodeSystem/FSIII",
          "code" : "J2.2"
        }]
      },
      "subject" : {
        "reference" : "Patient/eec9e8e9-221d-4eae-a54d-cdd403661def"
      },
      "recordedDate" : "2021-02-10"
    }
  },
  {
    "fullUrl" : "Condition/cd8643fd-8a42-4ef8-81b4-bf5ec2253f14",
    "resource" : {
      "resourceType" : "Condition",
      "id" : "cd8643fd-8a42-4ef8-81b4-bf5ec2253f14",
      "meta" : {
        "profile" : ["http://gateway.kl.dk/1.0/StructureDefinition/klgateway-care-condition"]
      },
      "text" : {
        "status" : "extensions",
        "div" : "<div xmlns=\"http://www.w3.org/1999/xhtml\"><p><b>Generated Narrative: Condition</b><a name=\"cd8643fd-8a42-4ef8-81b4-bf5ec2253f14\"> </a></p><div style=\"display: inline-block; background-color: #d9e0e7; padding: 6px; margin: 4px; border: 1px solid #8da1b4; border-radius: 5px; line-height: 60%\"><p style=\"margin-bottom: 0px\">Resource Condition &quot;cd8643fd-8a42-4ef8-81b4-bf5ec2253f14&quot; </p><p style=\"margin-bottom: 0px\">Profile: <a href=\"StructureDefinition-klgateway-care-condition.html\">CareCondition</a></p></div><p><b>CareFollowUpEncounterExtension</b>: <a href=\"#Encounter_56c8d2c3-5da1-4a33-a358-d3ecfb67ef3b\">See above (Encounter/56c8d2c3-5da1-4a33-a358-d3ecfb67ef3b)</a></p><p><b>clinicalStatus</b>: Active <span style=\"background: LightGoldenRodYellow; margin: 4px; border: 1px solid khaki\"> (<a href=\"http://terminology.hl7.org/5.0.0/CodeSystem-condition-clinical.html\">Condition Clinical Status Codes</a>#active)</span></p><p><b>category</b>: Problem List Item <span style=\"background: LightGoldenRodYellow; margin: 4px; border: 1px solid khaki\"> (<a href=\"http://terminology.hl7.org/5.0.0/CodeSystem-condition-category.html\">Condition Category Codes</a>#problem-list-item)</span></p><p><b>severity</b>: Svære begrænsninger <span style=\"background: LightGoldenRodYellow; margin: 4px; border: 1px solid khaki\"> (<a href=\"https://build.fhir.org/ig/hl7dk/KL-dk//CodeSystem-FSIII.html\">FSIII</a>#B4)</span></p><p><b>code</b>: Lave husligt arbejde <span style=\"background: LightGoldenRodYellow; margin: 4px; border: 1px solid khaki\"> (<a href=\"https://build.fhir.org/ig/hl7dk/KL-dk//CodeSystem-FSIII.html\">FSIII</a>#J2.1)</span></p><p><b>subject</b>: <a href=\"#Patient_eec9e8e9-221d-4eae-a54d-cdd403661def\">See above (Patient/eec9e8e9-221d-4eae-a54d-cdd403661def)</a></p><p><b>recordedDate</b>: 2021-02-10</p></div>"
      },
      "extension" : [{
        "url" : "http://gateway.kl.dk/1.0/StructureDefinition/klgateway-care-follow-up-encounter-extension",
        "valueReference" : {
          "reference" : "Encounter/56c8d2c3-5da1-4a33-a358-d3ecfb67ef3b"
        }
      }],
      "clinicalStatus" : {
        "coding" : [{
          "system" : "http://terminology.hl7.org/CodeSystem/condition-clinical",
          "code" : "active"
        }]
      },
      "category" : [{
        "coding" : [{
          "system" : "http://terminology.hl7.org/CodeSystem/condition-category",
          "code" : "problem-list-item"
        }]
      }],
      "severity" : {
        "coding" : [{
          "system" : "http://kl.dk/fhir/common/caresocial/CodeSystem/FSIII",
          "code" : "B4"
        }]
      },
      "code" : {
        "coding" : [{
          "system" : "http://kl.dk/fhir/common/caresocial/CodeSystem/FSIII",
          "code" : "J2.1"
        }]
      },
      "subject" : {
        "reference" : "Patient/eec9e8e9-221d-4eae-a54d-cdd403661def"
      },
      "recordedDate" : "2021-02-10"
    }
  },
  {
    "fullUrl" : "Condition/806d1cf8-5a4a-4c0d-a020-8a3bb3eacebd",
    "resource" : {
      "resourceType" : "Condition",
      "id" : "806d1cf8-5a4a-4c0d-a020-8a3bb3eacebd",
      "meta" : {
        "profile" : ["http://gateway.kl.dk/1.0/StructureDefinition/klgateway-care-condition"]
      },
      "text" : {
        "status" : "extensions",
        "div" : "<div xmlns=\"http://www.w3.org/1999/xhtml\"><p><b>Generated Narrative: Condition</b><a name=\"806d1cf8-5a4a-4c0d-a020-8a3bb3eacebd\"> </a></p><div style=\"display: inline-block; background-color: #d9e0e7; padding: 6px; margin: 4px; border: 1px solid #8da1b4; border-radius: 5px; line-height: 60%\"><p style=\"margin-bottom: 0px\">Resource Condition &quot;806d1cf8-5a4a-4c0d-a020-8a3bb3eacebd&quot; </p><p style=\"margin-bottom: 0px\">Profile: <a href=\"StructureDefinition-klgateway-care-condition.html\">CareCondition</a></p></div><p><b>CareFollowUpEncounterExtension</b>: <a href=\"#Encounter_56c8d2c3-5da1-4a33-a358-d3ecfb67ef3b\">See above (Encounter/56c8d2c3-5da1-4a33-a358-d3ecfb67ef3b)</a></p><p><b>clinicalStatus</b>: Active <span style=\"background: LightGoldenRodYellow; margin: 4px; border: 1px solid khaki\"> (<a href=\"http://terminology.hl7.org/5.0.0/CodeSystem-condition-clinical.html\">Condition Clinical Status Codes</a>#active)</span></p><p><b>category</b>: Problem List Item <span style=\"background: LightGoldenRodYellow; margin: 4px; border: 1px solid khaki\"> (<a href=\"http://terminology.hl7.org/5.0.0/CodeSystem-condition-category.html\">Condition Category Codes</a>#problem-list-item)</span></p><p><b>severity</b>: Moderate begrænsninger <span style=\"background: LightGoldenRodYellow; margin: 4px; border: 1px solid khaki\"> (<a href=\"https://build.fhir.org/ig/hl7dk/KL-dk//CodeSystem-FSIII.html\">FSIII</a>#B3)</span></p><p><b>code</b>: Gå <span style=\"background: LightGoldenRodYellow; margin: 4px; border: 1px solid khaki\"> (<a href=\"https://build.fhir.org/ig/hl7dk/KL-dk//CodeSystem-FSIII.html\">FSIII</a>#J3.8)</span></p><p><b>subject</b>: <a href=\"#Patient_eec9e8e9-221d-4eae-a54d-cdd403661def\">See above (Patient/eec9e8e9-221d-4eae-a54d-cdd403661def)</a></p><p><b>recordedDate</b>: 2021-02-10</p></div>"
      },
      "extension" : [{
        "url" : "http://gateway.kl.dk/1.0/StructureDefinition/klgateway-care-follow-up-encounter-extension",
        "valueReference" : {
          "reference" : "Encounter/56c8d2c3-5da1-4a33-a358-d3ecfb67ef3b"
        }
      }],
      "clinicalStatus" : {
        "coding" : [{
          "system" : "http://terminology.hl7.org/CodeSystem/condition-clinical",
          "code" : "active"
        }]
      },
      "category" : [{
        "coding" : [{
          "system" : "http://terminology.hl7.org/CodeSystem/condition-category",
          "code" : "problem-list-item"
        }]
      }],
      "severity" : {
        "coding" : [{
          "system" : "http://kl.dk/fhir/common/caresocial/CodeSystem/FSIII",
          "code" : "B3"
        }]
      },
      "code" : {
        "coding" : [{
          "system" : "http://kl.dk/fhir/common/caresocial/CodeSystem/FSIII",
          "code" : "J3.8"
        }]
      },
      "subject" : {
        "reference" : "Patient/eec9e8e9-221d-4eae-a54d-cdd403661def"
      },
      "recordedDate" : "2021-02-10"
    }
  },
  {
    "fullUrl" : "Condition/5ad5649a-6317-41de-8cc4-364b9bafd298",
    "resource" : {
      "resourceType" : "Condition",
      "id" : "5ad5649a-6317-41de-8cc4-364b9bafd298",
      "meta" : {
        "profile" : ["http://gateway.kl.dk/1.0/StructureDefinition/klgateway-care-condition"]
      },
      "text" : {
        "status" : "extensions",
        "div" : "<div xmlns=\"http://www.w3.org/1999/xhtml\"><p><b>Generated Narrative: Condition</b><a name=\"5ad5649a-6317-41de-8cc4-364b9bafd298\"> </a></p><div style=\"display: inline-block; background-color: #d9e0e7; padding: 6px; margin: 4px; border: 1px solid #8da1b4; border-radius: 5px; line-height: 60%\"><p style=\"margin-bottom: 0px\">Resource Condition &quot;5ad5649a-6317-41de-8cc4-364b9bafd298&quot; </p><p style=\"margin-bottom: 0px\">Profile: <a href=\"StructureDefinition-klgateway-care-condition.html\">CareCondition</a></p></div><p><b>CareFollowUpEncounterExtension</b>: <a href=\"#Encounter_56c8d2c3-5da1-4a33-a358-d3ecfb67ef3b\">See above (Encounter/56c8d2c3-5da1-4a33-a358-d3ecfb67ef3b)</a></p><p><b>clinicalStatus</b>: Active <span style=\"background: LightGoldenRodYellow; margin: 4px; border: 1px solid khaki\"> (<a href=\"http://terminology.hl7.org/5.0.0/CodeSystem-condition-clinical.html\">Condition Clinical Status Codes</a>#active)</span></p><p><b>category</b>: Problem List Item <span style=\"background: LightGoldenRodYellow; margin: 4px; border: 1px solid khaki\"> (<a href=\"http://terminology.hl7.org/5.0.0/CodeSystem-condition-category.html\">Condition Category Codes</a>#problem-list-item)</span></p><p><b>severity</b>: Moderate begrænsninger <span style=\"background: LightGoldenRodYellow; margin: 4px; border: 1px solid khaki\"> (<a href=\"https://build.fhir.org/ig/hl7dk/KL-dk//CodeSystem-FSIII.html\">FSIII</a>#B3)</span></p><p><b>code</b>: Bevæge sig omkring <span style=\"background: LightGoldenRodYellow; margin: 4px; border: 1px solid khaki\"> (<a href=\"https://build.fhir.org/ig/hl7dk/KL-dk//CodeSystem-FSIII.html\">FSIII</a>#J3.2)</span></p><p><b>subject</b>: <a href=\"#Patient_eec9e8e9-221d-4eae-a54d-cdd403661def\">See above (Patient/eec9e8e9-221d-4eae-a54d-cdd403661def)</a></p><p><b>recordedDate</b>: 2021-02-10</p></div>"
      },
      "extension" : [{
        "url" : "http://gateway.kl.dk/1.0/StructureDefinition/klgateway-care-follow-up-encounter-extension",
        "valueReference" : {
          "reference" : "Encounter/56c8d2c3-5da1-4a33-a358-d3ecfb67ef3b"
        }
      }],
      "clinicalStatus" : {
        "coding" : [{
          "system" : "http://terminology.hl7.org/CodeSystem/condition-clinical",
          "code" : "active"
        }]
      },
      "category" : [{
        "coding" : [{
          "system" : "http://terminology.hl7.org/CodeSystem/condition-category",
          "code" : "problem-list-item"
        }]
      }],
      "severity" : {
        "coding" : [{
          "system" : "http://kl.dk/fhir/common/caresocial/CodeSystem/FSIII",
          "code" : "B3"
        }]
      },
      "code" : {
        "coding" : [{
          "system" : "http://kl.dk/fhir/common/caresocial/CodeSystem/FSIII",
          "code" : "J3.2"
        }]
      },
      "subject" : {
        "reference" : "Patient/eec9e8e9-221d-4eae-a54d-cdd403661def"
      },
      "recordedDate" : "2021-02-10"
    }
  },
  {
    "fullUrl" : "Condition/fcc4040a-1803-434f-b633-8b354c5fbfb4",
    "resource" : {
      "resourceType" : "Condition",
      "id" : "fcc4040a-1803-434f-b633-8b354c5fbfb4",
      "meta" : {
        "profile" : ["http://gateway.kl.dk/1.0/StructureDefinition/klgateway-care-condition"]
      },
      "text" : {
        "status" : "extensions",
        "div" : "<div xmlns=\"http://www.w3.org/1999/xhtml\"><p><b>Generated Narrative: Condition</b><a name=\"fcc4040a-1803-434f-b633-8b354c5fbfb4\"> </a></p><div style=\"display: inline-block; background-color: #d9e0e7; padding: 6px; margin: 4px; border: 1px solid #8da1b4; border-radius: 5px; line-height: 60%\"><p style=\"margin-bottom: 0px\">Resource Condition &quot;fcc4040a-1803-434f-b633-8b354c5fbfb4&quot; </p><p style=\"margin-bottom: 0px\">Profile: <a href=\"StructureDefinition-klgateway-care-condition.html\">CareCondition</a></p></div><p><b>CareFollowUpEncounterExtension</b>: <a href=\"#Encounter_56c8d2c3-5da1-4a33-a358-d3ecfb67ef3b\">See above (Encounter/56c8d2c3-5da1-4a33-a358-d3ecfb67ef3b)</a></p><p><b>clinicalStatus</b>: Active <span style=\"background: LightGoldenRodYellow; margin: 4px; border: 1px solid khaki\"> (<a href=\"http://terminology.hl7.org/5.0.0/CodeSystem-condition-clinical.html\">Condition Clinical Status Codes</a>#active)</span></p><p><b>category</b>: Problem List Item <span style=\"background: LightGoldenRodYellow; margin: 4px; border: 1px solid khaki\"> (<a href=\"http://terminology.hl7.org/5.0.0/CodeSystem-condition-category.html\">Condition Category Codes</a>#problem-list-item)</span></p><p><b>severity</b>: Svære begrænsninger <span style=\"background: LightGoldenRodYellow; margin: 4px; border: 1px solid khaki\"> (<a href=\"https://build.fhir.org/ig/hl7dk/KL-dk//CodeSystem-FSIII.html\">FSIII</a>#B4)</span></p><p><b>code</b>: Muskelstyrke <span style=\"background: LightGoldenRodYellow; margin: 4px; border: 1px solid khaki\"> (<a href=\"https://build.fhir.org/ig/hl7dk/KL-dk//CodeSystem-FSIII.html\">FSIII</a>#J3.7)</span></p><p><b>subject</b>: <a href=\"#Patient_eec9e8e9-221d-4eae-a54d-cdd403661def\">See above (Patient/eec9e8e9-221d-4eae-a54d-cdd403661def)</a></p><p><b>recordedDate</b>: 2021-02-10</p></div>"
      },
      "extension" : [{
        "url" : "http://gateway.kl.dk/1.0/StructureDefinition/klgateway-care-follow-up-encounter-extension",
        "valueReference" : {
          "reference" : "Encounter/56c8d2c3-5da1-4a33-a358-d3ecfb67ef3b"
        }
      }],
      "clinicalStatus" : {
        "coding" : [{
          "system" : "http://terminology.hl7.org/CodeSystem/condition-clinical",
          "code" : "active"
        }]
      },
      "category" : [{
        "coding" : [{
          "system" : "http://terminology.hl7.org/CodeSystem/condition-category",
          "code" : "problem-list-item"
        }]
      }],
      "severity" : {
        "coding" : [{
          "system" : "http://kl.dk/fhir/common/caresocial/CodeSystem/FSIII",
          "code" : "B4"
        }]
      },
      "code" : {
        "coding" : [{
          "system" : "http://kl.dk/fhir/common/caresocial/CodeSystem/FSIII",
          "code" : "J3.7"
        }]
      },
      "subject" : {
        "reference" : "Patient/eec9e8e9-221d-4eae-a54d-cdd403661def"
      },
      "recordedDate" : "2021-02-10"
    }
  },
  {
    "fullUrl" : "Encounter/56c8d2c3-5da1-4a33-a358-d3ecfb67ef3b",
    "resource" : {
      "resourceType" : "Encounter",
      "id" : "56c8d2c3-5da1-4a33-a358-d3ecfb67ef3b",
      "meta" : {
        "profile" : ["http://gateway.kl.dk/1.0/StructureDefinition/klgateway-care-encounter"]
      },
      "text" : {
        "status" : "generated",
        "div" : "<div xmlns=\"http://www.w3.org/1999/xhtml\"><p><b>Generated Narrative: Encounter</b><a name=\"56c8d2c3-5da1-4a33-a358-d3ecfb67ef3b\"> </a></p><div style=\"display: inline-block; background-color: #d9e0e7; padding: 6px; margin: 4px; border: 1px solid #8da1b4; border-radius: 5px; line-height: 60%\"><p style=\"margin-bottom: 0px\">Resource Encounter &quot;56c8d2c3-5da1-4a33-a358-d3ecfb67ef3b&quot; </p><p style=\"margin-bottom: 0px\">Profile: <a href=\"StructureDefinition-klgateway-care-encounter.html\">CareEncounter</a></p></div><p><b>status</b>: planned</p><p><b>class</b>: home health (Details: http://terminology.hl7.org/CodeSystem/v3-ActCode code HH = 'home health', stated as 'null')</p><p><b>type</b>: opfølgning <span style=\"background: LightGoldenRodYellow; margin: 4px; border: 1px solid khaki\"> (<a href=\"https://build.fhir.org/ig/hl7dk/KL-dk//CodeSystem-KLCommonCareSocialCodes.html\">KLCommonCareSocialCodes</a>#9f03dfbb-7a97-45a5-94db-d4c3501714a9)</span></p><p><b>subject</b>: <a href=\"#Patient_eec9e8e9-221d-4eae-a54d-cdd403661def\">See above (Patient/eec9e8e9-221d-4eae-a54d-cdd403661def)</a></p><p><b>period</b>: 2021-02-24 --&gt; (ongoing)</p></div>"
      },
      "status" : "planned",
      "class" : {
        "system" : "http://terminology.hl7.org/CodeSystem/v3-ActCode",
        "code" : "HH"
      },
      "type" : [{
        "coding" : [{
          "system" : "http://kl.dk/fhir/common/caresocial/CodeSystem/KLCommonCareSocialCodes",
          "code" : "9f03dfbb-7a97-45a5-94db-d4c3501714a9"
        }]
      }],
      "subject" : {
        "reference" : "Patient/eec9e8e9-221d-4eae-a54d-cdd403661def"
      },
      "period" : {
        "start" : "2021-02-24"
      }
    }
  },
  {
    "fullUrl" : "Observation/4438410f-c879-45ec-9626-75c85fa1449a",
    "resource" : {
      "resourceType" : "Observation",
      "id" : "4438410f-c879-45ec-9626-75c85fa1449a",
      "meta" : {
        "profile" : ["http://gateway.kl.dk/1.0/StructureDefinition/klgateway-care-follow-up-observation"]
      },
      "text" : {
        "status" : "generated",
        "div" : "<div xmlns=\"http://www.w3.org/1999/xhtml\"><p><b>Generated Narrative: Observation</b><a name=\"4438410f-c879-45ec-9626-75c85fa1449a\"> </a></p><div style=\"display: inline-block; background-color: #d9e0e7; padding: 6px; margin: 4px; border: 1px solid #8da1b4; border-radius: 5px; line-height: 60%\"><p style=\"margin-bottom: 0px\">Resource Observation &quot;4438410f-c879-45ec-9626-75c85fa1449a&quot; </p><p style=\"margin-bottom: 0px\">Profile: <a href=\"StructureDefinition-klgateway-care-follow-up-observation.html\">CareFollowUpObservation</a></p></div><p><b>status</b>: final</p><p><b>code</b>: Evaluation of care plan (procedure) <span style=\"background: LightGoldenRodYellow; margin: 4px; border: 1px solid khaki\"> (<a href=\"https://browser.ihtsdotools.org/\">SNOMED CT</a>#712744002)</span></p><p><b>subject</b>: <a href=\"#Patient_eec9e8e9-221d-4eae-a54d-cdd403661def\">See above (Patient/eec9e8e9-221d-4eae-a54d-cdd403661def)</a></p><p><b>focus</b>: </p><ul><li><a href=\"#Condition_d45b02d1-be76-4968-812b-6b32338ad8ad\">See above (Condition/d45b02d1-be76-4968-812b-6b32338ad8ad)</a></li><li><a href=\"#Condition_34665f6d-7573-46fb-8b4d-72f30641284b\">See above (Condition/34665f6d-7573-46fb-8b4d-72f30641284b)</a></li><li><a href=\"#Condition_067e0542-1d8a-404d-b6db-f2bfa6a03c2e\">See above (Condition/067e0542-1d8a-404d-b6db-f2bfa6a03c2e)</a></li><li><a href=\"#Condition_cd8643fd-8a42-4ef8-81b4-bf5ec2253f14\">See above (Condition/cd8643fd-8a42-4ef8-81b4-bf5ec2253f14)</a></li><li><a href=\"#Condition_806d1cf8-5a4a-4c0d-a020-8a3bb3eacebd\">See above (Condition/806d1cf8-5a4a-4c0d-a020-8a3bb3eacebd)</a></li><li><a href=\"#Condition_5ad5649a-6317-41de-8cc4-364b9bafd298\">See above (Condition/5ad5649a-6317-41de-8cc4-364b9bafd298)</a></li><li><a href=\"#Condition_fcc4040a-1803-434f-b633-8b354c5fbfb4\">See above (Condition/fcc4040a-1803-434f-b633-8b354c5fbfb4)</a></li></ul><p><b>effective</b>: 2021-02-15</p><p><b>value</b>: Fortsættes <span style=\"background: LightGoldenRodYellow; margin: 4px; border: 1px solid khaki\"> (<a href=\"https://build.fhir.org/ig/hl7dk/KL-dk//CodeSystem-FSIII.html\">FSIII</a>#E1)</span></p></div>"
      },
      "status" : "final",
      "code" : {
        "coding" : [{
          "system" : "http://snomed.info/sct",
          "code" : "712744002"
        }]
      },
      "subject" : {
        "reference" : "Patient/eec9e8e9-221d-4eae-a54d-cdd403661def"
      },
      "focus" : [{
        "reference" : "Condition/d45b02d1-be76-4968-812b-6b32338ad8ad"
      },
      {
        "reference" : "Condition/34665f6d-7573-46fb-8b4d-72f30641284b"
      },
      {
        "reference" : "Condition/067e0542-1d8a-404d-b6db-f2bfa6a03c2e"
      },
      {
        "reference" : "Condition/cd8643fd-8a42-4ef8-81b4-bf5ec2253f14"
      },
      {
        "reference" : "Condition/806d1cf8-5a4a-4c0d-a020-8a3bb3eacebd"
      },
      {
        "reference" : "Condition/5ad5649a-6317-41de-8cc4-364b9bafd298"
      },
      {
        "reference" : "Condition/fcc4040a-1803-434f-b633-8b354c5fbfb4"
      }],
      "effectiveDateTime" : "2021-02-15",
      "valueCodeableConcept" : {
        "coding" : [{
          "system" : "http://kl.dk/fhir/common/caresocial/CodeSystem/FSIII",
          "code" : "E1"
        }]
      }
    }
  }]
}