{
  "resourceType" : "Condition",
  "id" : "VaskeSigLetteBegraensninger",
  "meta" : {
    "profile" : ["http://gateway.kl.dk/1.0/StructureDefinition/klgateway-care-condition"]
  },
  "text" : {
    "status" : "extensions",
    "div" : "<div xmlns=\"http://www.w3.org/1999/xhtml\"><p><b>Generated Narrative: Condition</b><a name=\"VaskeSigLetteBegraensninger\"> </a></p><div style=\"display: inline-block; background-color: #d9e0e7; padding: 6px; margin: 4px; border: 1px solid #8da1b4; border-radius: 5px; line-height: 60%\"><p style=\"margin-bottom: 0px\">Resource Condition &quot;VaskeSigLetteBegraensninger&quot; </p><p style=\"margin-bottom: 0px\">Profile: <a href=\"StructureDefinition-klgateway-care-condition.html\">CareCondition</a></p></div><p><b>CareFollowUpEncounterExtension</b>: <a href=\"Encounter-bfa70a76-318d-453d-9abc-76982f8d13ca.html\">Encounter/bfa70a76-318d-453d-9abc-76982f8d13ca</a></p><p><b>clinicalStatus</b>: Active <span style=\"background: LightGoldenRodYellow; margin: 4px; border: 1px solid khaki\"> (<a href=\"http://terminology.hl7.org/5.0.0/CodeSystem-condition-clinical.html\">Condition Clinical Status Codes</a>#active)</span></p><p><b>verificationStatus</b>: Confirmed <span style=\"background: LightGoldenRodYellow; margin: 4px; border: 1px solid khaki\"> (<a href=\"http://terminology.hl7.org/5.0.0/CodeSystem-condition-ver-status.html\">ConditionVerificationStatus</a>#confirmed)</span></p><p><b>category</b>: Problem List Item <span style=\"background: LightGoldenRodYellow; margin: 4px; border: 1px solid khaki\"> (<a href=\"http://terminology.hl7.org/5.0.0/CodeSystem-condition-category.html\">Condition Category Codes</a>#problem-list-item)</span></p><p><b>severity</b>: Lette begrænsninger <span style=\"background: LightGoldenRodYellow; margin: 4px; border: 1px solid khaki\"> (<a href=\"https://build.fhir.org/ig/hl7dk/KL-dk//CodeSystem-FSIII.html\">FSIII</a>#B2)</span></p><p><b>code</b>: Vaske sig <span style=\"background: LightGoldenRodYellow; margin: 4px; border: 1px solid khaki\"> (<a href=\"https://build.fhir.org/ig/hl7dk/KL-dk//CodeSystem-FSIII.html\">FSIII</a>#J1.1)</span></p><p><b>subject</b>: <a href=\"Patient-TestPerson.html\">Patient/TestPerson</a></p><p><b>recordedDate</b>: 2020-08-14</p></div>"
  },
  "extension" : [{
    "url" : "http://gateway.kl.dk/1.0/StructureDefinition/klgateway-care-follow-up-encounter-extension",
    "valueReference" : {
      "reference" : "Encounter/bfa70a76-318d-453d-9abc-76982f8d13ca"
    }
  }],
  "clinicalStatus" : {
    "coding" : [{
      "system" : "http://terminology.hl7.org/CodeSystem/condition-clinical",
      "code" : "active"
    }]
  },
  "verificationStatus" : {
    "coding" : [{
      "system" : "http://terminology.hl7.org/CodeSystem/condition-ver-status",
      "code" : "confirmed"
    }]
  },
  "category" : [{
    "coding" : [{
      "system" : "http://terminology.hl7.org/CodeSystem/condition-category",
      "code" : "problem-list-item"
    }]
  }],
  "severity" : {
    "coding" : [{
      "system" : "http://kl.dk/fhir/common/caresocial/CodeSystem/FSIII",
      "code" : "B2"
    }]
  },
  "code" : {
    "coding" : [{
      "system" : "http://kl.dk/fhir/common/caresocial/CodeSystem/FSIII",
      "code" : "J1.1"
    }]
  },
  "subject" : {
    "reference" : "Patient/TestPerson"
  },
  "recordedDate" : "2020-08-14"
}