{
  "resourceType" : "Observation",
  "id" : "EgensomsorgBegraensningerOmkringKropspleje",
  "meta" : {
    "profile" : ["http://gateway.kl.dk/1.0/StructureDefinition/klgateway-care-matter-of-interest-observation"]
  },
  "text" : {
    "status" : "extensions",
    "div" : "<div xmlns=\"http://www.w3.org/1999/xhtml\"><p><b>Generated Narrative: Observation</b><a name=\"EgensomsorgBegraensningerOmkringKropspleje\"> </a></p><div style=\"display: inline-block; background-color: #d9e0e7; padding: 6px; margin: 4px; border: 1px solid #8da1b4; border-radius: 5px; line-height: 60%\"><p style=\"margin-bottom: 0px\">Resource Observation &quot;EgensomsorgBegraensningerOmkringKropspleje&quot; </p><p style=\"margin-bottom: 0px\">Profile: <a href=\"StructureDefinition-klgateway-care-matter-of-interest-observation.html\">CareMatterOfInterestObservation</a></p></div><p><b>CareFindingContextAtRiskExtension</b>: Kropspleje (Details: http://kl.dk/fhir/common/caresocial/CodeSystem/FSIII code J1.2 = 'Kropspleje', stated as 'null')</p><p><b>status</b>: final</p><p><b>code</b>: Egenomsorg <span style=\"background: LightGoldenRodYellow; margin: 4px; border: 1px solid khaki\"> (<a href=\"https://build.fhir.org/ig/hl7dk/KL-dk//CodeSystem-FSIII.html\">FSIII</a>#J1)</span></p><p><b>subject</b>: <a href=\"Patient-TestPerson.html\">Patient/TestPerson</a></p><p><b>effective</b>: 2020-08-14</p></div>"
  },
  "extension" : [{
    "url" : "http://gateway.kl.dk/1.0/StructureDefinition/klgateway-care-finding-context-at-risk-extension",
    "valueCoding" : {
      "system" : "http://kl.dk/fhir/common/caresocial/CodeSystem/FSIII",
      "code" : "J1.2"
    }
  }],
  "status" : "final",
  "code" : {
    "coding" : [{
      "system" : "http://kl.dk/fhir/common/caresocial/CodeSystem/FSIII",
      "code" : "J1"
    }]
  },
  "subject" : {
    "reference" : "Patient/TestPerson"
  },
  "effectiveDateTime" : "2020-08-14"
}