<?xml version="1.0" encoding="UTF-8"?><ImplementationGuide xmlns="http://hl7.org/fhir"><id value="kl.dk.fhir.ffinst"/><text><status value="extensions"/><div xmlns="http://www.w3.org/1999/xhtml"><h2>KLFFinst</h2><p>The official URL for this implementation guide is: </p><pre>http://fhir.kl.dk/ffinst/ImplementationGuide/kl.dk.fhir.ffinst</pre><div><p>Danish municipalities implementation guide for FFInst</p>
</div></div></text><url value="http://fhir.kl.dk/ffinst/ImplementationGuide/kl.dk.fhir.ffinst"/><version value="1.0.0"/><name value="KLFFinst"/><title value="Implementation Guide for fælles faglige instrumenter (FFInst)"/><status value="active"/><date value="2023-08-27T11:00:49+02:00"/><publisher value="Kommunernes landsforening"/><contact><name value="Kommunernes landsforening"/><telecom><system value="url"/><value value="http://kl.dk"/></telecom><telecom><system value="email"/><value value="kl@kl.dk"/></telecom></contact><description value="Danish municipalities implementation guide for FFInst"/><jurisdiction><coding><system value="urn:iso:std:iso:3166"/><code value="DNK"/><display value="Denmark"/></coding></jurisdiction><packageId value="kl.dk.fhir.ffinst"/><license value="CC0-1.0"/><fhirVersion value="4.0.1"/><dependsOn id="hl7tx"><extension url="http://hl7.org/fhir/tools/StructureDefinition/implementationguide-dependency-comment"><valueMarkdown value="Automatically added as a dependency - all IGs depend on HL7 Terminology"/></extension><uri value="http://terminology.hl7.org/ImplementationGuide/hl7.terminology"/><packageId value="hl7.terminology.r4"/><version value="5.0.0"/></dependsOn><dependsOn id="hl7ext"><extension url="http://hl7.org/fhir/tools/StructureDefinition/implementationguide-dependency-comment"><valueMarkdown value="Automatically added as a dependency - all IGs depend on the HL7 Extension Pack"/></extension><uri value="http://hl7.org/fhir/extensions/ImplementationGuide/hl7.fhir.uv.extensions"/><packageId value="hl7.fhir.uv.extensions.r4"/><version value="1.0.0"/></dependsOn><dependsOn id="hl7_fhir_dk_core"><uri value="http://hl7.dk/fhir/core/ImplementationGuide/hl7.fhir.dk.core"/><packageId value="hl7.fhir.dk.core"/><version value="1.1.0"/></dependsOn><dependsOn id="kl_dk_fhir_core"><uri value="http://fhir.kl.dk/core/ImplementationGuide/kl.dk.fhir.core"/><packageId value="kl.dk.fhir.core"/><version value="1.2.0"/></dependsOn><dependsOn id="kl_dk_fhir_term"><uri value="http://fhir.kl.dk/term/ImplementationGuide/kl.dk.fhir.term"/><packageId value="kl.dk.fhir.term"/><version value="1.0.0"/></dependsOn><definition><extension url="http://hl7.org/fhir/tools/StructureDefinition/ig-parameter"><extension url="code"><valueString value="copyrightyear"/></extension><extension url="value"><valueString value="2020+"/></extension></extension><extension url="http://hl7.org/fhir/tools/StructureDefinition/ig-parameter"><extension url="code"><valueString value="releaselabel"/></extension><extension url="value"><valueString value="release"/></extension></extension><extension url="http://hl7.org/fhir/tools/StructureDefinition/ig-parameter"><extension url="code"><valueString value="autoload-resources"/></extension><extension url="value"><valueString value="true"/></extension></extension><extension url="http://hl7.org/fhir/tools/StructureDefinition/ig-parameter"><extension url="code"><valueString value="path-liquid"/></extension><extension url="value"><valueString value="template/liquid"/></extension></extension><extension url="http://hl7.org/fhir/tools/StructureDefinition/ig-parameter"><extension url="code"><valueString value="path-liquid"/></extension><extension url="value"><valueString value="input/liquid"/></extension></extension><extension url="http://hl7.org/fhir/tools/StructureDefinition/ig-parameter"><extension url="code"><valueString value="path-qa"/></extension><extension url="value"><valueString value="temp/qa"/></extension></extension><extension url="http://hl7.org/fhir/tools/StructureDefinition/ig-parameter"><extension url="code"><valueString value="path-temp"/></extension><extension url="value"><valueString value="temp/pages"/></extension></extension><extension url="http://hl7.org/fhir/tools/StructureDefinition/ig-parameter"><extension url="code"><valueString value="path-output"/></extension><extension url="value"><valueString value="output"/></extension></extension><extension url="http://hl7.org/fhir/tools/StructureDefinition/ig-parameter"><extension url="code"><valueString value="path-suppressed-warnings"/></extension><extension url="value"><valueString value="input/ignoreWarnings.txt"/></extension></extension><extension url="http://hl7.org/fhir/tools/StructureDefinition/ig-parameter"><extension url="code"><valueString value="path-history"/></extension><extension url="value"><valueString value="http://fhir.kl.dk/ffinst/history.html"/></extension></extension><extension url="http://hl7.org/fhir/tools/StructureDefinition/ig-parameter"><extension url="code"><valueString value="template-html"/></extension><extension url="value"><valueString value="template-page.html"/></extension></extension><extension url="http://hl7.org/fhir/tools/StructureDefinition/ig-parameter"><extension url="code"><valueString value="template-md"/></extension><extension url="value"><valueString value="template-page-md.html"/></extension></extension><extension url="http://hl7.org/fhir/tools/StructureDefinition/ig-parameter"><extension url="code"><valueString value="apply-contact"/></extension><extension url="value"><valueString value="true"/></extension></extension><extension url="http://hl7.org/fhir/tools/StructureDefinition/ig-parameter"><extension url="code"><valueString value="apply-context"/></extension><extension url="value"><valueString value="true"/></extension></extension><extension url="http://hl7.org/fhir/tools/StructureDefinition/ig-parameter"><extension url="code"><valueString value="apply-copyright"/></extension><extension url="value"><valueString value="true"/></extension></extension><extension url="http://hl7.org/fhir/tools/StructureDefinition/ig-parameter"><extension url="code"><valueString value="apply-jurisdiction"/></extension><extension url="value"><valueString value="true"/></extension></extension><extension url="http://hl7.org/fhir/tools/StructureDefinition/ig-parameter"><extension url="code"><valueString value="apply-license"/></extension><extension url="value"><valueString value="true"/></extension></extension><extension url="http://hl7.org/fhir/tools/StructureDefinition/ig-parameter"><extension url="code"><valueString value="apply-publisher"/></extension><extension url="value"><valueString value="true"/></extension></extension><extension url="http://hl7.org/fhir/tools/StructureDefinition/ig-parameter"><extension url="code"><valueString value="apply-version"/></extension><extension url="value"><valueString value="true"/></extension></extension><extension url="http://hl7.org/fhir/tools/StructureDefinition/ig-parameter"><extension url="code"><valueString value="active-tables"/></extension><extension url="value"><valueString value="true"/></extension></extension><extension url="http://hl7.org/fhir/tools/StructureDefinition/ig-parameter"><extension url="code"><valueString value="fmm-definition"/></extension><extension url="value"><valueString value="http://hl7.org/fhir/versions.html#maturity"/></extension></extension><extension url="http://hl7.org/fhir/tools/StructureDefinition/ig-parameter"><extension url="code"><valueString value="propagate-status"/></extension><extension url="value"><valueString value="true"/></extension></extension><extension url="http://hl7.org/fhir/tools/StructureDefinition/ig-parameter"><extension url="code"><valueString value="excludelogbinaryformat"/></extension><extension url="value"><valueString value="true"/></extension></extension><extension url="http://hl7.org/fhir/tools/StructureDefinition/ig-parameter"><extension url="code"><valueString value="tabbed-snapshots"/></extension><extension url="value"><valueString value="true"/></extension></extension><extension url="http://hl7.org/fhir/tools/StructureDefinition/ig-internal-dependency"><valueCode value="hl7.fhir.uv.tools#current"/></extension><extension url="http://hl7.org/fhir/tools/StructureDefinition/ig-parameter"><extension url="code"><valueCode value="copyrightyear"/></extension><extension url="value"><valueString value="2020+"/></extension></extension><extension url="http://hl7.org/fhir/tools/StructureDefinition/ig-parameter"><extension url="code"><valueCode value="releaselabel"/></extension><extension url="value"><valueString value="release"/></extension></extension><extension url="http://hl7.org/fhir/tools/StructureDefinition/ig-parameter"><extension url="code"><valueCode value="autoload-resources"/></extension><extension url="value"><valueString value="true"/></extension></extension><extension url="http://hl7.org/fhir/tools/StructureDefinition/ig-parameter"><extension url="code"><valueCode value="path-liquid"/></extension><extension url="value"><valueString value="template/liquid"/></extension></extension><extension url="http://hl7.org/fhir/tools/StructureDefinition/ig-parameter"><extension url="code"><valueCode value="path-liquid"/></extension><extension url="value"><valueString value="input/liquid"/></extension></extension><extension url="http://hl7.org/fhir/tools/StructureDefinition/ig-parameter"><extension url="code"><valueCode value="path-qa"/></extension><extension url="value"><valueString value="temp/qa"/></extension></extension><extension url="http://hl7.org/fhir/tools/StructureDefinition/ig-parameter"><extension url="code"><valueCode value="path-temp"/></extension><extension url="value"><valueString value="temp/pages"/></extension></extension><extension url="http://hl7.org/fhir/tools/StructureDefinition/ig-parameter"><extension url="code"><valueCode value="path-output"/></extension><extension url="value"><valueString value="output"/></extension></extension><extension url="http://hl7.org/fhir/tools/StructureDefinition/ig-parameter"><extension url="code"><valueCode value="path-suppressed-warnings"/></extension><extension url="value"><valueString value="input/ignoreWarnings.txt"/></extension></extension><extension url="http://hl7.org/fhir/tools/StructureDefinition/ig-parameter"><extension url="code"><valueCode value="path-history"/></extension><extension url="value"><valueString value="http://fhir.kl.dk/ffinst/history.html"/></extension></extension><extension url="http://hl7.org/fhir/tools/StructureDefinition/ig-parameter"><extension url="code"><valueCode value="template-html"/></extension><extension url="value"><valueString value="template-page.html"/></extension></extension><extension url="http://hl7.org/fhir/tools/StructureDefinition/ig-parameter"><extension url="code"><valueCode value="template-md"/></extension><extension url="value"><valueString value="template-page-md.html"/></extension></extension><extension url="http://hl7.org/fhir/tools/StructureDefinition/ig-parameter"><extension url="code"><valueCode value="apply-contact"/></extension><extension url="value"><valueString value="true"/></extension></extension><extension url="http://hl7.org/fhir/tools/StructureDefinition/ig-parameter"><extension url="code"><valueCode value="apply-context"/></extension><extension url="value"><valueString value="true"/></extension></extension><extension url="http://hl7.org/fhir/tools/StructureDefinition/ig-parameter"><extension url="code"><valueCode value="apply-copyright"/></extension><extension url="value"><valueString value="true"/></extension></extension><extension url="http://hl7.org/fhir/tools/StructureDefinition/ig-parameter"><extension url="code"><valueCode value="apply-jurisdiction"/></extension><extension url="value"><valueString value="true"/></extension></extension><extension url="http://hl7.org/fhir/tools/StructureDefinition/ig-parameter"><extension url="code"><valueCode value="apply-license"/></extension><extension url="value"><valueString value="true"/></extension></extension><extension url="http://hl7.org/fhir/tools/StructureDefinition/ig-parameter"><extension url="code"><valueCode value="apply-publisher"/></extension><extension url="value"><valueString value="true"/></extension></extension><extension url="http://hl7.org/fhir/tools/StructureDefinition/ig-parameter"><extension url="code"><valueCode value="apply-version"/></extension><extension url="value"><valueString value="true"/></extension></extension><extension url="http://hl7.org/fhir/tools/StructureDefinition/ig-parameter"><extension url="code"><valueCode value="active-tables"/></extension><extension url="value"><valueString value="true"/></extension></extension><extension url="http://hl7.org/fhir/tools/StructureDefinition/ig-parameter"><extension url="code"><valueCode value="fmm-definition"/></extension><extension url="value"><valueString value="http://hl7.org/fhir/versions.html#maturity"/></extension></extension><extension url="http://hl7.org/fhir/tools/StructureDefinition/ig-parameter"><extension url="code"><valueCode value="propagate-status"/></extension><extension url="value"><valueString value="true"/></extension></extension><extension url="http://hl7.org/fhir/tools/StructureDefinition/ig-parameter"><extension url="code"><valueCode value="excludelogbinaryformat"/></extension><extension url="value"><valueString value="true"/></extension></extension><extension url="http://hl7.org/fhir/tools/StructureDefinition/ig-parameter"><extension url="code"><valueCode value="tabbed-snapshots"/></extension><extension url="value"><valueString value="true"/></extension></extension><extension url="http://hl7.org/fhir/tools/StructureDefinition/ig-parameter"><extension url="code"><valueCode value="copyrightyear"/></extension><extension url="value"><valueString value="2020+"/></extension></extension><extension url="http://hl7.org/fhir/tools/StructureDefinition/ig-parameter"><extension url="code"><valueCode value="releaselabel"/></extension><extension url="value"><valueString value="release"/></extension></extension><extension url="http://hl7.org/fhir/tools/StructureDefinition/ig-parameter"><extension url="code"><valueCode value="autoload-resources"/></extension><extension url="value"><valueString value="true"/></extension></extension><extension url="http://hl7.org/fhir/tools/StructureDefinition/ig-parameter"><extension url="code"><valueCode value="path-liquid"/></extension><extension url="value"><valueString value="template/liquid"/></extension></extension><extension url="http://hl7.org/fhir/tools/StructureDefinition/ig-parameter"><extension url="code"><valueCode value="path-liquid"/></extension><extension url="value"><valueString value="input/liquid"/></extension></extension><extension url="http://hl7.org/fhir/tools/StructureDefinition/ig-parameter"><extension url="code"><valueCode value="path-qa"/></extension><extension url="value"><valueString value="temp/qa"/></extension></extension><extension url="http://hl7.org/fhir/tools/StructureDefinition/ig-parameter"><extension url="code"><valueCode value="path-temp"/></extension><extension url="value"><valueString value="temp/pages"/></extension></extension><extension url="http://hl7.org/fhir/tools/StructureDefinition/ig-parameter"><extension url="code"><valueCode value="path-output"/></extension><extension url="value"><valueString value="output"/></extension></extension><extension url="http://hl7.org/fhir/tools/StructureDefinition/ig-parameter"><extension url="code"><valueCode value="path-suppressed-warnings"/></extension><extension url="value"><valueString value="input/ignoreWarnings.txt"/></extension></extension><extension url="http://hl7.org/fhir/tools/StructureDefinition/ig-parameter"><extension url="code"><valueCode value="path-history"/></extension><extension url="value"><valueString value="http://fhir.kl.dk/ffinst/history.html"/></extension></extension><extension url="http://hl7.org/fhir/tools/StructureDefinition/ig-parameter"><extension url="code"><valueCode value="template-html"/></extension><extension url="value"><valueString value="template-page.html"/></extension></extension><extension url="http://hl7.org/fhir/tools/StructureDefinition/ig-parameter"><extension url="code"><valueCode value="template-md"/></extension><extension url="value"><valueString value="template-page-md.html"/></extension></extension><extension url="http://hl7.org/fhir/tools/StructureDefinition/ig-parameter"><extension url="code"><valueCode value="apply-contact"/></extension><extension url="value"><valueString value="true"/></extension></extension><extension url="http://hl7.org/fhir/tools/StructureDefinition/ig-parameter"><extension url="code"><valueCode value="apply-context"/></extension><extension url="value"><valueString value="true"/></extension></extension><extension url="http://hl7.org/fhir/tools/StructureDefinition/ig-parameter"><extension url="code"><valueCode value="apply-copyright"/></extension><extension url="value"><valueString value="true"/></extension></extension><extension url="http://hl7.org/fhir/tools/StructureDefinition/ig-parameter"><extension url="code"><valueCode value="apply-jurisdiction"/></extension><extension url="value"><valueString value="true"/></extension></extension><extension url="http://hl7.org/fhir/tools/StructureDefinition/ig-parameter"><extension url="code"><valueCode value="apply-license"/></extension><extension url="value"><valueString value="true"/></extension></extension><extension url="http://hl7.org/fhir/tools/StructureDefinition/ig-parameter"><extension url="code"><valueCode value="apply-publisher"/></extension><extension url="value"><valueString value="true"/></extension></extension><extension url="http://hl7.org/fhir/tools/StructureDefinition/ig-parameter"><extension url="code"><valueCode value="apply-version"/></extension><extension url="value"><valueString value="true"/></extension></extension><extension url="http://hl7.org/fhir/tools/StructureDefinition/ig-parameter"><extension url="code"><valueCode value="active-tables"/></extension><extension url="value"><valueString value="true"/></extension></extension><extension url="http://hl7.org/fhir/tools/StructureDefinition/ig-parameter"><extension url="code"><valueCode value="fmm-definition"/></extension><extension url="value"><valueString value="http://hl7.org/fhir/versions.html#maturity"/></extension></extension><extension url="http://hl7.org/fhir/tools/StructureDefinition/ig-parameter"><extension url="code"><valueCode value="propagate-status"/></extension><extension url="value"><valueString value="true"/></extension></extension><extension url="http://hl7.org/fhir/tools/StructureDefinition/ig-parameter"><extension url="code"><valueCode value="excludelogbinaryformat"/></extension><extension url="value"><valueString value="true"/></extension></extension><extension url="http://hl7.org/fhir/tools/StructureDefinition/ig-parameter"><extension url="code"><valueCode value="tabbed-snapshots"/></extension><extension url="value"><valueString value="true"/></extension></extension><grouping id="-str-profile"><name value="Structures: Resource Profiles"/><description value="These define constraints on FHIR resources for systems conforming to this implementation guide."/></grouping><grouping id="-str-extension"><name value="Structures: Extension Definitions"/><description value="These define constraints on FHIR data types for systems conforming to this implementation guide."/></grouping><grouping id="-term-valueset"><name value="Terminology: Value Sets"/><description value="These define sets of codes used by systems conforming to this implementation guide."/></grouping><grouping id="-term-codesystem"><name value="Terminology: Code Systems"/><description value="These define new code systems used by systems conforming to this implementation guide."/></grouping><grouping id="-ex-example"><name value="Example: Example Instances"/><description value="These are example instances that show what data produced and consumed by systems conforming with this implementation guide might look like."/></grouping><resource><extension url="http://hl7.org/fhir/tools/StructureDefinition/resource-sort"><valueInteger value="999999999"/></extension><extension url="http://hl7.org/fhir/StructureDefinition/implementationguide-page"><valueUri value="StructureDefinition-KLToolsCare6minwalk.html"/></extension><reference><reference value="StructureDefinition/KLToolsCare6minwalk"/></reference><name value="6 min walk"/><description value="6 minutes walking test, as performed in Danish municipalities"/><exampleBoolean value="false"/><groupingId value="-str-profile"/></resource><resource><extension url="http://hl7.org/fhir/tools/StructureDefinition/resource-sort"><valueInteger value="999999999"/></extension><extension url="http://hl7.org/fhir/StructureDefinition/implementationguide-page"><valueUri value="StructureDefinition-KLToolsCareBloodPressure.html"/></extension><reference><reference value="StructureDefinition/KLToolsCareBloodPressure"/></reference><name value="Blood pressure"/><description value="Profile of HL7 Blood pressure profile used in Danish Municipalities"/><exampleBoolean value="false"/><groupingId value="-str-profile"/></resource><resource><extension url="http://hl7.org/fhir/tools/StructureDefinition/resource-sort"><valueInteger value="999999999"/></extension><extension url="http://hl7.org/fhir/StructureDefinition/implementationguide-page"><valueUri value="StructureDefinition-KLToolsCareBodyHeight.html"/></extension><reference><reference value="StructureDefinition/KLToolsCareBodyHeight"/></reference><name value="Body height"/><description value="Body height profile used in Danish Municipalities, derived from HL7 standard profile"/><exampleBoolean value="false"/><groupingId value="-str-profile"/></resource><resource><extension url="http://hl7.org/fhir/tools/StructureDefinition/resource-sort"><valueInteger value="999999999"/></extension><extension url="http://hl7.org/fhir/StructureDefinition/implementationguide-page"><valueUri value="StructureDefinition-KLToolsCareBodyTemperature.html"/></extension><reference><reference value="StructureDefinition/KLToolsCareBodyTemperature"/></reference><name value="Body temperature"/><description value="Profile of HL7 body temeprature profile used in Danish Municipalities"/><exampleBoolean value="false"/><groupingId value="-str-profile"/></resource><resource><extension url="http://hl7.org/fhir/tools/StructureDefinition/resource-sort"><valueInteger value="999999999"/></extension><extension url="http://hl7.org/fhir/StructureDefinition/implementationguide-page"><valueUri value="StructureDefinition-KLToolsCareBodyWeight.html"/></extension><reference><reference value="StructureDefinition/KLToolsCareBodyWeight"/></reference><name value="Body weight"/><description value="Profile of HL7 body weight profile used in Danish Municipalities"/><exampleBoolean value="false"/><groupingId value="-str-profile"/></resource><resource><extension url="http://hl7.org/fhir/tools/StructureDefinition/resource-sort"><valueInteger value="999999999"/></extension><extension url="http://hl7.org/fhir/StructureDefinition/implementationguide-page"><valueUri value="StructureDefinition-KLToolsCareRSS.html"/></extension><reference><reference value="StructureDefinition/KLToolsCareRSS"/></reference><name value="Chair stand test (RSS)"/><description value="Thirty second chair stand test score, as performed in Danish municipalities"/><exampleBoolean value="false"/><groupingId value="-str-profile"/></resource><resource><extension url="http://hl7.org/fhir/tools/StructureDefinition/resource-sort"><valueInteger value="999999999"/></extension><extension url="http://hl7.org/fhir/StructureDefinition/implementationguide-page"><valueUri value="StructureDefinition-KLToolsCareConsciousness.html"/></extension><reference><reference value="StructureDefinition/KLToolsCareConsciousness"/></reference><name value="Consciousness assessment"/><description value="Level of consciousness assessment as defined by TOBS, as performed in Danish municipalities. TOBS is Danish for early disease detection"/><exampleBoolean value="false"/><groupingId value="-str-profile"/></resource><resource><extension url="http://hl7.org/fhir/tools/StructureDefinition/resource-sort"><valueInteger value="999999999"/></extension><extension url="http://hl7.org/fhir/StructureDefinition/implementationguide-page"><valueUri value="StructureDefinition-KLToolsCareEQ5DObservationActivity.html"/></extension><reference><reference value="StructureDefinition/KLToolsCareEQ5DObservationActivity"/></reference><name value="EQ-5D activity"/><description value="EQ-5D Activity observation, as performed in Danish municipalities"/><exampleBoolean value="false"/><groupingId value="-str-profile"/></resource><resource><extension url="http://hl7.org/fhir/tools/StructureDefinition/resource-sort"><valueInteger value="999999999"/></extension><extension url="http://hl7.org/fhir/StructureDefinition/implementationguide-page"><valueUri value="StructureDefinition-KLToolsCareEQ5DObservationAnxiety.html"/></extension><reference><reference value="StructureDefinition/KLToolsCareEQ5DObservationAnxiety"/></reference><name value="EQ-5D anxiety"/><description value="EQ5D Anxiety observation, as performed in Danish municipalities"/><exampleBoolean value="false"/><groupingId value="-str-profile"/></resource><resource><extension url="http://hl7.org/fhir/tools/StructureDefinition/resource-sort"><valueInteger value="999999999"/></extension><extension url="http://hl7.org/fhir/StructureDefinition/implementationguide-page"><valueUri value="StructureDefinition-KLToolsCareEQ5DObservationHygiene.html"/></extension><reference><reference value="StructureDefinition/KLToolsCareEQ5DObservationHygiene"/></reference><name value="EQ-5D hygiene"/><description value="EQ5D Hygiene observation, as performed in Danish municipalities"/><exampleBoolean value="false"/><groupingId value="-str-profile"/></resource><resource><extension url="http://hl7.org/fhir/tools/StructureDefinition/resource-sort"><valueInteger value="999999999"/></extension><extension url="http://hl7.org/fhir/StructureDefinition/implementationguide-page"><valueUri value="StructureDefinition-KLToolsCareEQ5DObservationMobility.html"/></extension><reference><reference value="StructureDefinition/KLToolsCareEQ5DObservationMobility"/></reference><name value="EQ-5D mobility"/><description value="EQ5D mobility observation, as performed in Danish municipalities"/><exampleBoolean value="false"/><groupingId value="-str-profile"/></resource><resource><extension url="http://hl7.org/fhir/tools/StructureDefinition/resource-sort"><valueInteger value="999999999"/></extension><extension url="http://hl7.org/fhir/StructureDefinition/implementationguide-page"><valueUri value="StructureDefinition-KLToolsCareEQ5DObservationPain.html"/></extension><reference><reference value="StructureDefinition/KLToolsCareEQ5DObservationPain"/></reference><name value="EQ-5D pain"/><description value="EQ5D Pain observation, as performed in Danish municipalities"/><exampleBoolean value="false"/><groupingId value="-str-profile"/></resource><resource><extension url="http://hl7.org/fhir/tools/StructureDefinition/resource-sort"><valueInteger value="999999999"/></extension><extension url="http://hl7.org/fhir/StructureDefinition/implementationguide-page"><valueUri value="StructureDefinition-KLToolsQuestionnaire.html"/></extension><reference><reference value="StructureDefinition/KLToolsQuestionnaire"/></reference><name value="General questionnaire"/><description value="Questionnaire profile, for all Questionaires in KLTools"/><exampleBoolean value="false"/><groupingId value="-str-profile"/></resource><resource><extension url="http://hl7.org/fhir/tools/StructureDefinition/resource-sort"><valueInteger value="999999999"/></extension><extension url="http://hl7.org/fhir/StructureDefinition/implementationguide-page"><valueUri value="StructureDefinition-KLToolsCareHeartRate.html"/></extension><reference><reference value="StructureDefinition/KLToolsCareHeartRate"/></reference><name value="Heart Rate"/><description value="Heart rate profile used in Danish Municipalities, derived from HL7 heart rate profile"/><exampleBoolean value="false"/><groupingId value="-str-profile"/></resource><resource><extension url="http://hl7.org/fhir/tools/StructureDefinition/resource-sort"><valueInteger value="999999999"/></extension><extension url="http://hl7.org/fhir/StructureDefinition/implementationguide-page"><valueUri value="StructureDefinition-KLToolsCareOxygenSaturation.html"/></extension><reference><reference value="StructureDefinition/KLToolsCareOxygenSaturation"/></reference><name value="Oxygen saturation"/><description value="Oxygen saturation profile as used in Danish Municipalities, derived from HL7 oxygen saturation profile"/><exampleBoolean value="false"/><groupingId value="-str-profile"/></resource><resource><extension url="http://hl7.org/fhir/tools/StructureDefinition/resource-sort"><valueInteger value="999999999"/></extension><extension url="http://hl7.org/fhir/StructureDefinition/implementationguide-page"><valueUri value="StructureDefinition-KLToolsCarePainVRS.html"/></extension><reference><reference value="StructureDefinition/KLToolsCarePainVRS"/></reference><name value="Pain VRS"/><description value="Pain intensity evaluation using a verbal rating scale, as performed in Danish municipalities"/><exampleBoolean value="false"/><groupingId value="-str-profile"/></resource><resource><extension url="http://hl7.org/fhir/tools/StructureDefinition/resource-sort"><valueInteger value="999999999"/></extension><extension url="http://hl7.org/fhir/StructureDefinition/implementationguide-page"><valueUri value="StructureDefinition-KLToolsCarePainVAS.html"/></extension><reference><reference value="StructureDefinition/KLToolsCarePainVAS"/></reference><name value="PainVAS"/><description value="Pain intensity evaluation using a visual analog scale, as performed in Danish municipalities"/><exampleBoolean value="false"/><groupingId value="-str-profile"/></resource><resource><extension url="http://hl7.org/fhir/tools/StructureDefinition/resource-sort"><valueInteger value="999999999"/></extension><extension url="http://hl7.org/fhir/StructureDefinition/implementationguide-page"><valueUri value="StructureDefinition-KLToolsQuestionnaireResponse.html"/></extension><reference><reference value="StructureDefinition/KLToolsQuestionnaireResponse"/></reference><name value="Questionnaire response"/><description value="Questionnaire response profile, for all Questionaires in KLTools"/><exampleBoolean value="false"/><groupingId value="-str-profile"/></resource><resource><extension url="http://hl7.org/fhir/tools/StructureDefinition/resource-sort"><valueInteger value="999999999"/></extension><extension url="http://hl7.org/fhir/StructureDefinition/implementationguide-page"><valueUri value="StructureDefinition-KLToolsCareRespirationRate.html"/></extension><reference><reference value="StructureDefinition/KLToolsCareRespirationRate"/></reference><name value="Respiration rate"/><description value="Respiration rate profile used in Danish Municipalities, derived from HL7 respiration rate profile"/><exampleBoolean value="false"/><groupingId value="-str-profile"/></resource><resource><extension url="http://hl7.org/fhir/tools/StructureDefinition/resource-sort"><valueInteger value="999999999"/></extension><extension url="http://hl7.org/fhir/StructureDefinition/implementationguide-page"><valueUri value="StructureDefinition-KLToolsCareUrinStix.html"/></extension><reference><reference value="StructureDefinition/KLToolsCareUrinStix"/></reference><name value="Urin Stix"/><description value="Urin stix result, as performed in Danish municipalities"/><exampleBoolean value="false"/><groupingId value="-str-profile"/></resource><resource><extension url="http://hl7.org/fhir/tools/StructureDefinition/resource-sort"><valueInteger value="999999999"/></extension><extension url="http://hl7.org/fhir/StructureDefinition/implementationguide-page"><valueUri value="StructureDefinition-KLToolsWHO5ObservationInterest5.html"/></extension><reference><reference value="StructureDefinition/KLToolsWHO5ObservationInterest5"/></reference><name value="WHO-5 Interest (5)"/><description value="WHO5 observation, for the fifth question about being interested"/><exampleBoolean value="false"/><groupingId value="-str-profile"/></resource><resource><extension url="http://hl7.org/fhir/tools/StructureDefinition/resource-sort"><valueInteger value="999999999"/></extension><extension url="http://hl7.org/fhir/StructureDefinition/implementationguide-page"><valueUri value="StructureDefinition-KLToolsWHO5ObservationActive3.html"/></extension><reference><reference value="StructureDefinition/KLToolsWHO5ObservationActive3"/></reference><name value="WHO-5 active (3)"/><description value="WHO5 observation, for the third question about being active"/><exampleBoolean value="false"/><groupingId value="-str-profile"/></resource><resource><extension url="http://hl7.org/fhir/tools/StructureDefinition/resource-sort"><valueInteger value="999999999"/></extension><extension url="http://hl7.org/fhir/StructureDefinition/implementationguide-page"><valueUri value="StructureDefinition-KLToolsWHO5ObservationCalm2.html"/></extension><reference><reference value="StructureDefinition/KLToolsWHO5ObservationCalm2"/></reference><name value="WHO-5 calm (2)"/><description value="WHO5 observation, for the second question about feeling calm"/><exampleBoolean value="false"/><groupingId value="-str-profile"/></resource><resource><extension url="http://hl7.org/fhir/tools/StructureDefinition/resource-sort"><valueInteger value="999999999"/></extension><extension url="http://hl7.org/fhir/StructureDefinition/implementationguide-page"><valueUri value="StructureDefinition-KLToolsWHO5ObservationHappy1.html"/></extension><reference><reference value="StructureDefinition/KLToolsWHO5ObservationHappy1"/></reference><name value="WHO-5 happy (1)"/><description value="WHO5 observation, for the first question about feeling happy"/><exampleBoolean value="false"/><groupingId value="-str-profile"/></resource><resource><extension url="http://hl7.org/fhir/tools/StructureDefinition/resource-sort"><valueInteger value="999999999"/></extension><extension url="http://hl7.org/fhir/StructureDefinition/implementationguide-page"><valueUri value="StructureDefinition-KLToolsWHO5ObservationRested4.html"/></extension><reference><reference value="StructureDefinition/KLToolsWHO5ObservationRested4"/></reference><name value="WHO-5 rested (4)"/><description value="WHO5 observation, for the fourth question about being rested"/><exampleBoolean value="false"/><groupingId value="-str-profile"/></resource><resource><extension url="http://hl7.org/fhir/tools/StructureDefinition/resource-sort"><valueInteger value="999999999"/></extension><extension url="http://hl7.org/fhir/StructureDefinition/implementationguide-page"><valueUri value="StructureDefinition-AssociatedConditions.html"/></extension><reference><reference value="StructureDefinition/AssociatedConditions"/></reference><name value="AssociatedConditions"/><description value="Extension for pointing to Condition codes, for which the observation might be usefull"/><exampleBoolean value="false"/><groupingId value="-str-extension"/></resource><resource><extension url="http://hl7.org/fhir/tools/StructureDefinition/resource-sort"><valueInteger value="999999999"/></extension><extension url="http://hl7.org/fhir/StructureDefinition/implementationguide-page"><valueUri value="StructureDefinition-FindingInformer.html"/></extension><reference><reference value="StructureDefinition/FindingInformer"/></reference><name value="FindingInformer"/><description value="Extension for pointing to who the source of information is"/><exampleBoolean value="false"/><groupingId value="-str-extension"/></resource><resource><extension url="http://hl7.org/fhir/tools/StructureDefinition/resource-sort"><valueInteger value="999999999"/></extension><extension url="http://hl7.org/fhir/StructureDefinition/implementationguide-page"><valueUri value="StructureDefinition-Technique.html"/></extension><reference><reference value="StructureDefinition/Technique"/></reference><name value="Technique"/><description value="Extension for pointing to the techniqe used to obtain the result of a questionaire"/><exampleBoolean value="false"/><groupingId value="-str-extension"/></resource><resource><extension url="http://hl7.org/fhir/tools/StructureDefinition/resource-sort"><valueInteger value="999999999"/></extension><extension url="http://hl7.org/fhir/StructureDefinition/implementationguide-page"><valueUri value="ValueSet-BodyheightSCTobservables.html"/></extension><reference><reference value="ValueSet/BodyheightSCTobservables"/></reference><name value="BodyheightSCTobservables"/><description value="SNOMED CT observables for height"/><exampleBoolean value="false"/><groupingId value="-term-valueset"/></resource><resource><extension url="http://hl7.org/fhir/tools/StructureDefinition/resource-sort"><valueInteger value="999999999"/></extension><extension url="http://hl7.org/fhir/StructureDefinition/implementationguide-page"><valueUri value="ValueSet-BodyweightSCTobservables.html"/></extension><reference><reference value="ValueSet/BodyweightSCTobservables"/></reference><name value="BodyweightSCTobservables"/><description value="SNOMED CT observables for weight"/><exampleBoolean value="false"/><groupingId value="-term-valueset"/></resource><resource><extension url="http://hl7.org/fhir/tools/StructureDefinition/resource-sort"><valueInteger value="999999999"/></extension><extension url="http://hl7.org/fhir/StructureDefinition/implementationguide-page"><valueUri value="ValueSet-ConsciousnessCodes.html"/></extension><reference><reference value="ValueSet/ConsciousnessCodes"/></reference><name value="ConsciousnessCodes"/><description value="Findings for Counsciousness"/><exampleBoolean value="false"/><groupingId value="-term-valueset"/></resource><resource><extension url="http://hl7.org/fhir/tools/StructureDefinition/resource-sort"><valueInteger value="999999999"/></extension><extension url="http://hl7.org/fhir/StructureDefinition/implementationguide-page"><valueUri value="ValueSet-ConsciousnessSCTFindings.html"/></extension><reference><reference value="ValueSet/ConsciousnessSCTFindings"/></reference><name value="ConsciousnessSCTFindings"/><description value="SNOMED CT findings for consciousness"/><exampleBoolean value="false"/><groupingId value="-term-valueset"/></resource><resource><extension url="http://hl7.org/fhir/tools/StructureDefinition/resource-sort"><valueInteger value="999999999"/></extension><extension url="http://hl7.org/fhir/StructureDefinition/implementationguide-page"><valueUri value="ValueSet-DiastolicBloodPressureSCTObservables.html"/></extension><reference><reference value="ValueSet/DiastolicBloodPressureSCTObservables"/></reference><name value="DiastolicBloodPressureSCTObservables"/><description value="SNOMED CT observables for diastolic blood pressure"/><exampleBoolean value="false"/><groupingId value="-term-valueset"/></resource><resource><extension url="http://hl7.org/fhir/tools/StructureDefinition/resource-sort"><valueInteger value="999999999"/></extension><extension url="http://hl7.org/fhir/StructureDefinition/implementationguide-page"><valueUri value="ValueSet-EQ5DSCTfindingsActivity.html"/></extension><reference><reference value="ValueSet/EQ5DSCTfindingsActivity"/></reference><name value="EQ5DSCTfindingsActivity"/><description value="SNOMED CT Findings for EQ-5D activity"/><exampleBoolean value="false"/><groupingId value="-term-valueset"/></resource><resource><extension url="http://hl7.org/fhir/tools/StructureDefinition/resource-sort"><valueInteger value="999999999"/></extension><extension url="http://hl7.org/fhir/StructureDefinition/implementationguide-page"><valueUri value="ValueSet-EQ5DSCTfindingsAnxiety.html"/></extension><reference><reference value="ValueSet/EQ5DSCTfindingsAnxiety"/></reference><name value="EQ5DSCTfindingsAnxiety"/><description value="SNOMED CT findings for EQ-5D Anxiety"/><exampleBoolean value="false"/><groupingId value="-term-valueset"/></resource><resource><extension url="http://hl7.org/fhir/tools/StructureDefinition/resource-sort"><valueInteger value="999999999"/></extension><extension url="http://hl7.org/fhir/StructureDefinition/implementationguide-page"><valueUri value="ValueSet-EQ5DSCTfindingsHygiene.html"/></extension><reference><reference value="ValueSet/EQ5DSCTfindingsHygiene"/></reference><name value="EQ5DSCTfindingsHygiene"/><description value="SNOMED CT findings for EQ-5D hygiene"/><exampleBoolean value="false"/><groupingId value="-term-valueset"/></resource><resource><extension url="http://hl7.org/fhir/tools/StructureDefinition/resource-sort"><valueInteger value="999999999"/></extension><extension url="http://hl7.org/fhir/StructureDefinition/implementationguide-page"><valueUri value="ValueSet-EQ5DSCTfindingsMobility.html"/></extension><reference><reference value="ValueSet/EQ5DSCTfindingsMobility"/></reference><name value="EQ5DSCTfindingsMobility"/><description value="SNOMED CT findings for EQ-5D mobility"/><exampleBoolean value="false"/><groupingId value="-term-valueset"/></resource><resource><extension url="http://hl7.org/fhir/tools/StructureDefinition/resource-sort"><valueInteger value="999999999"/></extension><extension url="http://hl7.org/fhir/StructureDefinition/implementationguide-page"><valueUri value="ValueSet-EQ5DSCTfindingsPain.html"/></extension><reference><reference value="ValueSet/EQ5DSCTfindingsPain"/></reference><name value="EQ5DSCTfindingsPain"/><description value="SNOMED CT findings for EQ-5D pain"/><exampleBoolean value="false"/><groupingId value="-term-valueset"/></resource><resource><extension url="http://hl7.org/fhir/tools/StructureDefinition/resource-sort"><valueInteger value="999999999"/></extension><extension url="http://hl7.org/fhir/StructureDefinition/implementationguide-page"><valueUri value="ValueSet-EQ5Dactivity.html"/></extension><reference><reference value="ValueSet/EQ5Dactivity"/></reference><name value="EQ5Dactivity"/><description value="Findings for EQ-5D activity"/><exampleBoolean value="false"/><groupingId value="-term-valueset"/></resource><resource><extension url="http://hl7.org/fhir/tools/StructureDefinition/resource-sort"><valueInteger value="999999999"/></extension><extension url="http://hl7.org/fhir/StructureDefinition/implementationguide-page"><valueUri value="ValueSet-EQ5Danxiety.html"/></extension><reference><reference value="ValueSet/EQ5Danxiety"/></reference><name value="EQ5Danxiety"/><description value="Findings for EQ-5D anxiety"/><exampleBoolean value="false"/><groupingId value="-term-valueset"/></resource><resource><extension url="http://hl7.org/fhir/tools/StructureDefinition/resource-sort"><valueInteger value="999999999"/></extension><extension url="http://hl7.org/fhir/StructureDefinition/implementationguide-page"><valueUri value="ValueSet-EQ5Dhygiene.html"/></extension><reference><reference value="ValueSet/EQ5Dhygiene"/></reference><name value="EQ5Dhygiene"/><description value="Findings for EQ-5D hygiene"/><exampleBoolean value="false"/><groupingId value="-term-valueset"/></resource><resource><extension url="http://hl7.org/fhir/tools/StructureDefinition/resource-sort"><valueInteger value="999999999"/></extension><extension url="http://hl7.org/fhir/StructureDefinition/implementationguide-page"><valueUri value="ValueSet-EQ5Dmobility.html"/></extension><reference><reference value="ValueSet/EQ5Dmobility"/></reference><name value="EQ5Dmobility"/><description value="Findings for EQ-5D mobility"/><exampleBoolean value="false"/><groupingId value="-term-valueset"/></resource><resource><extension url="http://hl7.org/fhir/tools/StructureDefinition/resource-sort"><valueInteger value="999999999"/></extension><extension url="http://hl7.org/fhir/StructureDefinition/implementationguide-page"><valueUri value="ValueSet-EQ5Dpain.html"/></extension><reference><reference value="ValueSet/EQ5Dpain"/></reference><name value="EQ5Dpain"/><description value="Findings for EQ-5D pain"/><exampleBoolean value="false"/><groupingId value="-term-valueset"/></resource><resource><extension url="http://hl7.org/fhir/tools/StructureDefinition/resource-sort"><valueInteger value="999999999"/></extension><extension url="http://hl7.org/fhir/StructureDefinition/implementationguide-page"><valueUri value="ValueSet-FindingInformerCodes.html"/></extension><reference><reference value="ValueSet/FindingInformerCodes"/></reference><name value="FindingInformerCodes"/><description value="Codes for who informed the findings"/><exampleBoolean value="false"/><groupingId value="-term-valueset"/></resource><resource><extension url="http://hl7.org/fhir/tools/StructureDefinition/resource-sort"><valueInteger value="999999999"/></extension><extension url="http://hl7.org/fhir/StructureDefinition/implementationguide-page"><valueUri value="ValueSet-HeartRateSCTobservables.html"/></extension><reference><reference value="ValueSet/HeartRateSCTobservables"/></reference><name value="HeartRateSCTobservables"/><description value="SNOMED CT observables for heart rate"/><exampleBoolean value="false"/><groupingId value="-term-valueset"/></resource><resource><extension url="http://hl7.org/fhir/tools/StructureDefinition/resource-sort"><valueInteger value="999999999"/></extension><extension url="http://hl7.org/fhir/StructureDefinition/implementationguide-page"><valueUri value="ValueSet-KLtechniquesCodes.html"/></extension><reference><reference value="ValueSet/KLtechniquesCodes"/></reference><name value="KLtechniquesCodes"/><description value="Codes for the techniqe used when obtaining an observation"/><exampleBoolean value="false"/><groupingId value="-term-valueset"/></resource><resource><extension url="http://hl7.org/fhir/tools/StructureDefinition/resource-sort"><valueInteger value="999999999"/></extension><extension url="http://hl7.org/fhir/StructureDefinition/implementationguide-page"><valueUri value="ValueSet-NPUUrinStix.html"/></extension><reference><reference value="ValueSet/NPUUrinStix"/></reference><name value="NPUUrinStix"/><description value="NPU observables for urin stix"/><exampleBoolean value="false"/><groupingId value="-term-valueset"/></resource><resource><extension url="http://hl7.org/fhir/tools/StructureDefinition/resource-sort"><valueInteger value="999999999"/></extension><extension url="http://hl7.org/fhir/StructureDefinition/implementationguide-page"><valueUri value="ValueSet-OxygenSaturationSCTobservables.html"/></extension><reference><reference value="ValueSet/OxygenSaturationSCTobservables"/></reference><name value="OxygenSaturationSCTobservables"/><description value="SNOMED CT observables for oxygen saturation"/><exampleBoolean value="false"/><groupingId value="-term-valueset"/></resource><resource><extension url="http://hl7.org/fhir/tools/StructureDefinition/resource-sort"><valueInteger value="999999999"/></extension><extension url="http://hl7.org/fhir/StructureDefinition/implementationguide-page"><valueUri value="ValueSet-RespirationRateSCTObservables.html"/></extension><reference><reference value="ValueSet/RespirationRateSCTObservables"/></reference><name value="RespirationRateSCTObservables"/><description value="SNOMED CT observables for respiratory rate"/><exampleBoolean value="false"/><groupingId value="-term-valueset"/></resource><resource><extension url="http://hl7.org/fhir/tools/StructureDefinition/resource-sort"><valueInteger value="999999999"/></extension><extension url="http://hl7.org/fhir/StructureDefinition/implementationguide-page"><valueUri value="ValueSet-SCTUrinStix.html"/></extension><reference><reference value="ValueSet/SCTUrinStix"/></reference><name value="SCTUrinStix"/><description value="SNOMED CT evaluation procedure codes for urin stix"/><exampleBoolean value="false"/><groupingId value="-term-valueset"/></resource><resource><extension url="http://hl7.org/fhir/tools/StructureDefinition/resource-sort"><valueInteger value="999999999"/></extension><extension url="http://hl7.org/fhir/StructureDefinition/implementationguide-page"><valueUri value="ValueSet-SystolicBloodPressureSCTObservables.html"/></extension><reference><reference value="ValueSet/SystolicBloodPressureSCTObservables"/></reference><name value="SystolicBloodPressureSCTObservables"/><description value="SNOMED CT observables for systolic blood pressure"/><exampleBoolean value="false"/><groupingId value="-term-valueset"/></resource><resource><extension url="http://hl7.org/fhir/tools/StructureDefinition/resource-sort"><valueInteger value="999999999"/></extension><extension url="http://hl7.org/fhir/StructureDefinition/implementationguide-page"><valueUri value="ValueSet-TechniqesSCTCodes.html"/></extension><reference><reference value="ValueSet/TechniqesSCTCodes"/></reference><name value="TechniqesSCTCodes"/><description value="SNOMED CT Codes for the techniqe used when obtaining an observation"/><exampleBoolean value="false"/><groupingId value="-term-valueset"/></resource><resource><extension url="http://hl7.org/fhir/tools/StructureDefinition/resource-sort"><valueInteger value="999999999"/></extension><extension url="http://hl7.org/fhir/StructureDefinition/implementationguide-page"><valueUri value="ValueSet-BodyTemperatureSCTObservables.html"/></extension><reference><reference value="ValueSet/BodyTemperatureSCTObservables"/></reference><name value="TemperatureSCTObservables"/><description value="SNOMED CT observables for temperature"/><exampleBoolean value="false"/><groupingId value="-term-valueset"/></resource><resource><extension url="http://hl7.org/fhir/tools/StructureDefinition/resource-sort"><valueInteger value="999999999"/></extension><extension url="http://hl7.org/fhir/StructureDefinition/implementationguide-page"><valueUri value="ValueSet-VRSSCTfindingsPain.html"/></extension><reference><reference value="ValueSet/VRSSCTfindingsPain"/></reference><name value="VRSSCTfindingsPain"/><description value="SNOMED CT findings for VRS pain"/><exampleBoolean value="false"/><groupingId value="-term-valueset"/></resource><resource><extension url="http://hl7.org/fhir/tools/StructureDefinition/resource-sort"><valueInteger value="999999999"/></extension><extension url="http://hl7.org/fhir/StructureDefinition/implementationguide-page"><valueUri value="ValueSet-VRSpain.html"/></extension><reference><reference value="ValueSet/VRSpain"/></reference><name value="VRSpain"/><description value="Findings for VRS pain"/><exampleBoolean value="false"/><groupingId value="-term-valueset"/></resource><resource><extension url="http://hl7.org/fhir/tools/StructureDefinition/resource-sort"><valueInteger value="999999999"/></extension><extension url="http://hl7.org/fhir/StructureDefinition/implementationguide-page"><valueUri value="ValueSet-WHO5AnswerCodesActive.html"/></extension><reference><reference value="ValueSet/WHO5AnswerCodesActive"/></reference><name value="WHO5AnswerCodesActive"/><description value="Codes used to specify WHO-5 answers to the third question about being active"/><exampleBoolean value="false"/><groupingId value="-term-valueset"/></resource><resource><extension url="http://hl7.org/fhir/tools/StructureDefinition/resource-sort"><valueInteger value="999999999"/></extension><extension url="http://hl7.org/fhir/StructureDefinition/implementationguide-page"><valueUri value="ValueSet-WHO5AnswerCodesCalm.html"/></extension><reference><reference value="ValueSet/WHO5AnswerCodesCalm"/></reference><name value="WHO5AnswerCodesCalm"/><description value="Codes used to specify WHO-5 answers to the second question about being calm"/><exampleBoolean value="false"/><groupingId value="-term-valueset"/></resource><resource><extension url="http://hl7.org/fhir/tools/StructureDefinition/resource-sort"><valueInteger value="999999999"/></extension><extension url="http://hl7.org/fhir/StructureDefinition/implementationguide-page"><valueUri value="ValueSet-WHO5AnswerCodesHappy.html"/></extension><reference><reference value="ValueSet/WHO5AnswerCodesHappy"/></reference><name value="WHO5AnswerCodesHappy"/><description value="Codes used to specify WHO-5 answers to the first question about being happy"/><exampleBoolean value="false"/><groupingId value="-term-valueset"/></resource><resource><extension url="http://hl7.org/fhir/tools/StructureDefinition/resource-sort"><valueInteger value="999999999"/></extension><extension url="http://hl7.org/fhir/StructureDefinition/implementationguide-page"><valueUri value="ValueSet-WHO5AnswerCodesInterest.html"/></extension><reference><reference value="ValueSet/WHO5AnswerCodesInterest"/></reference><name value="WHO5AnswerCodesInterest"/><description value="Codes used to specify WHO-5 answers to the fifth question about being interested"/><exampleBoolean value="false"/><groupingId value="-term-valueset"/></resource><resource><extension url="http://hl7.org/fhir/tools/StructureDefinition/resource-sort"><valueInteger value="999999999"/></extension><extension url="http://hl7.org/fhir/StructureDefinition/implementationguide-page"><valueUri value="ValueSet-WHO5AnswerCodesRested.html"/></extension><reference><reference value="ValueSet/WHO5AnswerCodesRested"/></reference><name value="WHO5AnswerCodesRested"/><description value="Codes used to specify WHO-5 answers to the fourth question about being rested"/><exampleBoolean value="false"/><groupingId value="-term-valueset"/></resource><resource><extension url="http://hl7.org/fhir/tools/StructureDefinition/resource-sort"><valueInteger value="999999999"/></extension><extension url="http://hl7.org/fhir/StructureDefinition/implementationguide-page"><valueUri value="ValueSet-WHO5SCTfindingsActive3.html"/></extension><reference><reference value="ValueSet/WHO5SCTfindingsActive3"/></reference><name value="WHO5SCTfindingsActive3"/><description value="SNOMED CT findings when conducting WHO-5 questionaires, question 3"/><exampleBoolean value="false"/><groupingId value="-term-valueset"/></resource><resource><extension url="http://hl7.org/fhir/tools/StructureDefinition/resource-sort"><valueInteger value="999999999"/></extension><extension url="http://hl7.org/fhir/StructureDefinition/implementationguide-page"><valueUri value="ValueSet-WHO5SCTfindingsCalm2.html"/></extension><reference><reference value="ValueSet/WHO5SCTfindingsCalm2"/></reference><name value="WHO5SCTfindingsCalm2"/><description value="SNOMED CT findings when conducting WHO-5 questionaires, question 2"/><exampleBoolean value="false"/><groupingId value="-term-valueset"/></resource><resource><extension url="http://hl7.org/fhir/tools/StructureDefinition/resource-sort"><valueInteger value="999999999"/></extension><extension url="http://hl7.org/fhir/StructureDefinition/implementationguide-page"><valueUri value="ValueSet-WHO5SCTfindingsHappy1.html"/></extension><reference><reference value="ValueSet/WHO5SCTfindingsHappy1"/></reference><name value="WHO5SCTfindingsHappy1"/><description value="SNOMED CT findings when conducting WHO-5 questionaires, question 1"/><exampleBoolean value="false"/><groupingId value="-term-valueset"/></resource><resource><extension url="http://hl7.org/fhir/tools/StructureDefinition/resource-sort"><valueInteger value="999999999"/></extension><extension url="http://hl7.org/fhir/StructureDefinition/implementationguide-page"><valueUri value="ValueSet-WHO5SCTfindingsInterest5.html"/></extension><reference><reference value="ValueSet/WHO5SCTfindingsInterest5"/></reference><name value="WHO5SCTfindingsInterest5"/><description value="SNOMED CT findings when conducting WHO-5 questionaires, question 5"/><exampleBoolean value="false"/><groupingId value="-term-valueset"/></resource><resource><extension url="http://hl7.org/fhir/tools/StructureDefinition/resource-sort"><valueInteger value="999999999"/></extension><extension url="http://hl7.org/fhir/StructureDefinition/implementationguide-page"><valueUri value="ValueSet-WHO5SCTfindingsRested4.html"/></extension><reference><reference value="ValueSet/WHO5SCTfindingsRested4"/></reference><name value="WHO5SCTfindingsRested4"/><description value="SNOMED CT findings when conducting WHO-5 questionaires, question 4"/><exampleBoolean value="false"/><groupingId value="-term-valueset"/></resource><resource><extension url="http://hl7.org/fhir/tools/StructureDefinition/resource-sort"><valueInteger value="999999999"/></extension><extension url="http://hl7.org/fhir/StructureDefinition/implementationguide-page"><valueUri value="CodeSystem-KLToolsCodes.html"/></extension><reference><reference value="CodeSystem/KLToolsCodes"/></reference><name value="KLToolsCodes"/><description value="Codes associated with KLTools, which is not part of KLCommonCareSocial, or international terminologies"/><exampleBoolean value="false"/><groupingId value="-term-codesystem"/></resource><resource><extension url="http://hl7.org/fhir/tools/StructureDefinition/resource-sort"><valueInteger value="999999999"/></extension><extension url="http://hl7.org/fhir/StructureDefinition/implementationguide-page"><valueUri value="Practitioner-AbrahamFraAkutSygeplejen.html"/></extension><reference><reference value="Practitioner/AbrahamFraAkutSygeplejen"/></reference><name value="AbrahamFraAkutSygeplejen"/><description value="Eksempel på medarbejderen Abraham fra akutsygeplejen"/><exampleBoolean value="true"/><groupingId value="-ex-example"/></resource><resource><extension url="http://hl7.org/fhir/tools/StructureDefinition/resource-sort"><valueInteger value="999999999"/></extension><extension url="http://hl7.org/fhir/StructureDefinition/implementationguide-page"><valueUri value="Questionnaire-KLToolsCareEQ5D.html"/></extension><reference><reference value="Questionnaire/KLToolsCareEQ5D"/></reference><name value="EQ-5D questionnaire"/><description value="Ikke-sygdomsspecifikt spørgeskema til at vurdere helbredsrelateret livskvalitet. Tidsrammen for borgers vurdering er borgers aktuelle tilstand (i dag)."/><exampleCanonical value="http://fhir.kl.dk/ffinst/StructureDefinition/KLToolsQuestionnaire"/><groupingId value="-ex-example"/></resource><resource><extension url="http://hl7.org/fhir/tools/StructureDefinition/resource-sort"><valueInteger value="999999999"/></extension><extension url="http://hl7.org/fhir/StructureDefinition/implementationguide-page"><valueUri value="QuestionnaireResponse-EQ5DAnswerHelene.html"/></extension><reference><reference value="QuestionnaireResponse/EQ5DAnswerHelene"/></reference><name value="EQ5DAnswersHelene"/><description value="EQ5D BesvarelseHelene"/><exampleCanonical value="http://fhir.kl.dk/ffinst/StructureDefinition/KLToolsQuestionnaireResponse"/><groupingId value="-ex-example"/></resource><resource><extension url="http://hl7.org/fhir/tools/StructureDefinition/resource-sort"><valueInteger value="999999999"/></extension><extension url="http://hl7.org/fhir/StructureDefinition/implementationguide-page"><valueUri value="Patient-Helene.html"/></extension><reference><reference value="Patient/Helene"/></reference><name value="Helene"/><description value="Borgeren Helene"/><exampleBoolean value="true"/><groupingId value="-ex-example"/></resource><resource><extension url="http://hl7.org/fhir/tools/StructureDefinition/resource-sort"><valueInteger value="999999999"/></extension><extension url="http://hl7.org/fhir/StructureDefinition/implementationguide-page"><valueUri value="Observation-Helene6minwalk.html"/></extension><reference><reference value="Observation/Helene6minwalk"/></reference><name value="Helene6minwalk"/><description value="Helenes 6minutters gangtest"/><exampleCanonical value="http://fhir.kl.dk/ffinst/StructureDefinition/KLToolsCare6minwalk"/><groupingId value="-ex-example"/></resource><resource><extension url="http://hl7.org/fhir/tools/StructureDefinition/resource-sort"><valueInteger value="999999999"/></extension><extension url="http://hl7.org/fhir/StructureDefinition/implementationguide-page"><valueUri value="Observation-HeleneConsciousness.html"/></extension><reference><reference value="Observation/HeleneConsciousness"/></reference><name value="HeleneBevidsthed"/><description value="Helene bevidsthedsniveau"/><exampleCanonical value="http://fhir.kl.dk/ffinst/StructureDefinition/KLToolsCareConsciousness"/><groupingId value="-ex-example"/></resource><resource><extension url="http://hl7.org/fhir/tools/StructureDefinition/resource-sort"><valueInteger value="999999999"/></extension><extension url="http://hl7.org/fhir/StructureDefinition/implementationguide-page"><valueUri value="Observation-HeleneBloodPressure.html"/></extension><reference><reference value="Observation/HeleneBloodPressure"/></reference><name value="HeleneBloodPressure"/><description value="Helenes blodtryk"/><exampleCanonical value="http://fhir.kl.dk/ffinst/StructureDefinition/KLToolsCareBloodPressure"/><groupingId value="-ex-example"/></resource><resource><extension url="http://hl7.org/fhir/tools/StructureDefinition/resource-sort"><valueInteger value="999999999"/></extension><extension url="http://hl7.org/fhir/StructureDefinition/implementationguide-page"><valueUri value="Observation-HeleneBodyHeight.html"/></extension><reference><reference value="Observation/HeleneBodyHeight"/></reference><name value="HeleneBodyHeight"/><description value="Helenes kropshøjde"/><exampleCanonical value="http://fhir.kl.dk/ffinst/StructureDefinition/KLToolsCareBodyHeight"/><groupingId value="-ex-example"/></resource><resource><extension url="http://hl7.org/fhir/tools/StructureDefinition/resource-sort"><valueInteger value="999999999"/></extension><extension url="http://hl7.org/fhir/StructureDefinition/implementationguide-page"><valueUri value="Observation-HeleneBodyTemperature.html"/></extension><reference><reference value="Observation/HeleneBodyTemperature"/></reference><name value="HeleneBodyTemperature"/><description value="Helenes temperatur"/><exampleCanonical value="http://fhir.kl.dk/ffinst/StructureDefinition/KLToolsCareBodyTemperature"/><groupingId value="-ex-example"/></resource><resource><extension url="http://hl7.org/fhir/tools/StructureDefinition/resource-sort"><valueInteger value="999999999"/></extension><extension url="http://hl7.org/fhir/StructureDefinition/implementationguide-page"><valueUri value="Observation-HeleneBodyWeight.html"/></extension><reference><reference value="Observation/HeleneBodyWeight"/></reference><name value="HeleneBodyWeight"/><description value="Helenes vægt"/><exampleCanonical value="http://fhir.kl.dk/ffinst/StructureDefinition/KLToolsCareBodyWeight"/><groupingId value="-ex-example"/></resource><resource><extension url="http://hl7.org/fhir/tools/StructureDefinition/resource-sort"><valueInteger value="999999999"/></extension><extension url="http://hl7.org/fhir/StructureDefinition/implementationguide-page"><valueUri value="Observation-HeleneEQ5Dmobility.html"/></extension><reference><reference value="Observation/HeleneEQ5Dmobility"/></reference><name value="HeleneEQ5D-mobilitet"/><description value="Observation af Helenes mobilitet, som udtrykt i EQ5D spørgeskema"/><exampleCanonical value="http://fhir.kl.dk/ffinst/StructureDefinition/KLToolsCareEQ5DObservationMobility"/><groupingId value="-ex-example"/></resource><resource><extension url="http://hl7.org/fhir/tools/StructureDefinition/resource-sort"><valueInteger value="999999999"/></extension><extension url="http://hl7.org/fhir/StructureDefinition/implementationguide-page"><valueUri value="Observation-HeleneHeartRate.html"/></extension><reference><reference value="Observation/HeleneHeartRate"/></reference><name value="HeleneHeartRate"/><description value="Helenes puls"/><exampleCanonical value="http://fhir.kl.dk/ffinst/StructureDefinition/KLToolsCareHeartRate"/><groupingId value="-ex-example"/></resource><resource><extension url="http://hl7.org/fhir/tools/StructureDefinition/resource-sort"><valueInteger value="999999999"/></extension><extension url="http://hl7.org/fhir/StructureDefinition/implementationguide-page"><valueUri value="Observation-HeleneOxygenSaturation.html"/></extension><reference><reference value="Observation/HeleneOxygenSaturation"/></reference><name value="HeleneOxygenSaturation"/><description value="Helenes oxygenmætning"/><exampleCanonical value="http://fhir.kl.dk/ffinst/StructureDefinition/KLToolsCareOxygenSaturation"/><groupingId value="-ex-example"/></resource><resource><extension url="http://hl7.org/fhir/tools/StructureDefinition/resource-sort"><valueInteger value="999999999"/></extension><extension url="http://hl7.org/fhir/StructureDefinition/implementationguide-page"><valueUri value="Observation-HelenePainVAS.html"/></extension><reference><reference value="Observation/HelenePainVAS"/></reference><name value="HelenePainVAS"/><description value="Helenes smerte målt med VAS"/><exampleCanonical value="http://fhir.kl.dk/ffinst/StructureDefinition/KLToolsCarePainVAS"/><groupingId value="-ex-example"/></resource><resource><extension url="http://hl7.org/fhir/tools/StructureDefinition/resource-sort"><valueInteger value="999999999"/></extension><extension url="http://hl7.org/fhir/StructureDefinition/implementationguide-page"><valueUri value="Observation-HelenePainVRS.html"/></extension><reference><reference value="Observation/HelenePainVRS"/></reference><name value="HelenePainVRS"/><description value="Helenes smerte målt med VRS"/><exampleCanonical value="http://fhir.kl.dk/ffinst/StructureDefinition/KLToolsCarePainVRS"/><groupingId value="-ex-example"/></resource><resource><extension url="http://hl7.org/fhir/tools/StructureDefinition/resource-sort"><valueInteger value="999999999"/></extension><extension url="http://hl7.org/fhir/StructureDefinition/implementationguide-page"><valueUri value="Observation-HeleneRSS.html"/></extension><reference><reference value="Observation/HeleneRSS"/></reference><name value="HeleneRSS"/><description value="Helenes rejse-sætte-sig test"/><exampleCanonical value="http://fhir.kl.dk/ffinst/StructureDefinition/KLToolsCareRSS"/><groupingId value="-ex-example"/></resource><resource><extension url="http://hl7.org/fhir/tools/StructureDefinition/resource-sort"><valueInteger value="999999999"/></extension><extension url="http://hl7.org/fhir/StructureDefinition/implementationguide-page"><valueUri value="Observation-HeleneRespirationRate.html"/></extension><reference><reference value="Observation/HeleneRespirationRate"/></reference><name value="HeleneRespirationRate"/><description value="Helenes respirationsfrekvens"/><exampleCanonical value="http://fhir.kl.dk/ffinst/StructureDefinition/KLToolsCareRespirationRate"/><groupingId value="-ex-example"/></resource><resource><extension url="http://hl7.org/fhir/tools/StructureDefinition/resource-sort"><valueInteger value="999999999"/></extension><extension url="http://hl7.org/fhir/StructureDefinition/implementationguide-page"><valueUri value="Observation-HeleneUrinStix.html"/></extension><reference><reference value="Observation/HeleneUrinStix"/></reference><name value="HeleneUrinStix leukocytter"/><description value="Helenes urinstix"/><exampleCanonical value="http://fhir.kl.dk/ffinst/StructureDefinition/KLToolsCareUrinStix"/><groupingId value="-ex-example"/></resource><resource><extension url="http://hl7.org/fhir/tools/StructureDefinition/resource-sort"><valueInteger value="999999999"/></extension><extension url="http://hl7.org/fhir/StructureDefinition/implementationguide-page"><valueUri value="Patient-Mark.html"/></extension><reference><reference value="Patient/Mark"/></reference><name value="Mark"/><description value="Borgeren Mark"/><exampleBoolean value="true"/><groupingId value="-ex-example"/></resource><resource><extension url="http://hl7.org/fhir/tools/StructureDefinition/resource-sort"><valueInteger value="999999999"/></extension><extension url="http://hl7.org/fhir/StructureDefinition/implementationguide-page"><valueUri value="Observation-MarksWHO5-2.html"/></extension><reference><reference value="Observation/MarksWHO5-2"/></reference><name value="MarksWHO5-2"/><description value="Observation af Marks humør, som udtrykt i WHO5 spørgeskema"/><exampleCanonical value="http://fhir.kl.dk/ffinst/StructureDefinition/KLToolsWHO5ObservationCalm2"/><groupingId value="-ex-example"/></resource><resource><extension url="http://hl7.org/fhir/tools/StructureDefinition/resource-sort"><valueInteger value="999999999"/></extension><extension url="http://hl7.org/fhir/StructureDefinition/implementationguide-page"><valueUri value="Questionnaire-KLToolsCareWHO5.html"/></extension><reference><reference value="Questionnaire/KLToolsCareWHO5"/></reference><name value="WHO-5 questionnaire"/><description value="Instrument til at måle graden af positive oplevelser, og som kan anvendes som et mål for personers generelle trivsel eller velbefindende. Tidsrammen er de seneste to uger."/><exampleCanonical value="http://fhir.kl.dk/ffinst/StructureDefinition/KLToolsQuestionnaire"/><groupingId value="-ex-example"/></resource><resource><extension url="http://hl7.org/fhir/tools/StructureDefinition/resource-sort"><valueInteger value="999999999"/></extension><extension url="http://hl7.org/fhir/StructureDefinition/implementationguide-page"><valueUri value="QuestionnaireResponse-WHO-5AnswerMark.html"/></extension><reference><reference value="QuestionnaireResponse/WHO-5AnswerMark"/></reference><name value="WHO-5AnswersMark"/><description value="WHO-5 besvarelse Mark"/><exampleCanonical value="http://fhir.kl.dk/ffinst/StructureDefinition/KLToolsQuestionnaireResponse"/><groupingId value="-ex-example"/></resource><page><extension url="http://hl7.org/fhir/tools/StructureDefinition/ig-page-name"><valueUrl value="toc.html"/></extension><nameUrl value="toc.html"/><title value="Table of Contents"/><generation value="html"/><page><extension url="http://hl7.org/fhir/tools/StructureDefinition/ig-page-name"><valueUrl value="index.html"/></extension><nameUrl value="index.html"/><title value="Home"/><generation value="markdown"/></page><page><extension url="http://hl7.org/fhir/tools/StructureDefinition/ig-page-name"><valueUrl value="artifacts.html"/></extension><nameUrl value="artifacts.html"/><title value="Artifacts Summary"/><generation value="html"/><page><extension url="http://hl7.org/fhir/tools/StructureDefinition/ig-page-name"><valueUrl value="StructureDefinition-KLToolsCare6minwalk.html"/></extension><nameUrl value="StructureDefinition-KLToolsCare6minwalk.html"/><title value="6 min walk"/><generation value="generated"/></page><page><extension url="http://hl7.org/fhir/tools/StructureDefinition/ig-page-name"><valueUrl value="StructureDefinition-KLToolsCareBloodPressure.html"/></extension><nameUrl value="StructureDefinition-KLToolsCareBloodPressure.html"/><title value="Blood pressure"/><generation value="generated"/></page><page><extension url="http://hl7.org/fhir/tools/StructureDefinition/ig-page-name"><valueUrl value="StructureDefinition-KLToolsCareBodyHeight.html"/></extension><nameUrl value="StructureDefinition-KLToolsCareBodyHeight.html"/><title value="Body height"/><generation value="generated"/></page><page><extension url="http://hl7.org/fhir/tools/StructureDefinition/ig-page-name"><valueUrl value="StructureDefinition-KLToolsCareBodyTemperature.html"/></extension><nameUrl value="StructureDefinition-KLToolsCareBodyTemperature.html"/><title value="Body temperature"/><generation value="generated"/></page><page><extension url="http://hl7.org/fhir/tools/StructureDefinition/ig-page-name"><valueUrl value="StructureDefinition-KLToolsCareBodyWeight.html"/></extension><nameUrl value="StructureDefinition-KLToolsCareBodyWeight.html"/><title value="Body weight"/><generation value="generated"/></page><page><extension url="http://hl7.org/fhir/tools/StructureDefinition/ig-page-name"><valueUrl value="StructureDefinition-KLToolsCareRSS.html"/></extension><nameUrl value="StructureDefinition-KLToolsCareRSS.html"/><title value="Chair stand test (RSS)"/><generation value="generated"/></page><page><extension url="http://hl7.org/fhir/tools/StructureDefinition/ig-page-name"><valueUrl value="StructureDefinition-KLToolsCareConsciousness.html"/></extension><nameUrl value="StructureDefinition-KLToolsCareConsciousness.html"/><title value="Consciousness assessment"/><generation value="generated"/></page><page><extension url="http://hl7.org/fhir/tools/StructureDefinition/ig-page-name"><valueUrl value="StructureDefinition-KLToolsCareEQ5DObservationActivity.html"/></extension><nameUrl value="StructureDefinition-KLToolsCareEQ5DObservationActivity.html"/><title value="EQ-5D activity"/><generation value="generated"/></page><page><extension url="http://hl7.org/fhir/tools/StructureDefinition/ig-page-name"><valueUrl value="StructureDefinition-KLToolsCareEQ5DObservationAnxiety.html"/></extension><nameUrl value="StructureDefinition-KLToolsCareEQ5DObservationAnxiety.html"/><title value="EQ-5D anxiety"/><generation value="generated"/></page><page><extension url="http://hl7.org/fhir/tools/StructureDefinition/ig-page-name"><valueUrl value="StructureDefinition-KLToolsCareEQ5DObservationHygiene.html"/></extension><nameUrl value="StructureDefinition-KLToolsCareEQ5DObservationHygiene.html"/><title value="EQ-5D hygiene"/><generation value="generated"/></page><page><extension url="http://hl7.org/fhir/tools/StructureDefinition/ig-page-name"><valueUrl value="StructureDefinition-KLToolsCareEQ5DObservationMobility.html"/></extension><nameUrl value="StructureDefinition-KLToolsCareEQ5DObservationMobility.html"/><title value="EQ-5D mobility"/><generation value="generated"/></page><page><extension url="http://hl7.org/fhir/tools/StructureDefinition/ig-page-name"><valueUrl value="StructureDefinition-KLToolsCareEQ5DObservationPain.html"/></extension><nameUrl value="StructureDefinition-KLToolsCareEQ5DObservationPain.html"/><title value="EQ-5D pain"/><generation value="generated"/></page><page><extension url="http://hl7.org/fhir/tools/StructureDefinition/ig-page-name"><valueUrl value="StructureDefinition-KLToolsQuestionnaire.html"/></extension><nameUrl value="StructureDefinition-KLToolsQuestionnaire.html"/><title value="General questionnaire"/><generation value="generated"/></page><page><extension url="http://hl7.org/fhir/tools/StructureDefinition/ig-page-name"><valueUrl value="StructureDefinition-KLToolsCareHeartRate.html"/></extension><nameUrl value="StructureDefinition-KLToolsCareHeartRate.html"/><title value="Heart Rate"/><generation value="generated"/></page><page><extension url="http://hl7.org/fhir/tools/StructureDefinition/ig-page-name"><valueUrl value="StructureDefinition-KLToolsCareOxygenSaturation.html"/></extension><nameUrl value="StructureDefinition-KLToolsCareOxygenSaturation.html"/><title value="Oxygen saturation"/><generation value="generated"/></page><page><extension url="http://hl7.org/fhir/tools/StructureDefinition/ig-page-name"><valueUrl value="StructureDefinition-KLToolsCarePainVRS.html"/></extension><nameUrl value="StructureDefinition-KLToolsCarePainVRS.html"/><title value="Pain VRS"/><generation value="generated"/></page><page><extension url="http://hl7.org/fhir/tools/StructureDefinition/ig-page-name"><valueUrl value="StructureDefinition-KLToolsCarePainVAS.html"/></extension><nameUrl value="StructureDefinition-KLToolsCarePainVAS.html"/><title value="PainVAS"/><generation value="generated"/></page><page><extension url="http://hl7.org/fhir/tools/StructureDefinition/ig-page-name"><valueUrl value="StructureDefinition-KLToolsQuestionnaireResponse.html"/></extension><nameUrl value="StructureDefinition-KLToolsQuestionnaireResponse.html"/><title value="Questionnaire response"/><generation value="generated"/></page><page><extension url="http://hl7.org/fhir/tools/StructureDefinition/ig-page-name"><valueUrl value="StructureDefinition-KLToolsCareRespirationRate.html"/></extension><nameUrl value="StructureDefinition-KLToolsCareRespirationRate.html"/><title value="Respiration rate"/><generation value="generated"/></page><page><extension url="http://hl7.org/fhir/tools/StructureDefinition/ig-page-name"><valueUrl value="StructureDefinition-KLToolsCareUrinStix.html"/></extension><nameUrl value="StructureDefinition-KLToolsCareUrinStix.html"/><title value="Urin Stix"/><generation value="generated"/></page><page><extension url="http://hl7.org/fhir/tools/StructureDefinition/ig-page-name"><valueUrl value="StructureDefinition-KLToolsWHO5ObservationActive3.html"/></extension><nameUrl value="StructureDefinition-KLToolsWHO5ObservationActive3.html"/><title value="WHO-5 active (3)"/><generation value="generated"/></page><page><extension url="http://hl7.org/fhir/tools/StructureDefinition/ig-page-name"><valueUrl value="StructureDefinition-KLToolsWHO5ObservationCalm2.html"/></extension><nameUrl value="StructureDefinition-KLToolsWHO5ObservationCalm2.html"/><title value="WHO-5 calm (2)"/><generation value="generated"/></page><page><extension url="http://hl7.org/fhir/tools/StructureDefinition/ig-page-name"><valueUrl value="StructureDefinition-KLToolsWHO5ObservationHappy1.html"/></extension><nameUrl value="StructureDefinition-KLToolsWHO5ObservationHappy1.html"/><title value="WHO-5 happy (1)"/><generation value="generated"/></page><page><extension url="http://hl7.org/fhir/tools/StructureDefinition/ig-page-name"><valueUrl value="StructureDefinition-KLToolsWHO5ObservationInterest5.html"/></extension><nameUrl value="StructureDefinition-KLToolsWHO5ObservationInterest5.html"/><title value="WHO-5 Interest (5)"/><generation value="generated"/></page><page><extension url="http://hl7.org/fhir/tools/StructureDefinition/ig-page-name"><valueUrl value="StructureDefinition-KLToolsWHO5ObservationRested4.html"/></extension><nameUrl value="StructureDefinition-KLToolsWHO5ObservationRested4.html"/><title value="WHO-5 rested (4)"/><generation value="generated"/></page><page><extension url="http://hl7.org/fhir/tools/StructureDefinition/ig-page-name"><valueUrl value="StructureDefinition-AssociatedConditions.html"/></extension><nameUrl value="StructureDefinition-AssociatedConditions.html"/><title value="AssociatedConditions"/><generation value="generated"/></page><page><extension url="http://hl7.org/fhir/tools/StructureDefinition/ig-page-name"><valueUrl value="StructureDefinition-FindingInformer.html"/></extension><nameUrl value="StructureDefinition-FindingInformer.html"/><title value="FindingInformer"/><generation value="generated"/></page><page><extension url="http://hl7.org/fhir/tools/StructureDefinition/ig-page-name"><valueUrl value="StructureDefinition-Technique.html"/></extension><nameUrl value="StructureDefinition-Technique.html"/><title value="Technique"/><generation value="generated"/></page><page><extension url="http://hl7.org/fhir/tools/StructureDefinition/ig-page-name"><valueUrl value="ValueSet-BodyheightSCTobservables.html"/></extension><nameUrl value="ValueSet-BodyheightSCTobservables.html"/><title value="BodyheightSCTobservables"/><generation value="generated"/></page><page><extension url="http://hl7.org/fhir/tools/StructureDefinition/ig-page-name"><valueUrl value="ValueSet-BodyweightSCTobservables.html"/></extension><nameUrl value="ValueSet-BodyweightSCTobservables.html"/><title value="BodyweightSCTobservables"/><generation value="generated"/></page><page><extension url="http://hl7.org/fhir/tools/StructureDefinition/ig-page-name"><valueUrl value="ValueSet-ConsciousnessCodes.html"/></extension><nameUrl value="ValueSet-ConsciousnessCodes.html"/><title value="ConsciousnessCodes"/><generation value="generated"/></page><page><extension url="http://hl7.org/fhir/tools/StructureDefinition/ig-page-name"><valueUrl value="ValueSet-ConsciousnessSCTFindings.html"/></extension><nameUrl value="ValueSet-ConsciousnessSCTFindings.html"/><title value="ConsciousnessSCTFindings"/><generation value="generated"/></page><page><extension url="http://hl7.org/fhir/tools/StructureDefinition/ig-page-name"><valueUrl value="ValueSet-DiastolicBloodPressureSCTObservables.html"/></extension><nameUrl value="ValueSet-DiastolicBloodPressureSCTObservables.html"/><title value="DiastolicBloodPressureSCTObservables"/><generation value="generated"/></page><page><extension url="http://hl7.org/fhir/tools/StructureDefinition/ig-page-name"><valueUrl value="ValueSet-EQ5Dactivity.html"/></extension><nameUrl value="ValueSet-EQ5Dactivity.html"/><title value="EQ5Dactivity"/><generation value="generated"/></page><page><extension url="http://hl7.org/fhir/tools/StructureDefinition/ig-page-name"><valueUrl value="ValueSet-EQ5Danxiety.html"/></extension><nameUrl value="ValueSet-EQ5Danxiety.html"/><title value="EQ5Danxiety"/><generation value="generated"/></page><page><extension url="http://hl7.org/fhir/tools/StructureDefinition/ig-page-name"><valueUrl value="ValueSet-EQ5Dhygiene.html"/></extension><nameUrl value="ValueSet-EQ5Dhygiene.html"/><title value="EQ5Dhygiene"/><generation value="generated"/></page><page><extension url="http://hl7.org/fhir/tools/StructureDefinition/ig-page-name"><valueUrl value="ValueSet-EQ5Dmobility.html"/></extension><nameUrl value="ValueSet-EQ5Dmobility.html"/><title value="EQ5Dmobility"/><generation value="generated"/></page><page><extension url="http://hl7.org/fhir/tools/StructureDefinition/ig-page-name"><valueUrl value="ValueSet-EQ5Dpain.html"/></extension><nameUrl value="ValueSet-EQ5Dpain.html"/><title value="EQ5Dpain"/><generation value="generated"/></page><page><extension url="http://hl7.org/fhir/tools/StructureDefinition/ig-page-name"><valueUrl value="ValueSet-EQ5DSCTfindingsActivity.html"/></extension><nameUrl value="ValueSet-EQ5DSCTfindingsActivity.html"/><title value="EQ5DSCTfindingsActivity"/><generation value="generated"/></page><page><extension url="http://hl7.org/fhir/tools/StructureDefinition/ig-page-name"><valueUrl value="ValueSet-EQ5DSCTfindingsAnxiety.html"/></extension><nameUrl value="ValueSet-EQ5DSCTfindingsAnxiety.html"/><title value="EQ5DSCTfindingsAnxiety"/><generation value="generated"/></page><page><extension url="http://hl7.org/fhir/tools/StructureDefinition/ig-page-name"><valueUrl value="ValueSet-EQ5DSCTfindingsHygiene.html"/></extension><nameUrl value="ValueSet-EQ5DSCTfindingsHygiene.html"/><title value="EQ5DSCTfindingsHygiene"/><generation value="generated"/></page><page><extension url="http://hl7.org/fhir/tools/StructureDefinition/ig-page-name"><valueUrl value="ValueSet-EQ5DSCTfindingsMobility.html"/></extension><nameUrl value="ValueSet-EQ5DSCTfindingsMobility.html"/><title value="EQ5DSCTfindingsMobility"/><generation value="generated"/></page><page><extension url="http://hl7.org/fhir/tools/StructureDefinition/ig-page-name"><valueUrl value="ValueSet-EQ5DSCTfindingsPain.html"/></extension><nameUrl value="ValueSet-EQ5DSCTfindingsPain.html"/><title value="EQ5DSCTfindingsPain"/><generation value="generated"/></page><page><extension url="http://hl7.org/fhir/tools/StructureDefinition/ig-page-name"><valueUrl value="ValueSet-FindingInformerCodes.html"/></extension><nameUrl value="ValueSet-FindingInformerCodes.html"/><title value="FindingInformerCodes"/><generation value="generated"/></page><page><extension url="http://hl7.org/fhir/tools/StructureDefinition/ig-page-name"><valueUrl value="ValueSet-HeartRateSCTobservables.html"/></extension><nameUrl value="ValueSet-HeartRateSCTobservables.html"/><title value="HeartRateSCTobservables"/><generation value="generated"/></page><page><extension url="http://hl7.org/fhir/tools/StructureDefinition/ig-page-name"><valueUrl value="ValueSet-KLtechniquesCodes.html"/></extension><nameUrl value="ValueSet-KLtechniquesCodes.html"/><title value="KLtechniquesCodes"/><generation value="generated"/></page><page><extension url="http://hl7.org/fhir/tools/StructureDefinition/ig-page-name"><valueUrl value="ValueSet-NPUUrinStix.html"/></extension><nameUrl value="ValueSet-NPUUrinStix.html"/><title value="NPUUrinStix"/><generation value="generated"/></page><page><extension url="http://hl7.org/fhir/tools/StructureDefinition/ig-page-name"><valueUrl value="ValueSet-OxygenSaturationSCTobservables.html"/></extension><nameUrl value="ValueSet-OxygenSaturationSCTobservables.html"/><title value="OxygenSaturationSCTobservables"/><generation value="generated"/></page><page><extension url="http://hl7.org/fhir/tools/StructureDefinition/ig-page-name"><valueUrl value="ValueSet-RespirationRateSCTObservables.html"/></extension><nameUrl value="ValueSet-RespirationRateSCTObservables.html"/><title value="RespirationRateSCTObservables"/><generation value="generated"/></page><page><extension url="http://hl7.org/fhir/tools/StructureDefinition/ig-page-name"><valueUrl value="ValueSet-SCTUrinStix.html"/></extension><nameUrl value="ValueSet-SCTUrinStix.html"/><title value="SCTUrinStix"/><generation value="generated"/></page><page><extension url="http://hl7.org/fhir/tools/StructureDefinition/ig-page-name"><valueUrl value="ValueSet-SystolicBloodPressureSCTObservables.html"/></extension><nameUrl value="ValueSet-SystolicBloodPressureSCTObservables.html"/><title value="SystolicBloodPressureSCTObservables"/><generation value="generated"/></page><page><extension url="http://hl7.org/fhir/tools/StructureDefinition/ig-page-name"><valueUrl value="ValueSet-TechniqesSCTCodes.html"/></extension><nameUrl value="ValueSet-TechniqesSCTCodes.html"/><title value="TechniqesSCTCodes"/><generation value="generated"/></page><page><extension url="http://hl7.org/fhir/tools/StructureDefinition/ig-page-name"><valueUrl value="ValueSet-BodyTemperatureSCTObservables.html"/></extension><nameUrl value="ValueSet-BodyTemperatureSCTObservables.html"/><title value="TemperatureSCTObservables"/><generation value="generated"/></page><page><extension url="http://hl7.org/fhir/tools/StructureDefinition/ig-page-name"><valueUrl value="ValueSet-VRSpain.html"/></extension><nameUrl value="ValueSet-VRSpain.html"/><title value="VRSpain"/><generation value="generated"/></page><page><extension url="http://hl7.org/fhir/tools/StructureDefinition/ig-page-name"><valueUrl value="ValueSet-VRSSCTfindingsPain.html"/></extension><nameUrl value="ValueSet-VRSSCTfindingsPain.html"/><title value="VRSSCTfindingsPain"/><generation value="generated"/></page><page><extension url="http://hl7.org/fhir/tools/StructureDefinition/ig-page-name"><valueUrl value="ValueSet-WHO5AnswerCodesActive.html"/></extension><nameUrl value="ValueSet-WHO5AnswerCodesActive.html"/><title value="WHO5AnswerCodesActive"/><generation value="generated"/></page><page><extension url="http://hl7.org/fhir/tools/StructureDefinition/ig-page-name"><valueUrl value="ValueSet-WHO5AnswerCodesCalm.html"/></extension><nameUrl value="ValueSet-WHO5AnswerCodesCalm.html"/><title value="WHO5AnswerCodesCalm"/><generation value="generated"/></page><page><extension url="http://hl7.org/fhir/tools/StructureDefinition/ig-page-name"><valueUrl value="ValueSet-WHO5AnswerCodesHappy.html"/></extension><nameUrl value="ValueSet-WHO5AnswerCodesHappy.html"/><title value="WHO5AnswerCodesHappy"/><generation value="generated"/></page><page><extension url="http://hl7.org/fhir/tools/StructureDefinition/ig-page-name"><valueUrl value="ValueSet-WHO5AnswerCodesInterest.html"/></extension><nameUrl value="ValueSet-WHO5AnswerCodesInterest.html"/><title value="WHO5AnswerCodesInterest"/><generation value="generated"/></page><page><extension url="http://hl7.org/fhir/tools/StructureDefinition/ig-page-name"><valueUrl value="ValueSet-WHO5AnswerCodesRested.html"/></extension><nameUrl value="ValueSet-WHO5AnswerCodesRested.html"/><title value="WHO5AnswerCodesRested"/><generation value="generated"/></page><page><extension url="http://hl7.org/fhir/tools/StructureDefinition/ig-page-name"><valueUrl value="ValueSet-WHO5SCTfindingsActive3.html"/></extension><nameUrl value="ValueSet-WHO5SCTfindingsActive3.html"/><title value="WHO5SCTfindingsActive3"/><generation value="generated"/></page><page><extension url="http://hl7.org/fhir/tools/StructureDefinition/ig-page-name"><valueUrl value="ValueSet-WHO5SCTfindingsCalm2.html"/></extension><nameUrl value="ValueSet-WHO5SCTfindingsCalm2.html"/><title value="WHO5SCTfindingsCalm2"/><generation value="generated"/></page><page><extension url="http://hl7.org/fhir/tools/StructureDefinition/ig-page-name"><valueUrl value="ValueSet-WHO5SCTfindingsHappy1.html"/></extension><nameUrl value="ValueSet-WHO5SCTfindingsHappy1.html"/><title value="WHO5SCTfindingsHappy1"/><generation value="generated"/></page><page><extension url="http://hl7.org/fhir/tools/StructureDefinition/ig-page-name"><valueUrl value="ValueSet-WHO5SCTfindingsInterest5.html"/></extension><nameUrl value="ValueSet-WHO5SCTfindingsInterest5.html"/><title value="WHO5SCTfindingsInterest5"/><generation value="generated"/></page><page><extension url="http://hl7.org/fhir/tools/StructureDefinition/ig-page-name"><valueUrl value="ValueSet-WHO5SCTfindingsRested4.html"/></extension><nameUrl value="ValueSet-WHO5SCTfindingsRested4.html"/><title value="WHO5SCTfindingsRested4"/><generation value="generated"/></page><page><extension url="http://hl7.org/fhir/tools/StructureDefinition/ig-page-name"><valueUrl value="CodeSystem-KLToolsCodes.html"/></extension><nameUrl value="CodeSystem-KLToolsCodes.html"/><title value="KLToolsCodes"/><generation value="generated"/></page><page><extension url="http://hl7.org/fhir/tools/StructureDefinition/ig-page-name"><valueUrl value="Practitioner-AbrahamFraAkutSygeplejen.html"/></extension><nameUrl value="Practitioner-AbrahamFraAkutSygeplejen.html"/><title value="AbrahamFraAkutSygeplejen"/><generation value="generated"/></page><page><extension url="http://hl7.org/fhir/tools/StructureDefinition/ig-page-name"><valueUrl value="Questionnaire-KLToolsCareEQ5D.html"/></extension><nameUrl value="Questionnaire-KLToolsCareEQ5D.html"/><title value="EQ-5D questionnaire"/><generation value="generated"/></page><page><extension url="http://hl7.org/fhir/tools/StructureDefinition/ig-page-name"><valueUrl value="QuestionnaireResponse-EQ5DAnswerHelene.html"/></extension><nameUrl value="QuestionnaireResponse-EQ5DAnswerHelene.html"/><title value="EQ5DAnswersHelene"/><generation value="generated"/></page><page><extension url="http://hl7.org/fhir/tools/StructureDefinition/ig-page-name"><valueUrl value="Patient-Helene.html"/></extension><nameUrl value="Patient-Helene.html"/><title value="Helene"/><generation value="generated"/></page><page><extension url="http://hl7.org/fhir/tools/StructureDefinition/ig-page-name"><valueUrl value="Observation-Helene6minwalk.html"/></extension><nameUrl value="Observation-Helene6minwalk.html"/><title value="Helene6minwalk"/><generation value="generated"/></page><page><extension url="http://hl7.org/fhir/tools/StructureDefinition/ig-page-name"><valueUrl value="Observation-HeleneConsciousness.html"/></extension><nameUrl value="Observation-HeleneConsciousness.html"/><title value="HeleneBevidsthed"/><generation value="generated"/></page><page><extension url="http://hl7.org/fhir/tools/StructureDefinition/ig-page-name"><valueUrl value="Observation-HeleneBloodPressure.html"/></extension><nameUrl value="Observation-HeleneBloodPressure.html"/><title value="HeleneBloodPressure"/><generation value="generated"/></page><page><extension url="http://hl7.org/fhir/tools/StructureDefinition/ig-page-name"><valueUrl value="Observation-HeleneBodyHeight.html"/></extension><nameUrl value="Observation-HeleneBodyHeight.html"/><title value="HeleneBodyHeight"/><generation value="generated"/></page><page><extension url="http://hl7.org/fhir/tools/StructureDefinition/ig-page-name"><valueUrl value="Observation-HeleneBodyTemperature.html"/></extension><nameUrl value="Observation-HeleneBodyTemperature.html"/><title value="HeleneBodyTemperature"/><generation value="generated"/></page><page><extension url="http://hl7.org/fhir/tools/StructureDefinition/ig-page-name"><valueUrl value="Observation-HeleneBodyWeight.html"/></extension><nameUrl value="Observation-HeleneBodyWeight.html"/><title value="HeleneBodyWeight"/><generation value="generated"/></page><page><extension url="http://hl7.org/fhir/tools/StructureDefinition/ig-page-name"><valueUrl value="Observation-HeleneEQ5Dmobility.html"/></extension><nameUrl value="Observation-HeleneEQ5Dmobility.html"/><title value="HeleneEQ5D-mobilitet"/><generation value="generated"/></page><page><extension url="http://hl7.org/fhir/tools/StructureDefinition/ig-page-name"><valueUrl value="Observation-HeleneHeartRate.html"/></extension><nameUrl value="Observation-HeleneHeartRate.html"/><title value="HeleneHeartRate"/><generation value="generated"/></page><page><extension url="http://hl7.org/fhir/tools/StructureDefinition/ig-page-name"><valueUrl value="Observation-HeleneOxygenSaturation.html"/></extension><nameUrl value="Observation-HeleneOxygenSaturation.html"/><title value="HeleneOxygenSaturation"/><generation value="generated"/></page><page><extension url="http://hl7.org/fhir/tools/StructureDefinition/ig-page-name"><valueUrl value="Observation-HelenePainVAS.html"/></extension><nameUrl value="Observation-HelenePainVAS.html"/><title value="HelenePainVAS"/><generation value="generated"/></page><page><extension url="http://hl7.org/fhir/tools/StructureDefinition/ig-page-name"><valueUrl value="Observation-HelenePainVRS.html"/></extension><nameUrl value="Observation-HelenePainVRS.html"/><title value="HelenePainVRS"/><generation value="generated"/></page><page><extension url="http://hl7.org/fhir/tools/StructureDefinition/ig-page-name"><valueUrl value="Observation-HeleneRespirationRate.html"/></extension><nameUrl value="Observation-HeleneRespirationRate.html"/><title value="HeleneRespirationRate"/><generation value="generated"/></page><page><extension url="http://hl7.org/fhir/tools/StructureDefinition/ig-page-name"><valueUrl value="Observation-HeleneRSS.html"/></extension><nameUrl value="Observation-HeleneRSS.html"/><title value="HeleneRSS"/><generation value="generated"/></page><page><extension url="http://hl7.org/fhir/tools/StructureDefinition/ig-page-name"><valueUrl value="Observation-HeleneUrinStix.html"/></extension><nameUrl value="Observation-HeleneUrinStix.html"/><title value="HeleneUrinStix leukocytter"/><generation value="generated"/></page><page><extension url="http://hl7.org/fhir/tools/StructureDefinition/ig-page-name"><valueUrl value="Patient-Mark.html"/></extension><nameUrl value="Patient-Mark.html"/><title value="Mark"/><generation value="generated"/></page><page><extension url="http://hl7.org/fhir/tools/StructureDefinition/ig-page-name"><valueUrl value="Observation-MarksWHO5-2.html"/></extension><nameUrl value="Observation-MarksWHO5-2.html"/><title value="MarksWHO5-2"/><generation value="generated"/></page><page><extension url="http://hl7.org/fhir/tools/StructureDefinition/ig-page-name"><valueUrl value="Questionnaire-KLToolsCareWHO5.html"/></extension><nameUrl value="Questionnaire-KLToolsCareWHO5.html"/><title value="WHO-5 questionnaire"/><generation value="generated"/></page><page><extension url="http://hl7.org/fhir/tools/StructureDefinition/ig-page-name"><valueUrl value="QuestionnaireResponse-WHO-5AnswerMark.html"/></extension><nameUrl value="QuestionnaireResponse-WHO-5AnswerMark.html"/><title value="WHO-5AnswersMark"/><generation value="generated"/></page></page></page><parameter><code value="path-resource"/><value value="input/capabilities"/></parameter><parameter><code value="path-resource"/><value value="input/examples"/></parameter><parameter><code value="path-resource"/><value value="input/extensions"/></parameter><parameter><code value="path-resource"/><value value="input/models"/></parameter><parameter><code value="path-resource"/><value value="input/operations"/></parameter><parameter><code value="path-resource"/><value value="input/profiles"/></parameter><parameter><code value="path-resource"/><value value="input/resources"/></parameter><parameter><code value="path-resource"/><value value="input/vocabulary"/></parameter><parameter><code value="path-resource"/><value value="input/maps"/></parameter><parameter><code value="path-resource"/><value value="input/testing"/></parameter><parameter><code value="path-resource"/><value value="input/history"/></parameter><parameter><code value="path-resource"/><value value="fsh-generated/resources"/></parameter><parameter><code value="path-pages"/><value value="template/config"/></parameter><parameter><code value="path-pages"/><value value="input/images"/></parameter><parameter><code value="path-tx-cache"/><value value="input-cache/txcache"/></parameter></definition></ImplementationGuide>