<?xml version="1.0" encoding="UTF-8"?><ValueSet xmlns="http://hl7.org/fhir"><id value="EQ5Dpain"/><text><status value="generated"/><div xmlns="http://www.w3.org/1999/xhtml"><ul><li>Include these codes as defined in <a href="CodeSystem-KLToolsCodes.html"><code>http://fhir.kl.dk/ffinst/CodeSystem/KLToolsCodes</code></a><table class="none"><tr><td style="white-space:nowrap"><b>Code</b></td><td><b>Display</b></td></tr><tr><td><a href="CodeSystem-KLToolsCodes.html#KLToolsCodes-16c984ad-9dcd-4214-9ca7-07669d65dd0a">16c984ad-9dcd-4214-9ca7-07669d65dd0a</a></td><td style="color: #cccccc">Jeg har ingen smerter eller ubehag (1)</td></tr><tr><td><a href="CodeSystem-KLToolsCodes.html#KLToolsCodes-3616b50a-440a-4268-9c8a-660123526540">3616b50a-440a-4268-9c8a-660123526540</a></td><td style="color: #cccccc">Jeg har moderate smerter eller ubehag (2)</td></tr><tr><td><a href="CodeSystem-KLToolsCodes.html#KLToolsCodes-22d3d27b-f8fd-4c09-a4bf-a6a342442095">22d3d27b-f8fd-4c09-a4bf-a6a342442095</a></td><td style="color: #cccccc">Jeg har ekstreme smerter eller ubehag (3)</td></tr></table></li></ul></div></text><url value="http://fhir.kl.dk/ffinst/ValueSet/EQ5Dpain"/><version value="1.0.0"/><name value="EQ5Dpain"/><title value="EQ5Dpain"/><status value="active"/><experimental value="false"/><date value="2023-08-27T11:00:49+02:00"/><publisher value="Kommunernes landsforening"/><contact><name value="Kommunernes landsforening"/><telecom><system value="url"/><value value="http://kl.dk"/></telecom><telecom><system value="email"/><value value="kl@kl.dk"/></telecom></contact><description value="Findings for EQ-5D pain"/><jurisdiction><coding><system value="urn:iso:std:iso:3166"/><code value="DNK"/><display value="Denmark"/></coding></jurisdiction><compose><include><system value="http://fhir.kl.dk/ffinst/CodeSystem/KLToolsCodes"/><concept><code value="16c984ad-9dcd-4214-9ca7-07669d65dd0a"/></concept><concept><code value="3616b50a-440a-4268-9c8a-660123526540"/></concept><concept><code value="22d3d27b-f8fd-4c09-a4bf-a6a342442095"/></concept></include></compose></ValueSet>