<?xml version="1.0" encoding="UTF-8"?><ValueSet xmlns="http://hl7.org/fhir"><id value="ConsciousnessSCTFindings"/><text><status value="generated"/><div xmlns="http://www.w3.org/1999/xhtml"><ul><li>Include these codes as defined in <a href="http://www.snomed.org/"><code>http://snomed.info/sct</code></a><table class="none"><tr><td style="white-space:nowrap"><b>Code</b></td><td><b>Display</b></td></tr><tr><td><a href="http://snomed.info/id/419567006">419567006</a></td><td style="color: #cccccc">Delirious (finding)</td></tr><tr><td><a href="http://snomed.info/id/271591004">271591004</a></td><td style="color: #cccccc">Fully conscious</td></tr><tr><td><a href="http://snomed.info/id/300202002">300202002</a></td><td style="color: #cccccc">Responds to voice</td></tr><tr><td><a href="http://snomed.info/id/450847001">450847001</a></td><td style="color: #cccccc">Responds to pain (finding)</td></tr><tr><td><a href="http://snomed.info/id/422768004">422768004</a></td><td style="color: #cccccc">Unresponsive (finding)</td></tr></table></li></ul></div></text><url value="http://fhir.kl.dk/ffinst/ValueSet/ConsciousnessSCTFindings"/><version value="1.0.0"/><name value="ConsciousnessSCTFindings"/><title value="ConsciousnessSCTFindings"/><status value="active"/><experimental value="false"/><date value="2023-08-26T16:24:28+02:00"/><publisher value="Kommunernes landsforening"/><contact><name value="Kommunernes landsforening"/><telecom><system value="url"/><value value="http://kl.dk"/></telecom><telecom><system value="email"/><value value="kl@kl.dk"/></telecom></contact><description value="SNOMED CT findings for consciousness"/><jurisdiction><coding><system value="urn:iso:std:iso:3166"/><code value="DNK"/><display value="Denmark"/></coding></jurisdiction><compose><include><system value="http://snomed.info/sct"/><concept><code value="419567006"/></concept><concept><code value="271591004"/></concept><concept><code value="300202002"/></concept><concept><code value="450847001"/></concept><concept><code value="422768004"/></concept></include></compose></ValueSet>