<?xml version="1.0" encoding="UTF-8"?><ValueSet xmlns="http://hl7.org/fhir"><id value="WHO5SCTfindingsActive3"/><text><status value="generated"/><div xmlns="http://www.w3.org/1999/xhtml"><ul><li>Include these codes as defined in <a href="http://www.snomed.org/"><code>http://snomed.info/sct</code></a><table class="none"><tr><td style="white-space:nowrap"><b>Code</b></td><td><b>Display</b></td></tr><tr><td><a href="http://snomed.info/id/160245001">160245001</a></td><td style="color: #cccccc">No current problems or disability</td></tr><tr><td><a href="http://snomed.info/id/248274002">248274002</a></td><td style="color: #cccccc">Lack of energy</td></tr></table></li></ul></div></text><url value="http://fhir.kl.dk/ffinst/ValueSet/WHO5SCTfindingsActive3"/><version value="1.0.0"/><name value="WHO5SCTfindingsActive3"/><title value="WHO5SCTfindingsActive3"/><status value="active"/><experimental value="false"/><date value="2023-08-27T11:00:49+02:00"/><publisher value="Kommunernes landsforening"/><contact><name value="Kommunernes landsforening"/><telecom><system value="url"/><value value="http://kl.dk"/></telecom><telecom><system value="email"/><value value="kl@kl.dk"/></telecom></contact><description value="SNOMED CT findings when conducting WHO-5 questionaires, question 3"/><jurisdiction><coding><system value="urn:iso:std:iso:3166"/><code value="DNK"/><display value="Denmark"/></coding></jurisdiction><compose><include><system value="http://snomed.info/sct"/><concept><code value="160245001"/></concept><concept><code value="248274002"/></concept></include></compose></ValueSet>