<?xml version="1.0" encoding="UTF-8"?><ValueSet xmlns="http://hl7.org/fhir"><id value="ConsciousnessCodes"/><text><status value="generated"/><div xmlns="http://www.w3.org/1999/xhtml"><ul><li>Include these codes as defined in <a href="CodeSystem-KLToolsCodes.html"><code>http://fhir.kl.dk/ffinst/CodeSystem/KLToolsCodes</code></a><table class="none"><tr><td style="white-space:nowrap"><b>Code</b></td><td><b>Display</b></td></tr><tr><td><a href="CodeSystem-KLToolsCodes.html#KLToolsCodes-4d5eeb61-a9b4-40cc-af45-4e8e2caa6db0">4d5eeb61-a9b4-40cc-af45-4e8e2caa6db0</a></td><td style="color: #cccccc">Agiteret (1)</td></tr><tr><td><a href="CodeSystem-KLToolsCodes.html#KLToolsCodes-fc025609-8d3c-4d36-aa44-19fe839d548f">fc025609-8d3c-4d36-aa44-19fe839d548f</a></td><td style="color: #cccccc">Habituel (0)</td></tr><tr><td><a href="CodeSystem-KLToolsCodes.html#KLToolsCodes-916b3530-23e2-4c11-8973-52a90bc9ec31">916b3530-23e2-4c11-8973-52a90bc9ec31</a></td><td style="color: #cccccc">Reagerer kun på tiltale (1)</td></tr><tr><td><a href="CodeSystem-KLToolsCodes.html#KLToolsCodes-0000e850-a51d-4867-a901-dd4c6a2a46a1">0000e850-a51d-4867-a901-dd4c6a2a46a1</a></td><td style="color: #cccccc">Reagerer kun på smerte (2)</td></tr><tr><td><a href="CodeSystem-KLToolsCodes.html#KLToolsCodes-55da9922-c22b-4bd2-b842-e200048bfb20">55da9922-c22b-4bd2-b842-e200048bfb20</a></td><td style="color: #cccccc">Ingen reaktion (3)</td></tr></table></li></ul></div></text><url value="http://fhir.kl.dk/ffinst/ValueSet/ConsciousnessCodes"/><version value="1.0.0"/><name value="ConsciousnessCodes"/><title value="ConsciousnessCodes"/><status value="active"/><experimental value="false"/><date value="2023-08-26T16:24:28+02:00"/><publisher value="Kommunernes landsforening"/><contact><name value="Kommunernes landsforening"/><telecom><system value="url"/><value value="http://kl.dk"/></telecom><telecom><system value="email"/><value value="kl@kl.dk"/></telecom></contact><description value="Findings for Counsciousness"/><jurisdiction><coding><system value="urn:iso:std:iso:3166"/><code value="DNK"/><display value="Denmark"/></coding></jurisdiction><compose><include><system value="http://fhir.kl.dk/ffinst/CodeSystem/KLToolsCodes"/><concept><code value="4d5eeb61-a9b4-40cc-af45-4e8e2caa6db0"/></concept><concept><code value="fc025609-8d3c-4d36-aa44-19fe839d548f"/></concept><concept><code value="916b3530-23e2-4c11-8973-52a90bc9ec31"/></concept><concept><code value="0000e850-a51d-4867-a901-dd4c6a2a46a1"/></concept><concept><code value="55da9922-c22b-4bd2-b842-e200048bfb20"/></concept></include></compose></ValueSet>