<?xml version="1.0" encoding="UTF-8"?><ValueSet xmlns="http://hl7.org/fhir"><id value="WHO5AnswerCodesInterest"/><text><status value="generated"/><div xmlns="http://www.w3.org/1999/xhtml"><ul><li>Include these codes as defined in <a href="CodeSystem-KLToolsCodes.html"><code>http://fhir.kl.dk/ffinst/CodeSystem/KLToolsCodes</code></a><table class="none"><tr><td style="white-space:nowrap"><b>Code</b></td><td><b>Display</b></td></tr><tr><td><a href="CodeSystem-KLToolsCodes.html#KLToolsCodes-2ca88533-c048-4b2a-9ac2-2206b63a25ac">2ca88533-c048-4b2a-9ac2-2206b63a25ac</a></td><td style="color: #cccccc">WHO-5 Hele tiden - 5 (interesseret)</td></tr><tr><td><a href="CodeSystem-KLToolsCodes.html#KLToolsCodes-b62a3f31-9b63-4b86-b5bd-edf300b9fbd6">b62a3f31-9b63-4b86-b5bd-edf300b9fbd6</a></td><td style="color: #cccccc">WHO-5 Det meste af tiden - 4 (interesseret)</td></tr><tr><td><a href="CodeSystem-KLToolsCodes.html#KLToolsCodes-392ee33f-e754-4443-a285-c19aff66726f">392ee33f-e754-4443-a285-c19aff66726f</a></td><td style="color: #cccccc">WHO-5 Lidt mere end halvdelen af tiden - 3 (interesseret)</td></tr><tr><td><a href="CodeSystem-KLToolsCodes.html#KLToolsCodes-3c323281-fc96-47cb-b057-1dff2ffa835b">3c323281-fc96-47cb-b057-1dff2ffa835b</a></td><td style="color: #cccccc">WHO-5 Lidt mindre end halvdelen af tiden - 2 (interesseret)</td></tr><tr><td><a href="CodeSystem-KLToolsCodes.html#KLToolsCodes-314ab944-2f8a-453d-8653-b46cacf5f480">314ab944-2f8a-453d-8653-b46cacf5f480</a></td><td style="color: #cccccc">WHO-5 Lidt af tiden - 1 (interesseret)</td></tr><tr><td><a href="CodeSystem-KLToolsCodes.html#KLToolsCodes-f97749b5-e689-40a4-9eda-0b0e35d185fc">f97749b5-e689-40a4-9eda-0b0e35d185fc</a></td><td style="color: #cccccc">WHO-5 På intet tidspunkt - 0 (interesseret)</td></tr></table></li></ul></div></text><url value="http://fhir.kl.dk/ffinst/ValueSet/WHO5AnswerCodesInterest"/><version value="1.0.0"/><name value="WHO5AnswerCodesInterest"/><title value="WHO5AnswerCodesInterest"/><status value="active"/><experimental value="false"/><date value="2023-08-26T16:24:28+02:00"/><publisher value="Kommunernes landsforening"/><contact><name value="Kommunernes landsforening"/><telecom><system value="url"/><value value="http://kl.dk"/></telecom><telecom><system value="email"/><value value="kl@kl.dk"/></telecom></contact><description value="Codes used to specify WHO-5 answers to the fifth question about being interested"/><jurisdiction><coding><system value="urn:iso:std:iso:3166"/><code value="DNK"/><display value="Denmark"/></coding></jurisdiction><compose><include><system value="http://fhir.kl.dk/ffinst/CodeSystem/KLToolsCodes"/><concept><code value="2ca88533-c048-4b2a-9ac2-2206b63a25ac"/></concept><concept><code value="b62a3f31-9b63-4b86-b5bd-edf300b9fbd6"/></concept><concept><code value="392ee33f-e754-4443-a285-c19aff66726f"/></concept><concept><code value="3c323281-fc96-47cb-b057-1dff2ffa835b"/></concept><concept><code value="314ab944-2f8a-453d-8653-b46cacf5f480"/></concept><concept><code value="f97749b5-e689-40a4-9eda-0b0e35d185fc"/></concept></include></compose></ValueSet>