<?xml version="1.0" encoding="UTF-8"?><ValueSet xmlns="http://hl7.org/fhir"><id value="VRSpain"/><text><status value="generated"/><div xmlns="http://www.w3.org/1999/xhtml"><ul><li>Include these codes as defined in <a href="CodeSystem-KLToolsCodes.html"><code>http://fhir.kl.dk/ffinst/CodeSystem/KLToolsCodes</code></a><table class="none"><tr><td style="white-space:nowrap"><b>Code</b></td><td><b>Display</b></td></tr><tr><td><a href="CodeSystem-KLToolsCodes.html#KLToolsCodes-51b9ff3a-604c-4a45-a8a2-5d9191b2056e">51b9ff3a-604c-4a45-a8a2-5d9191b2056e</a></td><td style="color: #cccccc">Ingen smerter (0)</td></tr><tr><td><a href="CodeSystem-KLToolsCodes.html#KLToolsCodes-42b540bd-88bc-406c-b47d-ee0bae50b98e">42b540bd-88bc-406c-b47d-ee0bae50b98e</a></td><td style="color: #cccccc">Lette smerter (1)</td></tr><tr><td><a href="CodeSystem-KLToolsCodes.html#KLToolsCodes-f3207523-d9f8-4e0b-8636-9e8b057b6971">f3207523-d9f8-4e0b-8636-9e8b057b6971</a></td><td style="color: #cccccc">Moderate smerter (2)</td></tr><tr><td><a href="CodeSystem-KLToolsCodes.html#KLToolsCodes-d253770d-ce0b-4320-9806-b8fbe9e5af8a">d253770d-ce0b-4320-9806-b8fbe9e5af8a</a></td><td style="color: #cccccc">Kraftige/svære smerter (3)</td></tr><tr><td><a href="CodeSystem-KLToolsCodes.html#KLToolsCodes-a3f25054-9f1d-4256-afa2-c1035b0bdd41">a3f25054-9f1d-4256-afa2-c1035b0bdd41</a></td><td style="color: #cccccc">Uudholdelige/værst tænkelige smerter (4)</td></tr></table></li></ul></div></text><url value="http://fhir.kl.dk/ffinst/ValueSet/VRSpain"/><version value="1.0.0"/><name value="VRSpain"/><title value="VRSpain"/><status value="active"/><experimental value="false"/><date value="2023-08-26T16:24:28+02:00"/><publisher value="Kommunernes landsforening"/><contact><name value="Kommunernes landsforening"/><telecom><system value="url"/><value value="http://kl.dk"/></telecom><telecom><system value="email"/><value value="kl@kl.dk"/></telecom></contact><description value="Findings for VRS pain"/><jurisdiction><coding><system value="urn:iso:std:iso:3166"/><code value="DNK"/><display value="Denmark"/></coding></jurisdiction><compose><include><system value="http://fhir.kl.dk/ffinst/CodeSystem/KLToolsCodes"/><concept><code value="51b9ff3a-604c-4a45-a8a2-5d9191b2056e"/></concept><concept><code value="42b540bd-88bc-406c-b47d-ee0bae50b98e"/></concept><concept><code value="f3207523-d9f8-4e0b-8636-9e8b057b6971"/></concept><concept><code value="d253770d-ce0b-4320-9806-b8fbe9e5af8a"/></concept><concept><code value="a3f25054-9f1d-4256-afa2-c1035b0bdd41"/></concept></include></compose></ValueSet>