<?xml version="1.0" encoding="UTF-8"?><ValueSet xmlns="http://hl7.org/fhir"><id value="SystolicBloodPressureSCTObservables"/><text><status value="generated"/><div xmlns="http://www.w3.org/1999/xhtml"><ul><li>Include these codes as defined in <a href="http://www.snomed.org/"><code>http://snomed.info/sct</code></a><table class="none"><tr><td style="white-space:nowrap"><b>Code</b></td><td><b>Display</b></td></tr><tr><td><a href="http://snomed.info/id/72313002">72313002</a></td><td style="color: #cccccc">Systolic arterial pressure</td></tr><tr><td><a href="http://snomed.info/id/400974009">400974009</a></td><td style="color: #cccccc">Standing systolic blood pressure (observable entity)</td></tr><tr><td><a href="http://snomed.info/id/399304008">399304008</a></td><td style="color: #cccccc">Systolic blood pressure on admission (observable entity)</td></tr><tr><td><a href="http://snomed.info/id/407556006">407556006</a></td><td style="color: #cccccc">Lying systolic blood pressure (observable entity)</td></tr><tr><td><a href="http://snomed.info/id/407554009">407554009</a></td><td style="color: #cccccc">Sitting systolic blood pressure (observable entity)</td></tr><tr><td><a href="http://snomed.info/id/271649006">271649006</a></td><td style="color: #cccccc">Systolic blood pressure</td></tr></table></li></ul></div></text><url value="http://fhir.kl.dk/ffinst/ValueSet/SystolicBloodPressureSCTObservables"/><version value="1.0.0"/><name value="SystolicBloodPressureSCTObservables"/><title value="SystolicBloodPressureSCTObservables"/><status value="active"/><experimental value="false"/><date value="2023-08-26T16:24:28+02:00"/><publisher value="Kommunernes landsforening"/><contact><name value="Kommunernes landsforening"/><telecom><system value="url"/><value value="http://kl.dk"/></telecom><telecom><system value="email"/><value value="kl@kl.dk"/></telecom></contact><description value="SNOMED CT observables for systolic blood pressure"/><jurisdiction><coding><system value="urn:iso:std:iso:3166"/><code value="DNK"/><display value="Denmark"/></coding></jurisdiction><compose><include><system value="http://snomed.info/sct"/><concept><code value="72313002"/></concept><concept><code value="400974009"/></concept><concept><code value="399304008"/></concept><concept><code value="407556006"/></concept><concept><code value="407554009"/></concept><concept><code value="271649006"/></concept></include></compose></ValueSet>