<?xml version="1.0" encoding="UTF-8"?>

<Bundle xmlns="http://hl7.org/fhir">
  <id value="cb7614ec-e743-47f0-98e7-578f2990a171"/>
  <meta>
    <lastUpdated value="2023-08-26T15:37:37.785+02:00"/>
  </meta>
  <type value="collection"/>
  <entry>
    <fullUrl value="http://fhir.kl.dk/ffbmessaging/ValueSet/kl-messaging-ffb-consentPolicyValues"/>
    <resource>
      <ValueSet>
        <text>
          <status value="generated"/>
          <div xmlns="http://www.w3.org/1999/xhtml">
            <p>This value set contains 3 concepts</p>
            <p style="border: black 1px dotted; background-color: #EEEEEE; padding: 8px; margin-bottom: 8px">Expansion based on 
              <a href="CodeSystem-kl-messaging-ffb-guardianshipFormCodes.html">codesystem GuardianshipFormSystem v1.0.0 (CodeSystem)</a>
            </p>
            <table class="codes">
              <tr>
                <td style="white-space:nowrap">
                  <b>Code</b>
                </td>
                <td>
                  <b>System</b>
                </td>
                <td>
                  <b>Display</b>
                </td>
              </tr>
              <tr>
                <td style="white-space:nowrap">
                  <a name="http---fhir.kl.dk-ffbmessaging-CodeSystem-kl-messaging-ffb-guardianshipFormCodes-5"> </a>  
                  <a href="CodeSystem-kl-messaging-ffb-guardianshipFormCodes.html#kl-messaging-ffb-guardianshipFormCodes-5">5</a>
                </td>
                <td>http://fhir.kl.dk/ffbmessaging/CodeSystem/kl-messaging-ffb-guardianshipFormCodes</td>
                <td>Personlige og/eller økonomiske forhold, værgemålslovens § 5</td>
              </tr>
              <tr>
                <td style="white-space:nowrap">
                  <a name="http---fhir.kl.dk-ffbmessaging-CodeSystem-kl-messaging-ffb-guardianshipFormCodes-6"> </a>  
                  <a href="CodeSystem-kl-messaging-ffb-guardianshipFormCodes.html#kl-messaging-ffb-guardianshipFormCodes-6">6</a>
                </td>
                <td>http://fhir.kl.dk/ffbmessaging/CodeSystem/kl-messaging-ffb-guardianshipFormCodes</td>
                <td>Fratagelse af retlig handleevne, værgemålslovens § 6</td>
              </tr>
              <tr>
                <td style="white-space:nowrap">
                  <a name="http---fhir.kl.dk-ffbmessaging-CodeSystem-kl-messaging-ffb-guardianshipFormCodes-7"> </a>  
                  <a href="CodeSystem-kl-messaging-ffb-guardianshipFormCodes.html#kl-messaging-ffb-guardianshipFormCodes-7">7</a>
                </td>
                <td>http://fhir.kl.dk/ffbmessaging/CodeSystem/kl-messaging-ffb-guardianshipFormCodes</td>
                <td>Samværgemål, værgemålslovens § 7</td>
              </tr>
            </table>
          </div>
        </text>
        <url value="http://fhir.kl.dk/ffbmessaging/ValueSet/kl-messaging-ffb-consentPolicyValues"/>
        <version value="1.0.0"/>
        <name value="KLMessagingConsentPolicyValues"/>
        <title value="ConsentPolicies"/>
        <status value="active"/>
        <date value="2023-08-26T15:37:37+02:00"/>
        <jurisdiction>
          <coding>
            <system value="urn:iso:std:iso:3166"/>
            <code value="DK"/>
            <display value="Denmark"/>
          </coding>
        </jurisdiction>
        <expansion>
          <identifier value="urn:uuid:f98b4bbe-aea3-4786-bfdb-90154f6c4c04"/>
          <timestamp value="2023-08-26T15:40:39+02:00"/>
          <total value="3"/>
          <parameter>
            <name value="excludeNested"/>
            <valueBoolean value="false"/>
          </parameter>
          <parameter>
            <name value="used-codesystem"/>
            <valueUri value="http://fhir.kl.dk/ffbmessaging/CodeSystem/kl-messaging-ffb-guardianshipFormCodes|1.0.0"/>
          </parameter>
          <contains>
            <system value="http://fhir.kl.dk/ffbmessaging/CodeSystem/kl-messaging-ffb-guardianshipFormCodes"/>
            <code value="5"/>
            <display value="Personlige og/eller økonomiske forhold, værgemålslovens § 5"/>
          </contains>
          <contains>
            <system value="http://fhir.kl.dk/ffbmessaging/CodeSystem/kl-messaging-ffb-guardianshipFormCodes"/>
            <code value="6"/>
            <display value="Fratagelse af retlig handleevne, værgemålslovens § 6"/>
          </contains>
          <contains>
            <system value="http://fhir.kl.dk/ffbmessaging/CodeSystem/kl-messaging-ffb-guardianshipFormCodes"/>
            <code value="7"/>
            <display value="Samværgemål, værgemålslovens § 7"/>
          </contains>
        </expansion>
      </ValueSet>
    </resource>
  </entry>
  <entry>
    <fullUrl value="http://fhir.kl.dk/ffbmessaging/ValueSet/kl-messaging-ffb-guardianshipFormValues"/>
    <resource>
      <ValueSet>
        <text>
          <status value="generated"/>
          <div xmlns="http://www.w3.org/1999/xhtml">
            <p>This value set contains 3 concepts</p>
            <p style="border: black 1px dotted; background-color: #EEEEEE; padding: 8px; margin-bottom: 8px">Expansion based on 
              <a href="CodeSystem-kl-messaging-ffb-guardianshipFormCodes.html">codesystem GuardianshipFormSystem v1.0.0 (CodeSystem)</a>
            </p>
            <table class="codes">
              <tr>
                <td style="white-space:nowrap">
                  <b>Code</b>
                </td>
                <td>
                  <b>System</b>
                </td>
                <td>
                  <b>Display</b>
                </td>
              </tr>
              <tr>
                <td style="white-space:nowrap">
                  <a name="http---fhir.kl.dk-ffbmessaging-CodeSystem-kl-messaging-ffb-guardianshipFormCodes-5"> </a>  
                  <a href="CodeSystem-kl-messaging-ffb-guardianshipFormCodes.html#kl-messaging-ffb-guardianshipFormCodes-5">5</a>
                </td>
                <td>http://fhir.kl.dk/ffbmessaging/CodeSystem/kl-messaging-ffb-guardianshipFormCodes</td>
                <td>Personlige og/eller økonomiske forhold, værgemålslovens § 5</td>
              </tr>
              <tr>
                <td style="white-space:nowrap">
                  <a name="http---fhir.kl.dk-ffbmessaging-CodeSystem-kl-messaging-ffb-guardianshipFormCodes-6"> </a>  
                  <a href="CodeSystem-kl-messaging-ffb-guardianshipFormCodes.html#kl-messaging-ffb-guardianshipFormCodes-6">6</a>
                </td>
                <td>http://fhir.kl.dk/ffbmessaging/CodeSystem/kl-messaging-ffb-guardianshipFormCodes</td>
                <td>Fratagelse af retlig handleevne, værgemålslovens § 6</td>
              </tr>
              <tr>
                <td style="white-space:nowrap">
                  <a name="http---fhir.kl.dk-ffbmessaging-CodeSystem-kl-messaging-ffb-guardianshipFormCodes-7"> </a>  
                  <a href="CodeSystem-kl-messaging-ffb-guardianshipFormCodes.html#kl-messaging-ffb-guardianshipFormCodes-7">7</a>
                </td>
                <td>http://fhir.kl.dk/ffbmessaging/CodeSystem/kl-messaging-ffb-guardianshipFormCodes</td>
                <td>Samværgemål, værgemålslovens § 7</td>
              </tr>
            </table>
          </div>
        </text>
        <url value="http://fhir.kl.dk/ffbmessaging/ValueSet/kl-messaging-ffb-guardianshipFormValues"/>
        <version value="1.0.0"/>
        <name value="KLMessagingFFBGuardianshipFormValues"/>
        <title value="GuardianshipForms"/>
        <status value="active"/>
        <date value="2023-08-26T15:37:37+02:00"/>
        <jurisdiction>
          <coding>
            <system value="urn:iso:std:iso:3166"/>
            <code value="DK"/>
            <display value="Denmark"/>
          </coding>
        </jurisdiction>
        <expansion>
          <identifier value="urn:uuid:2a7a059f-48dd-4db2-ba88-af8cae463f94"/>
          <timestamp value="2023-08-26T15:40:53+02:00"/>
          <total value="3"/>
          <parameter>
            <name value="excludeNested"/>
            <valueBoolean value="false"/>
          </parameter>
          <parameter>
            <name value="used-codesystem"/>
            <valueUri value="http://fhir.kl.dk/ffbmessaging/CodeSystem/kl-messaging-ffb-guardianshipFormCodes|1.0.0"/>
          </parameter>
          <contains>
            <system value="http://fhir.kl.dk/ffbmessaging/CodeSystem/kl-messaging-ffb-guardianshipFormCodes"/>
            <code value="5"/>
            <display value="Personlige og/eller økonomiske forhold, værgemålslovens § 5"/>
          </contains>
          <contains>
            <system value="http://fhir.kl.dk/ffbmessaging/CodeSystem/kl-messaging-ffb-guardianshipFormCodes"/>
            <code value="6"/>
            <display value="Fratagelse af retlig handleevne, værgemålslovens § 6"/>
          </contains>
          <contains>
            <system value="http://fhir.kl.dk/ffbmessaging/CodeSystem/kl-messaging-ffb-guardianshipFormCodes"/>
            <code value="7"/>
            <display value="Samværgemål, værgemålslovens § 7"/>
          </contains>
        </expansion>
      </ValueSet>
    </resource>
  </entry>
  <entry>
    <fullUrl value="http://fhir.kl.dk/ffbmessaging/ValueSet/kl-messaging-ffb-relationshipTypeValues"/>
    <resource>
      <ValueSet>
        <text>
          <status value="generated"/>
          <div xmlns="http://www.w3.org/1999/xhtml">
            <p>This value set contains 15 concepts</p>
            <div style="border: black 1px dotted; background-color: #EEEEEE; padding: 8px; margin-bottom: 8px">
              <p>Expansion based on: </p>
              <ul>
                <li>
                  <a href="CodeSystem-kl-messaging-ffb-relationshipTypeCodes.html">codesystem RelationshipTypeSystem v1.0.0 (CodeSystem)</a>
                </li>
                <li>
                  <a href="http://terminology.hl7.org/5.0.0/CodeSystem-v2-0131.html">codesystem contactRole2 v2.1.0 (CodeSystem)</a>
                </li>
                <li>
                  <a href="http://terminology.hl7.org/5.0.0/CodeSystem-v3-RoleCode.html">codesystem RoleCode v2.2.0 (CodeSystem)</a>
                </li>
              </ul>
            </div>
            <table class="codes">
              <tr>
                <td style="white-space:nowrap">
                  <b>Code</b>
                </td>
                <td>
                  <b>System</b>
                </td>
                <td>
                  <b>Display</b>
                </td>
                <td>
                  <b>Definition</b>
                </td>
              </tr>
              <tr>
                <td style="white-space:nowrap">
                  <a name="http---terminology.hl7.org-CodeSystem-v3-RoleCode-GUARD"> </a>  
                  <a href="http://terminology.hl7.org/5.0.0/CodeSystem-v3-RoleCode.html#v3-RoleCode-GUARD">GUARD</a>
                </td>
                <td>http://terminology.hl7.org/CodeSystem/v3-RoleCode</td>
                <td>guardian</td>
                <td>
                  <div>
                    <p>The role played by a person or institution legally empowered with responsibility for the care of a ward.</p>

                  </div>
                </td>
              </tr>
              <tr>
                <td style="white-space:nowrap">
                  <a name="http---terminology.hl7.org-CodeSystem-v3-RoleCode-POWATT"> </a>  
                  <a href="http://terminology.hl7.org/5.0.0/CodeSystem-v3-RoleCode.html#v3-RoleCode-POWATT">POWATT</a>
                </td>
                <td>http://terminology.hl7.org/CodeSystem/v3-RoleCode</td>
                <td>power of attorney</td>
                <td>
                  <div>
                    <p>A relationship between two people in which one person authorizes another to act for him in a manner which is a legally binding upon the person giving such authority as if he or she personally were to do the acts.</p>

                  </div>
                </td>
              </tr>
              <tr>
                <td style="white-space:nowrap">
                  <a name="http---fhir.kl.dk-ffbmessaging-CodeSystem-kl-messaging-ffb-relationshipTypeCodes-advocate"> </a>  
                  <a href="CodeSystem-kl-messaging-ffb-relationshipTypeCodes.html#kl-messaging-ffb-relationshipTypeCodes-advocate">advocate</a>
                </td>
                <td>http://fhir.kl.dk/ffbmessaging/CodeSystem/kl-messaging-ffb-relationshipTypeCodes</td>
                <td>Bisidder</td>
                <td>
                  <div/>
                </td>
              </tr>
              <tr>
                <td style="white-space:nowrap">
                  <a name="http---terminology.hl7.org-CodeSystem-v2-0131-BP"> </a>  
                  <a href="http://terminology.hl7.org/5.0.0/CodeSystem-v2-0131.html#v2-0131-BP">BP</a>
                </td>
                <td>http://terminology.hl7.org/CodeSystem/v2-0131</td>
                <td>Billing contact person</td>
                <td>
                  <div>
                    <p>Billing contact person</p>

                  </div>
                </td>
              </tr>
              <tr>
                <td style="white-space:nowrap">
                  <a name="http---terminology.hl7.org-CodeSystem-v2-0131-CP"> </a>  
                  <a href="http://terminology.hl7.org/5.0.0/CodeSystem-v2-0131.html#v2-0131-CP">CP</a>
                </td>
                <td>http://terminology.hl7.org/CodeSystem/v2-0131</td>
                <td>Contact person</td>
                <td>
                  <div>
                    <p>Contact person</p>

                  </div>
                </td>
              </tr>
              <tr>
                <td style="white-space:nowrap">
                  <a name="http---terminology.hl7.org-CodeSystem-v2-0131-EP"> </a>  
                  <a href="http://terminology.hl7.org/5.0.0/CodeSystem-v2-0131.html#v2-0131-EP">EP</a>
                </td>
                <td>http://terminology.hl7.org/CodeSystem/v2-0131</td>
                <td>Emergency contact person</td>
                <td>
                  <div>
                    <p>Emergency contact person</p>

                  </div>
                </td>
              </tr>
              <tr>
                <td style="white-space:nowrap">
                  <a name="http---terminology.hl7.org-CodeSystem-v2-0131-PR"> </a>  
                  <a href="http://terminology.hl7.org/5.0.0/CodeSystem-v2-0131.html#v2-0131-PR">PR</a>
                </td>
                <td>http://terminology.hl7.org/CodeSystem/v2-0131</td>
                <td>Person preparing referral</td>
                <td>
                  <div>
                    <p>Person preparing referral</p>

                  </div>
                </td>
              </tr>
              <tr>
                <td style="white-space:nowrap">
                  <a name="http---terminology.hl7.org-CodeSystem-v2-0131-E"> </a>  
                  <a href="http://terminology.hl7.org/5.0.0/CodeSystem-v2-0131.html#v2-0131-E">E</a>
                </td>
                <td>http://terminology.hl7.org/CodeSystem/v2-0131</td>
                <td>Employer</td>
                <td>
                  <div>
                    <p>Employer</p>

                  </div>
                </td>
              </tr>
              <tr>
                <td style="white-space:nowrap">
                  <a name="http---terminology.hl7.org-CodeSystem-v2-0131-C"> </a>  
                  <a href="http://terminology.hl7.org/5.0.0/CodeSystem-v2-0131.html#v2-0131-C">C</a>
                </td>
                <td>http://terminology.hl7.org/CodeSystem/v2-0131</td>
                <td>Emergency Contact</td>
                <td>
                  <div>
                    <p>Emergency Contact</p>

                  </div>
                </td>
              </tr>
              <tr>
                <td style="white-space:nowrap">
                  <a name="http---terminology.hl7.org-CodeSystem-v2-0131-F"> </a>  
                  <a href="http://terminology.hl7.org/5.0.0/CodeSystem-v2-0131.html#v2-0131-F">F</a>
                </td>
                <td>http://terminology.hl7.org/CodeSystem/v2-0131</td>
                <td>Federal Agency</td>
                <td>
                  <div>
                    <p>Federal Agency</p>

                  </div>
                </td>
              </tr>
              <tr>
                <td style="white-space:nowrap">
                  <a name="http---terminology.hl7.org-CodeSystem-v2-0131-I"> </a>  
                  <a href="http://terminology.hl7.org/5.0.0/CodeSystem-v2-0131.html#v2-0131-I">I</a>
                </td>
                <td>http://terminology.hl7.org/CodeSystem/v2-0131</td>
                <td>Insurance Company</td>
                <td>
                  <div>
                    <p>Insurance Company</p>

                  </div>
                </td>
              </tr>
              <tr>
                <td style="white-space:nowrap">
                  <a name="http---terminology.hl7.org-CodeSystem-v2-0131-N"> </a>  
                  <a href="http://terminology.hl7.org/5.0.0/CodeSystem-v2-0131.html#v2-0131-N">N</a>
                </td>
                <td>http://terminology.hl7.org/CodeSystem/v2-0131</td>
                <td>Next-of-Kin</td>
                <td>
                  <div>
                    <p>Next-of-Kin</p>

                  </div>
                </td>
              </tr>
              <tr>
                <td style="white-space:nowrap">
                  <a name="http---terminology.hl7.org-CodeSystem-v2-0131-S"> </a>  
                  <a href="http://terminology.hl7.org/5.0.0/CodeSystem-v2-0131.html#v2-0131-S">S</a>
                </td>
                <td>http://terminology.hl7.org/CodeSystem/v2-0131</td>
                <td>State Agency</td>
                <td>
                  <div>
                    <p>State Agency</p>

                  </div>
                </td>
              </tr>
              <tr>
                <td style="white-space:nowrap">
                  <a name="http---terminology.hl7.org-CodeSystem-v2-0131-O"> </a>  
                  <a href="http://terminology.hl7.org/5.0.0/CodeSystem-v2-0131.html#v2-0131-O">O</a>
                </td>
                <td>http://terminology.hl7.org/CodeSystem/v2-0131</td>
                <td>Other</td>
                <td>
                  <div>
                    <p>Other</p>

                  </div>
                </td>
              </tr>
              <tr>
                <td style="white-space:nowrap">
                  <a name="http---terminology.hl7.org-CodeSystem-v2-0131-U"> </a>  
                  <a href="http://terminology.hl7.org/5.0.0/CodeSystem-v2-0131.html#v2-0131-U">U</a>
                </td>
                <td>http://terminology.hl7.org/CodeSystem/v2-0131</td>
                <td>Unknown</td>
                <td>
                  <div>
                    <p>Unknown</p>

                  </div>
                </td>
              </tr>
            </table>
          </div>
        </text>
        <url value="http://fhir.kl.dk/ffbmessaging/ValueSet/kl-messaging-ffb-relationshipTypeValues"/>
        <version value="1.0.0"/>
        <name value="KLMessagingFFBRelationshipTypeValues"/>
        <title value="RelationshipTypes"/>
        <status value="active"/>
        <date value="2023-08-26T15:37:37+02:00"/>
        <jurisdiction>
          <coding>
            <system value="urn:iso:std:iso:3166"/>
            <code value="DK"/>
            <display value="Denmark"/>
          </coding>
        </jurisdiction>
        <expansion>
          <identifier value="urn:uuid:6481222c-5fb0-4360-afa6-826796f43d57"/>
          <timestamp value="2023-08-26T15:40:53+02:00"/>
          <total value="15"/>
          <parameter>
            <name value="excludeNested"/>
            <valueBoolean value="false"/>
          </parameter>
          <parameter>
            <name value="used-codesystem"/>
            <valueUri value="http://terminology.hl7.org/CodeSystem/v3-RoleCode|2.2.0"/>
          </parameter>
          <parameter>
            <name value="used-codesystem"/>
            <valueUri value="http://fhir.kl.dk/ffbmessaging/CodeSystem/kl-messaging-ffb-relationshipTypeCodes|1.0.0"/>
          </parameter>
          <parameter>
            <name value="used-codesystem"/>
            <valueUri value="http://terminology.hl7.org/CodeSystem/v2-0131|2.1.0"/>
          </parameter>
          <contains>
            <system value="http://terminology.hl7.org/CodeSystem/v3-RoleCode"/>
            <code value="GUARD"/>
            <display value="guardian"/>
          </contains>
          <contains>
            <system value="http://terminology.hl7.org/CodeSystem/v3-RoleCode"/>
            <code value="POWATT"/>
            <display value="power of attorney"/>
          </contains>
          <contains>
            <system value="http://fhir.kl.dk/ffbmessaging/CodeSystem/kl-messaging-ffb-relationshipTypeCodes"/>
            <code value="advocate"/>
            <display value="Bisidder"/>
          </contains>
          <contains>
            <system value="http://terminology.hl7.org/CodeSystem/v2-0131"/>
            <code value="BP"/>
            <display value="Billing contact person"/>
          </contains>
          <contains>
            <system value="http://terminology.hl7.org/CodeSystem/v2-0131"/>
            <code value="CP"/>
            <display value="Contact person"/>
          </contains>
          <contains>
            <system value="http://terminology.hl7.org/CodeSystem/v2-0131"/>
            <code value="EP"/>
            <display value="Emergency contact person"/>
          </contains>
          <contains>
            <system value="http://terminology.hl7.org/CodeSystem/v2-0131"/>
            <code value="PR"/>
            <display value="Person preparing referral"/>
          </contains>
          <contains>
            <system value="http://terminology.hl7.org/CodeSystem/v2-0131"/>
            <code value="E"/>
            <display value="Employer"/>
          </contains>
          <contains>
            <system value="http://terminology.hl7.org/CodeSystem/v2-0131"/>
            <code value="C"/>
            <display value="Emergency Contact"/>
          </contains>
          <contains>
            <system value="http://terminology.hl7.org/CodeSystem/v2-0131"/>
            <code value="F"/>
            <display value="Federal Agency"/>
          </contains>
          <contains>
            <system value="http://terminology.hl7.org/CodeSystem/v2-0131"/>
            <code value="I"/>
            <display value="Insurance Company"/>
          </contains>
          <contains>
            <system value="http://terminology.hl7.org/CodeSystem/v2-0131"/>
            <code value="N"/>
            <display value="Next-of-Kin"/>
          </contains>
          <contains>
            <system value="http://terminology.hl7.org/CodeSystem/v2-0131"/>
            <code value="S"/>
            <display value="State Agency"/>
          </contains>
          <contains>
            <system value="http://terminology.hl7.org/CodeSystem/v2-0131"/>
            <code value="O"/>
            <display value="Other"/>
          </contains>
          <contains>
            <system value="http://terminology.hl7.org/CodeSystem/v2-0131"/>
            <code value="U"/>
            <display value="Unknown"/>
          </contains>
        </expansion>
      </ValueSet>
    </resource>
  </entry>
  <entry>
    <fullUrl value="http://fhir.kl.dk/ffbmessaging/ValueSet/kl-messaging-ffb-participantRoleValues"/>
    <resource>
      <ValueSet>
        <text>
          <status value="generated"/>
          <div xmlns="http://www.w3.org/1999/xhtml">
            <p>This value set contains 3 concepts</p>
            <p style="border: black 1px dotted; background-color: #EEEEEE; padding: 8px; margin-bottom: 8px">Expansion based on 
              <a href="CodeSystem-kl-messaging-ffb-participantRoleCodes.html">codesystem ParticipantRoleSystem v1.0.0 (CodeSystem)</a>
            </p>
            <table class="codes">
              <tr>
                <td style="white-space:nowrap">
                  <b>Code</b>
                </td>
                <td>
                  <b>System</b>
                </td>
                <td>
                  <b>Display</b>
                </td>
              </tr>
              <tr>
                <td style="white-space:nowrap">
                  <a name="http---fhir.kl.dk-ffbmessaging-CodeSystem-kl-messaging-ffb-participantRoleCodes-koordinerende-myndighed"> </a>  
                  <a href="CodeSystem-kl-messaging-ffb-participantRoleCodes.html#kl-messaging-ffb-participantRoleCodes-koordinerende-myndighed">koordinerende-myndighed</a>
                </td>
                <td>http://fhir.kl.dk/ffbmessaging/CodeSystem/kl-messaging-ffb-participantRoleCodes</td>
                <td>Ansvarlig for koordinering af myndighedssamarbejde</td>
              </tr>
              <tr>
                <td style="white-space:nowrap">
                  <a name="http---fhir.kl.dk-ffbmessaging-CodeSystem-kl-messaging-ffb-participantRoleCodes-samarbejdende-myndighed"> </a>  
                  <a href="CodeSystem-kl-messaging-ffb-participantRoleCodes.html#kl-messaging-ffb-participantRoleCodes-samarbejdende-myndighed">samarbejdende-myndighed</a>
                </td>
                <td>http://fhir.kl.dk/ffbmessaging/CodeSystem/kl-messaging-ffb-participantRoleCodes</td>
                <td>Samarbejdende myndighed</td>
              </tr>
              <tr>
                <td style="white-space:nowrap">
                  <a name="http---fhir.kl.dk-ffbmessaging-CodeSystem-kl-messaging-ffb-participantRoleCodes-koordinerende-udfører"> </a>  
                  <a href="CodeSystem-kl-messaging-ffb-participantRoleCodes.html#kl-messaging-ffb-participantRoleCodes-koordinerende-udf.248rer">koordinerende-udfører</a>
                </td>
                <td>http://fhir.kl.dk/ffbmessaging/CodeSystem/kl-messaging-ffb-participantRoleCodes</td>
                <td>Ansvarlig for koordinering af udførersamarbejde</td>
              </tr>
            </table>
          </div>
        </text>
        <url value="http://fhir.kl.dk/ffbmessaging/ValueSet/kl-messaging-ffb-participantRoleValues"/>
        <version value="1.0.0"/>
        <name value="KLMessagingFFBParticipantRoleValues"/>
        <title value="ParticipantRoles"/>
        <status value="active"/>
        <date value="2023-08-26T15:37:37+02:00"/>
        <jurisdiction>
          <coding>
            <system value="urn:iso:std:iso:3166"/>
            <code value="DK"/>
            <display value="Denmark"/>
          </coding>
        </jurisdiction>
        <expansion>
          <identifier value="urn:uuid:e80e95fb-5613-4223-b7bf-e5d8e490de73"/>
          <timestamp value="2023-08-26T15:40:59+02:00"/>
          <total value="3"/>
          <parameter>
            <name value="excludeNested"/>
            <valueBoolean value="false"/>
          </parameter>
          <parameter>
            <name value="used-codesystem"/>
            <valueUri value="http://fhir.kl.dk/ffbmessaging/CodeSystem/kl-messaging-ffb-participantRoleCodes|1.0.0"/>
          </parameter>
          <contains>
            <system value="http://fhir.kl.dk/ffbmessaging/CodeSystem/kl-messaging-ffb-participantRoleCodes"/>
            <code value="koordinerende-myndighed"/>
            <display value="Ansvarlig for koordinering af myndighedssamarbejde"/>
          </contains>
          <contains>
            <system value="http://fhir.kl.dk/ffbmessaging/CodeSystem/kl-messaging-ffb-participantRoleCodes"/>
            <code value="samarbejdende-myndighed"/>
            <display value="Samarbejdende myndighed"/>
          </contains>
          <contains>
            <system value="http://fhir.kl.dk/ffbmessaging/CodeSystem/kl-messaging-ffb-participantRoleCodes"/>
            <code value="koordinerende-udfører"/>
            <display value="Ansvarlig for koordinering af udførersamarbejde"/>
          </contains>
        </expansion>
      </ValueSet>
    </resource>
  </entry>
</Bundle>