{"resourceType":"ValueSet","id":"KLFollowUpCodesFFB","text":{"status":"generated","div":"<div xmlns=\"http://www.w3.org/1999/xhtml\"><p class=\"res-header-id\"><b>Generated Narrative: ValueSet KLFollowUpCodesFFB</b></p><a name=\"KLFollowUpCodesFFB\"> </a><a name=\"hcKLFollowUpCodesFFB\"> </a><a name=\"KLFollowUpCodesFFB-en-US\"> </a><ul><li>Include codes from<a href=\"CodeSystem-FFB.html\"><code>urn:oid:1.2.208.176.2.22</code></a> where concept  descends from <a href=\"CodeSystem-FFB.html#FFB-90479ffa-bf46-4b3a-a172-91f2798e2a43\">90479ffa-bf46-4b3a-a172-91f2798e2a43</a></li></ul></div>"},"url":"http://fhir.kl.dk/term/ValueSet/KLFollowUpCodesFFB","version":"2.2.0","name":"KLFollowUpCodesFFB","title":"KLOpfølgningKoderFFB","status":"active","experimental":false,"date":"2024-10-31T13:15:50+01:00","publisher":"Kommunernes Landsforening","contact":[{"name":"Kommunernes Landsforening","telecom":[{"system":"url","value":"http://kl.dk"}]}],"description":"Follow-up codes used in FFB","compose":{"include":[{"system":"urn:oid:1.2.208.176.2.22","filter":[{"property":"concept","op":"descendent-of","value":"90479ffa-bf46-4b3a-a172-91f2798e2a43"}]}]}}