{"resourceType":"ValueSet","id":"KLTargetGroupsFFB","text":{"status":"extensions","div":"<div xmlns=\"http://www.w3.org/1999/xhtml\"><p class=\"res-header-id\"><b>Generated Narrative: ValueSet KLTargetGroupsFFB</b></p><a name=\"KLTargetGroupsFFB\"> </a><a name=\"hcKLTargetGroupsFFB\"> </a><a name=\"KLTargetGroupsFFB-en-US\"> </a><ul><li>Include these codes as defined in <a href=\"CodeSystem-FFB.html\"><code>urn:oid:1.2.208.176.2.22</code></a><table class=\"none\"><tr><td style=\"white-space:nowrap\"><b>Code</b></td><td><b>Display</b></td><td><b>Definition</b></td></tr><tr><td><a href=\"CodeSystem-FFB.html#FFB-1f23325e-c9c9-455b-bfe7-b4dcd1bb63e5\">1f23325e-c9c9-455b-bfe7-b4dcd1bb63e5</a></td><td style=\"color: #cccccc\">Sjældent forekommende funktionsnedsættelse</td><td>En sjældent forekommende funktionsnedsættelse er en funktionsnedsættelse i kroppens anatomi eller kroppens funktion, herunder også mentale funktioner, som er sjældent forekommende. For at en funktionsnedsættelse kan karakteriseres som sjælden, må den have en forekomst på mindre end ca. 1.000 diagnosticerede tilfælde i Danmark. Begrebet rummer syndromer, der medfører udtalt fysisk og/eller psykisk funktionsnedsættelse, og som typisk er medfødte og arvelige.</td></tr><tr><td><a href=\"CodeSystem-FFB.html#FFB-f1c7ee41-21b4-4dba-9424-c874bf72b5e7\">f1c7ee41-21b4-4dba-9424-c874bf72b5e7</a></td><td style=\"color: #cccccc\">Multipel funktionsnedsættelse</td><td>En multipel funktionsnedsættelse er en funktionsnedsættelse i kroppens anatomi eller kroppens funktion, herunder også mentale funktioner, som er kendetegnet ved et manglende talesprog. Multipel funktionsnedsættelse er mere end blot en flerhed af problemstillinger. Det er kendetegnende for personer med multiple funktionsnedsættelser, at de ikke har et talesprog, og at de lever med mobilitetsnedsættelse og eventuelt syns- og hørenedsættelse og øvrige sansefunktionsnedsættelser i forskellige kombinationer samt en dårlig helbredstilstand, der bl.a. kommer til udtryk i store spise- og trivselsvanskeligheder, kropsspændinger, kramper og smerter. Gruppen har store medfødte eller tidligt erhvervede neurologiske og kortikale skader og har mellem 2 og 10 diagnoser, med et gennemsnit på 5. De hyppigste diagnoser er cerebral parese og muskelsygdom, mental retardering, synshandicap, medfødte misdannelser og epilepsi.</td></tr><tr><td><a href=\"CodeSystem-FFB.html#FFB-ab7b7d7b-b7bb-4b8c-99d9-5c98a302b771\">ab7b7d7b-b7bb-4b8c-99d9-5c98a302b771</a></td><td style=\"color: #cccccc\">Medfødt døvblindhed</td><td>Medfødt døvblindhed er en fysisk funktionsnedsættelse, der består af en kombineret syns- og hørenedsættelse i alvorlig grad, som er opstået inden et sprog er udviklet.</td></tr><tr><td><a href=\"CodeSystem-FFB.html#FFB-0d66b364-958e-48cf-a18b-744fab284194\">0d66b364-958e-48cf-a18b-744fab284194</a></td><td style=\"color: #cccccc\">Erhvervet døvblindhed</td><td>Erhvervet døvblindhed er en fysisk funktionsnedsættelse, der består af en kombineret syns- og hørenedsættelse i alvorlig grad, som er opstået efter et sprog er udviklet.</td></tr><tr><td><a href=\"CodeSystem-FFB.html#FFB-7ef8be83-90d1-4375-b1cb-24710bea21c7\">7ef8be83-90d1-4375-b1cb-24710bea21c7</a></td><td style=\"color: #cccccc\">Hørenedsættelse</td><td>En hørenedsættelse er en begrænsning i en persons opfattelse af lyd som resultat af en funktionsnedsættelse i kroppens anatomi eller funktioner, eksklusiv de mentale funktioner. Begrænsning dækker hele spektret fra betydeligt nedsat til fuldstændig ophævet funktion. Hørenedsættelse udgør kun en funktionsevnenedsættelse for så vidt som nedsættelsen rækker ud over det, der almindeligvis kan korrigeres for.</td></tr><tr><td><a href=\"CodeSystem-FFB.html#FFB-5cb8997c-eb10-477f-b653-b2a5ff11ce7d\">5cb8997c-eb10-477f-b653-b2a5ff11ce7d</a></td><td style=\"color: #cccccc\">Kommunikationsnedsættelse</td><td>En kommunikationsnedsættelse er en begrænsning i en persons evne til at frembringe meddelelser som resultat af en funktionsnedsættelse i kroppens anatomi eller funktioner, eksklusiv de mentale funktioner. Begrænsning dækker hele spektret fra let nedsat til fuldstændig ophævet funktion. Kommunikationsnedsættelse omfatter ikke manglende evne til at forstå meddelelser, der ofte vil være del af en psykisk funktionsnedsættelse.</td></tr><tr><td><a href=\"CodeSystem-FFB.html#FFB-6e155207-db12-419a-8d9c-d67756533056\">6e155207-db12-419a-8d9c-d67756533056</a></td><td style=\"color: #cccccc\">Mobilitetsnedsættelse</td><td>En mobilitetsnedsættelse er en begrænsning i en persons mulighed for at bevæge sig som resultat af en funktionsnedsættelse i kroppens anatomi eller funktioner, eksklusiv de mentale funktioner. Begrænsning dækker hele spektret fra let nedsat til fuldstændig ophævet funktion.</td></tr><tr><td><a href=\"CodeSystem-FFB.html#FFB-615310e8-f702-4455-910b-9d6d8aa684fb\">615310e8-f702-4455-910b-9d6d8aa684fb</a></td><td style=\"color: #cccccc\">Synsnedsættelse</td><td>En synsnedsættelse er en begrænsning i en persons evne til at se som resultat af en funktionsnedsættelse i kroppens anatomi eller funktioner, eksklusiv de mentale funktioner Evnen til at se omfatter fx synsskarphed, synsfelt eller synskvalitet. Begrænsning dækker hele spektret fra betydeligt nedsat til fuldstændig ophævet funktion. Synsnedsættelse udgør kun en funktionsevnenedsættelse for så vidt som nedsættelsen rækker ud over det, der almindeligvis kan korrigeres for.</td></tr><tr><td><a href=\"CodeSystem-FFB.html#FFB-da298aec-cd7d-436c-9927-d88d00066881\">da298aec-cd7d-436c-9927-d88d00066881</a></td><td style=\"color: #cccccc\">Anden fysisk funktionsnedsættelse</td><td>fysisk funktionsnedsættelse, der ikke er omfattet af en af de øvrige kategorier under fysisk funktionsnedsættelse</td></tr><tr><td><a href=\"CodeSystem-FFB.html#FFB-7b48f1a0-579b-4976-ae7c-4074b5981449\">7b48f1a0-579b-4976-ae7c-4074b5981449</a></td><td style=\"color: #cccccc\">Demens</td><td>Demens er en forstyrrelse i overordnede mentale funktioner, der er kendetegnet ved en fremadskridende nedsættelse af en persons intellektuelle og kognitive færdigheder, heriblandt hukommelsesfunktionen. Som eksempel på demens kan nævnes Alzheimers sygdom og vaskulær demens.</td></tr><tr><td><a href=\"CodeSystem-FFB.html#FFB-d26f97e8-99ed-46a9-94db-93340f77a950\">d26f97e8-99ed-46a9-94db-93340f77a950</a></td><td style=\"color: #cccccc\">Erhvervet hjerneskade</td><td>En erhvervet hjerneskade er misdannet eller ødelagt hjernevæv, som er kommet til efter fødslen.</td></tr><tr><td><a href=\"CodeSystem-FFB.html#FFB-1097d07f-1dba-4cc2-ae3a-399a501c2eb6\">1097d07f-1dba-4cc2-ae3a-399a501c2eb6</a></td><td style=\"color: #cccccc\">Medfødt hjerneskade</td><td>En medfødt hjerneskade er misdannet eller ødelagt hjernevæv, som er opstået før eller under fødslen.</td></tr><tr><td><a href=\"CodeSystem-FFB.html#FFB-9b3fd322-a75a-4ed8-9b74-425fa1e01c95\">9b3fd322-a75a-4ed8-9b74-425fa1e01c95</a></td><td style=\"color: #cccccc\">Autismespektrum</td><td>Autismespektrum er en dysfunktion eller nedsat funktion i hjernen, der er kendetegnet ved en mangelfuld udvikling af sociale og kommunikative færdigheder samt repetitiv og stereotyp adfærd.</td></tr><tr><td><a href=\"CodeSystem-FFB.html#FFB-cc6a58cf-d3d2-4e5f-b7fe-98b009647eac\">cc6a58cf-d3d2-4e5f-b7fe-98b009647eac</a></td><td style=\"color: #cccccc\">Opmærksomhedsforstyrrelse</td><td>En opmærksomhedsforstyrrelse er en dysfunktion eller nedsat funktion i hjernen, der er kendetegnet ved betydelige opmærksomheds- og koncentrationsproblemer. Begrebet omfatter ADHD og ADD.</td></tr><tr><td><a href=\"CodeSystem-FFB.html#FFB-e6a269f5-944a-4ff8-b4d8-6dc2134d9167\">e6a269f5-944a-4ff8-b4d8-6dc2134d9167</a></td><td style=\"color: #cccccc\">Udviklingsforstyrrelse af sansemotoriske færdigheder</td><td>Udviklingsforstyrrelse af sansemotoriske færdigheder er en udviklingsforstyrrelse, der er karakteriseret ved alvorlige forstyrrelser i udviklingen af motorisk koordination. Som eksempel på udviklingsforstyrrelse af motoriske færdigheder kan nævnes fumler-tumlersyndromet, udviklingsmæssig koordinationsforstyrrelse og udviklingsmæssig dyspraksi.</td></tr><tr><td><a href=\"CodeSystem-FFB.html#FFB-93d52b11-faa7-4ff7-b552-11a84cce8bf1\">93d52b11-faa7-4ff7-b552-11a84cce8bf1</a></td><td style=\"color: #cccccc\">Udviklingsforstyrrelse af skolefærdigheder</td><td>Udviklingsforstyrrelse af skolefærdigheder er en udviklingsforstyrrelse, hvor normale mønstre for udviklingen af intellektuelle skolefærdigheder er tilbagestående fra de tidligste udviklingstrin. Som eksempel på udviklingsforstyrrelse af skolefærdigheder kan nævnes specifik læseforstyrrelse (dysleksi), specifik staveforstyrrelse og specifik regnevanskelighed (dyskalkuli).</td></tr><tr><td><a href=\"CodeSystem-FFB.html#FFB-71dfe6d1-ebc1-4414-8527-edf8e605c356\">71dfe6d1-ebc1-4414-8527-edf8e605c356</a></td><td style=\"color: #cccccc\">Udviklingsforstyrrelse af tale og sprog</td><td>Udviklingsforstyrrelse af tale og sprog er en udviklingsforstyrrelse, hvor normale mønstre for sprogerhvervelse er påvirkede fra de tidligste udviklingstrin. Som eksempel på udviklingsforstyrrelser af tale og sprog kan nævnes specifik sprogartikulationsforstyrrelse (dysartri), sprogudtryksforstyrrelse (ekspressiv dysfasi) og sprogopfattelsesforstyrrelse (impressiv dysfasi).</td></tr><tr><td><a href=\"CodeSystem-FFB.html#FFB-5cfc9530-a193-4f66-9981-3b980ee9ea7b\">5cfc9530-a193-4f66-9981-3b980ee9ea7b</a></td><td style=\"color: #cccccc\">Anden udviklingsforstyrrelse</td><td>udviklingsforstyrrelse, der ikke er omfattet af en af de øvrige kategorier under udviklingsforstyrrelse</td></tr><tr><td><a href=\"CodeSystem-FFB.html#FFB-97c355cc-84e3-46d0-ac1b-00bc627d089f\">97c355cc-84e3-46d0-ac1b-00bc627d089f</a></td><td style=\"color: #cccccc\">Udviklingshæmning</td><td>Udviklingshæmning er en forstyrrelse i overordnede mentale funktioner, der er kendetegnet ved en forsinket eller manglende udvikling inden for bestemte områder af psyken eller mere generel mental retardering. Begrebet omfatter også Down's syndrom.</td></tr><tr><td><a href=\"CodeSystem-FFB.html#FFB-17ce646b-4469-4a73-82a9-9628436f6c70\">17ce646b-4469-4a73-82a9-9628436f6c70</a></td><td style=\"color: #cccccc\">Anden intellektuel/kognitiv forstyrrelse</td><td>Intellektuel/kognitiv forstyrrelse, der ikke er omfattet af en af de øvrige kategorier under intellektuel/kognitiv forstyrrelse</td></tr><tr><td><a href=\"CodeSystem-FFB.html#FFB-303deb9b-84f0-49d2-ab7a-f8b98eed40a2\">303deb9b-84f0-49d2-ab7a-f8b98eed40a2</a></td><td style=\"color: #cccccc\">Angst</td><td>Angst er en forstyrrelse i adfærd og tanke-, følelses-, stemnings- og fantasilivet, der er kendetegnet ved en følelse af frygt, anspændthed og uro, uden at det er muligt at identificere en umiddelbar årsag.</td></tr><tr><td><a href=\"CodeSystem-FFB.html#FFB-ee5b52bd-b839-4e69-ad04-c8b33eabfbde\">ee5b52bd-b839-4e69-ad04-c8b33eabfbde</a></td><td style=\"color: #cccccc\">Depression</td><td>Depression er en forstyrrelse i adfærd og tanke-, følelses-, stemnings- og fantasilivet, der er kendetegnet ved en markant, vedvarende følelse af tristhed, håbløshed og handlingslammelse.</td></tr><tr><td><a href=\"CodeSystem-FFB.html#FFB-f2ccc0c0-2a0a-49c9-9d6a-741a7cd220a3\">f2ccc0c0-2a0a-49c9-9d6a-741a7cd220a3</a></td><td style=\"color: #cccccc\">Forandret virkelighedsopfattelse</td><td>Forandret virkelighedsopfattelse er en forstyrrelse i adfærd og tanke-, følelses-, stemnings- og fantasilivet, der er kendetegnet ved en virkelighedsopfattelse, der udgør en væsentlig afvigelse fra accepterede statistiske normer. Begrebet dækker over skizoide/psykotiske tilstande.</td></tr><tr><td><a href=\"CodeSystem-FFB.html#FFB-6aac5ae6-ef06-4866-9c66-16d51ebbc83b\">6aac5ae6-ef06-4866-9c66-16d51ebbc83b</a></td><td style=\"color: #cccccc\">Personlighedsforstyrrelse</td><td>Personlighedsforstyrrelse er en forstyrrelse i adfærd og tanke-, følelses-, stemnings- og fantasilivet, der er kendetegnet ved en forstyrrelse i evnen til at forholde sig til andre mennesker. Begrebet dækker over borderline, psykopati og karakterafvigelser.</td></tr><tr><td><a href=\"CodeSystem-FFB.html#FFB-192b7d79-415c-4f4f-9223-607938ecbe97\">192b7d79-415c-4f4f-9223-607938ecbe97</a></td><td style=\"color: #cccccc\">Spiseforstyrrelse</td><td>Spiseforstyrrelse er en forstyrrelse i adfærd og tanke-, følelses-, stemnings- og fantasilivet, der er kendetegnet ved et afvigende spisemønster. Som eksempel på spiseforstyrrelser kan nævnes anoreksi, bulimi og tvangsspisning.</td></tr><tr><td><a href=\"CodeSystem-FFB.html#FFB-afaa7e31-2b5d-4a49-9008-56aa8df8dc13\">afaa7e31-2b5d-4a49-9008-56aa8df8dc13</a></td><td style=\"color: #cccccc\">Stressbelastning</td><td>Stressbelastning er en forstyrrelse i adfærd og tanke-, følelses-, stemnings- og fantasilivet, hvor en person gennem længere tid befinder sig i en tilstand af konstant forhøjet fysisk og psykisk beredskab. Begrebet dækker et bredt spektrum af belastende tilstande gående fra konstant anspændthed, magtesløshed, uoverskuelighed eller vanskelighed ved at fortsætte i den forhåndenværende situation, eller nedsat evne til at gennemføre dagligdags gøremål, til posttraumatisk belastningsreaktion på baggrund af traumatiske begivenheder af exceptionelt truende eller katastrofal natur.</td></tr><tr><td><a href=\"CodeSystem-FFB.html#FFB-d42d8f41-2d07-4391-a687-bad51172d0c9\">d42d8f41-2d07-4391-a687-bad51172d0c9</a></td><td style=\"color: #cccccc\">Tilknytningsforstyrrelse</td><td>Tilknytningsforstyrrelse er en forstyrrelse i adfærd og tanke-, følelses-, stemnings- og fantasilivet, der er kendetegnet ved, at en person i en tidlig alder har oplevet omsorgssvigt og nu har svært ved at danne følelsesmæssige relationer til andre mennesker.</td></tr><tr><td><a href=\"CodeSystem-FFB.html#FFB-851b2a9d-cde2-4d5d-8f33-d03789022cbb\">851b2a9d-cde2-4d5d-8f33-d03789022cbb</a></td><td style=\"color: #cccccc\">Anden psykisk vanskelighed</td><td>psykiske vanskeligheder, der ikke er omfattet af en af de øvrige kategorier under psykiske vanskeligheder</td></tr><tr><td><a href=\"CodeSystem-FFB.html#FFB-293bf940-c075-4e3d-b5ef-6e331202e556\">293bf940-c075-4e3d-b5ef-6e331202e556</a></td><td style=\"color: #cccccc\">Hjemløshed</td><td>Hjemløshed er tilstand, hvor en person ikke har en bolig. Hjemløshed som socialt problem er kendetegnet ved, at en person er, eller er i fare for at blive, marginaliseret. Begrebet dækker både husvilde, dvs. personer, der ikke har en bolig, og funktionelt hjemløse, dvs. personer, der har en bolig, men af den ene eller anden grund ikke kan opholde sig i den.</td></tr><tr><td><a href=\"CodeSystem-FFB.html#FFB-3e3f5ebf-82c1-401b-ab5e-e6138a31da3a\">3e3f5ebf-82c1-401b-ab5e-e6138a31da3a</a></td><td style=\"color: #cccccc\">Selvskadende adfærd</td><td>Selvskadende adfærd er adfærd, hvor en person intentionelt påfører eller kan påføre sig selv fysisk eller psykisk skade. Selvskadende adfærd som socialt problem, er kendetegnet ved, at en person er, eller er i fare for at blive, marginaliseret.</td></tr><tr><td><a href=\"CodeSystem-FFB.html#FFB-16075f99-3694-4878-a48d-b2f4b515cb76\">16075f99-3694-4878-a48d-b2f4b515cb76</a></td><td style=\"color: #cccccc\">Social isolation</td><td>Social isolation er en tilstand, hvor en person føler sig afsondret fra omverdenen.</td></tr><tr><td><a href=\"CodeSystem-FFB.html#FFB-e1b59a4a-9cc2-4113-a5f1-84af588b02a2\">e1b59a4a-9cc2-4113-a5f1-84af588b02a2</a></td><td style=\"color: #cccccc\">Udadreagerende adfærd</td><td>Udadreagerende adfærd er adfærd, der opleves aggressiv eller voldsom af omgivelserne. Udadreagerende adfærd som socialt problem er kendetegnet ved, at en person er, eller er i fare for at blive, marginaliseret.</td></tr><tr><td><a href=\"CodeSystem-FFB.html#FFB-66fac925-3488-43b3-8e50-4510d3821b37\">66fac925-3488-43b3-8e50-4510d3821b37</a></td><td style=\"color: #cccccc\">Andet socialt problem</td><td>socialt problem, der ikke er omfattet af en af de øvrige kategorier under socialt problem</td></tr><tr><td><a href=\"CodeSystem-FFB.html#FFB-3b166cb0-df17-4002-a4c4-69e9a943645c\">3b166cb0-df17-4002-a4c4-69e9a943645c</a></td><td style=\"color: #cccccc\">Indadreagerende adfærd</td><td>Indadreagerende er en adfærd, hvor en person er præget af en lukket og indadrettet opførsel. Indadreagerende adfærd som socialt problem er kendetegnet ved, at en person er, eller er i fare for at blive, marginaliseret.</td></tr><tr><td><a href=\"CodeSystem-FFB.html#FFB-df42d472-06f6-4c5f-9dcf-64aa6cc20925\">df42d472-06f6-4c5f-9dcf-64aa6cc20925</a></td><td style=\"color: #cccccc\">Personfarlig kriminalitet</td><td>Personfarlig kriminalitet er en handling, der er strafbar og som påfører eller risikerer at påføre en person fysisk eller psykisk skade.</td></tr><tr><td><a href=\"CodeSystem-FFB.html#FFB-6a038911-d866-4910-90ae-72ca55c641ea\">6a038911-d866-4910-90ae-72ca55c641ea</a></td><td style=\"color: #cccccc\">Ikke-personfarlig kriminalitet</td><td>Ikke-personfarlig kriminalitet er en handling, der er strafbar, men som ikke påfører eller risikerer at påføre en person fysisk eller psykisk skade.</td></tr><tr><td><a href=\"CodeSystem-FFB.html#FFB-f1f4d709-19d2-48cc-8942-231bf912323d\">f1f4d709-19d2-48cc-8942-231bf912323d</a></td><td style=\"color: #cccccc\">Omsorgssvigt</td><td>Omsorgssvigt er en tilstand, hvor en person, der er afhængig af andre personer, ikke får den omsorg og hjælp, som denne har brug for. Omsorgssvigt som socialt problem er kendetegnet ved, at en person er, eller er i fare for at blive, marginaliseret. Omsorgssvigt kan omfatte fysisk omsorgssvigt, fx utilstrækkelig ernæring, beklædning og hygiejne og psykisk omsorgssvigt, fx manglende følelsesmæssig eller intellektuel stimulation eller der kan skelnes mellem passivt omsorgssvigt, fx manglende imødekommelse af basale behov og aktivt omsorgssvigt, fx direkte skade.</td></tr><tr><td><a href=\"CodeSystem-FFB.html#FFB-ab4413f0-fa81-41c0-ad8c-21782c12a0fa\">ab4413f0-fa81-41c0-ad8c-21782c12a0fa</a></td><td style=\"color: #cccccc\">Alkoholmisbrug</td><td>Alkoholmisbrug er misbrug, hvor rusmidlet er alkohol. Misbrug er en adfærd, der er kendetegnet ved et brugsmønster af rusmiddel eller lægemiddel, som medfører fysisk, psykisk eller social skade. Skaden ved misbrug er ofte en kombination af fysisk, psykisk og social skade. Misbrug er kendetegnet ved, at en person indtager rusmidler, som ved gentagen anvendelse kan fremkalde fysisk og/eller psykisk afhængighed. Rusmidler omfatter opioider, benzodiazepiner, centralstimulantia, hallucinogener, cannabis og alkohol. (Nikotin, kaffe og te tilhører også gruppen, men er ikke medtaget i denne sammenhæng). En fysisk afhængighed er ikke det samme som et misbrug. Man kan godt være afhængig af et middel uden at være misbruger, fx kan en person være afhængig af livsvigtig medicin uden dermed at have et misbrug. Mange brugere af psykoaktive stoffer tager mere end en type af stoffer. Undergrupper af misbrug er klassificeret efter det stof, som har forårsaget eller bidraget mest til den foreliggende problemstilling. Opdelingen i alkoholmisbrug og stofmisbrug er yderligere baseret på de lovgivningsmæssige og organisatoriske rammer for behandlingen samt forskellige klientgrupper.</td></tr><tr><td><a href=\"CodeSystem-FFB.html#FFB-0e25a2ec-4f04-4d14-a5ad-a6519a7d1d5f\">0e25a2ec-4f04-4d14-a5ad-a6519a7d1d5f</a></td><td style=\"color: #cccccc\">Stofmisbrug</td><td>Stofmisbrug er misbrug, hvor rusmidlet ikke er alkohol. Misbrug er en adfærd, der der kendetegnet ved et brugsmønster af rusmiddel eller lægemiddel, som medfører fysisk, psykisk eller social skade. Skaden ved misbrug er ofte en kombination af fysisk, psykisk og social skade. Misbrug er kendetegnet ved, at en person indtager rusmidler, som ved gentagen anvendelse kan fremkalde fysisk og/eller psykisk afhængighed. Rusmidler omfatter opioider, benzodiazepiner, centralstimulantia, hallucinogener, cannabis og alkohol. (Nikotin, kaffe og te tilhører også gruppen, men er ikke medtaget i denne sammenhæng). En fysisk afhængighed er ikke det samme som et misbrug. Man kan godt være afhængig af et middel uden at være misbruger, fx kan en person være afhængig af livsvigtig medicin uden dermed at have et misbrug. Mange brugere af psykoaktive stoffer tager mere end en type af stoffer. Undergrupper af misbrug er klassificeret efter det stof, som har forårsaget eller bidraget mest til den foreliggende problemstilling. Opdelingen i alkoholmisbrug og stofmisbrug er yderligere baseret på de lovgivningsmæssige og organisatoriske rammer for behandlingen samt forskellige klientgrupper.</td></tr><tr><td><a href=\"CodeSystem-FFB.html#FFB-122f3f8e-84a0-476f-b9c5-0e40b1dcf113\">122f3f8e-84a0-476f-b9c5-0e40b1dcf113</a></td><td style=\"color: #cccccc\">Prostitution</td><td>Prostitution er en handling, hvor mindst to handlende personer på markedsmæssige betingelser henholdsvis køber og sælger en prostitutionsydelse mod betaling. Prostitution som socialt problem er kendetegnet ved, at en person er, eller er i fare for at blive, marginaliseret. Den tankemæssige forestilling om fænomenet prostitution er værdineutral. Inden for Servicelovens område er prostitution benævnt som type af socialt problem, men hvorvidt prostitution udgør et problem for den enkelte må afgøres på individniveau. Begrebet omfatter ikke forhold, der falder under de strafferetlige regler, fx køb af seksuelle ydelser, der sælges af unge under 18 år, eller det fænomen, at personer tvinges af andre til at sælge seksuelle ydelser.</td></tr><tr><td><a href=\"CodeSystem-FFB.html#FFB-6fd0f315-2297-4d66-b638-3f867a0900e0\">6fd0f315-2297-4d66-b638-3f867a0900e0</a></td><td style=\"color: #cccccc\">Seksuelt krænkende adfærd</td><td>Seksuelt krænkende adfærd, er adfærd, hvor en person udsætter andre for grænseoverskridende seksuelle handlinger eller seksuelt overgreb. Seksuelt krænkende adfærd som socialt problem er kendetegnet ved, at en person er, eller er i fare for at blive, marginaliseret.</td></tr><tr><td><a href=\"CodeSystem-FFB.html#FFB-5e95db73-4d16-4084-93a3-595c0650b160\">5e95db73-4d16-4084-93a3-595c0650b160</a></td><td style=\"color: #cccccc\">Selvmordstanker eller -forsøg</td><td>Selvmordstanker eller -forsøg er en tilstand, hvor en person har tanker om at tage sit eget liv eller har forsøgt at begå selvmord.</td></tr><tr><td><a href=\"CodeSystem-FFB.html#FFB-c47fd846-f1e0-4786-89a4-88d00e7a86c0\">c47fd846-f1e0-4786-89a4-88d00e7a86c0</a></td><td style=\"color: #cccccc\">Seksuelt overgreb</td><td>Seksuelt overgreb er, når en person eller dennes rettigheder krænkes af en stærkere part, og hvor personen udsættes for en seksuel krænkelse.</td></tr><tr><td><a href=\"CodeSystem-FFB.html#FFB-3412d671-22bf-456c-b963-c4e05c2725a0\">3412d671-22bf-456c-b963-c4e05c2725a0</a></td><td style=\"color: #cccccc\">Voldeligt overgreb</td><td>Voldeligt overgreb er, når en person eller dennes rettigheder krænkes af en stærkere part, og hvor personen krænkes med fysisk eller psykisk vold. For at brugen af fysisk eller psykisk magt kan betegnes som vold, skal der være tale om en bevidst intention om at såre eller beskadige. For børn og unge omfatter voldeligt overgreb også at være vidne til fysisk eller psykisk vold i de nære relationer.</td></tr><tr><td><a href=\"CodeSystem-FFB.html#FFB-905caa77-2b98-48ce-b0e1-35dc4c1cc4bd\">905caa77-2b98-48ce-b0e1-35dc4c1cc4bd</a></td><td style=\"color: #cccccc\">Andet overgreb</td><td>overgreb, der ikke er omfattet af en af de øvrige kategorier under overgreb</td></tr></table></li></ul></div>"},"url":"http://fhir.kl.dk/term/ValueSet/KLTargetGroupsFFB","version":"2.2.0","name":"KLTargetGroupsFFB","title":"KLMålgrupperFFB","status":"active","experimental":false,"date":"2024-10-31T13:15:50+01:00","publisher":"Kommunernes Landsforening","contact":[{"name":"Kommunernes Landsforening","telecom":[{"system":"url","value":"http://kl.dk"}]}],"description":"Target groups as defined by FFB","compose":{"include":[{"system":"urn:oid:1.2.208.176.2.22","concept":[{"code":"1f23325e-c9c9-455b-bfe7-b4dcd1bb63e5"},{"code":"f1c7ee41-21b4-4dba-9424-c874bf72b5e7"},{"code":"ab7b7d7b-b7bb-4b8c-99d9-5c98a302b771"},{"code":"0d66b364-958e-48cf-a18b-744fab284194"},{"code":"7ef8be83-90d1-4375-b1cb-24710bea21c7"},{"code":"5cb8997c-eb10-477f-b653-b2a5ff11ce7d"},{"code":"6e155207-db12-419a-8d9c-d67756533056"},{"code":"615310e8-f702-4455-910b-9d6d8aa684fb"},{"code":"da298aec-cd7d-436c-9927-d88d00066881"},{"code":"7b48f1a0-579b-4976-ae7c-4074b5981449"},{"code":"d26f97e8-99ed-46a9-94db-93340f77a950"},{"code":"1097d07f-1dba-4cc2-ae3a-399a501c2eb6"},{"code":"9b3fd322-a75a-4ed8-9b74-425fa1e01c95"},{"code":"cc6a58cf-d3d2-4e5f-b7fe-98b009647eac"},{"code":"e6a269f5-944a-4ff8-b4d8-6dc2134d9167"},{"code":"93d52b11-faa7-4ff7-b552-11a84cce8bf1"},{"code":"71dfe6d1-ebc1-4414-8527-edf8e605c356"},{"code":"5cfc9530-a193-4f66-9981-3b980ee9ea7b"},{"code":"97c355cc-84e3-46d0-ac1b-00bc627d089f"},{"code":"17ce646b-4469-4a73-82a9-9628436f6c70"},{"code":"303deb9b-84f0-49d2-ab7a-f8b98eed40a2"},{"code":"ee5b52bd-b839-4e69-ad04-c8b33eabfbde"},{"code":"f2ccc0c0-2a0a-49c9-9d6a-741a7cd220a3"},{"code":"6aac5ae6-ef06-4866-9c66-16d51ebbc83b"},{"code":"192b7d79-415c-4f4f-9223-607938ecbe97"},{"code":"afaa7e31-2b5d-4a49-9008-56aa8df8dc13"},{"code":"d42d8f41-2d07-4391-a687-bad51172d0c9"},{"code":"851b2a9d-cde2-4d5d-8f33-d03789022cbb"},{"code":"293bf940-c075-4e3d-b5ef-6e331202e556"},{"code":"3e3f5ebf-82c1-401b-ab5e-e6138a31da3a"},{"code":"16075f99-3694-4878-a48d-b2f4b515cb76"},{"code":"e1b59a4a-9cc2-4113-a5f1-84af588b02a2"},{"code":"66fac925-3488-43b3-8e50-4510d3821b37"},{"code":"3b166cb0-df17-4002-a4c4-69e9a943645c"},{"code":"df42d472-06f6-4c5f-9dcf-64aa6cc20925"},{"code":"6a038911-d866-4910-90ae-72ca55c641ea"},{"code":"f1f4d709-19d2-48cc-8942-231bf912323d"},{"code":"ab4413f0-fa81-41c0-ad8c-21782c12a0fa"},{"code":"0e25a2ec-4f04-4d14-a5ad-a6519a7d1d5f"},{"code":"122f3f8e-84a0-476f-b9c5-0e40b1dcf113"},{"code":"6fd0f315-2297-4d66-b638-3f867a0900e0"},{"code":"5e95db73-4d16-4084-93a3-595c0650b160"},{"code":"c47fd846-f1e0-4786-89a4-88d00e7a86c0"},{"code":"3412d671-22bf-456c-b963-c4e05c2725a0"},{"code":"905caa77-2b98-48ce-b0e1-35dc4c1cc4bd"}]}]}}