{"resourceType":"ValueSet","id":"KLInformationGatheringInvestigationCodes","text":{"status":"generated","div":"<div xmlns=\"http://www.w3.org/1999/xhtml\"><p class=\"res-header-id\"><b>Generated Narrative: ValueSet KLInformationGatheringInvestigationCodes</b></p><a name=\"KLInformationGatheringInvestigationCodes\"> </a><a name=\"hcKLInformationGatheringInvestigationCodes\"> </a><a name=\"KLInformationGatheringInvestigationCodes-en-US\"> </a><p>This value set includes codes based on the following rules:</p><ul><li>Import all the codes that are contained in <a href=\"ValueSet-KLEvaluationTypeCodes.html\">KLVurderingTypekoder</a></li><li>Import all the codes that are contained in <a href=\"ValueSet-KLInformationCodes.html\">KLOplysningKoder</a></li></ul></div>"},"url":"http://fhir.kl.dk/term/ValueSet/KLInformationGatheringInvestigationCodes","version":"2.2.0","name":"KLInformationGatheringInvestigationCodes","title":"KLOplysningsaktivitetsOgVurderingskoder","status":"active","experimental":false,"date":"2024-10-31T13:15:50+01:00","publisher":"Kommunernes Landsforening","contact":[{"name":"Kommunernes Landsforening","telecom":[{"system":"url","value":"http://kl.dk"}]}],"description":"Codes that identify valid items in an investigation in Danish municipalities","compose":{"include":[{"valueSet":["http://fhir.kl.dk/term/ValueSet/KLEvaluationTypeCodes"]},{"valueSet":["http://fhir.kl.dk/term/ValueSet/KLInformationCodes"]}]}}