<?xml version="1.0" encoding="UTF-8"?>

<Encounter xmlns="http://hl7.org/fhir">
  <id value="RuddiKontaktUndersoegelse"/>
  <meta>
    <profile value="http://fhir.kl.dk/rehab/StructureDefinition/klgateway-140-encounter"/>
  </meta>
  <text>
    <status value="extensions"/><div xmlns="http://www.w3.org/1999/xhtml"><p><b>Generated Narrative: Encounter</b><a name="RuddiKontaktUndersoegelse"> </a></p><div style="display: inline-block; background-color: #d9e0e7; padding: 6px; margin: 4px; border: 1px solid #8da1b4; border-radius: 5px; line-height: 60%"><p style="margin-bottom: 0px">Resource Encounter &quot;RuddiKontaktUndersoegelse&quot; </p><p style="margin-bottom: 0px">Profile: <a href="StructureDefinition-klgateway-140-encounter.html">KLGateway140Encounter</a></p></div><p><b>basedOnCarePlanExtension</b>: <a href="CarePlan-RuddiTerapeutfagligUndersoegelse.html">CarePlan/RuddiTerapeutfagligUndersoegelse</a></p><p><b>status</b>: finished</p><p><b>class</b>: ambulatory (Details: http://terminology.hl7.org/CodeSystem/v3-ActCode code AMB = 'ambulatory', stated as 'null')</p><p><b>subject</b>: <a href="Patient-RuddiTestBerggren.html">Patient/RuddiTestBerggren</a></p><p><b>period</b>: 2022-06-02 12:10:00+0000 --&gt; 2022-06-02 12:40:00+0000</p></div>
  </text>
  <extension url="http://fhir.kl.dk/rehab/StructureDefinition/BasedOnCarePlanExtension">
    <valueReference>
      <reference value="CarePlan/RuddiTerapeutfagligUndersoegelse"/>
    </valueReference>
  </extension>
  <status value="finished"/>
  <class>
    <system value="http://terminology.hl7.org/CodeSystem/v3-ActCode"/>
    <code value="AMB"/>
  </class>
  <subject>
    <reference value="Patient/RuddiTestBerggren"/>
  </subject>
  <period>
    <start value="2022-06-02T12:10:00.000Z"/>
    <end value="2022-06-02T12:40:00.000Z"/>
  </period>
</Encounter>