<?xml version="1.0" encoding="UTF-8"?>

<Organization xmlns="http://hl7.org/fhir">
  <id value="UdfoererAfRuddisRehab"/>
  <meta>
    <profile value="http://fhir.kl.dk/rehab/StructureDefinition/klgateway-140-organization"/>
  </meta>
  <text>
    <status value="generated"/><div xmlns="http://www.w3.org/1999/xhtml"><p><b>Generated Narrative: Organization</b><a name="UdfoererAfRuddisRehab"> </a></p><div style="display: inline-block; background-color: #d9e0e7; padding: 6px; margin: 4px; border: 1px solid #8da1b4; border-radius: 5px; line-height: 60%"><p style="margin-bottom: 0px">Resource Organization &quot;UdfoererAfRuddisRehab&quot; </p><p style="margin-bottom: 0px">Profile: <a href="StructureDefinition-klgateway-140-organization.html">KLGateway140Organization</a></p></div><p><b>identifier</b>: id: 1037801000016003 (use: OFFICIAL)</p></div>
  </text>
  <identifier>
    <use value="official"/>
    <system value="urn:oid:1.2.208.176.1.1"/>
    <value value="1037801000016003"/>
  </identifier>
</Organization>