<?xml version="1.0" encoding="UTF-8"?>

<ValueSet xmlns="http://hl7.org/fhir">
  <id value="CancellationTypes"/>
  <text>
    <status value="extensions"/><div xmlns="http://www.w3.org/1999/xhtml">Placeholder</div>
  </text>
  <url value="http://fhir.kl.dk/rehab/ValueSet/CancellationTypes"/>
  <version value="1.0.0"/>
  <name value="CancellationTypes"/>
  <title value="CancellationTypes"/>
  <status value="active"/>
  <experimental value="false"/>
  <date value="2023-09-28T10:03:22+02:00"/>
  <publisher value="Kommunernes Landsforening"/>
  <contact>
    <name value="Kommunernes Landsforening"/>
    <telecom>
      <system value="url"/>
      <value value="http://kl.dk"/>
    </telecom>
  </contact>
  <description value="Cancellation valueset, to be implemented in KL-term or MedCom-term"/>
  <compose>
    <include>
      <system value="http://fhir.kl.dk/term/CodeSystem/CareSocialCodes"/>
      <concept>
        <code value="4bbf6d6a-a1c6-41c2-b8c1-7352b7378adf"/>
      </concept>
      <concept>
        <code value="a63b6aa6-7d56-4e67-a5b3-d73f6d262af5"/>
      </concept>
      <concept>
        <code value="3a5a72b7-addf-4857-b80c-04e4246e3072"/>
      </concept>
      <concept>
        <code value="0cd5734d-b663-47c6-a3da-6b14a937d144"/>
      </concept>
      <concept>
        <code value="f8436c2e-af1c-44fe-939d-473b518dd01d"/>
      </concept>
      <concept>
        <code value="8371b769-4bfb-4ac8-b130-d91c54784a56"/>
      </concept>
      <concept>
        <code value="a3f2bd01-078b-486e-81be-797d192ad7bd"/>
      </concept>
      <concept>
        <code value="82e99421-31da-4915-96ed-168ccfa1d20c"/>
      </concept>
    </include>
    <include>
      <system value="http://fhir.kl.dk/rehab/CodeSystem/Tempcodes"/>
      <concept>
        <code value="ef491570-7884-4acd-bcf7-43d6b2c64762"/>
      </concept>
    </include>
  </compose>
</ValueSet>