<?xml version="1.0" encoding="UTF-8"?>

<ValueSet xmlns="http://hl7.org/fhir">
  <id value="ServiceRequestTypes140"/>
  <text>
    <status value="extensions"/><div xmlns="http://www.w3.org/1999/xhtml">Placeholder</div>
  </text>
  <url value="http://fhir.kl.dk/rehab/ValueSet/ServiceRequestTypes140"/>
  <version value="1.0.0"/>
  <name value="ServiceRequestTypes140"/>
  <title value="ServiceRequestTypes"/>
  <status value="active"/>
  <experimental value="false"/>
  <date value="2023-09-28T10:03:22+02:00"/>
  <publisher value="Kommunernes Landsforening"/>
  <contact>
    <name value="Kommunernes Landsforening"/>
    <telecom>
      <system value="url"/>
      <value value="http://kl.dk"/>
    </telecom>
  </contact>
  <description value="The type of ServicRequest (GGOP), as defined by MedCom, supplemented by the two municipality specific types"/>
  <compose>
    <include>
      <system value="http://fhir.kl.dk/rehab/CodeSystem/Tempcodes"/>
      <concept>
        <code value="ffd81f78-352e-4589-a195-5350dd1df2a4"/>
      </concept>
      <concept>
        <code value="8b962281-2ab6-4b10-9c91-4bac592d6d49"/>
      </concept>
      <concept>
        <code value="b679c454-2da2-46dd-9425-0e52d4aa2bf3"/>
      </concept>
      <concept>
        <code value="0c8e2bfc-1350-45d1-90da-c07e2645d073"/>
      </concept>
      <concept>
        <code value="83c89857-8fb8-4163-97b1-eb1a56345c29"/>
      </concept>
    </include>
  </compose>
</ValueSet>