<?xml version="1.0" encoding="UTF-8"?>

<ValueSet xmlns="http://hl7.org/fhir">
  <id value="KLConsentToLiasing"/>
  <text>
    <status value="generated"/><div xmlns="http://www.w3.org/1999/xhtml"><ul><li>Include codes from <a href="CodeSystem-CareSocialCodes.html"><code>http://fhir.kl.dk/term/CodeSystem/CareSocialCodes</code></a> where concept  descends from  <a href="CodeSystem-CareSocialCodes.html#CareSocialCodes-3762dd32-4123-43a8-815d-ec40d3697652">3762dd32-4123-43a8-815d-ec40d3697652</a></li></ul></div>
  </text>
  <url value="http://fhir.kl.dk/term/ValueSet/KLConsentToLiasing"/>
  <version value="1.0.0"/>
  <name value="KLConsentToLiasing"/>
  <title value="KLBorgerIndforståetMedHenvendelseKoder"/>
  <status value="active"/>
  <experimental value="false"/>
  <date value="2023-06-07T11:46:39+02:00"/>
  <publisher value="Kommunernes Landsforening"/>
  <contact>
    <name value="Kommunernes Landsforening"/>
    <telecom>
      <system value="url"/>
      <value value="http://kl.dk"/>
    </telecom>
  </contact>
  <description value="Codes for citizens knowledge of referal/request as defined by FFB"/>
  <compose>
    <include>
      <system value="http://fhir.kl.dk/term/CodeSystem/CareSocialCodes"/>
      <filter>
        <property value="concept"/>
        <op value="descendent-of"/>
        <value value="3762dd32-4123-43a8-815d-ec40d3697652"/>
      </filter>
    </include>
  </compose>
</ValueSet>