<?xml version="1.0" encoding="UTF-8"?>

<ValueSet xmlns="http://hl7.org/fhir">
  <id value="KLInterventionsFFB"/>
  <text>
    <status value="extensions"/><div xmlns="http://www.w3.org/1999/xhtml"><p>This value set includes codes based on the following rules:</p><ul><li>Include codes from <a href="CodeSystem-FFB.html"><code>urn:oid:1.2.208.176.2.22</code></a> where concept  descends from  <a href="CodeSystem-FFB.html#FFB-72a2a2d4-5a83-4093-ba1c-7f759c132801">72a2a2d4-5a83-4093-ba1c-7f759c132801</a></li><li>Include codes from <a href="CodeSystem-FFB.html"><code>urn:oid:1.2.208.176.2.22</code></a> where concept  descends from  <a href="CodeSystem-FFB.html#FFB-a2256d86-1cf8-4da5-be49-1f49f4335ecb">a2256d86-1cf8-4da5-be49-1f49f4335ecb</a></li><li>Include codes from <a href="CodeSystem-FFB.html"><code>urn:oid:1.2.208.176.2.22</code></a> where concept  descends from  <a href="CodeSystem-FFB.html#FFB-a1eaa022-9e5c-493c-83d3-7cc40b9df9e9">a1eaa022-9e5c-493c-83d3-7cc40b9df9e9</a></li><li>Include codes from <a href="CodeSystem-FFB.html"><code>urn:oid:1.2.208.176.2.22</code></a> where concept  descends from  <a href="CodeSystem-FFB.html#FFB-d8505298-6ea5-4ca8-923d-6e4451cc9a48">d8505298-6ea5-4ca8-923d-6e4451cc9a48</a></li><li>Include codes from <a href="CodeSystem-FFB.html"><code>urn:oid:1.2.208.176.2.22</code></a> where concept  descends from  <a href="CodeSystem-FFB.html#FFB-a63f7092-63d9-4cb5-ace5-655b552fdacc">a63f7092-63d9-4cb5-ace5-655b552fdacc</a></li><li>Include codes from <a href="CodeSystem-FFB.html"><code>urn:oid:1.2.208.176.2.22</code></a> where concept  descends from  <a href="CodeSystem-FFB.html#FFB-309b778e-52ed-448a-91ae-0650a6cd8b1b">309b778e-52ed-448a-91ae-0650a6cd8b1b</a></li><li>Include codes from <a href="CodeSystem-FFB.html"><code>urn:oid:1.2.208.176.2.22</code></a> where concept  descends from  <a href="CodeSystem-FFB.html#FFB-4ff4a2d4-4cde-4a22-bb37-ecfbd3fd9650">4ff4a2d4-4cde-4a22-bb37-ecfbd3fd9650</a></li><li>Include codes from <a href="CodeSystem-FFB.html"><code>urn:oid:1.2.208.176.2.22</code></a> where concept  descends from  <a href="CodeSystem-FFB.html#FFB-329782cf-a740-4eb7-aa7e-aaaa9a53c99e">329782cf-a740-4eb7-aa7e-aaaa9a53c99e</a></li><li>Include codes from <a href="CodeSystem-FFB.html"><code>urn:oid:1.2.208.176.2.22</code></a> where concept  descends from  <a href="CodeSystem-FFB.html#FFB-21dca9cf-c238-465b-9f12-15351f51b038">21dca9cf-c238-465b-9f12-15351f51b038</a></li></ul><p>This value set excludes codes based on the following rules:</p><ul><li>Exclude these codes as defined in <a href="CodeSystem-FFB.html"><code>urn:oid:1.2.208.176.2.22</code></a><table class="none"><tr><td style="white-space:nowrap"><b>Code</b></td><td><b>Display</b></td><td><b>Definition</b></td></tr><tr><td><a href="CodeSystem-FFB.html#FFB-794ebc42-0639-46eb-aca2-40e996568578">794ebc42-0639-46eb-aca2-40e996568578</a></td><td>Hjælp og støtte etableret i samarbejde med frivillige</td><td>forebyggende hjælp og støtte, der leveres i samarbejde med frivillige sociale organisationer eller foreninger</td></tr></table></li></ul></div>
  </text>
  <url value="http://fhir.kl.dk/term/ValueSet/KLInterventionsFFB"/>
  <version value="1.0.0"/>
  <name value="KLInterventionsFFB"/>
  <title value="KLYdelserFFB"/>
  <status value="active"/>
  <experimental value="false"/>
  <date value="2023-05-07T22:59:57+02:00"/>
  <publisher value="Kommunernes Landsforening"/>
  <contact>
    <name value="Kommunernes Landsforening"/>
    <telecom>
      <system value="url"/>
      <value value="http://kl.dk"/>
    </telecom>
  </contact>
  <description value="social interventions (ydelser) as defined by FFB"/>
  <compose>
    <include>
      <system value="urn:oid:1.2.208.176.2.22"/>
      <filter>
        <property value="concept"/>
        <op value="descendent-of"/>
        <value value="72a2a2d4-5a83-4093-ba1c-7f759c132801"/>
      </filter>
    </include>
    <include>
      <system value="urn:oid:1.2.208.176.2.22"/>
      <filter>
        <property value="concept"/>
        <op value="descendent-of"/>
        <value value="a2256d86-1cf8-4da5-be49-1f49f4335ecb"/>
      </filter>
    </include>
    <include>
      <system value="urn:oid:1.2.208.176.2.22"/>
      <filter>
        <property value="concept"/>
        <op value="descendent-of"/>
        <value value="a1eaa022-9e5c-493c-83d3-7cc40b9df9e9"/>
      </filter>
    </include>
    <include>
      <system value="urn:oid:1.2.208.176.2.22"/>
      <filter>
        <property value="concept"/>
        <op value="descendent-of"/>
        <value value="d8505298-6ea5-4ca8-923d-6e4451cc9a48"/>
      </filter>
    </include>
    <include>
      <system value="urn:oid:1.2.208.176.2.22"/>
      <filter>
        <property value="concept"/>
        <op value="descendent-of"/>
        <value value="a63f7092-63d9-4cb5-ace5-655b552fdacc"/>
      </filter>
    </include>
    <include>
      <system value="urn:oid:1.2.208.176.2.22"/>
      <filter>
        <property value="concept"/>
        <op value="descendent-of"/>
        <value value="309b778e-52ed-448a-91ae-0650a6cd8b1b"/>
      </filter>
    </include>
    <include>
      <system value="urn:oid:1.2.208.176.2.22"/>
      <filter>
        <property value="concept"/>
        <op value="descendent-of"/>
        <value value="4ff4a2d4-4cde-4a22-bb37-ecfbd3fd9650"/>
      </filter>
    </include>
    <include>
      <system value="urn:oid:1.2.208.176.2.22"/>
      <filter>
        <property value="concept"/>
        <op value="descendent-of"/>
        <value value="329782cf-a740-4eb7-aa7e-aaaa9a53c99e"/>
      </filter>
    </include>
    <include>
      <system value="urn:oid:1.2.208.176.2.22"/>
      <filter>
        <property value="concept"/>
        <op value="descendent-of"/>
        <value value="21dca9cf-c238-465b-9f12-15351f51b038"/>
      </filter>
    </include>
    <exclude>
      <system value="urn:oid:1.2.208.176.2.22"/>
      <concept>
        <code value="794ebc42-0639-46eb-aca2-40e996568578"/>
      </concept>
    </exclude>
  </compose>
</ValueSet>