<?xml version="1.0" encoding="UTF-8"?>

<ValueSet xmlns="http://hl7.org/fhir">
  <id value="KLInformationGatheringInvestigationCodes"/>
  <text>
    <status value="generated"/><div xmlns="http://www.w3.org/1999/xhtml"><p>This value set includes codes based on the following rules:</p><ul><li>Import all the codes that are contained in <a href="ValueSet-KLEvaluationTypeCodes.html">KLVurderingTypekoder</a></li><li>Import all the codes that are contained in <a href="ValueSet-KLInformationCodes.html">KLOplysningKoder</a></li></ul></div>
  </text>
  <url value="http://fhir.kl.dk/term/ValueSet/KLInformationGatheringInvestigationCodes"/>
  <version value="1.0.0"/>
  <name value="KLInformationGatheringInvestigationCodes"/>
  <title value="KLOplysningsaktivitetsOgVurderingskoder"/>
  <status value="active"/>
  <experimental value="false"/>
  <date value="2023-05-07T22:59:57+02:00"/>
  <publisher value="Kommunernes Landsforening"/>
  <contact>
    <name value="Kommunernes Landsforening"/>
    <telecom>
      <system value="url"/>
      <value value="http://kl.dk"/>
    </telecom>
  </contact>
  <description value="Codes that identify valid items in an investigation in Danish municipalities"/>
  <compose>
    <include>
      <valueSet value="http://fhir.kl.dk/term/ValueSet/KLEvaluationTypeCodes"/>
    </include>
    <include>
      <valueSet value="http://fhir.kl.dk/term/ValueSet/KLInformationCodes"/>
    </include>
  </compose>
</ValueSet>