<?xml version="1.0" encoding="UTF-8"?>

<ValueSet xmlns="http://hl7.org/fhir">
  <id value="KLPreventionInterventionsFSIII"/>
  <text>
    <status value="generated"/><div xmlns="http://www.w3.org/1999/xhtml"><ul><li>Include codes from <a href="CodeSystem-FSIII.html"><code>urn:oid:1.2.208.176.2.21</code></a> where concept  descends from  <a href="CodeSystem-FSIII.html#FSIII-102ea764-d2cf-4a24-979d-68c2e8d638cf">102ea764-d2cf-4a24-979d-68c2e8d638cf</a></li></ul></div>
  </text>
  <url value="http://fhir.kl.dk/term/ValueSet/KLPreventionInterventionsFSIII"/>
  <version value="1.0.0"/>
  <name value="KLPreventionInterventionsFSIII"/>
  <title value="KLForebyggelseIndsatserFSIII"/>
  <status value="active"/>
  <experimental value="false"/>
  <date value="2023-05-09T23:45:50+02:00"/>
  <publisher value="Kommunernes Landsforening"/>
  <contact>
    <name value="Kommunernes Landsforening"/>
    <telecom>
      <system value="url"/>
      <value value="http://kl.dk"/>
    </telecom>
  </contact>
  <description value="Prevention and health promotion interventions as defined by FSIII"/>
  <compose>
    <include>
      <system value="urn:oid:1.2.208.176.2.21"/>
      <filter>
        <property value="concept"/>
        <op value="descendent-of"/>
        <value value="102ea764-d2cf-4a24-979d-68c2e8d638cf"/>
      </filter>
    </include>
  </compose>
</ValueSet>