{
  "resourceType" : "ValueSet",
  "id" : "3b85369d-39ee-4a13-9505-1ecd50372ce9-21",
  "url" : "http://hl7.org/fhir/comparison/ValueSet/3b85369d-39ee-4a13-9505-1ecd50372ce9-21",
  "name" : "IntersectionCancellationTypesAndCancellationTypes",
  "title" : "Intersection of CancellationTypes And CancellationTypes",
  "status" : "active",
  "date" : "2024-06-03T10:45:54+02:00",
  "compose" : {
    "include" : [{
      "filter" : [{
        "property" : "concept",
        "op" : "descendent-of",
        "value" : "2c059407-fed5-4852-92d8-6bb5ad63d7bb"
      }]
    }]
  }
}