{
  "resourceType" : "ValueSet",
  "id" : "3b85369d-39ee-4a13-9505-1ecd50372ce9-45",
  "url" : "http://hl7.org/fhir/comparison/ValueSet/3b85369d-39ee-4a13-9505-1ecd50372ce9-45",
  "name" : "IntersectionKLConditionADCodesFFBAndKLConditionADCodesFFB",
  "title" : "Intersection of KLTilstandADKoderFFB And KLTilstandADKoderFFB",
  "status" : "active",
  "date" : "2024-06-03T10:45:54+02:00",
  "compose" : {
    "include" : [{
      "filter" : [{
        "property" : "concept",
        "op" : "descendent-of",
        "value" : "3856b434-f72e-42a5-b9d1-0cc93f48434b"
      }]
    },
    {
      "filter" : [{
        "property" : "concept",
        "op" : "descendent-of",
        "value" : "dfbe6ff6-223b-436a-b864-8ba29bda41e2"
      }]
    },
    {
      "filter" : [{
        "property" : "concept",
        "op" : "descendent-of",
        "value" : "c2b186f9-9c10-478e-8345-2d2c37ab4c46"
      }]
    },
    {
      "filter" : [{
        "property" : "concept",
        "op" : "descendent-of",
        "value" : "eef71492-65f5-4297-aa95-3c3a6866ddef"
      }]
    },
    {
      "filter" : [{
        "property" : "concept",
        "op" : "descendent-of",
        "value" : "da3f488f-1742-4d00-b247-a7d47500b36b"
      }]
    },
    {
      "filter" : [{
        "property" : "concept",
        "op" : "descendent-of",
        "value" : "d1495b2c-1452-4e49-8dbe-8193af5d8823"
      }]
    }]
  }
}