{
  "resourceType" : "ValueSet",
  "id" : "3b85369d-39ee-4a13-9505-1ecd50372ce9-93",
  "url" : "http://hl7.org/fhir/comparison/ValueSet/3b85369d-39ee-4a13-9505-1ecd50372ce9-93",
  "name" : "IntersectionKLFollowUpCodesFFBAndKLFollowUpCodesFFB",
  "title" : "Intersection of KLOpfølgningKoderFFB And KLOpfølgningKoderFFB",
  "status" : "active",
  "date" : "2024-06-03T10:45:54+02:00",
  "compose" : {
    "include" : [{
      "filter" : [{
        "property" : "concept",
        "op" : "descendent-of",
        "value" : "90479ffa-bf46-4b3a-a172-91f2798e2a43"
      }]
    }]
  }
}