{
  "resourceType" : "ValueSet",
  "id" : "3b85369d-39ee-4a13-9505-1ecd50372ce9-155",
  "url" : "http://hl7.org/fhir/comparison/ValueSet/3b85369d-39ee-4a13-9505-1ecd50372ce9-155",
  "name" : "UnionKLPreventionInterventionsFSIIIAndKLPreventionInterventionsFSIII",
  "title" : "Union of KLForebyggelseIndsatserFSIII And KLForebyggelseIndsatserFSIII",
  "status" : "active",
  "date" : "2024-06-03T10:45:54+02:00",
  "compose" : {
    "include" : [{
      "filter" : [{
        "property" : "concept",
        "op" : "descendent-of",
        "value" : "102ea764-d2cf-4a24-979d-68c2e8d638cf"
      }]
    }]
  }
}