{
  "resourceType" : "ValueSet",
  "id" : "fcebdae2-2b29-46fa-8db9-db9f8ea0cf39-140",
  "url" : "http://hl7.org/fhir/comparison/ValueSet/fcebdae2-2b29-46fa-8db9-db9f8ea0cf39-140",
  "name" : "UnionKLNursingAreasFSIIIAndKLNursingAreasFSIII",
  "title" : "Union of KLSygeplejeOmråderFSIII And KLSygeplejeOmråderFSIII",
  "status" : "active",
  "date" : "2024-06-01T22:25:33+02:00",
  "compose" : {
    "include" : [{
      "concept" : [{
        "code" : "I9"
      },
      {
        "code" : "I2"
      },
      {
        "code" : "I11"
      },
      {
        "code" : "I1"
      },
      {
        "code" : "I5"
      },
      {
        "code" : "I7"
      },
      {
        "code" : "I4"
      },
      {
        "code" : "I8"
      },
      {
        "code" : "I3"
      },
      {
        "code" : "I12"
      },
      {
        "code" : "I10"
      },
      {
        "code" : "I6"
      },
      {
        "code" : "94e9c867-fbc8-4d35-8596-e6b8765b12e8"
      },
      {
        "code" : "55670b1e-7a36-46b2-8712-b7536237f22d"
      },
      {
        "code" : "9162d29a-1c7f-4585-8145-8fb4f1a999e3"
      },
      {
        "code" : "fa6aa904-d06e-4029-b4c4-13ead04ace27"
      },
      {
        "code" : "3f00a76f-8e7b-4b13-80cc-f2ceef4e51d1"
      },
      {
        "code" : "01150cdb-6098-48ce-bb61-60967f6bcc37"
      },
      {
        "code" : "1bb534f3-e526-41a9-b9c3-6157ea19c915"
      },
      {
        "code" : "cc377732-7f14-49b7-8940-1aa07b8884e7"
      },
      {
        "code" : "25dcedb3-7149-4ef9-a2c3-be30267441fb"
      },
      {
        "code" : "045fa500-35b0-46b7-97dd-adb60888a8ea"
      },
      {
        "code" : "8c539fd9-7f31-4b4e-8b30-8298c8ab640f"
      },
      {
        "code" : "5bfe4bda-2358-41da-946e-1fdaa33d5fe8"
      }]
    }]
  }
}