{
  "resourceType" : "ValueSet",
  "id" : "3b85369d-39ee-4a13-9505-1ecd50372ce9-165",
  "url" : "http://hl7.org/fhir/comparison/ValueSet/3b85369d-39ee-4a13-9505-1ecd50372ce9-165",
  "name" : "IntersectionKLServicesTypesAndKLServicesTypes",
  "title" : "Intersection of KLServiceTyper And KLServiceTyper",
  "status" : "active",
  "date" : "2024-06-03T10:45:54+02:00",
  "compose" : {
    "include" : [{
      "filter" : [{
        "property" : "concept",
        "op" : "descendent-of",
        "value" : "7b41185e-eeb4-437d-8120-5d51bbd27a79"
      }]
    }]
  }
}