{
  "resourceType" : "ValueSet",
  "id" : "3b85369d-39ee-4a13-9505-1ecd50372ce9-78",
  "url" : "http://hl7.org/fhir/comparison/ValueSet/3b85369d-39ee-4a13-9505-1ecd50372ce9-78",
  "name" : "IntersectionKLConsentToLiasingAndKLConsentToLiasing",
  "title" : "Intersection of KLBorgerIndforståetMedHenvendelseKoder And KLBorgerIndforståetMedHenvendelseKoder",
  "status" : "active",
  "date" : "2024-06-03T10:45:54+02:00",
  "compose" : {
    "include" : [{
      "filter" : [{
        "property" : "concept",
        "op" : "descendent-of",
        "value" : "3762dd32-4123-43a8-815d-ec40d3697652"
      }]
    }]
  }
}