{
  "resourceType" : "ValueSet",
  "id" : "3b85369d-39ee-4a13-9505-1ecd50372ce9-170",
  "url" : "http://hl7.org/fhir/comparison/ValueSet/3b85369d-39ee-4a13-9505-1ecd50372ce9-170",
  "name" : "UnionKLSeveritiesFFBAndKLSeveritiesFFB",
  "title" : "Union of KLFunktionsevneniveauFFB And KLFunktionsevneniveauFFB",
  "status" : "active",
  "date" : "2024-06-03T10:45:54+02:00",
  "compose" : {
    "include" : [{
      "filter" : [{
        "property" : "concept",
        "op" : "descendent-of",
        "value" : "e89d317c-4657-4970-b614-ada2ed220595"
      }]
    }]
  }
}