{
  "resourceType" : "ValueSet",
  "id" : "fcebdae2-2b29-46fa-8db9-db9f8ea0cf39-35",
  "url" : "http://hl7.org/fhir/comparison/ValueSet/fcebdae2-2b29-46fa-8db9-db9f8ea0cf39-35",
  "name" : "UnionKLCitizenObservationCodesFSIIIAndKLCitizenObservationCodesFSIII",
  "title" : "Union of KLBorgervurderingsObservationskoderFSIII And KLBorgervurderingsObservationskoderFSIII",
  "status" : "active",
  "date" : "2024-06-01T22:25:33+02:00",
  "compose" : {
    "include" : [{
      "concept" : [{
        "code" : "C"
      },
      {
        "code" : "D"
      },
      {
        "code" : "d6d48a71-b96f-4b88-86f9-b13bd3c03560"
      },
      {
        "code" : "687159ad-a61c-47c0-a878-53aa54bae2d5"
      }]
    }]
  }
}