{
  "resourceType" : "ValueSet",
  "id" : "3b85369d-39ee-4a13-9505-1ecd50372ce9-81",
  "url" : "http://hl7.org/fhir/comparison/ValueSet/3b85369d-39ee-4a13-9505-1ecd50372ce9-81",
  "name" : "IntersectionKLEncounterTypesAndKLEncounterTypes",
  "title" : "Intersection of KLKontaktTyper And KLKontaktTyper",
  "status" : "active",
  "date" : "2024-06-03T10:45:54+02:00",
  "compose" : {
    "include" : [{
      "filter" : [{
        "property" : "concept",
        "op" : "descendent-of",
        "value" : "25303acd-dcaf-4a8e-a8a3-3961a43858aa"
      }]
    }]
  }
}