{
  "resourceType" : "ValueSet",
  "id" : "fcebdae2-2b29-46fa-8db9-db9f8ea0cf39-156",
  "url" : "http://hl7.org/fhir/comparison/ValueSet/fcebdae2-2b29-46fa-8db9-db9f8ea0cf39-156",
  "name" : "IntersectionKLPreventionInterventionsFSIIIAndKLPreventionInterventionsFSIII",
  "title" : "Intersection of KLForebyggelseIndsatserFSIII And KLForebyggelseIndsatserFSIII",
  "status" : "active",
  "date" : "2024-06-01T22:25:33+02:00",
  "compose" : {
    "include" : [{
      "filter" : [{
        "property" : "concept",
        "op" : "descendent-of",
        "value" : "102ea764-d2cf-4a24-979d-68c2e8d638cf"
      }]
    }]
  }
}