{
  "resourceType" : "ValueSet",
  "id" : "fcebdae2-2b29-46fa-8db9-db9f8ea0cf39-152",
  "url" : "http://hl7.org/fhir/comparison/ValueSet/fcebdae2-2b29-46fa-8db9-db9f8ea0cf39-152",
  "name" : "UnionKLPreventionAreasFSIIIAndKLPreventionAreasFSIII",
  "title" : "Union of KLForebyggelseOmråderFSIII And KLForebyggelseOmråderFSIII",
  "status" : "active",
  "date" : "2024-06-01T22:25:33+02:00",
  "compose" : {
    "include" : [{
      "concept" : [{
        "code" : "d03da587-94dc-46e6-ba71-eb1e43ec7df6"
      },
      {
        "code" : "7b3b3587-4ddd-4b93-a81b-455bfc601492"
      },
      {
        "code" : "b349c7ec-86c5-4c52-aaf2-9034d98b0e3b"
      },
      {
        "code" : "3547a306-8623-4713-a8ce-db1e82839c50"
      }]
    }]
  }
}