{
  "resourceType" : "ValueSet",
  "id" : "3b85369d-39ee-4a13-9505-1ecd50372ce9-87",
  "url" : "http://hl7.org/fhir/comparison/ValueSet/3b85369d-39ee-4a13-9505-1ecd50372ce9-87",
  "name" : "IntersectionKLEvaluationTypeCodesSCTAndKLEvaluationTypeCodesSCT",
  "title" : "Intersection of KLVurderingTypekoderSCT And KLVurderingTypekoderSCT",
  "status" : "active",
  "date" : "2024-06-03T10:45:54+02:00",
  "compose" : {
    "include" : [{
      "filter" : [{
        "property" : "concept",
        "op" : "is-a",
        "value" : "225400002"
      }]
    }]
  }
}