{
  "resourceType" : "ValueSet",
  "id" : "fcebdae2-2b29-46fa-8db9-db9f8ea0cf39-72",
  "url" : "http://hl7.org/fhir/comparison/ValueSet/fcebdae2-2b29-46fa-8db9-db9f8ea0cf39-72",
  "name" : "IntersectionKLConditionOCodesFFBAndKLConditionOCodesFFB",
  "title" : "Intersection of KLTilstandOKoderFFB And KLTilstandOKoderFFB",
  "status" : "active",
  "date" : "2024-06-01T22:25:33+02:00",
  "compose" : {
    "include" : [{
      "filter" : [{
        "property" : "concept",
        "op" : "descendent-of",
        "value" : "7445fb2b-0009-43d9-b49b-1b9782f2fcd9"
      }]
    }]
  }
}