{
  "resourceType" : "ValueSet",
  "id" : "fcebdae2-2b29-46fa-8db9-db9f8ea0cf39-30",
  "url" : "http://hl7.org/fhir/comparison/ValueSet/fcebdae2-2b29-46fa-8db9-db9f8ea0cf39-30",
  "name" : "IntersectionKLChangeValueCodesFFBAndKLChangeValueCodesFFB",
  "title" : "Intersection of KLMåltypekoderFFB And KLMåltypekoderFFB",
  "status" : "active",
  "date" : "2024-06-01T22:25:33+02:00",
  "compose" : {
    "include" : [{
      "filter" : [{
        "property" : "concept",
        "op" : "descendent-of",
        "value" : "b5257b2d-0fbf-4d00-bf38-d298c8568116"
      }]
    }]
  }
}