{
  "resourceType" : "ValueSet",
  "id" : "3b85369d-39ee-4a13-9505-1ecd50372ce9-54",
  "url" : "http://hl7.org/fhir/comparison/ValueSet/3b85369d-39ee-4a13-9505-1ecd50372ce9-54",
  "name" : "IntersectionKLConditionCodesFSIIIAndKLConditionCodesFSIII",
  "title" : "Intersection of KLTilstandKoderFSIII And KLTilstandKoderFSIII",
  "status" : "active",
  "date" : "2024-06-03T10:45:54+02:00",
  "compose" : {
    "include" : [{
      "valueSet" : ["http://fhir.kl.dk/term/ValueSet/KLConditionCodesHomeCare"]
    },
    {
      "valueSet" : ["http://fhir.kl.dk/term/ValueSet/KLConditionCodesNursing"]
    },
    {
      "valueSet" : ["http://fhir.kl.dk/term/ValueSet/KLConditionCodesTheraphy"]
    },
    {
      "valueSet" : ["http://fhir.kl.dk/term/ValueSet/KLConditionCodesPrevention"]
    }]
  }
}