{
  "resourceType" : "ValueSet",
  "id" : "fcebdae2-2b29-46fa-8db9-db9f8ea0cf39-141",
  "url" : "http://hl7.org/fhir/comparison/ValueSet/fcebdae2-2b29-46fa-8db9-db9f8ea0cf39-141",
  "name" : "IntersectionKLNursingAreasFSIIIAndKLNursingAreasFSIII",
  "title" : "Intersection of KLSygeplejeOmråderFSIII And KLSygeplejeOmråderFSIII",
  "status" : "active",
  "date" : "2024-06-01T22:25:33+02:00",
  "compose" : {
    "include" : [{
      "concept" : [{
        "code" : "I9"
      },
      {
        "code" : "I2"
      },
      {
        "code" : "I11"
      },
      {
        "code" : "I1"
      },
      {
        "code" : "I5"
      },
      {
        "code" : "I7"
      },
      {
        "code" : "I4"
      },
      {
        "code" : "I8"
      },
      {
        "code" : "I3"
      },
      {
        "code" : "I12"
      },
      {
        "code" : "I10"
      },
      {
        "code" : "I6"
      }]
    }]
  }
}