{
  "resourceType" : "ValueSet",
  "id" : "fcebdae2-2b29-46fa-8db9-db9f8ea0cf39-164",
  "url" : "http://hl7.org/fhir/comparison/ValueSet/fcebdae2-2b29-46fa-8db9-db9f8ea0cf39-164",
  "name" : "UnionKLServicesTypesAndKLServicesTypes",
  "title" : "Union of KLServiceTyper And KLServiceTyper",
  "status" : "active",
  "date" : "2024-06-01T22:25:33+02:00",
  "compose" : {
    "include" : [{
      "filter" : [{
        "property" : "concept",
        "op" : "descendent-of",
        "value" : "7b41185e-eeb4-437d-8120-5d51bbd27a79"
      }]
    }]
  }
}