{
  "resourceType" : "ValueSet",
  "id" : "3b85369d-39ee-4a13-9505-1ecd50372ce9-33",
  "url" : "http://hl7.org/fhir/comparison/ValueSet/3b85369d-39ee-4a13-9505-1ecd50372ce9-33",
  "name" : "IntersectionKLChangeValueCodesFSIIIAndKLChangeValueCodesFSIII",
  "title" : "Intersection of KLMåltypeKoderFSIII And KLMåltypeKoderFSIII",
  "status" : "active",
  "date" : "2024-06-03T10:45:54+02:00",
  "compose" : {
    "include" : [{
      "filter" : [{
        "property" : "concept",
        "op" : "descendent-of",
        "value" : "e182c5dc-9f91-474a-92e8-f62be3d498f4"
      }]
    }]
  }
}