{
  "resourceType" : "ValueSet",
  "id" : "fcebdae2-2b29-46fa-8db9-db9f8ea0cf39-116",
  "url" : "http://hl7.org/fhir/comparison/ValueSet/fcebdae2-2b29-46fa-8db9-db9f8ea0cf39-116",
  "name" : "UnionKLInformationGatheringInvestigationCodesAndKLInformationGatheringInvestigationCodes",
  "title" : "Union of KLOplysningsaktivitetsOgVurderingskoder And KLOplysningsaktivitetsOgVurderingskoder",
  "status" : "active",
  "date" : "2024-06-01T22:25:33+02:00",
  "compose" : {
    "include" : [{
      "valueSet" : ["http://fhir.kl.dk/term/ValueSet/KLEvaluationTypeCodes"]
    },
    {
      "valueSet" : ["http://fhir.kl.dk/term/ValueSet/KLInformationCodes"]
    }]
  }
}