{
  "resourceType" : "ValueSet",
  "id" : "3b85369d-39ee-4a13-9505-1ecd50372ce9-110",
  "url" : "http://hl7.org/fhir/comparison/ValueSet/3b85369d-39ee-4a13-9505-1ecd50372ce9-110",
  "name" : "UnionKLImportanceLevelCodesFSIIIAndKLImportanceLevelCodesFSIII",
  "title" : "Union of KLBetydningKoderFSIII And KLBetydningKoderFSIII",
  "status" : "active",
  "date" : "2024-06-03T10:45:54+02:00",
  "compose" : {
    "include" : [{
      "filter" : [{
        "property" : "concept",
        "op" : "descendent-of",
        "value" : "D"
      }]
    },
    {
      "system" : "urn:oid:1.2.208.176.2.21",
      "filter" : [{
        "property" : "concept",
        "op" : "descendent-of",
        "value" : "687159ad-a61c-47c0-a878-53aa54bae2d5"
      }]
    }]
  }
}