{
  "resourceType" : "ValueSet",
  "id" : "fcebdae2-2b29-46fa-8db9-db9f8ea0cf39-189",
  "url" : "http://hl7.org/fhir/comparison/ValueSet/fcebdae2-2b29-46fa-8db9-db9f8ea0cf39-189",
  "name" : "IntersectionKLTrainingInterventionsFSIIIAndKLTrainingInterventionsFSIII",
  "title" : "Intersection of KLTræningIndsatserFSIII And KLTræningIndsatserFSIII",
  "status" : "active",
  "date" : "2024-06-01T22:25:33+02:00",
  "compose" : {
    "include" : [{
      "filter" : [{
        "property" : "concept",
        "op" : "descendent-of",
        "value" : "7deb81de-12c0-4a49-bd5b-72ea6fe89d83"
      }]
    }]
  }
}