{
  "resourceType" : "ValueSet",
  "id" : "3b85369d-39ee-4a13-9505-1ecd50372ce9-83",
  "url" : "http://hl7.org/fhir/comparison/ValueSet/3b85369d-39ee-4a13-9505-1ecd50372ce9-83",
  "name" : "UnionKLEvaluationTypeCodesAndKLEvaluationTypeCodes",
  "title" : "Union of KLVurderingTypekoder And KLVurderingTypekoder",
  "status" : "active",
  "date" : "2024-06-03T10:45:54+02:00",
  "compose" : {
    "include" : [{
      "filter" : [{
        "property" : "concept",
        "op" : "descendent-of",
        "value" : "95ec4535-8fe8-4296-867c-35de421794cf"
      }]
    }]
  }
}