{
  "resourceType" : "ValueSet",
  "id" : "3b85369d-39ee-4a13-9505-1ecd50372ce9-188",
  "url" : "http://hl7.org/fhir/comparison/ValueSet/3b85369d-39ee-4a13-9505-1ecd50372ce9-188",
  "name" : "UnionKLTrainingInterventionsFSIIIAndKLTrainingInterventionsFSIII",
  "title" : "Union of KLTræningIndsatserFSIII And KLTræningIndsatserFSIII",
  "status" : "active",
  "date" : "2024-06-03T10:45:54+02:00",
  "compose" : {
    "include" : [{
      "filter" : [{
        "property" : "concept",
        "op" : "descendent-of",
        "value" : "7deb81de-12c0-4a49-bd5b-72ea6fe89d83"
      }]
    }]
  }
}