{
  "resourceType" : "ValueSet",
  "id" : "3b85369d-39ee-4a13-9505-1ecd50372ce9-62",
  "url" : "http://hl7.org/fhir/comparison/ValueSet/3b85369d-39ee-4a13-9505-1ecd50372ce9-62",
  "name" : "UnionKLConditionCodesPreventionAndKLConditionCodesPrevention",
  "title" : "Union of KLTilstandKoderForebyggelse And KLTilstandKoderForebyggelse",
  "status" : "active",
  "date" : "2024-06-03T10:45:54+02:00",
  "compose" : {
    "include" : [{
      "filter" : [{
        "property" : "concept",
        "op" : "descendent-of",
        "value" : "d03da587-94dc-46e6-ba71-eb1e43ec7df6"
      }]
    },
    {
      "filter" : [{
        "property" : "concept",
        "op" : "descendent-of",
        "value" : "7b3b3587-4ddd-4b93-a81b-455bfc601492"
      }]
    },
    {
      "filter" : [{
        "property" : "concept",
        "op" : "descendent-of",
        "value" : "b349c7ec-86c5-4c52-aaf2-9034d98b0e3b"
      }]
    },
    {
      "filter" : [{
        "property" : "concept",
        "op" : "descendent-of",
        "value" : "3547a306-8623-4713-a8ce-db1e82839c50"
      }]
    }]
  }
}