{
  "resourceType" : "ValueSet",
  "id" : "3b85369d-39ee-4a13-9505-1ecd50372ce9-59",
  "url" : "http://hl7.org/fhir/comparison/ValueSet/3b85369d-39ee-4a13-9505-1ecd50372ce9-59",
  "name" : "UnionKLConditionCodesNursingAndKLConditionCodesNursing",
  "title" : "Union of KLTilstandeKoderSygepleje And KLTilstandeKoderSygepleje",
  "status" : "active",
  "date" : "2024-06-03T10:45:54+02:00",
  "compose" : {
    "include" : [{
      "filter" : [{
        "property" : "concept",
        "op" : "descendent-of",
        "value" : "I1"
      }]
    },
    {
      "filter" : [{
        "property" : "concept",
        "op" : "descendent-of",
        "value" : "I2"
      }]
    },
    {
      "filter" : [{
        "property" : "concept",
        "op" : "descendent-of",
        "value" : "I3"
      }]
    },
    {
      "filter" : [{
        "property" : "concept",
        "op" : "descendent-of",
        "value" : "I4"
      }]
    },
    {
      "filter" : [{
        "property" : "concept",
        "op" : "descendent-of",
        "value" : "I5"
      }]
    },
    {
      "filter" : [{
        "property" : "concept",
        "op" : "descendent-of",
        "value" : "I6"
      }]
    },
    {
      "filter" : [{
        "property" : "concept",
        "op" : "descendent-of",
        "value" : "I7"
      }]
    },
    {
      "filter" : [{
        "property" : "concept",
        "op" : "descendent-of",
        "value" : "I8"
      }]
    },
    {
      "filter" : [{
        "property" : "concept",
        "op" : "descendent-of",
        "value" : "I9"
      }]
    },
    {
      "filter" : [{
        "property" : "concept",
        "op" : "descendent-of",
        "value" : "I10"
      }]
    },
    {
      "filter" : [{
        "property" : "concept",
        "op" : "descendent-of",
        "value" : "I11"
      }]
    },
    {
      "filter" : [{
        "property" : "concept",
        "op" : "descendent-of",
        "value" : "I12"
      }]
    },
    {
      "system" : "urn:oid:1.2.208.176.2.21",
      "filter" : [{
        "property" : "concept",
        "op" : "descendent-of",
        "value" : "fa6aa904-d06e-4029-b4c4-13ead04ace27"
      }]
    },
    {
      "system" : "urn:oid:1.2.208.176.2.21",
      "filter" : [{
        "property" : "concept",
        "op" : "descendent-of",
        "value" : "55670b1e-7a36-46b2-8712-b7536237f22d"
      }]
    },
    {
      "system" : "urn:oid:1.2.208.176.2.21",
      "filter" : [{
        "property" : "concept",
        "op" : "descendent-of",
        "value" : "25dcedb3-7149-4ef9-a2c3-be30267441fb"
      }]
    },
    {
      "system" : "urn:oid:1.2.208.176.2.21",
      "filter" : [{
        "property" : "concept",
        "op" : "descendent-of",
        "value" : "1bb534f3-e526-41a9-b9c3-6157ea19c915"
      }]
    },
    {
      "system" : "urn:oid:1.2.208.176.2.21",
      "filter" : [{
        "property" : "concept",
        "op" : "descendent-of",
        "value" : "3f00a76f-8e7b-4b13-80cc-f2ceef4e51d1"
      }]
    },
    {
      "system" : "urn:oid:1.2.208.176.2.21",
      "filter" : [{
        "property" : "concept",
        "op" : "descendent-of",
        "value" : "5bfe4bda-2358-41da-946e-1fdaa33d5fe8"
      }]
    },
    {
      "system" : "urn:oid:1.2.208.176.2.21",
      "filter" : [{
        "property" : "concept",
        "op" : "descendent-of",
        "value" : "01150cdb-6098-48ce-bb61-60967f6bcc37"
      }]
    },
    {
      "system" : "urn:oid:1.2.208.176.2.21",
      "filter" : [{
        "property" : "concept",
        "op" : "descendent-of",
        "value" : "cc377732-7f14-49b7-8940-1aa07b8884e7"
      }]
    },
    {
      "system" : "urn:oid:1.2.208.176.2.21",
      "filter" : [{
        "property" : "concept",
        "op" : "descendent-of",
        "value" : "94e9c867-fbc8-4d35-8596-e6b8765b12e8"
      }]
    },
    {
      "system" : "urn:oid:1.2.208.176.2.21",
      "filter" : [{
        "property" : "concept",
        "op" : "descendent-of",
        "value" : "8c539fd9-7f31-4b4e-8b30-8298c8ab640f"
      }]
    },
    {
      "system" : "urn:oid:1.2.208.176.2.21",
      "filter" : [{
        "property" : "concept",
        "op" : "descendent-of",
        "value" : "9162d29a-1c7f-4585-8145-8fb4f1a999e3"
      }]
    },
    {
      "system" : "urn:oid:1.2.208.176.2.21",
      "filter" : [{
        "property" : "concept",
        "op" : "descendent-of",
        "value" : "045fa500-35b0-46b7-97dd-adb60888a8ea"
      }]
    }]
  }
}