{
  "resourceType" : "ValueSet",
  "id" : "fcebdae2-2b29-46fa-8db9-db9f8ea0cf39-36",
  "url" : "http://hl7.org/fhir/comparison/ValueSet/fcebdae2-2b29-46fa-8db9-db9f8ea0cf39-36",
  "name" : "IntersectionKLCitizenObservationCodesFSIIIAndKLCitizenObservationCodesFSIII",
  "title" : "Intersection of KLBorgervurderingsObservationskoderFSIII And KLBorgervurderingsObservationskoderFSIII",
  "status" : "active",
  "date" : "2024-06-01T22:25:33+02:00",
  "compose" : {
    "include" : [{
      "concept" : [{
        "code" : "C"
      },
      {
        "code" : "D"
      }]
    }]
  }
}