{
  "resourceType" : "ValueSet",
  "id" : "3b85369d-39ee-4a13-9505-1ecd50372ce9-30",
  "url" : "http://hl7.org/fhir/comparison/ValueSet/3b85369d-39ee-4a13-9505-1ecd50372ce9-30",
  "name" : "IntersectionKLChangeValueCodesFFBAndKLChangeValueCodesFFB",
  "title" : "Intersection of KLMåltypekoderFFB And KLMåltypekoderFFB",
  "status" : "active",
  "date" : "2024-06-03T10:45:54+02:00",
  "compose" : {
    "include" : [{
      "filter" : [{
        "property" : "concept",
        "op" : "descendent-of",
        "value" : "b5257b2d-0fbf-4d00-bf38-d298c8568116"
      }]
    }]
  }
}