{
  "resourceType" : "ValueSet",
  "id" : "fcebdae2-2b29-46fa-8db9-db9f8ea0cf39-78",
  "url" : "http://hl7.org/fhir/comparison/ValueSet/fcebdae2-2b29-46fa-8db9-db9f8ea0cf39-78",
  "name" : "IntersectionKLConsentToLiasingAndKLConsentToLiasing",
  "title" : "Intersection of KLBorgerIndforståetMedHenvendelseKoder And KLBorgerIndforståetMedHenvendelseKoder",
  "status" : "active",
  "date" : "2024-06-01T22:25:33+02:00",
  "compose" : {
    "include" : [{
      "filter" : [{
        "property" : "concept",
        "op" : "descendent-of",
        "value" : "3762dd32-4123-43a8-815d-ec40d3697652"
      }]
    }]
  }
}