{
  "resourceType" : "ValueSet",
  "id" : "fcebdae2-2b29-46fa-8db9-db9f8ea0cf39-170",
  "url" : "http://hl7.org/fhir/comparison/ValueSet/fcebdae2-2b29-46fa-8db9-db9f8ea0cf39-170",
  "name" : "UnionKLSeveritiesFFBAndKLSeveritiesFFB",
  "title" : "Union of KLFunktionsevneniveauFFB And KLFunktionsevneniveauFFB",
  "status" : "active",
  "date" : "2024-06-01T22:25:33+02:00",
  "compose" : {
    "include" : [{
      "filter" : [{
        "property" : "concept",
        "op" : "descendent-of",
        "value" : "e89d317c-4657-4970-b614-ada2ed220595"
      }]
    }]
  }
}