{
  "resourceType" : "ValueSet",
  "id" : "fcebdae2-2b29-46fa-8db9-db9f8ea0cf39-149",
  "url" : "http://hl7.org/fhir/comparison/ValueSet/fcebdae2-2b29-46fa-8db9-db9f8ea0cf39-149",
  "name" : "UnionKLPerformanceLevelCodesFSIIIAndKLPerformanceLevelCodesFSIII",
  "title" : "Union of KLUdførelsesKoderFSIII And KLUdførelsesKoderFSIII",
  "status" : "active",
  "date" : "2024-06-01T22:25:33+02:00",
  "compose" : {
    "include" : [{
      "filter" : [{
        "property" : "concept",
        "op" : "descendent-of",
        "value" : "C"
      }]
    },
    {
      "system" : "urn:oid:1.2.208.176.2.21",
      "filter" : [{
        "property" : "concept",
        "op" : "descendent-of",
        "value" : "d6d48a71-b96f-4b88-86f9-b13bd3c03560"
      }]
    }]
  }
}