{
  "resourceType" : "ValueSet",
  "id" : "3b85369d-39ee-4a13-9505-1ecd50372ce9-72",
  "url" : "http://hl7.org/fhir/comparison/ValueSet/3b85369d-39ee-4a13-9505-1ecd50372ce9-72",
  "name" : "IntersectionKLConditionOCodesFFBAndKLConditionOCodesFFB",
  "title" : "Intersection of KLTilstandOKoderFFB And KLTilstandOKoderFFB",
  "status" : "active",
  "date" : "2024-06-03T10:45:54+02:00",
  "compose" : {
    "include" : [{
      "filter" : [{
        "property" : "concept",
        "op" : "descendent-of",
        "value" : "7445fb2b-0009-43d9-b49b-1b9782f2fcd9"
      }]
    }]
  }
}