{
  "resourceType" : "ValueSet",
  "id" : "3b85369d-39ee-4a13-9505-1ecd50372ce9-138",
  "url" : "http://hl7.org/fhir/comparison/ValueSet/3b85369d-39ee-4a13-9505-1ecd50372ce9-138",
  "name" : "IntersectionKLNeedsAssessmentCodesFFBAndKLNeedsAssessmentCodesFFB",
  "title" : "Intersection of KLStøttebehovsvurderingskoderFFB And KLStøttebehovsvurderingskoderFFB",
  "status" : "active",
  "date" : "2024-06-03T10:45:54+02:00",
  "compose" : {
    "include" : [{
      "filter" : [{
        "property" : "concept",
        "op" : "descendent-of",
        "value" : "7ac451dc-773b-4877-baaf-1e6b1d5c8e28"
      }]
    }]
  }
}