{
  "resourceType" : "ValueSet",
  "id" : "fcebdae2-2b29-46fa-8db9-db9f8ea0cf39-53",
  "url" : "http://hl7.org/fhir/comparison/ValueSet/fcebdae2-2b29-46fa-8db9-db9f8ea0cf39-53",
  "name" : "UnionKLConditionCodesFSIIIAndKLConditionCodesFSIII",
  "title" : "Union of KLTilstandKoderFSIII And KLTilstandKoderFSIII",
  "status" : "active",
  "date" : "2024-06-01T22:25:33+02:00",
  "compose" : {
    "include" : [{
      "valueSet" : ["http://fhir.kl.dk/term/ValueSet/KLConditionCodesHomeCare"]
    },
    {
      "valueSet" : ["http://fhir.kl.dk/term/ValueSet/KLConditionCodesNursing"]
    },
    {
      "valueSet" : ["http://fhir.kl.dk/term/ValueSet/KLConditionCodesTheraphy"]
    },
    {
      "valueSet" : ["http://fhir.kl.dk/term/ValueSet/KLConditionCodesPrevention"]
    }]
  }
}