{
  "resourceType" : "ValueSet",
  "id" : "3b85369d-39ee-4a13-9505-1ecd50372ce9-162",
  "url" : "http://hl7.org/fhir/comparison/ValueSet/3b85369d-39ee-4a13-9505-1ecd50372ce9-162",
  "name" : "IntersectionKLServiceCodesFFBAndKLServiceCodesFFB",
  "title" : "Intersection of KLTilbudsKoderFFB And KLTilbudsKoderFFB",
  "status" : "active",
  "date" : "2024-06-03T10:45:54+02:00",
  "compose" : {
    "include" : [{
      "concept" : [{
        "code" : "9401777d-bdc5-4f52-9804-63c8cae9a792"
      },
      {
        "code" : "a0fb02a2-367c-48bc-bacd-92e49a861a4c"
      },
      {
        "code" : "25de7444-3919-4dab-b844-8cec6c15f30e"
      },
      {
        "code" : "498fe92c-d7f7-41cd-9404-5b38fe113be0"
      },
      {
        "code" : "070016aa-e164-4813-aca5-b75acab89d63"
      },
      {
        "code" : "d90f4da6-f87a-43b5-833f-646b4baf16d6"
      },
      {
        "code" : "a7cbf55b-6906-4b2a-872e-c48b4d728837"
      },
      {
        "code" : "5ea75f09-8eec-4edc-aafd-a330a523c33e"
      }]
    }]
  }
}