{
  "resourceType" : "ValueSet",
  "id" : "3b85369d-39ee-4a13-9505-1ecd50372ce9-120",
  "url" : "http://hl7.org/fhir/comparison/ValueSet/3b85369d-39ee-4a13-9505-1ecd50372ce9-120",
  "name" : "IntersectionKLInformationGatheringTypeCodesAndKLInformationGatheringTypeCodes",
  "title" : "Intersection of KLOplysningsaktivitetsTypeKoder And KLOplysningsaktivitetsTypeKoder",
  "status" : "active",
  "date" : "2024-06-03T10:45:54+02:00",
  "compose" : {
    "include" : [{
      "filter" : [{
        "property" : "concept",
        "op" : "descendent-of",
        "value" : "940f37e6-8a3d-483b-adac-be8af3268a5b"
      }]
    }]
  }
}