{
  "resourceType" : "ValueSet",
  "id" : "fcebdae2-2b29-46fa-8db9-db9f8ea0cf39-102",
  "url" : "http://hl7.org/fhir/comparison/ValueSet/fcebdae2-2b29-46fa-8db9-db9f8ea0cf39-102",
  "name" : "IntersectionKLGoalTypeCodesAndKLGoalTypeCodes",
  "title" : "Intersection of KLMålKategoriKoder And KLMålKategoriKoder",
  "status" : "active",
  "date" : "2024-06-01T22:25:33+02:00",
  "compose" : {
    "include" : [{
      "filter" : [{
        "property" : "concept",
        "op" : "descendent-of",
        "value" : "253bbdc0-c4ca-4e77-9d3e-3a9e51281636"
      }]
    }]
  }
}