{
  "resourceType" : "ValueSet",
  "id" : "fcebdae2-2b29-46fa-8db9-db9f8ea0cf39-179",
  "url" : "http://hl7.org/fhir/comparison/ValueSet/fcebdae2-2b29-46fa-8db9-db9f8ea0cf39-179",
  "name" : "UnionKLTargetMeasureCodesAndKLTargetMeasureCodes",
  "title" : "Union of KLTypeAfObservationPåMål And KLTypeAfObservationPåMål",
  "status" : "active",
  "date" : "2024-06-01T22:25:33+02:00",
  "compose" : {
    "include" : [{
      "concept" : [{
        "code" : "66959f77-6e2a-4574-8423-3ff097f8b9fa"
      },
      {
        "code" : "90c48f03-f194-4b2f-ad7d-6cba1069ae48"
      }]
    },
    {
      "valueSet" : ["http://fhir.kl.dk/term/ValueSet/KLObservationCodes"]
    }]
  }
}