{
  "resourceType" : "ValueSet",
  "id" : "3b85369d-39ee-4a13-9505-1ecd50372ce9-126",
  "url" : "http://hl7.org/fhir/comparison/ValueSet/3b85369d-39ee-4a13-9505-1ecd50372ce9-126",
  "name" : "IntersectionKLInterventionsFFBAndKLInterventionsFFB",
  "title" : "Intersection of KLYdelserFFB And KLYdelserFFB",
  "status" : "active",
  "date" : "2024-06-03T10:45:54+02:00",
  "compose" : {
    "include" : [{
      "filter" : [{
        "property" : "concept",
        "op" : "descendent-of",
        "value" : "72a2a2d4-5a83-4093-ba1c-7f759c132801"
      }]
    },
    {
      "filter" : [{
        "property" : "concept",
        "op" : "descendent-of",
        "value" : "a2256d86-1cf8-4da5-be49-1f49f4335ecb"
      }]
    },
    {
      "filter" : [{
        "property" : "concept",
        "op" : "descendent-of",
        "value" : "a1eaa022-9e5c-493c-83d3-7cc40b9df9e9"
      }]
    },
    {
      "filter" : [{
        "property" : "concept",
        "op" : "descendent-of",
        "value" : "d8505298-6ea5-4ca8-923d-6e4451cc9a48"
      }]
    },
    {
      "filter" : [{
        "property" : "concept",
        "op" : "descendent-of",
        "value" : "a63f7092-63d9-4cb5-ace5-655b552fdacc"
      }]
    },
    {
      "filter" : [{
        "property" : "concept",
        "op" : "descendent-of",
        "value" : "309b778e-52ed-448a-91ae-0650a6cd8b1b"
      }]
    },
    {
      "filter" : [{
        "property" : "concept",
        "op" : "descendent-of",
        "value" : "4ff4a2d4-4cde-4a22-bb37-ecfbd3fd9650"
      }]
    },
    {
      "filter" : [{
        "property" : "concept",
        "op" : "descendent-of",
        "value" : "329782cf-a740-4eb7-aa7e-aaaa9a53c99e"
      }]
    },
    {
      "filter" : [{
        "property" : "concept",
        "op" : "descendent-of",
        "value" : "21dca9cf-c238-465b-9f12-15351f51b038"
      }]
    }],
    "exclude" : [{
      "concept" : [{
        "code" : "794ebc42-0639-46eb-aca2-40e996568578"
      }]
    }]
  }
}