{
  "resourceType" : "ValueSet",
  "id" : "KLPreventionAreasFSIII",
  "text" : {
    "status" : "extensions",
    "div" : "<div xmlns=\"http://www.w3.org/1999/xhtml\"><ul><li>Include these codes as defined in <a href=\"CodeSystem-FSIII.html\"><code>urn:oid:1.2.208.176.2.21</code></a><table class=\"none\"><tr><td style=\"white-space:nowrap\"><b>Code</b></td><td><b>Display</b></td><td><b>Definition</b></td></tr><tr><td><a href=\"CodeSystem-FSIII.html#FSIII-d03da587-94dc-46e6-ba71-eb1e43ec7df6\">d03da587-94dc-46e6-ba71-eb1e43ec7df6</a></td><td style=\"color: #cccccc\">Kroppen</td><td>Kroppen</td></tr><tr><td><a href=\"CodeSystem-FSIII.html#FSIII-7b3b3587-4ddd-4b93-a81b-455bfc601492\">7b3b3587-4ddd-4b93-a81b-455bfc601492</a></td><td style=\"color: #cccccc\">Hverdagsliv</td><td>Hverdagsliv</td></tr><tr><td><a href=\"CodeSystem-FSIII.html#FSIII-b349c7ec-86c5-4c52-aaf2-9034d98b0e3b\">b349c7ec-86c5-4c52-aaf2-9034d98b0e3b</a></td><td style=\"color: #cccccc\">Sundhedsadfærd</td><td>Sundhedsadfærd</td></tr><tr><td><a href=\"CodeSystem-FSIII.html#FSIII-3547a306-8623-4713-a8ce-db1e82839c50\">3547a306-8623-4713-a8ce-db1e82839c50</a></td><td style=\"color: #cccccc\">Mental sundhed</td><td>Mental sundhed</td></tr></table></li></ul></div>"
  },
  "url" : "http://fhir.kl.dk/term/ValueSet/KLPreventionAreasFSIII",
  "version" : "2.0.0",
  "name" : "KLPreventionAreasFSIII",
  "title" : "KLForebyggelseOmråderFSIII",
  "status" : "active",
  "experimental" : false,
  "date" : "2024-06-04T14:56:17+02:00",
  "publisher" : "Kommunernes Landsforening",
  "contact" : [{
    "name" : "Kommunernes Landsforening",
    "telecom" : [{
      "system" : "url",
      "value" : "http://kl.dk"
    }]
  }],
  "description" : "Prevention areas (observation codes), used for documentation within prevention and health promotion",
  "compose" : {
    "include" : [{
      "system" : "urn:oid:1.2.208.176.2.21",
      "concept" : [{
        "code" : "d03da587-94dc-46e6-ba71-eb1e43ec7df6"
      },
      {
        "code" : "7b3b3587-4ddd-4b93-a81b-455bfc601492"
      },
      {
        "code" : "b349c7ec-86c5-4c52-aaf2-9034d98b0e3b"
      },
      {
        "code" : "3547a306-8623-4713-a8ce-db1e82839c50"
      }]
    }]
  }
}