{
  "resourceType" : "CodeSystem",
  "id" : "kl-messaging-ffb-consentPolicyCodes",
  "text" : {
    "status" : "generated",
    "div" : "<div xmlns=\"http://www.w3.org/1999/xhtml\">Placeholder</div>"
  },
  "url" : "http://fhir.kl.dk/ffbmessaging/CodeSystem/kl-messaging-ffb-consentPolicyCodes",
  "version" : "1.0.0",
  "name" : "KLMessagingFFBConsentPolicyCodes",
  "title" : "ConsentPolicySystem",
  "status" : "active",
  "date" : "2023-08-26T15:31:03+02:00",
  "publisher" : "KL",
  "contact" : [{
    "name" : "KL",
    "telecom" : [{
      "system" : "url",
      "value" : "http://www.kl.dk"
    }]
  }],
  "description" : "Consent policy code system for FFB messaging",
  "jurisdiction" : [{
    "coding" : [{
      "system" : "urn:iso:std:iso:3166",
      "code" : "DK",
      "display" : "Denmark"
    }]
  }],
  "content" : "complete",
  "count" : 1,
  "concept" : [{
    "code" : "persondataloven",
    "display" : "Persondataloven, §6-8"
  }]
}