{
  "resourceType" : "ValueSet",
  "id" : "kl-messaging-ffb-participantRoleValues",
  "text" : {
    "status" : "generated",
    "div" : "<div xmlns=\"http://www.w3.org/1999/xhtml\">Placeholder</div>"
  },
  "url" : "http://fhir.kl.dk/ffbmessaging/ValueSet/kl-messaging-ffb-participantRoleValues",
  "version" : "1.0.0",
  "name" : "KLMessagingFFBParticipantRoleValues",
  "title" : "ParticipantRoles",
  "status" : "active",
  "date" : "2023-08-26T15:31:03+02:00",
  "publisher" : "KL",
  "contact" : [{
    "name" : "KL",
    "telecom" : [{
      "system" : "url",
      "value" : "http://www.kl.dk"
    }]
  }],
  "description" : "Participant roles in a care team for FFB Messaging",
  "jurisdiction" : [{
    "coding" : [{
      "system" : "urn:iso:std:iso:3166",
      "code" : "DK",
      "display" : "Denmark"
    }]
  }],
  "compose" : {
    "include" : [{
      "system" : "http://fhir.kl.dk/ffbmessaging/CodeSystem/kl-messaging-ffb-participantRoleCodes"
    }]
  }
}