{"resourceType":"CodeSystem","id":"kl-messaging-ffb-participantRoleCodes","text":{"status":"generated","div":"<div xmlns=\"http://www.w3.org/1999/xhtml\"><p>This  code system <code>http://fhir.kl.dk/ffbmessaging/CodeSystem/kl-messaging-ffb-participantRoleCodes</code> defines the following codes:</p><table class=\"codes\"><tr><td style=\"white-space:nowrap\"><b>Code</b></td><td><b>Display</b></td></tr><tr><td style=\"white-space:nowrap\">koordinerende-myndighed<a name=\"kl-messaging-ffb-participantRoleCodes-koordinerende-myndighed\"> </a></td><td>Ansvarlig for koordinering af myndighedssamarbejde</td></tr><tr><td style=\"white-space:nowrap\">samarbejdende-myndighed<a name=\"kl-messaging-ffb-participantRoleCodes-samarbejdende-myndighed\"> </a></td><td>Samarbejdende myndighed</td></tr><tr><td style=\"white-space:nowrap\">koordinerende-udfører<a name=\"kl-messaging-ffb-participantRoleCodes-koordinerende-udf.248rer\"> </a></td><td>Ansvarlig for koordinering af udførersamarbejde</td></tr></table></div>"},"url":"http://fhir.kl.dk/ffbmessaging/CodeSystem/kl-messaging-ffb-participantRoleCodes","version":"1.0.0","name":"KLMessagingFFBParticipantRoleCodes","title":"ParticipantRoleSystem","status":"active","date":"2023-08-26T15:37:37+02:00","publisher":"KL","contact":[{"name":"KL","telecom":[{"system":"url","value":"http://www.kl.dk"}]}],"description":"Participant role code system for FFB messaging","jurisdiction":[{"coding":[{"system":"urn:iso:std:iso:3166","code":"DK","display":"Denmark"}]}],"content":"complete","count":3,"concept":[{"code":"koordinerende-myndighed","display":"Ansvarlig for koordinering af myndighedssamarbejde"},{"code":"samarbejdende-myndighed","display":"Samarbejdende myndighed"},{"code":"koordinerende-udfører","display":"Ansvarlig for koordinering af udførersamarbejde"}]}