{"resourceType":"CodeSystem","id":"kl-messaging-ffb-consentPolicyCodes","text":{"status":"generated","div":"<div xmlns=\"http://www.w3.org/1999/xhtml\"><p>This  code system <code>http://fhir.kl.dk/ffbmessaging/CodeSystem/kl-messaging-ffb-consentPolicyCodes</code> defines the following code:</p><table class=\"codes\"><tr><td style=\"white-space:nowrap\"><b>Code</b></td><td><b>Display</b></td></tr><tr><td style=\"white-space:nowrap\">persondataloven<a name=\"kl-messaging-ffb-consentPolicyCodes-persondataloven\"> </a></td><td>Persondataloven, §6-8</td></tr></table></div>"},"url":"http://fhir.kl.dk/ffbmessaging/CodeSystem/kl-messaging-ffb-consentPolicyCodes","version":"1.0.0","name":"KLMessagingFFBConsentPolicyCodes","title":"ConsentPolicySystem","status":"active","date":"2023-08-27T08:19:39+02:00","publisher":"KL","contact":[{"name":"KL","telecom":[{"system":"url","value":"http://www.kl.dk"}]}],"description":"Consent policy code system for FFB messaging","jurisdiction":[{"coding":[{"system":"urn:iso:std:iso:3166","code":"DK","display":"Denmark"}]}],"content":"complete","count":1,"concept":[{"code":"persondataloven","display":"Persondataloven, §6-8"}]}