{"resourceType":"CodeSystem","id":"LocallyDefinedInterventions","text":{"status":"generated","div":"<div xmlns=\"http://www.w3.org/1999/xhtml\"><p>This code system <code>http://municipality-care-data.gateway.kl.dk/1.0/CodeSystem/LocallyDefinedInterventions</code> provides a fragment that includes following codes:</p><table class=\"codes\"><tr><td style=\"white-space:nowrap\"><b>Code</b></td></tr></table></div>"},"url":"http://municipality-care-data.gateway.kl.dk/1.0/CodeSystem/LocallyDefinedInterventions","version":"1.0.1","name":"LocallyDefinedInterventions","status":"draft","date":"2023-08-21T11:23:30+02:00","publisher":"KL","contact":[{"name":"KL","telecom":[{"system":"url","value":"http://www.kl.dk"}]}],"description":"Coding system to indicate a code defined locally in the managing organization","jurisdiction":[{"coding":[{"system":"urn:iso:std:iso:3166","code":"DK","display":"Denmark"}]}],"content":"fragment"}