{"resourceType":"ValueSet","id":"FSIIICareGoalTypes","text":{"status":"extensions","div":"<div xmlns=\"http://www.w3.org/1999/xhtml\"><ul><li>Include these codes as defined in <a href=\"file:///Users/jkiddo/work/KL-dk/output/CodeSystem-FSIII.html\"><code>http://kl.dk/fhir/common/caresocial/CodeSystem/FSIII</code></a><table class=\"none\"><tr><td style=\"white-space:nowrap\"><b>Code</b></td><td><b>Display</b></td><td><b>Definition</b></td></tr><tr><td><a href=\"file:///Users/jkiddo/work/KL-dk/output/CodeSystem-FSIII.html#FSIII-e182c5dc-9f91-474a-92e8-f62be3d498f4\">e182c5dc-9f91-474a-92e8-f62be3d498f4</a></td><td>Tilstand forsvinder, mindskes eller forbliver uændret</td><td>Helbredstilstand eller funktionsevnetilstand forventes at forsvinde, mindskes eller forblive uændret ifm. indsatsen</td></tr></table></li></ul></div>"},"url":"http://municipality-care-data.gateway.kl.dk/1.0/ValueSet/FSIIICareGoalTypes","version":"1.0.1","name":"FSIIICareGoalTypes","title":"FSIIICareGoalTypes","status":"draft","date":"2023-08-21T11:23:30+02:00","publisher":"KL","contact":[{"name":"KL","telecom":[{"system":"url","value":"http://www.kl.dk"}]}],"description":"Goal Types defined by FSIII for nursing and home care","jurisdiction":[{"coding":[{"system":"urn:iso:std:iso:3166","code":"DK","display":"Denmark"}]}],"compose":{"include":[{"system":"http://kl.dk/fhir/common/caresocial/CodeSystem/FSIII","concept":[{"code":"e182c5dc-9f91-474a-92e8-f62be3d498f4"}]}]}}