{"resourceType":"ValueSet","id":"KLGatewayCareMatterOfInterestValues","text":{"status":"generated","div":"<div xmlns=\"http://www.w3.org/1999/xhtml\"><ul><li>Include these codes as defined in <a href=\"file:///Users/jkiddo/work/KL-dk/output/CodeSystem-FSIII.html\"><code>http://kl.dk/fhir/common/caresocial/CodeSystem/FSIII</code></a><table class=\"none\"><tr><td style=\"white-space:nowrap\"><b>Code</b></td><td><b>Display</b></td></tr><tr><td><a href=\"file:///Users/jkiddo/work/KL-dk/output/CodeSystem-FSIII.html#FSIII-B6\">B6</a></td><td>Ikke relevant</td></tr></table></li></ul></div>"},"url":"http://municipality-care-data.gateway.kl.dk/1.0/ValueSet/KLGatewayCareMatterOfInterestValues","version":"1.0.1","name":"KLGatewayCareMatterOfInterestValues","title":"KLGatewayCareMatterOfInterestValues","status":"draft","date":"2023-08-21T11:23:30+02:00","publisher":"KL","contact":[{"name":"KL","telecom":[{"system":"url","value":"http://www.kl.dk"}]}],"description":"Values of Matters of Interests (areas)","jurisdiction":[{"coding":[{"system":"urn:iso:std:iso:3166","code":"DK","display":"Denmark"}]}],"compose":{"include":[{"system":"http://kl.dk/fhir/common/caresocial/CodeSystem/FSIII","concept":[{"code":"B6","display":"Ikke relevant"}]}]}}