{
  "resourceType" : "Observation",
  "id" : "RikkeBodyWeight2mth",
  "meta" : {
    "profile" : ["http://fhir.kl.dk/children/StructureDefinition/klgateway-children-bodyweight"]
  },
  "text" : {
    "status" : "generated",
    "div" : "<div xmlns=\"http://www.w3.org/1999/xhtml\"><p><b>Generated Narrative: Observation </b><a name=\"RikkeBodyWeight2mth\"> </a><a name=\"hcRikkeBodyWeight2mth\"> </a></p><div style=\"display: inline-block; background-color: #d9e0e7; padding: 6px; margin: 4px; border: 1px solid #8da1b4; border-radius: 5px; line-height: 60%\"><p style=\"margin-bottom: 0px\">ResourceObservation &quot;RikkeBodyWeight2mth&quot; </p><p style=\"margin-bottom: 0px\">Profile: <a href=\"StructureDefinition-klgateway-children-bodyweight.html\">KLGatewayChildrenBodyWeight</a></p></div><p><b>status</b>: final</p><p><b>category</b>: Vital Signs <span style=\"background: LightGoldenRodYellow; margin: 4px; border: 1px solid khaki\"> (<a href=\"http://terminology.hl7.org/5.5.0/CodeSystem-observation-category.html\">Observation Category Codes</a>#vital-signs)</span></p><p><b>code</b>: Body weight <span style=\"background: LightGoldenRodYellow; margin: 4px; border: 1px solid khaki\"> (<a href=\"https://loinc.org/\">LOINC</a>#29463-7; <a href=\"https://browser.ihtsdotools.org/\">SNOMED CT</a>#27113001)</span></p><p><b>subject</b>: <a href=\"Patient-Rikke.html\">Patient/Rikke</a></p><p><b>encounter</b>: <a href=\"Encounter-2mthEncounter.html\">Encounter/2mthEncounter</a></p><p><b>effective</b>: 2020-06-30</p><p><b>value</b>: 6200 g<span style=\"background: LightGoldenRodYellow\"> (Details: UCUM  codeg = 'g')</span></p></div>"
  },
  "status" : "final",
  "category" : [{
    "coding" : [{
      "system" : "http://terminology.hl7.org/CodeSystem/observation-category",
      "code" : "vital-signs"
    }]
  }],
  "code" : {
    "coding" : [{
      "system" : "http://loinc.org",
      "code" : "29463-7"
    },
    {
      "system" : "http://snomed.info/sct",
      "code" : "27113001",
      "display" : "Body weight"
    }]
  },
  "subject" : {
    "reference" : "Patient/Rikke"
  },
  "encounter" : {
    "reference" : "Encounter/2mthEncounter"
  },
  "effectiveDateTime" : "2020-06-30",
  "valueQuantity" : {
    "value" : 6200,
    "unit" : "g",
    "system" : "http://unitsofmeasure.org",
    "code" : "g"
  }
}