{
  "resourceType" : "ValueSet",
  "id" : "KLCitizenObservationResultCodesFSIII",
  "text" : {
    "status" : "generated",
    "div" : "<div xmlns=\"http://www.w3.org/1999/xhtml\"><p>This value set includes codes based on the following rules:</p><ul><li>Import all the codes that are contained in <a href=\"ValueSet-KLPerformanceLevelCodesFSIII.html\">KLUdførelsesKoderFSIII</a></li><li>Import all the codes that are contained in <a href=\"ValueSet-KLImportanceLevelCodesFSIII.html\">KLBetydningKoderFSIII</a></li></ul></div>"
  },
  "url" : "http://fhir.kl.dk/term/ValueSet/KLCitizenObservationResultCodesFSIII",
  "version" : "1.0.0",
  "name" : "KLCitizenObservationResultCodesFSIII",
  "title" : "KLBorgervurderingsResultatkoderFSIII",
  "status" : "active",
  "experimental" : false,
  "date" : "2023-04-25T15:43:23+02:00",
  "publisher" : "Kommunernes Landsforening",
  "contact" : [{
    "name" : "Kommunernes Landsforening",
    "telecom" : [{
      "system" : "url",
      "value" : "http://kl.dk"
    }]
  }],
  "description" : "Performance and Importance level codes, as evaluated by the citizen",
  "compose" : {
    "include" : [{
      "valueSet" : ["http://fhir.kl.dk/term/ValueSet/KLPerformanceLevelCodesFSIII"]
    },
    {
      "valueSet" : ["http://fhir.kl.dk/term/ValueSet/KLImportanceLevelCodesFSIII"]
    }]
  }
}