{
  "resourceType" : "Bundle",
  "id" : "RuddiIndberetningsrapport",
  "meta" : {
    "profile" : ["http://fhir.kl.dk/rehab/StructureDefinition/klgateway-140-delivery-report"]
  },
  "type" : "collection",
  "timestamp" : "2020-08-14T00:00:00Z",
  "entry" : [{
    "fullUrl" : "https://test.fhir.dk/Patient/RuddiTestBerggren",
    "resource" : {
      "resourceType" : "Patient",
      "id" : "RuddiTestBerggren",
      "meta" : {
        "profile" : ["http://fhir.kl.dk/rehab/StructureDefinition/klgateway-140-citizen"]
      },
      "text" : {
        "status" : "generated",
        "div" : "<div xmlns=\"http://www.w3.org/1999/xhtml\"><a name=\"Patient_RuddiTestBerggren\"> </a><p class=\"res-header-id\"><b>Generated Narrative: Patient RuddiTestBerggren</b></p><a name=\"RuddiTestBerggren\"> </a><a name=\"hcRuddiTestBerggren\"> </a><a name=\"hcRuddiTestBerggren-en-US\"> </a><p style=\"border: 1px #661aff solid; background-color: #e6e6ff; padding: 10px;\">Anonymous Patient (no stated gender), DoB Unknown ( urn:oid:1.2.208.176.1.2#1502779995\u00a0(use:\u00a0official,\u00a0))</p><hr/><table class=\"grid\"><tr><td style=\"background-color: #f3f5da\" title=\"Known status of Patient\">Deceased:</td><td colspan=\"3\">false</td></tr><tr><td style=\"background-color: #f3f5da\" title=\"Patient Links\">Links:</td><td colspan=\"3\"><ul><li>Managing Organization: Identifier: <code>urn:oid:1.2.208.176.1.1</code>/451000016003\u00a0(use:\u00a0official,\u00a0)</li></ul></td></tr></table></div>"
      },
      "identifier" : [{
        "use" : "official",
        "system" : "urn:oid:1.2.208.176.1.2",
        "value" : "1502779995"
      }],
      "deceasedBoolean" : false,
      "managingOrganization" : {
        "identifier" : {
          "use" : "official",
          "system" : "urn:oid:1.2.208.176.1.1",
          "value" : "451000016003"
        }
      }
    }
  },
  {
    "fullUrl" : "https://test.fhir.dk/Organization/AfsenderAfRuddisGGOP",
    "resource" : {
      "resourceType" : "Organization",
      "id" : "AfsenderAfRuddisGGOP",
      "meta" : {
        "profile" : ["http://fhir.kl.dk/rehab/StructureDefinition/klgateway-140-organization"]
      },
      "text" : {
        "status" : "generated",
        "div" : "<div xmlns=\"http://www.w3.org/1999/xhtml\"><a name=\"Organization_AfsenderAfRuddisGGOP\"> </a><p class=\"res-header-id\"><b>Generated Narrative: Organization AfsenderAfRuddisGGOP</b></p><a name=\"AfsenderAfRuddisGGOP\"> </a><a name=\"hcAfsenderAfRuddisGGOP\"> </a><a name=\"hcAfsenderAfRuddisGGOP-en-US\"> </a><p><b>identifier</b>: <code>urn:oid:1.2.208.176.1.1</code>/227871000016001\u00a0(use:\u00a0official,\u00a0)</p></div>"
      },
      "identifier" : [{
        "use" : "official",
        "system" : "urn:oid:1.2.208.176.1.1",
        "value" : "227871000016001"
      }]
    }
  },
  {
    "fullUrl" : "https://test.fhir.dk/Organization/UdfoererAfRuddisRehab",
    "resource" : {
      "resourceType" : "Organization",
      "id" : "UdfoererAfRuddisRehab",
      "meta" : {
        "profile" : ["http://fhir.kl.dk/rehab/StructureDefinition/klgateway-140-organization"]
      },
      "text" : {
        "status" : "generated",
        "div" : "<div xmlns=\"http://www.w3.org/1999/xhtml\"><a name=\"Organization_UdfoererAfRuddisRehab\"> </a><p class=\"res-header-id\"><b>Generated Narrative: Organization UdfoererAfRuddisRehab</b></p><a name=\"UdfoererAfRuddisRehab\"> </a><a name=\"hcUdfoererAfRuddisRehab\"> </a><a name=\"hcUdfoererAfRuddisRehab-en-US\"> </a><p><b>identifier</b>: <code>urn:oid:1.2.208.176.1.1</code>/1037801000016003\u00a0(use:\u00a0official,\u00a0)</p></div>"
      },
      "identifier" : [{
        "use" : "official",
        "system" : "urn:oid:1.2.208.176.1.1",
        "value" : "1037801000016003"
      }]
    }
  },
  {
    "fullUrl" : "https://test.fhir.dk/Condition/RuddiAktionsdiagnoseGGOP",
    "resource" : {
      "resourceType" : "Condition",
      "id" : "RuddiAktionsdiagnoseGGOP",
      "meta" : {
        "profile" : ["http://fhir.kl.dk/rehab/StructureDefinition/klgateway-140-focus-condition"]
      },
      "text" : {
        "status" : "generated",
        "div" : "<div xmlns=\"http://www.w3.org/1999/xhtml\"><a name=\"Condition_RuddiAktionsdiagnoseGGOP\"> </a><p class=\"res-header-id\"><b>Generated Narrative: Condition RuddiAktionsdiagnoseGGOP</b></p><a name=\"RuddiAktionsdiagnoseGGOP\"> </a><a name=\"hcRuddiAktionsdiagnoseGGOP\"> </a><a name=\"hcRuddiAktionsdiagnoseGGOP-en-US\"> </a><p><b>clinicalStatus</b>: <span title=\"Codes:{http://terminology.hl7.org/CodeSystem/condition-clinical active}\">Active</span></p><p><b>code</b>: <span title=\"Codes:{urn:oid:1.2.208.176.2.4.12 DS721}\">Pertrokantær femurfraktur</span></p><p><b>subject</b>: <a href=\"Patient-RuddiTestBerggren.html\">Anonymous Patient (no stated gender), DoB Unknown ( urn:oid:1.2.208.176.1.2#1502779995\u00a0(use:\u00a0official,\u00a0))</a></p></div>"
      },
      "clinicalStatus" : {
        "coding" : [{
          "system" : "http://terminology.hl7.org/CodeSystem/condition-clinical",
          "code" : "active"
        }]
      },
      "code" : {
        "coding" : [{
          "system" : "urn:oid:1.2.208.176.2.4.12",
          "code" : "DS721",
          "display" : "Pertrokantær femurfraktur"
        }]
      },
      "subject" : {
        "reference" : "Patient/RuddiTestBerggren"
      }
    }
  },
  {
    "fullUrl" : "https://test.fhir.dk/ServiceRequest/RuddiGGOPInformation",
    "resource" : {
      "resourceType" : "ServiceRequest",
      "id" : "RuddiGGOPInformation",
      "meta" : {
        "profile" : ["http://fhir.kl.dk/rehab/StructureDefinition/klgateway-140-servicerequest"]
      },
      "text" : {
        "status" : "generated",
        "div" : "<div xmlns=\"http://www.w3.org/1999/xhtml\"><a name=\"ServiceRequest_RuddiGGOPInformation\"> </a><p class=\"res-header-id\"><b>Generated Narrative: ServiceRequest RuddiGGOPInformation</b></p><a name=\"RuddiGGOPInformation\"> </a><a name=\"hcRuddiGGOPInformation\"> </a><a name=\"hcRuddiGGOPInformation-en-US\"> </a><p><b>status</b>: Active</p><p><b>intent</b>: Plan</p><p><b>category</b>: <span title=\"Codes:{http://fhir.kl.dk/term/CodeSystem/CareSocialCodes ffd81f78-352e-4589-a195-5350dd1df2a4}\">almen</span>, <span title=\"Codes:{http://fhir.kl.dk/term/CodeSystem/CareSocialCodes 8b962281-2ab6-4b10-9c91-4bac592d6d49}\">basal</span></p><p><b>code</b>: <span title=\"Codes:{http://fhir.kl.dk/term/CodeSystem/CareSocialCodes 7fc66c15-0cb3-4c89-9e18-f3a01e6a6592}\">Kommunal genoptræning efter sygehusophold</span></p><p><b>subject</b>: <a href=\"Patient-RuddiTestBerggren.html\">Anonymous Patient (no stated gender), DoB Unknown ( urn:oid:1.2.208.176.1.2#1502779995\u00a0(use:\u00a0official,\u00a0))</a></p><p><b>occurrence</b>: 2022-05-28 --&gt; (ongoing)</p><p><b>authoredOn</b>: 2022-05-23</p><p><b>requester</b>: <a href=\"Organization-AfsenderAfRuddisGGOP.html\">Organization: identifier = urn:oid:1.2.208.176.1.1#227871000016001\u00a0(use:\u00a0official,\u00a0)</a></p><p><b>reasonReference</b>: <a href=\"Condition-RuddiAktionsdiagnoseGGOP.html\">Condition Pertrokantær femurfraktur</a></p></div>"
      },
      "extension" : [{
        "url" : "http://fhir.kl.dk/rehab/StructureDefinition/PreconditionDate",
        "valueDate" : "2022-05-24"
      }],
      "status" : "active",
      "intent" : "plan",
      "category" : [{
        "coding" : [{
          "system" : "http://fhir.kl.dk/term/CodeSystem/CareSocialCodes",
          "code" : "ffd81f78-352e-4589-a195-5350dd1df2a4",
          "display" : "almen"
        }]
      },
      {
        "coding" : [{
          "system" : "http://fhir.kl.dk/term/CodeSystem/CareSocialCodes",
          "code" : "8b962281-2ab6-4b10-9c91-4bac592d6d49",
          "display" : "basal"
        }]
      }],
      "code" : {
        "coding" : [{
          "system" : "http://fhir.kl.dk/term/CodeSystem/CareSocialCodes",
          "code" : "7fc66c15-0cb3-4c89-9e18-f3a01e6a6592"
        }]
      },
      "subject" : {
        "reference" : "Patient/RuddiTestBerggren"
      },
      "occurrencePeriod" : {
        "start" : "2022-05-28"
      },
      "authoredOn" : "2022-05-23",
      "requester" : {
        "reference" : "Organization/AfsenderAfRuddisGGOP"
      },
      "reasonReference" : [{
        "reference" : "Condition/RuddiAktionsdiagnoseGGOP"
      }]
    }
  },
  {
    "fullUrl" : "https://test.fhir.dk/CarePlan/RuddiTerapeutfagligUndersoegelse",
    "resource" : {
      "resourceType" : "CarePlan",
      "id" : "RuddiTerapeutfagligUndersoegelse",
      "meta" : {
        "profile" : ["http://fhir.kl.dk/rehab/StructureDefinition/klgateway-140-planned-intervention"]
      },
      "text" : {
        "status" : "generated",
        "div" : "<div xmlns=\"http://www.w3.org/1999/xhtml\"><a name=\"CarePlan_RuddiTerapeutfagligUndersoegelse\"> </a><p class=\"res-header-id\"><b>Generated Narrative: CarePlan RuddiTerapeutfagligUndersoegelse</b></p><a name=\"RuddiTerapeutfagligUndersoegelse\"> </a><a name=\"hcRuddiTerapeutfagligUndersoegelse\"> </a><a name=\"hcRuddiTerapeutfagligUndersoegelse-en-US\"> </a><p><b>status</b>: Active</p><p><b>intent</b>: Plan</p><p><b>subject</b>: <a href=\"Patient-RuddiTestBerggren.html\">Anonymous Patient (no stated gender), DoB Unknown ( urn:oid:1.2.208.176.1.2#1502779995\u00a0(use:\u00a0official,\u00a0))</a></p><p><b>period</b>: 2022-05-23 --&gt; 2022-06-02</p><blockquote><p><b>activity</b></p><h3>Details</h3><table class=\"grid\"><tr><td style=\"display: none\">-</td><td><b>Extension</b></td><td><b>Code</b></td><td><b>Status</b></td><td><b>Performer</b></td></tr><tr><td style=\"display: none\">*</td><td/><td><span title=\"Codes:{urn:oid:1.2.208.176.2.21 1130ad70-6553-490d-87f8-5e8941687a0c}\">Terapeutfaglig udredning</span></td><td>Completed</td><td><a href=\"Organization-UdfoererAfRuddisRehab.html\">Organization: identifier = urn:oid:1.2.208.176.1.1#1037801000016003\u00a0(use:\u00a0official,\u00a0)</a></td></tr></table></blockquote></div>"
      },
      "extension" : [{
        "url" : "http://fhir.kl.dk/rehab/StructureDefinition/BasedOnServiceRequestExtension",
        "valueReference" : {
          "reference" : "ServiceRequest/RuddiGGOPInformation"
        }
      }],
      "status" : "active",
      "intent" : "plan",
      "subject" : {
        "reference" : "Patient/RuddiTestBerggren"
      },
      "period" : {
        "start" : "2022-05-23",
        "end" : "2022-06-02"
      },
      "activity" : [{
        "detail" : {
          "extension" : [{
            "url" : "http://fhir.kl.dk/rehab/StructureDefinition/DeliveryType",
            "valueCodeableConcept" : {
              "coding" : [{
                "system" : "http://fhir.kl.dk/term/CodeSystem/CareSocialCodes",
                "code" : "8d12d74c-17da-47a7-a4fe-e69dbaec0a8c",
                "display" : "Individuel indsats"
              }]
            }
          }],
          "code" : {
            "coding" : [{
              "system" : "urn:oid:1.2.208.176.2.21",
              "code" : "1130ad70-6553-490d-87f8-5e8941687a0c"
            }]
          },
          "status" : "completed",
          "performer" : [{
            "reference" : "Organization/UdfoererAfRuddisRehab"
          }]
        }
      }]
    }
  },
  {
    "fullUrl" : "https://test.fhir.dk/Encounter/RuddiKontaktUndersoegelse",
    "resource" : {
      "resourceType" : "Encounter",
      "id" : "RuddiKontaktUndersoegelse",
      "meta" : {
        "profile" : ["http://fhir.kl.dk/rehab/StructureDefinition/klgateway-140-encounter"]
      },
      "text" : {
        "status" : "generated",
        "div" : "<div xmlns=\"http://www.w3.org/1999/xhtml\"><a name=\"Encounter_RuddiKontaktUndersoegelse\"> </a><p class=\"res-header-id\"><b>Generated Narrative: Encounter RuddiKontaktUndersoegelse</b></p><a name=\"RuddiKontaktUndersoegelse\"> </a><a name=\"hcRuddiKontaktUndersoegelse\"> </a><a name=\"hcRuddiKontaktUndersoegelse-en-US\"> </a><p><b>status</b>: Finished</p><p><b>class</b>: <a href=\"http://terminology.hl7.org/5.5.0/CodeSystem-v3-ActCode.html#v3-ActCode-AMB\">ActCode</a> AMB: ambulatory</p><p><b>subject</b>: <a href=\"Patient-RuddiTestBerggren.html\">Anonymous Patient (no stated gender), DoB Unknown ( urn:oid:1.2.208.176.1.2#1502779995\u00a0(use:\u00a0official,\u00a0))</a></p><p><b>period</b>: 2022-06-02 12:10:00+0000 --&gt; 2022-06-02 12:40:00+0000</p></div>"
      },
      "extension" : [{
        "url" : "http://fhir.kl.dk/rehab/StructureDefinition/BasedOnCarePlanExtension",
        "valueReference" : {
          "reference" : "CarePlan/RuddiTerapeutfagligUndersoegelse"
        }
      }],
      "status" : "finished",
      "class" : {
        "system" : "http://terminology.hl7.org/CodeSystem/v3-ActCode",
        "code" : "AMB"
      },
      "subject" : {
        "reference" : "Patient/RuddiTestBerggren"
      },
      "period" : {
        "start" : "2022-06-02T12:10:00.000Z",
        "end" : "2022-06-02T12:40:00.000Z"
      }
    }
  },
  {
    "fullUrl" : "https://test.fhir.dk/CarePlan/RuddiTraeningsforloeb",
    "resource" : {
      "resourceType" : "CarePlan",
      "id" : "RuddiTraeningsforloeb",
      "meta" : {
        "profile" : ["http://fhir.kl.dk/rehab/StructureDefinition/klgateway-140-care-plan"]
      },
      "text" : {
        "status" : "generated",
        "div" : "<div xmlns=\"http://www.w3.org/1999/xhtml\"><a name=\"CarePlan_RuddiTraeningsforloeb\"> </a><p class=\"res-header-id\"><b>Generated Narrative: CarePlan RuddiTraeningsforloeb</b></p><a name=\"RuddiTraeningsforloeb\"> </a><a name=\"hcRuddiTraeningsforloeb\"> </a><a name=\"hcRuddiTraeningsforloeb-en-US\"> </a><p><b>status</b>: Active</p><p><b>intent</b>: Plan</p><p><b>category</b>: <span title=\"Codes:{http://fhir.kl.dk/term/CodeSystem/CareSocialCodes f15b2663-94d9-4d0c-a5de-d8bd8e1e4ebb}\">Interventionsforløb efter §140</span></p><p><b>subject</b>: <a href=\"Patient-RuddiTestBerggren.html\">Anonymous Patient (no stated gender), DoB Unknown ( urn:oid:1.2.208.176.1.2#1502779995\u00a0(use:\u00a0official,\u00a0))</a></p><p><b>period</b>: 2022-05-30 --&gt; (ongoing)</p><blockquote><p><b>activity</b></p><h3>Details</h3><table class=\"grid\"><tr><td style=\"display: none\">-</td><td><b>Status</b></td><td><b>Performer</b></td></tr><tr><td style=\"display: none\">*</td><td>In Progress</td><td><a href=\"Organization-UdfoererAfRuddisRehab.html\">Organization: identifier = urn:oid:1.2.208.176.1.1#1037801000016003\u00a0(use:\u00a0official,\u00a0)</a></td></tr></table></blockquote></div>"
      },
      "extension" : [{
        "url" : "http://fhir.kl.dk/rehab/StructureDefinition/BasedOnServiceRequestExtension",
        "valueReference" : {
          "reference" : "ServiceRequest/RuddiGGOPInformation"
        }
      }],
      "status" : "active",
      "intent" : "plan",
      "category" : [{
        "coding" : [{
          "system" : "http://fhir.kl.dk/term/CodeSystem/CareSocialCodes",
          "code" : "f15b2663-94d9-4d0c-a5de-d8bd8e1e4ebb"
        }]
      }],
      "subject" : {
        "reference" : "Patient/RuddiTestBerggren"
      },
      "period" : {
        "start" : "2022-05-30"
      },
      "activity" : [{
        "detail" : {
          "status" : "in-progress",
          "performer" : [{
            "reference" : "Organization/UdfoererAfRuddisRehab"
          }]
        }
      }]
    }
  },
  {
    "fullUrl" : "https://test.fhir.dk/CarePlan/RuddiTraening",
    "resource" : {
      "resourceType" : "CarePlan",
      "id" : "RuddiTraening",
      "meta" : {
        "profile" : ["http://fhir.kl.dk/rehab/StructureDefinition/klgateway-140-planned-intervention"]
      },
      "text" : {
        "status" : "generated",
        "div" : "<div xmlns=\"http://www.w3.org/1999/xhtml\"><a name=\"CarePlan_RuddiTraening\"> </a><p class=\"res-header-id\"><b>Generated Narrative: CarePlan RuddiTraening</b></p><a name=\"RuddiTraening\"> </a><a name=\"hcRuddiTraening\"> </a><a name=\"hcRuddiTraening-en-US\"> </a><p><b>basedOn</b>: <a href=\"CarePlan-RuddiTraeningsforloeb.html\">CarePlan: extension = No display for Extension ; status = active; intent = plan; category = Interventionsforløb efter §140; period = 2022-05-30 --&gt; (ongoing)</a></p><p><b>status</b>: Active</p><p><b>intent</b>: Plan</p><p><b>subject</b>: <a href=\"Patient-RuddiTestBerggren.html\">Anonymous Patient (no stated gender), DoB Unknown ( urn:oid:1.2.208.176.1.2#1502779995\u00a0(use:\u00a0official,\u00a0))</a></p><p><b>period</b>: 2022-05-30 --&gt; (ongoing)</p><blockquote><p><b>activity</b></p><h3>Details</h3><table class=\"grid\"><tr><td style=\"display: none\">-</td><td><b>Extension</b></td><td><b>Code</b></td><td><b>Status</b></td></tr><tr><td style=\"display: none\">*</td><td/><td><span title=\"Codes:{urn:oid:1.2.208.176.2.21 2abe20c7-c0b4-41c1-b397-52acf36499ef}\">Fysisk træning</span></td><td>In Progress</td></tr></table></blockquote></div>"
      },
      "extension" : [{
        "url" : "http://fhir.kl.dk/rehab/StructureDefinition/BasedOnServiceRequestExtension",
        "valueReference" : {
          "reference" : "ServiceRequest/RuddiGGOPInformation"
        }
      }],
      "basedOn" : [{
        "reference" : "CarePlan/RuddiTraeningsforloeb"
      }],
      "status" : "active",
      "intent" : "plan",
      "subject" : {
        "reference" : "Patient/RuddiTestBerggren"
      },
      "period" : {
        "start" : "2022-05-30"
      },
      "activity" : [{
        "detail" : {
          "extension" : [{
            "url" : "http://fhir.kl.dk/rehab/StructureDefinition/DeliveryType",
            "valueCodeableConcept" : {
              "coding" : [{
                "system" : "http://fhir.kl.dk/term/CodeSystem/CareSocialCodes",
                "code" : "2865f123-15a7-4a36-a514-32ea37c400ca",
                "display" : "Gruppebaseret indsats"
              }]
            }
          }],
          "code" : {
            "coding" : [{
              "system" : "urn:oid:1.2.208.176.2.21",
              "code" : "2abe20c7-c0b4-41c1-b397-52acf36499ef",
              "display" : "Fysisk træning"
            }]
          },
          "status" : "in-progress"
        }
      }]
    }
  },
  {
    "fullUrl" : "https://test.fhir.dk/CarePlan/RuddiFunctionalTraening",
    "resource" : {
      "resourceType" : "CarePlan",
      "id" : "RuddiFunctionalTraening",
      "meta" : {
        "profile" : ["http://fhir.kl.dk/rehab/StructureDefinition/klgateway-140-planned-intervention"]
      },
      "text" : {
        "status" : "generated",
        "div" : "<div xmlns=\"http://www.w3.org/1999/xhtml\"><a name=\"CarePlan_RuddiFunctionalTraening\"> </a><p class=\"res-header-id\"><b>Generated Narrative: CarePlan RuddiFunctionalTraening</b></p><a name=\"RuddiFunctionalTraening\"> </a><a name=\"hcRuddiFunctionalTraening\"> </a><a name=\"hcRuddiFunctionalTraening-en-US\"> </a><p><b>basedOn</b>: <a href=\"CarePlan-RuddiTraeningsforloeb.html\">CarePlan: extension = No display for Extension ; status = active; intent = plan; category = Interventionsforløb efter §140; period = 2022-05-30 --&gt; (ongoing)</a></p><p><b>status</b>: Active</p><p><b>intent</b>: Plan</p><p><b>subject</b>: <a href=\"Patient-RuddiTestBerggren.html\">Anonymous Patient (no stated gender), DoB Unknown ( urn:oid:1.2.208.176.1.2#1502779995\u00a0(use:\u00a0official,\u00a0))</a></p><p><b>period</b>: 2022-05-30 --&gt; (ongoing)</p><blockquote><p><b>activity</b></p><h3>Details</h3><table class=\"grid\"><tr><td style=\"display: none\">-</td><td><b>Extension</b></td><td><b>Code</b></td><td><b>Status</b></td></tr><tr><td style=\"display: none\">*</td><td/><td><span title=\"Codes:{urn:oid:1.2.208.176.2.21 58293f63-00d7-4730-8dbc-c784d40f9e23}\">Funktionstræning</span></td><td>In Progress</td></tr></table></blockquote></div>"
      },
      "extension" : [{
        "url" : "http://fhir.kl.dk/rehab/StructureDefinition/BasedOnServiceRequestExtension",
        "valueReference" : {
          "reference" : "ServiceRequest/RuddiGGOPInformation"
        }
      }],
      "basedOn" : [{
        "reference" : "CarePlan/RuddiTraeningsforloeb"
      }],
      "status" : "active",
      "intent" : "plan",
      "subject" : {
        "reference" : "Patient/RuddiTestBerggren"
      },
      "period" : {
        "start" : "2022-05-30"
      },
      "activity" : [{
        "detail" : {
          "extension" : [{
            "url" : "http://fhir.kl.dk/rehab/StructureDefinition/DeliveryType",
            "valueCodeableConcept" : {
              "coding" : [{
                "system" : "http://fhir.kl.dk/term/CodeSystem/CareSocialCodes",
                "code" : "2865f123-15a7-4a36-a514-32ea37c400ca",
                "display" : "Gruppebaseret indsats"
              }]
            }
          }],
          "code" : {
            "coding" : [{
              "system" : "urn:oid:1.2.208.176.2.21",
              "code" : "58293f63-00d7-4730-8dbc-c784d40f9e23",
              "display" : "Funktionstræning"
            }]
          },
          "status" : "in-progress"
        }
      }]
    }
  },
  {
    "fullUrl" : "https://test.fhir.dk/Encounter/RuddiKontakt1Traening",
    "resource" : {
      "resourceType" : "Encounter",
      "id" : "RuddiKontakt1Traening",
      "meta" : {
        "profile" : ["http://fhir.kl.dk/rehab/StructureDefinition/klgateway-140-encounter"]
      },
      "text" : {
        "status" : "generated",
        "div" : "<div xmlns=\"http://www.w3.org/1999/xhtml\"><a name=\"Encounter_RuddiKontakt1Traening\"> </a><p class=\"res-header-id\"><b>Generated Narrative: Encounter RuddiKontakt1Traening</b></p><a name=\"RuddiKontakt1Traening\"> </a><a name=\"hcRuddiKontakt1Traening\"> </a><a name=\"hcRuddiKontakt1Traening-en-US\"> </a><p><b>status</b>: Finished</p><p><b>class</b>: <a href=\"http://fhir.kl.dk/term/2.1.0/CodeSystem-CareSocialCodes.html#CareSocialCodes-124be95d-6924-4609-9d2a-e7c73ae3ab3d\">CareSocialCodes</a> 124be95d-6924-4609-9d2a-e7c73ae3ab3d: Skærmbesøg</p><p><b>subject</b>: <a href=\"Patient-RuddiTestBerggren.html\">Anonymous Patient (no stated gender), DoB Unknown ( urn:oid:1.2.208.176.1.2#1502779995\u00a0(use:\u00a0official,\u00a0))</a></p><p><b>period</b>: 2022-05-31 10:00:00+0000 --&gt; 2022-05-31 10:30:00+0000</p></div>"
      },
      "extension" : [{
        "url" : "http://fhir.kl.dk/rehab/StructureDefinition/BasedOnCarePlanExtension",
        "valueReference" : {
          "reference" : "CarePlan/RuddiTraeningsforloeb"
        }
      }],
      "status" : "finished",
      "class" : {
        "system" : "http://fhir.kl.dk/term/CodeSystem/CareSocialCodes",
        "code" : "124be95d-6924-4609-9d2a-e7c73ae3ab3d",
        "display" : "Skærmbesøg"
      },
      "subject" : {
        "reference" : "Patient/RuddiTestBerggren"
      },
      "period" : {
        "start" : "2022-05-31T10:00:00.000Z",
        "end" : "2022-05-31T10:30:00.000Z"
      }
    }
  },
  {
    "fullUrl" : "https://test.fhir.dk/Condition/RuddiTilstand",
    "resource" : {
      "resourceType" : "Condition",
      "id" : "RuddiTilstand",
      "meta" : {
        "profile" : ["http://fhir.kl.dk/rehab/StructureDefinition/klgateway-140-condition"]
      },
      "text" : {
        "status" : "generated",
        "div" : "<div xmlns=\"http://www.w3.org/1999/xhtml\"><a name=\"Condition_RuddiTilstand\"> </a><p class=\"res-header-id\"><b>Generated Narrative: Condition RuddiTilstand</b></p><a name=\"RuddiTilstand\"> </a><a name=\"hcRuddiTilstand\"> </a><a name=\"hcRuddiTilstand-en-US\"> </a><p><b>clinicalStatus</b>: <span title=\"Codes:{http://terminology.hl7.org/CodeSystem/condition-clinical active}\">Active</span></p><p><b>verificationStatus</b>: <span title=\"Codes:{http://terminology.hl7.org/CodeSystem/condition-ver-status confirmed}\">Confirmed</span></p><p><b>category</b>: <span title=\"Codes:{http://terminology.hl7.org/CodeSystem/condition-category problem-list-item}\">Problem List Item</span></p><p><b>code</b>: <span title=\"Codes:{urn:oid:1.2.208.176.2.21 dd41df82-3c13-4523-b9c5-e83676425299}\">Mobilitet og bevægelse</span></p><p><b>subject</b>: <a href=\"Patient-RuddiTestBerggren.html\">Anonymous Patient (no stated gender), DoB Unknown ( urn:oid:1.2.208.176.1.2#1502779995\u00a0(use:\u00a0official,\u00a0))</a></p><p><b>recordedDate</b>: 2022-06-02</p></div>"
      },
      "clinicalStatus" : {
        "coding" : [{
          "system" : "http://terminology.hl7.org/CodeSystem/condition-clinical",
          "code" : "active"
        }]
      },
      "verificationStatus" : {
        "coding" : [{
          "system" : "http://terminology.hl7.org/CodeSystem/condition-ver-status",
          "code" : "confirmed"
        }]
      },
      "category" : [{
        "coding" : [{
          "system" : "http://terminology.hl7.org/CodeSystem/condition-category",
          "code" : "problem-list-item"
        }]
      }],
      "code" : {
        "coding" : [{
          "system" : "urn:oid:1.2.208.176.2.21",
          "code" : "dd41df82-3c13-4523-b9c5-e83676425299",
          "display" : "Mobilitet og bevægelse"
        }]
      },
      "subject" : {
        "reference" : "Patient/RuddiTestBerggren"
      },
      "recordedDate" : "2022-06-02"
    }
  }]
}