{
  "resourceType" : "CodeSystem",
  "id" : "Tempcodes",
  "text" : {
    "status" : "generated",
    "div" : "<div xmlns=\"http://www.w3.org/1999/xhtml\">Placeholder</div>"
  },
  "url" : "http://fhir.kl.dk/rehab/CodeSystem/Tempcodes",
  "version" : "1.0.0",
  "name" : "Tempcodes",
  "title" : "Tempcodes",
  "status" : "active",
  "experimental" : false,
  "date" : "2023-09-28T10:05:19+02:00",
  "publisher" : "Kommunernes Landsforening",
  "contact" : [{
    "name" : "Kommunernes Landsforening",
    "telecom" : [{
      "system" : "url",
      "value" : "http://kl.dk"
    }]
  }],
  "description" : "Tempcodes to be implemented in KL-term",
  "caseSensitive" : true,
  "content" : "complete",
  "count" : 11,
  "concept" : [{
    "code" : "ef491570-7884-4acd-bcf7-43d6b2c64762",
    "display" : "Borger har ikke henvendt sig eller er udeblevet"
  },
  {
    "code" : "ffd81f78-352e-4589-a195-5350dd1df2a4",
    "display" : "almen",
    "definition" : "Midlertidig kopi af MedComs kode for genoptræning på alment niveau, som specificeret af den gode genoptræningsplan, https://svn.medcom.dk/svn/releases/Standarder/National%20Sygehus-Kommunesamarbejde/GGOP/Dokumentation/GGOP.pdf"
  },
  {
    "code" : "0c8e2bfc-1350-45d1-90da-c07e2645d073",
    "display" : "specialiseret",
    "definition" : "Midlertidig kopi af MedComs kode for genoptræning på specialieret niveau, som specificeret af den gode genoptræningsplan, https://svn.medcom.dk/svn/releases/Standarder/National%20Sygehus-Kommunesamarbejde/GGOP/Dokumentation/GGOP.pdf"
  },
  {
    "code" : "83c89857-8fb8-4163-97b1-eb1a56345c29",
    "display" : "rehabilitering",
    "definition" : "Midlertidig kopi af MedComs kode for rehabilitering på specialiseret niveau, som specificeret af den gode genoptræningsplan, https://svn.medcom.dk/svn/releases/Standarder/National%20Sygehus-Kommunesamarbejde/GGOP/Dokumentation/GGOP.pdf"
  },
  {
    "code" : "8b962281-2ab6-4b10-9c91-4bac592d6d49",
    "display" : "basal",
    "definition" : "Almen genoptræning på basalt niveau"
  },
  {
    "code" : "b679c454-2da2-46dd-9425-0e52d4aa2bf3",
    "display" : "avanceret",
    "definition" : "Almen genoptræning på avanceret niveau"
  },
  {
    "code" : "f64b8f5e-8ced-4a8b-ab73-8994fb524915",
    "display" : "Anden kommmune",
    "definition" : "Overgivet til anden kommune, på borgers anmodning"
  },
  {
    "code" : "a8632e22-bf0c-4f5a-92a7-70977ba104d5",
    "display" : "Udskudt",
    "definition" : "Udskudt opstart påkrævet som specificeret i GGOP"
  },
  {
    "code" : "3796fa11-305f-47d6-b164-45b05489afb2",
    "display" : "FritValg",
    "definition" : "Overgået til FritValg"
  },
  {
    "code" : "8ac7be88-5d16-4dbd-a61a-ab02673f4b34",
    "display" : "Fejl",
    "definition" : "Fejlafsendt GGOP"
  },
  {
    "code" : "46a6bc1f-bfe8-4390-a71f-44ad4a384b9d",
    "display" : "FritValg afslået",
    "definition" : "borger tilbudt fritValg, men vil hellere vente"
  }]
}