{
  "resourceType" : "Organization",
  "id" : "AfsenderAfRuddisGGOP",
  "meta" : {
    "profile" : ["http://fhir.kl.dk/rehab/StructureDefinition/klgateway-140-organization"]
  },
  "text" : {
    "status" : "generated",
    "div" : "<div xmlns=\"http://www.w3.org/1999/xhtml\"><p class=\"res-header-id\"><b>Generated Narrative: Organization AfsenderAfRuddisGGOP</b></p><a name=\"AfsenderAfRuddisGGOP\"> </a><a name=\"hcAfsenderAfRuddisGGOP\"> </a><a name=\"AfsenderAfRuddisGGOP-en-US\"> </a><p><b>identifier</b>: <code>urn:oid:1.2.208.176.1.1</code>/227871000016001\u00a0(use:\u00a0official,\u00a0)</p></div>"
  },
  "identifier" : [{
    "use" : "official",
    "system" : "urn:oid:1.2.208.176.1.1",
    "value" : "227871000016001"
  }]
}