{
  "resourceType" : "ValueSet",
  "id" : "Conditions140",
  "text" : {
    "status" : "extensions",
    "div" : "<div xmlns=\"http://www.w3.org/1999/xhtml\"><ul><li>Include these codes as defined in <a href=\"http://fhir.kl.dk/term/2.1.0/CodeSystem-FSIII.html\"><code>urn:oid:1.2.208.176.2.21</code></a><table class=\"none\"><tr><td style=\"white-space:nowrap\"><b>Code</b></td><td><b>Display</b></td><td><b>Definition</b></td></tr><tr><td><a href=\"http://fhir.kl.dk/term/2.1.0/CodeSystem-FSIII.html#FSIII-2bd07f7c-e6bb-424b-ab8f-f7c1de2afe80\">2bd07f7c-e6bb-424b-ab8f-f7c1de2afe80</a></td><td style=\"color: #cccccc\">Lave mad</td><td>Aktiviteter forbundet med at planlægge, tilberede og servere enkle eller sammensatte måltider til sig selv og andre.\n\nEksempler: Planlægge et måltid, tilberede et måltid, opvarme færdiglavet mad, rydde op efter måltidet fx vaske op.</td></tr><tr><td><a href=\"http://fhir.kl.dk/term/2.1.0/CodeSystem-FSIII.html#FSIII-b53bca74-fd3f-4127-89ae-1a39d7836b93\">b53bca74-fd3f-4127-89ae-1a39d7836b93</a></td><td style=\"color: #cccccc\">Lave husligt arbejde</td><td>Aktiviteter forbundet med at holde omgivelser ryddelige, rene og hygiejniske.\n\nEksempler: Støvsuge, vaske gulv, gøre rent i øvrigt, skifte sengetøj, ordne affald, vaske tøj og tørre det.</td></tr><tr><td><a href=\"http://fhir.kl.dk/term/2.1.0/CodeSystem-FSIII.html#FSIII-bd088375-65fc-4e1d-9a8b-78dc918e6581\">bd088375-65fc-4e1d-9a8b-78dc918e6581</a></td><td style=\"color: #cccccc\">Indkøb</td><td>Aktiviteter forbundet med at planlægge og foretage indkøb.\n\nEksempler: Planlægge og udføre indkøb, stille varer på plads, benytte indkøbsordning, bestille varer på nettet.</td></tr><tr><td><a href=\"http://fhir.kl.dk/term/2.1.0/CodeSystem-FSIII.html#FSIII-86e1982c-f459-4658-9071-e4bf3453a687\">86e1982c-f459-4658-9071-e4bf3453a687</a></td><td style=\"color: #cccccc\">Forflytte sig</td><td>Aktiviteter forbundet med at forflytte sig.\n\nEksempler: Forflytte sig i sengen, mellem seng, stol, toilet og /eller kørestol, lejring.</td></tr><tr><td><a href=\"http://fhir.kl.dk/term/2.1.0/CodeSystem-FSIII.html#FSIII-dd41df82-3c13-4523-b9c5-e83676425299\">dd41df82-3c13-4523-b9c5-e83676425299</a></td><td style=\"color: #cccccc\">Mobilitet og bevægelse</td><td>Aktiviteter forbundet med færden ude og inde, samt at løfte, bære og flytte ting.\n\nEksempler: Gå, løbe, rejse/sætte sig, færden fra sted til sted, færden med transportmidler, håndtere, løfte og bære ting.</td></tr><tr><td><a href=\"http://fhir.kl.dk/term/2.1.0/CodeSystem-FSIII.html#FSIII-243ae4ae-4e36-4192-88cb-399711ac3766\">243ae4ae-4e36-4192-88cb-399711ac3766</a></td><td style=\"color: #cccccc\">Personlig pleje</td><td>Aktiviteter forbundet med evnen til at udføre hygiejne og soignere sig og holde sig ren.\n\nEksempler: Toiletbesøg, tandbørstning, vaske sig , hårpleje, af- og påklædning,  neglepleje, barbering.</td></tr><tr><td><a href=\"http://fhir.kl.dk/term/2.1.0/CodeSystem-FSIII.html#FSIII-290baa56-5d8c-40a6-b40c-1de05649f0d1\">290baa56-5d8c-40a6-b40c-1de05649f0d1</a></td><td style=\"color: #cccccc\">Spise og drikke</td><td>Aktiviteter forbundet med evnen til at indtage fødevarer og væsker.\n\nEksempler: Bearbejdning af føde, optagelse af næringsstoffer, synkefunktion, koordinere aktiviteter i forbindelse med at føre mad og drikke til munden.</td></tr><tr><td><a href=\"http://fhir.kl.dk/term/2.1.0/CodeSystem-FSIII.html#FSIII-6a2c3341-c13e-4638-961d-72ba0fe29a80\">6a2c3341-c13e-4638-961d-72ba0fe29a80</a></td><td style=\"color: #cccccc\">Sundhedskompetence</td><td>Aktiviteter forbundet med evnen til at finde, forstå, vurdere og bruge informationer til at tage beslutninger om sundhed og handle herefter.\n\nEksempler: Samarbejde og kontakt med sundhedsvæsenet, indsigt i eget helbred og behandling.</td></tr><tr><td><a href=\"http://fhir.kl.dk/term/2.1.0/CodeSystem-FSIII.html#FSIII-064f983b-5ec5-40a3-bc90-c3fcec6b6ef5\">064f983b-5ec5-40a3-bc90-c3fcec6b6ef5</a></td><td style=\"color: #cccccc\">Kommunikation</td><td>Evne til at kommunikere mundtligt og skriftligt samt anvende udstyr til kommunikationsformål.\n\nEksempler: Evnen til at udtrykke sig verbalt og nonverbalt eller på skrift, anvende udstyr til kommunikationsformål fx telefon, nødkald eller anden teknologi.</td></tr><tr><td><a href=\"http://fhir.kl.dk/term/2.1.0/CodeSystem-FSIII.html#FSIII-1d9759c6-6526-4d07-994a-5dee3fa65177\">1d9759c6-6526-4d07-994a-5dee3fa65177</a></td><td style=\"color: #cccccc\">Energi og handlekraft</td><td>Evne til at kunne igangsætte en aktivitet og afslutte den.\n\nEksempler: Energiforvaltning, motivation, omsætte tanke eller følelse til handling, tage initiativ til at igangsætte en aktivitet.</td></tr><tr><td><a href=\"http://fhir.kl.dk/term/2.1.0/CodeSystem-FSIII.html#FSIII-56860429-eabe-4d48-b8ad-d7f7b28f6df5\">56860429-eabe-4d48-b8ad-d7f7b28f6df5</a></td><td style=\"color: #cccccc\">Hukommelse</td><td>Evnen til at kunne registrere, lagre og genkalde sig informationer efter behov.\n\nEksempler: Korttidshukommelse, langtidshukommelse, arbejdshukommelse, huske aftaler, steder og personer.</td></tr><tr><td><a href=\"http://fhir.kl.dk/term/2.1.0/CodeSystem-FSIII.html#FSIII-b16668ff-9c02-491e-b082-7b699d93f5bc\">b16668ff-9c02-491e-b082-7b699d93f5bc</a></td><td style=\"color: #cccccc\">Kognitive funktioner</td><td>Evnen til kompleks målrettet tænkning samt forstå, ræsonnere, reflektere.\n\nEksempler: Beslutningstagen, fastlægge rækkefølge af handlinger, lære nye færdigheder, skabe struktur, følelsesregulering.</td></tr><tr><td><a href=\"http://fhir.kl.dk/term/2.1.0/CodeSystem-FSIII.html#FSIII-263a2c2f-7ae2-4264-8808-7e8216b1a118\">263a2c2f-7ae2-4264-8808-7e8216b1a118</a></td><td style=\"color: #cccccc\">Sår og cicatriser</td><td>Fund vedrørende cicatriser, sår og andre hudlæsioner.\n\nEksempler: Arvævsdannelse, infektion omkring cicatrise og/eller manglende opheling.</td></tr><tr><td><a href=\"http://fhir.kl.dk/term/2.1.0/CodeSystem-FSIII.html#FSIII-26b05040-94f3-4c8c-9ede-c7223bddf518\">26b05040-94f3-4c8c-9ede-c7223bddf518</a></td><td style=\"color: #cccccc\">Respiration og cirkulation</td><td>Fund vedrørende vejrtrækning  i relation til respirationssystemet, samt følger af påvirket blodgennemstrømning og venøst tilbageløb.\n\nEksempler: Respirationsfrekvens, respirationsrytme,  dyspnø, hyperventilering, ødemer.</td></tr><tr><td><a href=\"http://fhir.kl.dk/term/2.1.0/CodeSystem-FSIII.html#FSIII-3c685f14-5d48-4b1c-a451-9da780e2b41c\">3c685f14-5d48-4b1c-a451-9da780e2b41c</a></td><td style=\"color: #cccccc\">Sanser og smerter</td><td>Fund vedrørende smerter og smerteopfattelse og sansning.\n\nEksempler: Påvirkning af det sensoriske nervesystem, smertemønstre og smertelokalitet, neglect, fantom-oplevelser.</td></tr><tr><td><a href=\"http://fhir.kl.dk/term/2.1.0/CodeSystem-FSIII.html#FSIII-bbc99471-a9f3-41f1-a95b-6842abfb551a\">bbc99471-a9f3-41f1-a95b-6842abfb551a</a></td><td style=\"color: #cccccc\">Kontinens</td><td>Fund vedr. urin- og afføringsproblematikker som følge af fx traume og operation.\n\nEksempler: Retention, urin - og analinkontinens, urinvejsinfektioner.</td></tr><tr><td><a href=\"http://fhir.kl.dk/term/2.1.0/CodeSystem-FSIII.html#FSIII-c6f49b84-58af-43df-bb3e-0d6a67fa0aba\">c6f49b84-58af-43df-bb3e-0d6a67fa0aba</a></td><td style=\"color: #cccccc\">Bevægeapparat</td><td>Fund vedrørende muskelstyrke, ledbevægelighed og koordination.\n\nEksempler: Muskelstyrke, muskeltonus,  stabilitet i et eller flere led, koordination og viljebestemte bevægelser, muskeludholdenhed, ledbevægelighed.</td></tr></table></li></ul></div>"
  },
  "url" : "http://fhir.kl.dk/rehab/ValueSet/Conditions140",
  "version" : "2.1.0",
  "name" : "Conditions140",
  "title" : "§140 tilstande",
  "status" : "active",
  "experimental" : false,
  "date" : "2024-06-19T13:11:07+02:00",
  "publisher" : "Kommunernes Landsforening",
  "contact" : [{
    "name" : "Kommunernes Landsforening",
    "telecom" : [{
      "system" : "url",
      "value" : "http://kl.dk"
    }]
  }],
  "description" : "Danish municipality theraphy condition codes",
  "compose" : {
    "include" : [{
      "system" : "urn:oid:1.2.208.176.2.21",
      "concept" : [{
        "code" : "2bd07f7c-e6bb-424b-ab8f-f7c1de2afe80"
      },
      {
        "code" : "b53bca74-fd3f-4127-89ae-1a39d7836b93"
      },
      {
        "code" : "bd088375-65fc-4e1d-9a8b-78dc918e6581"
      },
      {
        "code" : "86e1982c-f459-4658-9071-e4bf3453a687"
      },
      {
        "code" : "dd41df82-3c13-4523-b9c5-e83676425299"
      },
      {
        "code" : "243ae4ae-4e36-4192-88cb-399711ac3766"
      },
      {
        "code" : "290baa56-5d8c-40a6-b40c-1de05649f0d1"
      },
      {
        "code" : "6a2c3341-c13e-4638-961d-72ba0fe29a80"
      },
      {
        "code" : "064f983b-5ec5-40a3-bc90-c3fcec6b6ef5"
      },
      {
        "code" : "1d9759c6-6526-4d07-994a-5dee3fa65177"
      },
      {
        "code" : "56860429-eabe-4d48-b8ad-d7f7b28f6df5"
      },
      {
        "code" : "b16668ff-9c02-491e-b082-7b699d93f5bc"
      },
      {
        "code" : "263a2c2f-7ae2-4264-8808-7e8216b1a118"
      },
      {
        "code" : "26b05040-94f3-4c8c-9ede-c7223bddf518"
      },
      {
        "code" : "3c685f14-5d48-4b1c-a451-9da780e2b41c"
      },
      {
        "code" : "bbc99471-a9f3-41f1-a95b-6842abfb551a"
      },
      {
        "code" : "c6f49b84-58af-43df-bb3e-0d6a67fa0aba"
      }]
    }]
  }
}