{
  "resourceType" : "Bundle",
  "id" : "738ec570-6bb6-4690-9a88-1dbed46d65ed",
  "meta" : {
    "profile" : ["http://fhir.kl.dk/prevention/StructureDefinition/klgateway-119-delivery-report"]
  },
  "type" : "collection",
  "timestamp" : "2022-09-30T23:25:12Z",
  "entry" : [{
    "fullUrl" : "https://test.fhir.dk/Patient/e6ce3367-d224-4817-8852-302ae75f7d41",
    "resource" : {
      "resourceType" : "Patient",
      "id" : "e6ce3367-d224-4817-8852-302ae75f7d41",
      "meta" : {
        "profile" : ["http://fhir.kl.dk/prevention/StructureDefinition/klgateway-119-citizen"]
      },
      "text" : {
        "status" : "generated",
        "div" : "<div xmlns=\"http://www.w3.org/1999/xhtml\"><a name=\"Patient_e6ce3367-d224-4817-8852-302ae75f7d41\"> </a><p><b>Generated Narrative: Patient </b><a name=\"e6ce3367-d224-4817-8852-302ae75f7d41\"> </a><a name=\"hce6ce3367-d224-4817-8852-302ae75f7d41\"> </a></p><div style=\"display: inline-block; background-color: #d9e0e7; padding: 6px; margin: 4px; border: 1px solid #8da1b4; border-radius: 5px; line-height: 60%\"><p style=\"margin-bottom: 0px\">ResourcePatient &quot;e6ce3367-d224-4817-8852-302ae75f7d41&quot; </p><p style=\"margin-bottom: 0px\">Profile: <a href=\"StructureDefinition-klgateway-119-citizen.html\">KLGateway119Citizen</a></p></div><p><b>identifier</b>: <code>urn:oid:1.2.208.176.1.2</code>/2509479989\u00a0(use:\u00a0official)</p><p><b>deceased</b>: false</p><p><b>managingOrganization</b>: <span><code>urn:oid:1.2.208.176.1.1</code>/451000016003\u00a0(use:\u00a0official)</span></p></div>"
      },
      "identifier" : [{
        "use" : "official",
        "system" : "urn:oid:1.2.208.176.1.2",
        "value" : "2509479989"
      }],
      "deceasedBoolean" : false,
      "managingOrganization" : {
        "identifier" : {
          "use" : "official",
          "system" : "urn:oid:1.2.208.176.1.1",
          "value" : "451000016003"
        }
      }
    }
  },
  {
    "fullUrl" : "https://test.fhir.dk/Organization/9d4a1ea8-d7c6-4776-9e93-911ed10d4d36",
    "resource" : {
      "resourceType" : "Organization",
      "id" : "9d4a1ea8-d7c6-4776-9e93-911ed10d4d36",
      "meta" : {
        "profile" : ["http://fhir.kl.dk/prevention/StructureDefinition/klgateway-119-organization"]
      },
      "text" : {
        "status" : "generated",
        "div" : "<div xmlns=\"http://www.w3.org/1999/xhtml\"><a name=\"Organization_9d4a1ea8-d7c6-4776-9e93-911ed10d4d36\"> </a><p><b>Generated Narrative: Organization </b><a name=\"9d4a1ea8-d7c6-4776-9e93-911ed10d4d36\"> </a><a name=\"hc9d4a1ea8-d7c6-4776-9e93-911ed10d4d36\"> </a></p><div style=\"display: inline-block; background-color: #d9e0e7; padding: 6px; margin: 4px; border: 1px solid #8da1b4; border-radius: 5px; line-height: 60%\"><p style=\"margin-bottom: 0px\">ResourceOrganization &quot;9d4a1ea8-d7c6-4776-9e93-911ed10d4d36&quot; </p><p style=\"margin-bottom: 0px\">Profile: <a href=\"StructureDefinition-klgateway-119-organization.html\">KLGateway119Organization</a></p></div><p><b>identifier</b>: <code>urn:oid:1.2.208.176.1.1</code>/1037791000016002\u00a0(use:\u00a0official)</p></div>"
      },
      "identifier" : [{
        "use" : "official",
        "system" : "urn:oid:1.2.208.176.1.1",
        "value" : "1037791000016002"
      }]
    }
  },
  {
    "fullUrl" : "https://test.fhir.dk/Condition/b7b532ca-561f-4138-b94b-0285902dbc24",
    "resource" : {
      "resourceType" : "Condition",
      "id" : "b7b532ca-561f-4138-b94b-0285902dbc24",
      "meta" : {
        "profile" : ["http://fhir.kl.dk/prevention/StructureDefinition/klgateway-119-condition"]
      },
      "text" : {
        "status" : "generated",
        "div" : "<div xmlns=\"http://www.w3.org/1999/xhtml\"><a name=\"Condition_b7b532ca-561f-4138-b94b-0285902dbc24\"> </a><p><b>Generated Narrative: Condition </b><a name=\"b7b532ca-561f-4138-b94b-0285902dbc24\"> </a><a name=\"hcb7b532ca-561f-4138-b94b-0285902dbc24\"> </a></p><div style=\"display: inline-block; background-color: #d9e0e7; padding: 6px; margin: 4px; border: 1px solid #8da1b4; border-radius: 5px; line-height: 60%\"><p style=\"margin-bottom: 0px\">ResourceCondition &quot;b7b532ca-561f-4138-b94b-0285902dbc24&quot; </p><p style=\"margin-bottom: 0px\">Profile: <a href=\"StructureDefinition-klgateway-119-condition.html\">KLGateway119Condition</a></p></div><p><b>clinicalStatus</b>: Inactive <span style=\"background: LightGoldenRodYellow; margin: 4px; border: 1px solid khaki\"> (<a href=\"http://terminology.hl7.org/5.5.0/CodeSystem-condition-clinical.html\">Condition Clinical Status Codes</a>#inactive)</span></p><p><b>verificationStatus</b>: Confirmed <span style=\"background: LightGoldenRodYellow; margin: 4px; border: 1px solid khaki\"> (<a href=\"http://terminology.hl7.org/5.5.0/CodeSystem-condition-ver-status.html\">ConditionVerificationStatus</a>#confirmed)</span></p><p><b>code</b>: Sundhedskompetence <span style=\"background: LightGoldenRodYellow; margin: 4px; border: 1px solid khaki\"> (<a href=\"http://fhir.kl.dk/term/2.1.0/CodeSystem-FSIII.html\">FSIII</a>#bb7e9e71-73f6-4ec6-a0bf-eaec1e5982b4)</span></p><p><b>subject</b>: See on this page: Patient/e6ce3367-d224-4817-8852-302ae75f7d41</p><p><b>recordedDate</b>: 2022-07-09</p></div>"
      },
      "clinicalStatus" : {
        "coding" : [{
          "system" : "http://terminology.hl7.org/CodeSystem/condition-clinical",
          "code" : "inactive"
        }]
      },
      "verificationStatus" : {
        "coding" : [{
          "system" : "http://terminology.hl7.org/CodeSystem/condition-ver-status",
          "code" : "confirmed"
        }]
      },
      "code" : {
        "coding" : [{
          "system" : "urn:oid:1.2.208.176.2.21",
          "code" : "bb7e9e71-73f6-4ec6-a0bf-eaec1e5982b4",
          "display" : "Sundhedskompetence"
        }]
      },
      "subject" : {
        "reference" : "Patient/e6ce3367-d224-4817-8852-302ae75f7d41"
      },
      "recordedDate" : "2022-07-09"
    }
  },
  {
    "fullUrl" : "https://test.fhir.dk/CarePlan/22695613-b50d-445d-aeb9-81937e3f3e47",
    "resource" : {
      "resourceType" : "CarePlan",
      "id" : "22695613-b50d-445d-aeb9-81937e3f3e47",
      "meta" : {
        "profile" : ["http://fhir.kl.dk/prevention/StructureDefinition/klgateway-119-care-plan"]
      },
      "text" : {
        "status" : "generated",
        "div" : "<div xmlns=\"http://www.w3.org/1999/xhtml\"><a name=\"CarePlan_22695613-b50d-445d-aeb9-81937e3f3e47\"> </a><p><b>Generated Narrative: CarePlan </b><a name=\"22695613-b50d-445d-aeb9-81937e3f3e47\"> </a><a name=\"hc22695613-b50d-445d-aeb9-81937e3f3e47\"> </a></p><div style=\"display: inline-block; background-color: #d9e0e7; padding: 6px; margin: 4px; border: 1px solid #8da1b4; border-radius: 5px; line-height: 60%\"><p style=\"margin-bottom: 0px\">ResourceCarePlan &quot;22695613-b50d-445d-aeb9-81937e3f3e47&quot; </p><p style=\"margin-bottom: 0px\">Profile: <a href=\"StructureDefinition-klgateway-119-care-plan.html\">KLGateway119CarePlan</a></p></div><p><b>status</b>: completed</p><p><b>intent</b>: plan</p><p><b>category</b>: Interventionsforløb efter §119 <span style=\"background: LightGoldenRodYellow; margin: 4px; border: 1px solid khaki\"> (<a href=\"http://fhir.kl.dk/term/2.1.0/CodeSystem-CareSocialCodes.html\">CareSocialCodes</a>#5c160c02-e858-4c1f-925a-71ed64844749)</span></p><p><b>subject</b>: See on this page: Patient/e6ce3367-d224-4817-8852-302ae75f7d41</p><p><b>period</b>: 2022-07-09 --&gt; 2022-09-30</p><blockquote><p><b>activity</b></p><h3>Details</h3><table class=\"grid\"><tr><td style=\"display: none\">-</td><td><b>Status</b></td><td><b>Performer</b></td></tr><tr><td style=\"display: none\">*</td><td>completed</td><td>See on this page: Organization/9d4a1ea8-d7c6-4776-9e93-911ed10d4d36</td></tr></table></blockquote></div>"
      },
      "status" : "completed",
      "intent" : "plan",
      "category" : [{
        "coding" : [{
          "system" : "http://fhir.kl.dk/term/CodeSystem/CareSocialCodes",
          "code" : "5c160c02-e858-4c1f-925a-71ed64844749"
        }]
      }],
      "subject" : {
        "reference" : "Patient/e6ce3367-d224-4817-8852-302ae75f7d41"
      },
      "period" : {
        "start" : "2022-07-09",
        "end" : "2022-09-30"
      },
      "activity" : [{
        "detail" : {
          "status" : "completed",
          "performer" : [{
            "reference" : "Organization/9d4a1ea8-d7c6-4776-9e93-911ed10d4d36"
          }]
        }
      }]
    }
  },
  {
    "fullUrl" : "https://test.fhir.dk/CarePlan/1e4333ec-315c-4e98-b009-fcb77b8e8103",
    "resource" : {
      "resourceType" : "CarePlan",
      "id" : "1e4333ec-315c-4e98-b009-fcb77b8e8103",
      "meta" : {
        "profile" : ["http://fhir.kl.dk/prevention/StructureDefinition/klgateway-119-planned-intervention"]
      },
      "text" : {
        "status" : "generated",
        "div" : "<div xmlns=\"http://www.w3.org/1999/xhtml\"><a name=\"CarePlan_1e4333ec-315c-4e98-b009-fcb77b8e8103\"> </a><p><b>Generated Narrative: CarePlan </b><a name=\"1e4333ec-315c-4e98-b009-fcb77b8e8103\"> </a><a name=\"hc1e4333ec-315c-4e98-b009-fcb77b8e8103\"> </a></p><div style=\"display: inline-block; background-color: #d9e0e7; padding: 6px; margin: 4px; border: 1px solid #8da1b4; border-radius: 5px; line-height: 60%\"><p style=\"margin-bottom: 0px\">ResourceCarePlan &quot;1e4333ec-315c-4e98-b009-fcb77b8e8103&quot; </p><p style=\"margin-bottom: 0px\">Profile: <a href=\"StructureDefinition-klgateway-119-planned-intervention.html\">KLGateway119PlannedIntervention</a></p></div><p><b>basedOn</b>: See on this page: CarePlan/22695613-b50d-445d-aeb9-81937e3f3e47</p><p><b>status</b>: completed</p><p><b>intent</b>: plan</p><p><b>subject</b>: See on this page: Patient/e6ce3367-d224-4817-8852-302ae75f7d41</p><p><b>period</b>: 2022-07-09 --&gt; 2022-09-30</p><blockquote><p><b>activity</b></p><h3>Details</h3><table class=\"grid\"><tr><td style=\"display: none\">-</td><td><b>Extension</b></td><td><b>Code</b></td><td><b>Status</b></td><td><b>Performer</b></td></tr><tr><td style=\"display: none\">*</td><td/><td>Sygdomshåndtering <span style=\"background: LightGoldenRodYellow; margin: 4px; border: 1px solid khaki\"> (<a href=\"http://fhir.kl.dk/term/2.1.0/CodeSystem-FSIII.html\">FSIII</a>#e71b7d85-5c78-49c2-8624-8499d162317b)</span></td><td>completed</td><td>See on this page: Organization/9d4a1ea8-d7c6-4776-9e93-911ed10d4d36</td></tr></table></blockquote></div>"
      },
      "basedOn" : [{
        "reference" : "CarePlan/22695613-b50d-445d-aeb9-81937e3f3e47"
      }],
      "status" : "completed",
      "intent" : "plan",
      "subject" : {
        "reference" : "Patient/e6ce3367-d224-4817-8852-302ae75f7d41"
      },
      "period" : {
        "start" : "2022-07-09",
        "end" : "2022-09-30"
      },
      "activity" : [{
        "detail" : {
          "extension" : [{
            "url" : "http://fhir.kl.dk/prevention/StructureDefinition/DeliveryType",
            "valueCodeableConcept" : {
              "coding" : [{
                "system" : "http://fhir.kl.dk/term/CodeSystem/CareSocialCodes",
                "code" : "2865f123-15a7-4a36-a514-32ea37c400ca",
                "display" : "Gruppebaseret indsats"
              }]
            }
          }],
          "code" : {
            "coding" : [{
              "system" : "urn:oid:1.2.208.176.2.21",
              "code" : "e71b7d85-5c78-49c2-8624-8499d162317b",
              "display" : "Sygdomshåndtering"
            }]
          },
          "status" : "completed",
          "performer" : [{
            "reference" : "Organization/9d4a1ea8-d7c6-4776-9e93-911ed10d4d36"
          }]
        }
      }]
    }
  },
  {
    "fullUrl" : "https://test.fhir.dk/CarePlan/e91f631d-6f99-4eb9-9f07-dce1d4f4e54f",
    "resource" : {
      "resourceType" : "CarePlan",
      "id" : "e91f631d-6f99-4eb9-9f07-dce1d4f4e54f",
      "meta" : {
        "profile" : ["http://fhir.kl.dk/prevention/StructureDefinition/klgateway-119-planned-intervention"]
      },
      "text" : {
        "status" : "generated",
        "div" : "<div xmlns=\"http://www.w3.org/1999/xhtml\"><a name=\"CarePlan_e91f631d-6f99-4eb9-9f07-dce1d4f4e54f\"> </a><p><b>Generated Narrative: CarePlan </b><a name=\"e91f631d-6f99-4eb9-9f07-dce1d4f4e54f\"> </a><a name=\"hce91f631d-6f99-4eb9-9f07-dce1d4f4e54f\"> </a></p><div style=\"display: inline-block; background-color: #d9e0e7; padding: 6px; margin: 4px; border: 1px solid #8da1b4; border-radius: 5px; line-height: 60%\"><p style=\"margin-bottom: 0px\">ResourceCarePlan &quot;e91f631d-6f99-4eb9-9f07-dce1d4f4e54f&quot; </p><p style=\"margin-bottom: 0px\">Profile: <a href=\"StructureDefinition-klgateway-119-planned-intervention.html\">KLGateway119PlannedIntervention</a></p></div><p><b>status</b>: completed</p><p><b>intent</b>: plan</p><p><b>subject</b>: See on this page: Patient/e6ce3367-d224-4817-8852-302ae75f7d41</p><p><b>period</b>: 2022-09-30 --&gt; 2022-09-30</p><blockquote><p><b>activity</b></p><h3>Details</h3><table class=\"grid\"><tr><td style=\"display: none\">-</td><td><b>Extension</b></td><td><b>Code</b></td><td><b>Status</b></td><td><b>Performer</b></td></tr><tr><td style=\"display: none\">*</td><td/><td>Afsluttende samtale <span style=\"background: LightGoldenRodYellow; margin: 4px; border: 1px solid khaki\"> (<a href=\"http://fhir.kl.dk/term/2.1.0/CodeSystem-FSIII.html\">FSIII</a>#03a3ebdb-9e2d-4be1-b32b-42f0bd2a3362)</span></td><td>completed</td><td>See on this page: Organization/9d4a1ea8-d7c6-4776-9e93-911ed10d4d36</td></tr></table></blockquote></div>"
      },
      "status" : "completed",
      "intent" : "plan",
      "subject" : {
        "reference" : "Patient/e6ce3367-d224-4817-8852-302ae75f7d41"
      },
      "period" : {
        "start" : "2022-09-30",
        "end" : "2022-09-30"
      },
      "activity" : [{
        "detail" : {
          "extension" : [{
            "url" : "http://fhir.kl.dk/prevention/StructureDefinition/DeliveryType",
            "valueCodeableConcept" : {
              "coding" : [{
                "system" : "http://fhir.kl.dk/term/CodeSystem/CareSocialCodes",
                "code" : "8d12d74c-17da-47a7-a4fe-e69dbaec0a8c",
                "display" : "Individuel indsats"
              }]
            }
          }],
          "code" : {
            "coding" : [{
              "system" : "urn:oid:1.2.208.176.2.21",
              "code" : "03a3ebdb-9e2d-4be1-b32b-42f0bd2a3362",
              "display" : "Afsluttende samtale"
            }]
          },
          "status" : "completed",
          "performer" : [{
            "reference" : "Organization/9d4a1ea8-d7c6-4776-9e93-911ed10d4d36"
          }]
        }
      }]
    }
  },
  {
    "fullUrl" : "https://test.fhir.dk/Enconter/d7646272-58a4-4bfc-a434-b89d4c826cf9",
    "resource" : {
      "resourceType" : "Encounter",
      "id" : "d7646272-58a4-4bfc-a434-b89d4c826cf9",
      "meta" : {
        "profile" : ["http://fhir.kl.dk/prevention/StructureDefinition/klgateway-119-encounter"]
      },
      "text" : {
        "status" : "extensions",
        "div" : "<div xmlns=\"http://www.w3.org/1999/xhtml\"><a name=\"Encounter_d7646272-58a4-4bfc-a434-b89d4c826cf9\"> </a><p><b>Generated Narrative: Encounter </b><a name=\"d7646272-58a4-4bfc-a434-b89d4c826cf9\"> </a><a name=\"hcd7646272-58a4-4bfc-a434-b89d4c826cf9\"> </a></p><div style=\"display: inline-block; background-color: #d9e0e7; padding: 6px; margin: 4px; border: 1px solid #8da1b4; border-radius: 5px; line-height: 60%\"><p style=\"margin-bottom: 0px\">ResourceEncounter &quot;d7646272-58a4-4bfc-a434-b89d4c826cf9&quot; </p><p style=\"margin-bottom: 0px\">Profile: <a href=\"StructureDefinition-klgateway-119-encounter.html\">KLGateway119Encounter</a></p></div><p><b>basedOnCarePlanExtension</b>: See on this page: CarePlan/e91f631d-6f99-4eb9-9f07-dce1d4f4e54f</p><p><b>status</b>: finished</p><p><b>class</b>: ambulatory (Details: ActCode code AMB  = ' ambulatory ', stated as ' null ')</p><p><b>subject</b>: See on this page: Patient/e6ce3367-d224-4817-8852-302ae75f7d41</p><p><b>period</b>: 2022-09-30 09:05:00+0000 --&gt; 2022-09-30 09:35:00+0000</p></div>"
      },
      "extension" : [{
        "url" : "http://fhir.kl.dk/prevention/StructureDefinition/BasedOnCarePlanExtension",
        "valueReference" : {
          "reference" : "CarePlan/e91f631d-6f99-4eb9-9f07-dce1d4f4e54f"
        }
      }],
      "status" : "finished",
      "class" : {
        "system" : "http://terminology.hl7.org/CodeSystem/v3-ActCode",
        "code" : "AMB"
      },
      "subject" : {
        "reference" : "Patient/e6ce3367-d224-4817-8852-302ae75f7d41"
      },
      "period" : {
        "start" : "2022-09-30T09:05:00.000Z",
        "end" : "2022-09-30T09:35:00.000Z"
      }
    }
  },
  {
    "fullUrl" : "https://test.fhir.dk/CarePlan/0ce001f0-91c0-4b8c-8604-e94efb46bb45",
    "resource" : {
      "resourceType" : "CarePlan",
      "id" : "0ce001f0-91c0-4b8c-8604-e94efb46bb45",
      "meta" : {
        "profile" : ["http://fhir.kl.dk/prevention/StructureDefinition/klgateway-119-care-plan"]
      },
      "text" : {
        "status" : "generated",
        "div" : "<div xmlns=\"http://www.w3.org/1999/xhtml\"><a name=\"CarePlan_0ce001f0-91c0-4b8c-8604-e94efb46bb45\"> </a><p><b>Generated Narrative: CarePlan </b><a name=\"0ce001f0-91c0-4b8c-8604-e94efb46bb45\"> </a><a name=\"hc0ce001f0-91c0-4b8c-8604-e94efb46bb45\"> </a></p><div style=\"display: inline-block; background-color: #d9e0e7; padding: 6px; margin: 4px; border: 1px solid #8da1b4; border-radius: 5px; line-height: 60%\"><p style=\"margin-bottom: 0px\">ResourceCarePlan &quot;0ce001f0-91c0-4b8c-8604-e94efb46bb45&quot; </p><p style=\"margin-bottom: 0px\">Profile: <a href=\"StructureDefinition-klgateway-119-care-plan.html\">KLGateway119CarePlan</a></p></div><p><b>status</b>: active</p><p><b>intent</b>: plan</p><p><b>category</b>: Opfølgningsforløb efter §119 <span style=\"background: LightGoldenRodYellow; margin: 4px; border: 1px solid khaki\"> (<a href=\"http://fhir.kl.dk/term/2.1.0/CodeSystem-CareSocialCodes.html\">CareSocialCodes</a>#9791e55a-656f-47eb-8fd5-c4a06b0a4662)</span></p><p><b>subject</b>: See on this page: Patient/e6ce3367-d224-4817-8852-302ae75f7d41</p><p><b>period</b>: 2022-09-30 --&gt; (ongoing)</p><blockquote><p><b>activity</b></p><h3>Details</h3><table class=\"grid\"><tr><td style=\"display: none\">-</td><td><b>Status</b></td><td><b>Performer</b></td></tr><tr><td style=\"display: none\">*</td><td>in-progress</td><td>See on this page: Organization/9d4a1ea8-d7c6-4776-9e93-911ed10d4d36</td></tr></table></blockquote></div>"
      },
      "status" : "active",
      "intent" : "plan",
      "category" : [{
        "coding" : [{
          "system" : "http://fhir.kl.dk/term/CodeSystem/CareSocialCodes",
          "code" : "9791e55a-656f-47eb-8fd5-c4a06b0a4662"
        }]
      }],
      "subject" : {
        "reference" : "Patient/e6ce3367-d224-4817-8852-302ae75f7d41"
      },
      "period" : {
        "start" : "2022-09-30"
      },
      "activity" : [{
        "detail" : {
          "status" : "in-progress",
          "performer" : [{
            "reference" : "Organization/9d4a1ea8-d7c6-4776-9e93-911ed10d4d36"
          }]
        }
      }]
    }
  },
  {
    "fullUrl" : "https://test.fhir.dk/CarePlan/998df1b7-2339-46ec-9672-07178b04a6d8",
    "resource" : {
      "resourceType" : "CarePlan",
      "id" : "998df1b7-2339-46ec-9672-07178b04a6d8",
      "meta" : {
        "profile" : ["http://fhir.kl.dk/prevention/StructureDefinition/klgateway-119-planned-intervention"]
      },
      "text" : {
        "status" : "generated",
        "div" : "<div xmlns=\"http://www.w3.org/1999/xhtml\"><a name=\"CarePlan_998df1b7-2339-46ec-9672-07178b04a6d8\"> </a><p><b>Generated Narrative: CarePlan </b><a name=\"998df1b7-2339-46ec-9672-07178b04a6d8\"> </a><a name=\"hc998df1b7-2339-46ec-9672-07178b04a6d8\"> </a></p><div style=\"display: inline-block; background-color: #d9e0e7; padding: 6px; margin: 4px; border: 1px solid #8da1b4; border-radius: 5px; line-height: 60%\"><p style=\"margin-bottom: 0px\">ResourceCarePlan &quot;998df1b7-2339-46ec-9672-07178b04a6d8&quot; </p><p style=\"margin-bottom: 0px\">Profile: <a href=\"StructureDefinition-klgateway-119-planned-intervention.html\">KLGateway119PlannedIntervention</a></p></div><p><b>basedOn</b>: See on this page: CarePlan/0ce001f0-91c0-4b8c-8604-e94efb46bb45</p><p><b>status</b>: active</p><p><b>intent</b>: plan</p><p><b>subject</b>: See on this page: Patient/e6ce3367-d224-4817-8852-302ae75f7d41</p><p><b>period</b>: 2022-09-30 --&gt; (ongoing)</p><blockquote><p><b>activity</b></p><h3>Details</h3><table class=\"grid\"><tr><td style=\"display: none\">-</td><td><b>Extension</b></td><td><b>Code</b></td><td><b>Status</b></td><td><b>Performer</b></td></tr><tr><td style=\"display: none\">*</td><td/><td>Opfølgning <span style=\"background: LightGoldenRodYellow; margin: 4px; border: 1px solid khaki\"> (<a href=\"http://fhir.kl.dk/term/2.1.0/CodeSystem-FSIII.html\">FSIII</a>#d1e016b5-150a-4ac4-97ba-d3e19e28471e)</span></td><td>in-progress</td><td>See on this page: Organization/9d4a1ea8-d7c6-4776-9e93-911ed10d4d36</td></tr></table></blockquote></div>"
      },
      "basedOn" : [{
        "reference" : "CarePlan/0ce001f0-91c0-4b8c-8604-e94efb46bb45"
      }],
      "status" : "active",
      "intent" : "plan",
      "subject" : {
        "reference" : "Patient/e6ce3367-d224-4817-8852-302ae75f7d41"
      },
      "period" : {
        "start" : "2022-09-30"
      },
      "activity" : [{
        "detail" : {
          "extension" : [{
            "url" : "http://fhir.kl.dk/prevention/StructureDefinition/DeliveryType",
            "valueCodeableConcept" : {
              "coding" : [{
                "system" : "http://fhir.kl.dk/term/CodeSystem/CareSocialCodes",
                "code" : "8d12d74c-17da-47a7-a4fe-e69dbaec0a8c",
                "display" : "Individuel indsats"
              }]
            }
          }],
          "code" : {
            "coding" : [{
              "system" : "urn:oid:1.2.208.176.2.21",
              "code" : "d1e016b5-150a-4ac4-97ba-d3e19e28471e",
              "display" : "Opfølgning"
            }]
          },
          "status" : "in-progress",
          "performer" : [{
            "reference" : "Organization/9d4a1ea8-d7c6-4776-9e93-911ed10d4d36"
          }]
        }
      }]
    }
  }]
}