<?xml version="1.0" encoding="UTF-8"?><CodeSystem xmlns="http://hl7.org/fhir"><id value="NPU"/><text><status value="generated"/><div xmlns="http://www.w3.org/1999/xhtml"><p>This code system <code>urn:oid:1.2.208.176.2.1</code> provides a fragment that includes following codes:</p><table class="codes"><tr><td style="white-space:nowrap"><b>Code</b></td><td><b>Display</b></td></tr><tr><td style="white-space:nowrap">NPU14924<a name="NPU-NPU14924"> </a></td><td>U—Urin; egenskabsart(liste; stix; proc.)</td></tr><tr><td style="white-space:nowrap">NPU10504<a name="NPU-NPU10504"> </a></td><td>U—Acetoacetat; arb.k.(proc.) = ?</td></tr><tr><td style="white-space:nowrap">NPU17997<a name="NPU-NPU17997"> </a></td><td>U—Albumin; arb.k.(proc.) = ?</td></tr><tr><td style="white-space:nowrap">NPU10506<a name="NPU-NPU10506"> </a></td><td>U—Bacterium, nitrit-producerende; arb.k.(proc.) = ?</td></tr><tr><td style="white-space:nowrap">NPU01372<a name="NPU-NPU01372"> </a></td><td>U—Bilirubiner; arb.k.(proc.) = ?</td></tr><tr><td style="white-space:nowrap">NPU03963<a name="NPU-NPU03963"> </a></td><td>U—Erythrocytter; arb.k.(proc.) = ?</td></tr><tr><td style="white-space:nowrap">NPU04207<a name="NPU-NPU04207"> </a></td><td>U—Glucose; arb.k.(proc.) = ?</td></tr><tr><td style="white-space:nowrap">NPU02415<a name="NPU-NPU02415"> </a></td><td>U—Hydrogen-ion; pH(proc.) = ?</td></tr><tr><td style="white-space:nowrap">NPU04208<a name="NPU-NPU04208"> </a></td><td>U—Hæmoglobin; arb.k.(proc.) = ?</td></tr><tr><td style="white-space:nowrap">NPU03987<a name="NPU-NPU03987"> </a></td><td>U—Leukocytter; arb.k.(proc.) = ?</td></tr><tr><td style="white-space:nowrap">NPU21578<a name="NPU-NPU21578"> </a></td><td>U—Nitrit; arb.k.(proc.) = ?</td></tr><tr><td style="white-space:nowrap">NPU04864<a name="NPU-NPU04864"> </a></td><td>U—Porphobilinogen; arb.k.(proc.) = ?</td></tr><tr><td style="white-space:nowrap">NPU04206<a name="NPU-NPU04206"> </a></td><td>U—Protein; arb.k.(proc.) = ?</td></tr><tr><td style="white-space:nowrap">NPU03694<a name="NPU-NPU03694"> </a></td><td>Pt—Urin; rel.massetæthed(20 °C/vand, 20 °C; proc.) = ?</td></tr><tr><td style="white-space:nowrap">NPU03697<a name="NPU-NPU03697"> </a></td><td>U—Urobilinogen; arb.k.(proc.) = ?</td></tr><tr><td style="white-space:nowrap">NPU02195<a name="NPU-NPU02195"> </a></td><td>P(vB; fPt)—Glucose; stofk. = ? mmol/L</td></tr></table></div></text><url value="urn:oid:1.2.208.176.2.1"/><version value="1.1.0"/><name value="NPU"/><title value="NPU"/><status value="active"/><experimental value="false"/><date value="2023-07-10T23:08:03+02:00"/><publisher value="Kommunernes Landsforening"/><contact><name value="Kommunernes Landsforening"/><telecom><system value="url"/><value value="http://kl.dk"/></telecom></contact><description value="NPUcodes used in Danish municipalities"/><caseSensitive value="true"/><content value="fragment"/><concept><code value="NPU14924"/><display value="U—Urin; egenskabsart(liste; stix; proc.)"/></concept><concept><code value="NPU10504"/><display value="U—Acetoacetat; arb.k.(proc.) = ?"/></concept><concept><code value="NPU17997"/><display value="U—Albumin; arb.k.(proc.) = ?"/></concept><concept><code value="NPU10506"/><display value="U—Bacterium, nitrit-producerende; arb.k.(proc.) = ?"/></concept><concept><code value="NPU01372"/><display value="U—Bilirubiner; arb.k.(proc.) = ?"/></concept><concept><code value="NPU03963"/><display value="U—Erythrocytter; arb.k.(proc.) = ?"/></concept><concept><code value="NPU04207"/><display value="U—Glucose; arb.k.(proc.) = ?"/></concept><concept><code value="NPU02415"/><display value="U—Hydrogen-ion; pH(proc.) = ?"/></concept><concept><code value="NPU04208"/><display value="U—Hæmoglobin; arb.k.(proc.) = ?"/></concept><concept><code value="NPU03987"/><display value="U—Leukocytter; arb.k.(proc.) = ?"/></concept><concept><code value="NPU21578"/><display value="U—Nitrit; arb.k.(proc.) = ?"/></concept><concept><code value="NPU04864"/><display value="U—Porphobilinogen; arb.k.(proc.) = ?"/></concept><concept><code value="NPU04206"/><display value="U—Protein; arb.k.(proc.) = ?"/></concept><concept><code value="NPU03694"/><display value="Pt—Urin; rel.massetæthed(20 °C/vand, 20 °C; proc.) = ?"/></concept><concept><code value="NPU03697"/><display value="U—Urobilinogen; arb.k.(proc.) = ?"/></concept><concept><code value="NPU02195"/><display value="P(vB; fPt)—Glucose; stofk. = ? mmol/L"/></concept></CodeSystem>