<?xml version="1.0" encoding="UTF-8"?><CodeSystem xmlns="http://hl7.org/fhir"><id value="KLCommonproprietary"/><text><status value="generated"/><div xmlns="http://www.w3.org/1999/xhtml"><p>This case-sensitive code system <code>http://fhir.kl.dk/term/CodeSystem/KLCommonproprietary</code> provides <b>a fragment</b> that includes following codes:</p><table class="codes"><tr><td style="white-space:nowrap"><b>Code</b></td></tr></table></div></text><url value="http://fhir.kl.dk/term/CodeSystem/KLCommonproprietary"/><version value="2.0.0"/><name value="KLCommonproprietary"/><title value="KLLokaleKoder"/><status value="active"/><experimental value="false"/><date value="2024-06-01T22:25:19+02:00"/><publisher value="Kommunernes Landsforening"/><contact><name value="Kommunernes Landsforening"/><telecom><system value="url"/><value value="http://kl.dk"/></telecom></contact><description value="Proprietary codes associated with KLCommonCareSocial, partial list, ID's likely to change."/><caseSensitive value="true"/><content value="fragment"/></CodeSystem>