<?xml version="1.0" encoding="UTF-8"?><ValueSet xmlns="http://hl7.org/fhir"><id value="KLImportanceLevelCodesFSIII"/><text><status value="generated"/><div xmlns="http://www.w3.org/1999/xhtml"><p class="res-header-id"><b>Generated Narrative: ValueSet KLImportanceLevelCodesFSIII</b></p><a name="KLImportanceLevelCodesFSIII"> </a><a name="hcKLImportanceLevelCodesFSIII"> </a><a name="KLImportanceLevelCodesFSIII-en-US"> </a><p>This value set includes codes based on the following rules:</p><ul><li>Include codes from<a href="CodeSystem-FSIII.html"><code>urn:oid:1.2.208.176.2.21</code></a> where concept  descends from <a href="CodeSystem-FSIII.html#FSIII-687159ad-a61c-47c0-a878-53aa54bae2d5">687159ad-a61c-47c0-a878-53aa54bae2d5</a></li><li>Include codes from<a href="CodeSystem-FSIII.html"><code>urn:oid:1.2.208.176.2.21</code></a> where concept  descends from <a href="CodeSystem-FSIII.html#FSIII-D">D</a></li></ul></div></text><url value="http://fhir.kl.dk/term/ValueSet/KLImportanceLevelCodesFSIII"/><version value="2.2.0"/><name value="KLImportanceLevelCodesFSIII"/><title value="KLBetydningKoderFSIII"/><status value="active"/><experimental value="false"/><date value="2024-10-31T13:18:46+01:00"/><publisher value="Kommunernes Landsforening"/><contact><name value="Kommunernes Landsforening"/><telecom><system value="url"/><value value="http://kl.dk"/></telecom></contact><description value="Importance level codes (Betydning), as evaluated by the citizen"/><compose><include><system value="urn:oid:1.2.208.176.2.21"/><filter><property value="concept"/><op value="descendent-of"/><value value="687159ad-a61c-47c0-a878-53aa54bae2d5"/></filter></include><include><system value="urn:oid:1.2.208.176.2.21"/><filter><property value="concept"/><op value="descendent-of"/><value value="D"/></filter></include></compose></ValueSet>