<?xml version="1.0" encoding="UTF-8"?><ValueSet xmlns="http://hl7.org/fhir"><id value="KLSeveritiesFFB"/><text><status value="generated"/><div xmlns="http://www.w3.org/1999/xhtml"><ul><li>Include codes from <a href="CodeSystem-FFB.html"><code>urn:oid:1.2.208.176.2.22</code></a> where concept  descends from  <a href="CodeSystem-FFB.html#FFB-e89d317c-4657-4970-b614-ada2ed220595">e89d317c-4657-4970-b614-ada2ed220595</a></li></ul></div></text><url value="http://fhir.kl.dk/term/ValueSet/KLSeveritiesFFB"/><version value="1.0.0"/><name value="KLSeveritiesFFB"/><title value="KLFunktionsevneniveauFFB"/><status value="active"/><experimental value="false"/><date value="2023-04-25T15:43:23+02:00"/><publisher value="Kommunernes Landsforening"/><contact><name value="Kommunernes Landsforening"/><telecom><system value="url"/><value value="http://kl.dk"/></telecom></contact><description value="Severities related to conditions in FFB (funktionsevneniveau)"/><compose><include><system value="urn:oid:1.2.208.176.2.22"/><filter><property value="concept"/><op value="descendent-of"/><value value="e89d317c-4657-4970-b614-ada2ed220595"/></filter></include></compose></ValueSet>