<?xml version="1.0" encoding="UTF-8"?><ValueSet xmlns="http://hl7.org/fhir"><id value="KLTargetGroupsFFB"/><text><status value="extensions"/><div xmlns="http://www.w3.org/1999/xhtml"><ul><li>Include these codes as defined in <a href="CodeSystem-FFB.html"><code>urn:oid:1.2.208.176.2.22</code></a><table class="none"><tr><td style="white-space:nowrap"><b>Code</b></td><td><b>Display</b></td><td><b>Definition</b></td></tr><tr><td><a href="CodeSystem-FFB.html#FFB-1f23325e-c9c9-455b-bfe7-b4dcd1bb63e5">1f23325e-c9c9-455b-bfe7-b4dcd1bb63e5</a></td><td>Sjældent forekommende funktionsnedsættelse  </td><td>funktionsnedsættelse, der er sjældent forekommende</td></tr><tr><td><a href="CodeSystem-FFB.html#FFB-f1c7ee41-21b4-4dba-9424-c874bf72b5e7">f1c7ee41-21b4-4dba-9424-c874bf72b5e7</a></td><td>Multipel funktionsnedsættelse  </td><td>funktionsnedsættelse, der er både mental og kropslig og kendetegnet ved et manglende talesprog</td></tr><tr><td><a href="CodeSystem-FFB.html#FFB-ab7b7d7b-b7bb-4b8c-99d9-5c98a302b771">ab7b7d7b-b7bb-4b8c-99d9-5c98a302b771</a></td><td>Medfødt døvblindhed  </td><td>døvblindhed, der er opstået inden et sprog er udviklet</td></tr><tr><td><a href="CodeSystem-FFB.html#FFB-0d66b364-958e-48cf-a18b-744fab284194">0d66b364-958e-48cf-a18b-744fab284194</a></td><td>Erhvervet døvblindhed  </td><td>døvblindhed, der er opstået efter et sprog er udviklet</td></tr><tr><td><a href="CodeSystem-FFB.html#FFB-7ef8be83-90d1-4375-b1cb-24710bea21c7">7ef8be83-90d1-4375-b1cb-24710bea21c7</a></td><td>Hørenedsættelse  </td><td>fysisk funktionsnedsættelse, der skyldes en begrænsning i en persons opfattelse af lyd</td></tr><tr><td><a href="CodeSystem-FFB.html#FFB-5cb8997c-eb10-477f-b653-b2a5ff11ce7d">5cb8997c-eb10-477f-b653-b2a5ff11ce7d</a></td><td>Kommunikationsnedsættelse  </td><td>fysisk funktionsnedsættelse, der skyldes en begrænsning i en persons evne til at frembringe meddelelser</td></tr><tr><td><a href="CodeSystem-FFB.html#FFB-6e155207-db12-419a-8d9c-d67756533056">6e155207-db12-419a-8d9c-d67756533056</a></td><td>Mobilitetsnedsættelse  </td><td>fysisk funktionsnedsættelse, der skyldes en begrænsning i en persons mulighed for at bevæge sig</td></tr><tr><td><a href="CodeSystem-FFB.html#FFB-615310e8-f702-4455-910b-9d6d8aa684fb">615310e8-f702-4455-910b-9d6d8aa684fb</a></td><td>Synsnedsættelse  </td><td>fysisk funktionsnedsættelse, der skyldes en begrænsning i en persons evne til at se</td></tr><tr><td><a href="CodeSystem-FFB.html#FFB-da298aec-cd7d-436c-9927-d88d00066881">da298aec-cd7d-436c-9927-d88d00066881</a></td><td>Anden fysisk funktionsnedsættelse  </td><td>fysisk funktionsnedsættelse, der ikke er omfattet af en af de øvrige kategorier under fysisk funktionsnedsættelse</td></tr><tr><td><a href="CodeSystem-FFB.html#FFB-7b48f1a0-579b-4976-ae7c-4074b5981449">7b48f1a0-579b-4976-ae7c-4074b5981449</a></td><td>Demens  </td><td>intellektuel/kognitiv forstyrrelse, der er kendetegnet ved en fremadskridende nedsættelse af en persons intellektuelle og kognitive færdigheder, heriblandt hukommelsesfunktionen</td></tr><tr><td><a href="CodeSystem-FFB.html#FFB-d26f97e8-99ed-46a9-94db-93340f77a950">d26f97e8-99ed-46a9-94db-93340f77a950</a></td><td>Erhvervet hjerneskade  </td><td>hjerneskade, der er kommet til efter fødslen</td></tr><tr><td><a href="CodeSystem-FFB.html#FFB-1097d07f-1dba-4cc2-ae3a-399a501c2eb6">1097d07f-1dba-4cc2-ae3a-399a501c2eb6</a></td><td>Medfødt hjerneskade  </td><td>hjerneskade, der er opstået før eller under fødslen</td></tr><tr><td><a href="CodeSystem-FFB.html#FFB-9b3fd322-a75a-4ed8-9b74-425fa1e01c95">9b3fd322-a75a-4ed8-9b74-425fa1e01c95</a></td><td>Autismespektrum  </td><td>udviklingsforstyrrelse, der er kendetegnet ved mangelfuld udvikling af sociale og kommunikative færdigheder samt repetitiv og stereotyp adfærd</td></tr><tr><td><a href="CodeSystem-FFB.html#FFB-cc6a58cf-d3d2-4e5f-b7fe-98b009647eac">cc6a58cf-d3d2-4e5f-b7fe-98b009647eac</a></td><td>Opmærksomhedsforstyrrelse  </td><td>udviklingsforstyrrelse, der er kendetegnet ved betydelige opmærksomheds- og koncentrationsproblemer</td></tr><tr><td><a href="CodeSystem-FFB.html#FFB-e6a269f5-944a-4ff8-b4d8-6dc2134d9167">e6a269f5-944a-4ff8-b4d8-6dc2134d9167</a></td><td>Udviklingsforstyrrelse af sansemotoriske færdigheder  </td><td>udviklingsforstyrrelse, der er karakteriseret ved alvorlige forstyrrelser i udviklingen af motorisk koordination</td></tr><tr><td><a href="CodeSystem-FFB.html#FFB-93d52b11-faa7-4ff7-b552-11a84cce8bf1">93d52b11-faa7-4ff7-b552-11a84cce8bf1</a></td><td>Udviklingsforstyrrelse af skolefærdigheder  </td><td>udviklingsforstyrrelse, hvor normale mønstre for udviklingen af intellektuelle skolefærdigheder er tilbagestående fra de tidligste udviklingstrin</td></tr><tr><td><a href="CodeSystem-FFB.html#FFB-71dfe6d1-ebc1-4414-8527-edf8e605c356">71dfe6d1-ebc1-4414-8527-edf8e605c356</a></td><td>Udviklingsforstyrrelse af tale og sprog  </td><td>udviklingsforstyrrelse, hvor normale mønstre for sprogerhvervelse er påvirkede fra de tidligste udviklingstrin</td></tr><tr><td><a href="CodeSystem-FFB.html#FFB-5cfc9530-a193-4f66-9981-3b980ee9ea7b">5cfc9530-a193-4f66-9981-3b980ee9ea7b</a></td><td>Anden udviklingsforstyrrelse  </td><td>udviklingsforstyrrelse, der ikke er omfattet af en af de øvrige kategorier under udviklingsforstyrrelse</td></tr><tr><td><a href="CodeSystem-FFB.html#FFB-97c355cc-84e3-46d0-ac1b-00bc627d089f">97c355cc-84e3-46d0-ac1b-00bc627d089f</a></td><td>Udviklingshæmning  </td><td>intellektuel/kognitiv forstyrrelse, der er kendetegnet ved en forsinket eller manglende udvikling inden for bestemte områder af psyken eller mere generel mental retardering</td></tr><tr><td><a href="CodeSystem-FFB.html#FFB-17ce646b-4469-4a73-82a9-9628436f6c70">17ce646b-4469-4a73-82a9-9628436f6c70</a></td><td>Anden intellektuel/kognitiv forstyrrelse  </td><td>intellektuel/kognitiv forstyrrelse, der ikke er omfattet af en af de øvrige kategorier under intellektuel/kognitiv forstyrrelse</td></tr><tr><td><a href="CodeSystem-FFB.html#FFB-303deb9b-84f0-49d2-ab7a-f8b98eed40a2">303deb9b-84f0-49d2-ab7a-f8b98eed40a2</a></td><td>Angst  </td><td>sindslidelse, der er kendetegnet ved en følelse af frygt, anspændthed og uro, uden at det er muligt at identificere en umiddelbar årsag</td></tr><tr><td><a href="CodeSystem-FFB.html#FFB-ee5b52bd-b839-4e69-ad04-c8b33eabfbde">ee5b52bd-b839-4e69-ad04-c8b33eabfbde</a></td><td>Depression  </td><td>sindslidelse, der er kendetegnet ved en markant, vedvarende følelse af tristhed, håbløshed og handlingslammelse</td></tr><tr><td><a href="CodeSystem-FFB.html#FFB-f2ccc0c0-2a0a-49c9-9d6a-741a7cd220a3">f2ccc0c0-2a0a-49c9-9d6a-741a7cd220a3</a></td><td>Forandret virkelighedsopfattelse  </td><td>sindslidelse, der er kendetegnet ved en virkelighedsopfattelse, der udgør en væsentlig afvigelse fra accepterede statistiske norme</td></tr><tr><td><a href="CodeSystem-FFB.html#FFB-6aac5ae6-ef06-4866-9c66-16d51ebbc83b">6aac5ae6-ef06-4866-9c66-16d51ebbc83b</a></td><td>Personlighedsforstyrrelse  </td><td>sindslidelse, der er kendetegnet ved en forstyrrelse i evnen til at forholde sig til andre mennesker</td></tr><tr><td><a href="CodeSystem-FFB.html#FFB-192b7d79-415c-4f4f-9223-607938ecbe97">192b7d79-415c-4f4f-9223-607938ecbe97</a></td><td>Spiseforstyrrelse  </td><td>sindslidelse, der er kendetegnet ved et afvigende spisemønster</td></tr><tr><td><a href="CodeSystem-FFB.html#FFB-afaa7e31-2b5d-4a49-9008-56aa8df8dc13">afaa7e31-2b5d-4a49-9008-56aa8df8dc13</a></td><td>Stressbelastning  </td><td>sindslidelse, der er kendetegnet ved, at en person gennem længere tid befinder sig i en tilstand af konstant forhøjet fysisk og psykisk beredskab</td></tr><tr><td><a href="CodeSystem-FFB.html#FFB-d42d8f41-2d07-4391-a687-bad51172d0c9">d42d8f41-2d07-4391-a687-bad51172d0c9</a></td><td>Tilknytningsforstyrrelse  </td><td>sindslidelse, der er kendetegnet ved, at en person i en tidlig alder har oplevet omsorgssvigt og nu har svært ved at danne følelsesmæssige relationer til andre mennesker</td></tr><tr><td><a href="CodeSystem-FFB.html#FFB-851b2a9d-cde2-4d5d-8f33-d03789022cbb">851b2a9d-cde2-4d5d-8f33-d03789022cbb</a></td><td>Anden psykisk vanskelighed</td><td>psykiske vanskeligheder, der ikke er omfattet af en af de øvrige kategorier under psykiske vanskeligheder</td></tr><tr><td><a href="CodeSystem-FFB.html#FFB-293bf940-c075-4e3d-b5ef-6e331202e556">293bf940-c075-4e3d-b5ef-6e331202e556</a></td><td>Hjemløshed  </td><td>tilstand, hvor en person ikke har en bolig</td></tr><tr><td><a href="CodeSystem-FFB.html#FFB-3e3f5ebf-82c1-401b-ab5e-e6138a31da3a">3e3f5ebf-82c1-401b-ab5e-e6138a31da3a</a></td><td>Selvskadende adfærd  </td><td>adfærd, hvor en person intentionelt påfører eller kan påføre sig selv fysisk eller psykisk skade</td></tr><tr><td><a href="CodeSystem-FFB.html#FFB-16075f99-3694-4878-a48d-b2f4b515cb76">16075f99-3694-4878-a48d-b2f4b515cb76</a></td><td>Social isolation  </td><td>tilstand, hvor en person føler sig afsondret fra omverdenen</td></tr><tr><td><a href="CodeSystem-FFB.html#FFB-e1b59a4a-9cc2-4113-a5f1-84af588b02a2">e1b59a4a-9cc2-4113-a5f1-84af588b02a2</a></td><td>Udadreagerende adfærd  </td><td>adfærd, der opleves aggressiv eller voldsom af omgivelserne</td></tr><tr><td><a href="CodeSystem-FFB.html#FFB-66fac925-3488-43b3-8e50-4510d3821b37">66fac925-3488-43b3-8e50-4510d3821b37</a></td><td>Andet socialt problem  </td><td>socialt problem, der ikke er omfattet af en af de øvrige kategorier under socialt problem</td></tr><tr><td><a href="CodeSystem-FFB.html#FFB-3b166cb0-df17-4002-a4c4-69e9a943645c">3b166cb0-df17-4002-a4c4-69e9a943645c</a></td><td>Indadreagerende adfærd  </td><td>adfærd, hvor en person er præget af en lukket og indadrettet opførsel</td></tr><tr><td><a href="CodeSystem-FFB.html#FFB-df42d472-06f6-4c5f-9dcf-64aa6cc20925">df42d472-06f6-4c5f-9dcf-64aa6cc20925</a></td><td>Personfarlig kriminalitet  </td><td>kriminalitet, der påfører eller risikerer at påføre en person fysisk eller psykisk skade</td></tr><tr><td><a href="CodeSystem-FFB.html#FFB-6a038911-d866-4910-90ae-72ca55c641ea">6a038911-d866-4910-90ae-72ca55c641ea</a></td><td>Ikke-personfarlig kriminalitet  </td><td>kriminalitet, der ikke påfører eller risikerer at påføre en person fysisk eller psykisk skade</td></tr><tr><td><a href="CodeSystem-FFB.html#FFB-f1f4d709-19d2-48cc-8942-231bf912323d">f1f4d709-19d2-48cc-8942-231bf912323d</a></td><td>Omsorgssvigt  </td><td>tilstand, hvor en person, der er afhængig af andre personer, ikke får den omsorg og hjælp, som denne har brug for</td></tr><tr><td><a href="CodeSystem-FFB.html#FFB-ab4413f0-fa81-41c0-ad8c-21782c12a0fa">ab4413f0-fa81-41c0-ad8c-21782c12a0fa</a></td><td>Alkoholmisbrug  </td><td>misbrug, hvor rusmidlet er alkohol</td></tr><tr><td><a href="CodeSystem-FFB.html#FFB-0e25a2ec-4f04-4d14-a5ad-a6519a7d1d5f">0e25a2ec-4f04-4d14-a5ad-a6519a7d1d5f</a></td><td>Stofmisbrug  </td><td>misbrug, hvor rusmidlet ikke er alkohol</td></tr><tr><td><a href="CodeSystem-FFB.html#FFB-122f3f8e-84a0-476f-b9c5-0e40b1dcf113">122f3f8e-84a0-476f-b9c5-0e40b1dcf113</a></td><td>Prostitution  </td><td>handling, hvor mindst to handlende personer på markedsmæssige betingelser henholdsvis køber og sælger en prostitutionsydelse mod betaling</td></tr><tr><td><a href="CodeSystem-FFB.html#FFB-6fd0f315-2297-4d66-b638-3f867a0900e0">6fd0f315-2297-4d66-b638-3f867a0900e0</a></td><td>Seksuelt krænkende adfærd  </td><td>adfærd, hvor en person udsætter andre for grænseoverskridende seksuelle handlinger eller seksuelt overgreb</td></tr><tr><td><a href="CodeSystem-FFB.html#FFB-5e95db73-4d16-4084-93a3-595c0650b160">5e95db73-4d16-4084-93a3-595c0650b160</a></td><td>Selvmordstanker eller -forsøg  </td><td>tilstand, hvor en person har tanker om at tage sit eget liv eller har forsøgt at begå selvmord</td></tr><tr><td><a href="CodeSystem-FFB.html#FFB-c47fd846-f1e0-4786-89a4-88d00e7a86c0">c47fd846-f1e0-4786-89a4-88d00e7a86c0</a></td><td>Seksuelt overgreb  </td><td>overgreb, hvor en person udsættes for en seksuel krænkelse</td></tr><tr><td><a href="CodeSystem-FFB.html#FFB-3412d671-22bf-456c-b963-c4e05c2725a0">3412d671-22bf-456c-b963-c4e05c2725a0</a></td><td>Voldeligt overgreb  </td><td>overgreb, hvor en person krænkes med fysisk eller psykisk vold</td></tr><tr><td><a href="CodeSystem-FFB.html#FFB-905caa77-2b98-48ce-b0e1-35dc4c1cc4bd">905caa77-2b98-48ce-b0e1-35dc4c1cc4bd</a></td><td>Andet overgreb  </td><td>overgreb, der ikke er omfattet af en af de øvrige kategorier under overgreb</td></tr></table></li></ul></div></text><url value="http://fhir.kl.dk/term/ValueSet/KLTargetGroupsFFB"/><version value="1.0.0"/><name value="KLTargetGroupsFFB"/><title value="KLMålgrupperFFB"/><status value="active"/><experimental value="false"/><date value="2023-05-07T23:02:44+02:00"/><publisher value="Kommunernes Landsforening"/><contact><name value="Kommunernes Landsforening"/><telecom><system value="url"/><value value="http://kl.dk"/></telecom></contact><description value="Target groups as defined by FFB"/><compose><include><system value="urn:oid:1.2.208.176.2.22"/><concept><code value="1f23325e-c9c9-455b-bfe7-b4dcd1bb63e5"/></concept><concept><code value="f1c7ee41-21b4-4dba-9424-c874bf72b5e7"/></concept><concept><code value="ab7b7d7b-b7bb-4b8c-99d9-5c98a302b771"/></concept><concept><code value="0d66b364-958e-48cf-a18b-744fab284194"/></concept><concept><code value="7ef8be83-90d1-4375-b1cb-24710bea21c7"/></concept><concept><code value="5cb8997c-eb10-477f-b653-b2a5ff11ce7d"/></concept><concept><code value="6e155207-db12-419a-8d9c-d67756533056"/></concept><concept><code value="615310e8-f702-4455-910b-9d6d8aa684fb"/></concept><concept><code value="da298aec-cd7d-436c-9927-d88d00066881"/></concept><concept><code value="7b48f1a0-579b-4976-ae7c-4074b5981449"/></concept><concept><code value="d26f97e8-99ed-46a9-94db-93340f77a950"/></concept><concept><code value="1097d07f-1dba-4cc2-ae3a-399a501c2eb6"/></concept><concept><code value="9b3fd322-a75a-4ed8-9b74-425fa1e01c95"/></concept><concept><code value="cc6a58cf-d3d2-4e5f-b7fe-98b009647eac"/></concept><concept><code value="e6a269f5-944a-4ff8-b4d8-6dc2134d9167"/></concept><concept><code value="93d52b11-faa7-4ff7-b552-11a84cce8bf1"/></concept><concept><code value="71dfe6d1-ebc1-4414-8527-edf8e605c356"/></concept><concept><code value="5cfc9530-a193-4f66-9981-3b980ee9ea7b"/></concept><concept><code value="97c355cc-84e3-46d0-ac1b-00bc627d089f"/></concept><concept><code value="17ce646b-4469-4a73-82a9-9628436f6c70"/></concept><concept><code value="303deb9b-84f0-49d2-ab7a-f8b98eed40a2"/></concept><concept><code value="ee5b52bd-b839-4e69-ad04-c8b33eabfbde"/></concept><concept><code value="f2ccc0c0-2a0a-49c9-9d6a-741a7cd220a3"/></concept><concept><code value="6aac5ae6-ef06-4866-9c66-16d51ebbc83b"/></concept><concept><code value="192b7d79-415c-4f4f-9223-607938ecbe97"/></concept><concept><code value="afaa7e31-2b5d-4a49-9008-56aa8df8dc13"/></concept><concept><code value="d42d8f41-2d07-4391-a687-bad51172d0c9"/></concept><concept><code value="851b2a9d-cde2-4d5d-8f33-d03789022cbb"/></concept><concept><code value="293bf940-c075-4e3d-b5ef-6e331202e556"/></concept><concept><code value="3e3f5ebf-82c1-401b-ab5e-e6138a31da3a"/></concept><concept><code value="16075f99-3694-4878-a48d-b2f4b515cb76"/></concept><concept><code value="e1b59a4a-9cc2-4113-a5f1-84af588b02a2"/></concept><concept><code value="66fac925-3488-43b3-8e50-4510d3821b37"/></concept><concept><code value="3b166cb0-df17-4002-a4c4-69e9a943645c"/></concept><concept><code value="df42d472-06f6-4c5f-9dcf-64aa6cc20925"/></concept><concept><code value="6a038911-d866-4910-90ae-72ca55c641ea"/></concept><concept><code value="f1f4d709-19d2-48cc-8942-231bf912323d"/></concept><concept><code value="ab4413f0-fa81-41c0-ad8c-21782c12a0fa"/></concept><concept><code value="0e25a2ec-4f04-4d14-a5ad-a6519a7d1d5f"/></concept><concept><code value="122f3f8e-84a0-476f-b9c5-0e40b1dcf113"/></concept><concept><code value="6fd0f315-2297-4d66-b638-3f867a0900e0"/></concept><concept><code value="5e95db73-4d16-4084-93a3-595c0650b160"/></concept><concept><code value="c47fd846-f1e0-4786-89a4-88d00e7a86c0"/></concept><concept><code value="3412d671-22bf-456c-b963-c4e05c2725a0"/></concept><concept><code value="905caa77-2b98-48ce-b0e1-35dc4c1cc4bd"/></concept></include></compose></ValueSet>