<?xml version="1.0" encoding="UTF-8"?><ValueSet xmlns="http://hl7.org/fhir"><id value="KLTargetMeasureCodes"/><text><status value="extensions"/><div xmlns="http://www.w3.org/1999/xhtml"><p>This value set includes codes based on the following rules:</p><ul><li>Include these codes as defined in <a href="CodeSystem-CareSocialCodes.html"><code>http://fhir.kl.dk/term/CodeSystem/CareSocialCodes</code></a><table class="none"><tr><td style="white-space:nowrap"><b>Code</b></td><td><b>Display</b></td><td><b>Definition</b></td></tr><tr><td><a href="CodeSystem-CareSocialCodes.html#CareSocialCodes-66959f77-6e2a-4574-8423-3ff097f8b9fa">66959f77-6e2a-4574-8423-3ff097f8b9fa</a></td><td>funktionsevneniveau</td><td>målet udtrykkes i form af et funktionsevneniveau, som kan være et FFB funktionsevneniveau eller FSIII tilstandsniveau</td></tr><tr><td><a href="CodeSystem-CareSocialCodes.html#CareSocialCodes-90c48f03-f194-4b2f-ad7d-6cba1069ae48">90c48f03-f194-4b2f-ad7d-6cba1069ae48</a></td><td>måltype</td><td>målet udtrykkes i form af en måltype, måltypen er den forventede ændring i tilstanden givet indsatsen</td></tr></table></li><li>Import all the codes that are contained in <a href="ValueSet-KLObservationCodes.html">KLObservationskoder</a></li></ul></div></text><url value="http://fhir.kl.dk/term/ValueSet/KLTargetMeasureCodes"/><version value="1.0.0"/><name value="KLTargetMeasureCodes"/><title value="KLTypeAfObservationPåMål"/><status value="active"/><experimental value="false"/><date value="2023-05-07T23:02:44+02:00"/><publisher value="Kommunernes Landsforening"/><contact><name value="Kommunernes Landsforening"/><telecom><system value="url"/><value value="http://kl.dk"/></telecom></contact><description value="Target measure code, that determines whether the target is expressed as a severity, change value or using another observation"/><compose><include><system value="http://fhir.kl.dk/term/CodeSystem/CareSocialCodes"/><concept><code value="66959f77-6e2a-4574-8423-3ff097f8b9fa"/></concept><concept><code value="90c48f03-f194-4b2f-ad7d-6cba1069ae48"/></concept></include><include><valueSet value="http://fhir.kl.dk/term/ValueSet/KLObservationCodes"/></include></compose></ValueSet>