<?xml version="1.0" encoding="UTF-8"?><ValueSet xmlns="http://hl7.org/fhir"><id value="KLConditionsAndTargetGroupsFFB"/><text><status value="generated"/><div xmlns="http://www.w3.org/1999/xhtml"><p>This value set includes codes based on the following rules:</p><ul><li>Import all the codes that are contained in <a href="ValueSet-KLConditionCodesFFB.html">KLTilstandKoderFFB</a></li><li>Import all the codes that are contained in <a href="ValueSet-KLTargetGroupsFFB.html">KLMålgrupperFFB</a></li></ul></div></text><url value="http://fhir.kl.dk/term/ValueSet/KLConditionsAndTargetGroupsFFB"/><version value="1.0.0"/><name value="KLConditionsAndTargetGroupsFFB"/><title value="KLTilstandeOgMålgrupperFFB"/><status value="active"/><experimental value="false"/><date value="2023-06-07T11:52:14+02:00"/><publisher value="Kommunernes Landsforening"/><contact><name value="Kommunernes Landsforening"/><telecom><system value="url"/><value value="http://kl.dk"/></telecom></contact><description value="Conditions and target groups as defined by FFB"/><compose><include><valueSet value="http://fhir.kl.dk/term/ValueSet/KLConditionCodesFFB"/></include><include><valueSet value="http://fhir.kl.dk/term/ValueSet/KLTargetGroupsFFB"/></include></compose></ValueSet>