<?xml version="1.0" encoding="UTF-8"?><ValueSet xmlns="http://hl7.org/fhir"><id value="KLGoalTypeCodes"/><text><status value="generated"/><div xmlns="http://www.w3.org/1999/xhtml"><p class="res-header-id"><b>Generated Narrative: ValueSet KLGoalTypeCodes</b></p><a name="KLGoalTypeCodes"> </a><a name="hcKLGoalTypeCodes"> </a><a name="KLGoalTypeCodes-en-US"> </a><ul><li>Include codes from<a href="CodeSystem-CareSocialCodes.html"><code>http://fhir.kl.dk/term/CodeSystem/CareSocialCodes</code></a> where concept  descends from <a href="CodeSystem-CareSocialCodes.html#CareSocialCodes-253bbdc0-c4ca-4e77-9d3e-3a9e51281636">253bbdc0-c4ca-4e77-9d3e-3a9e51281636</a></li></ul></div></text><url value="http://fhir.kl.dk/term/ValueSet/KLGoalTypeCodes"/><version value="2.2.0"/><name value="KLGoalTypeCodes"/><title value="KLMålKategoriKoder"/><status value="active"/><experimental value="false"/><date value="2024-10-31T13:18:46+01:00"/><publisher value="Kommunernes Landsforening"/><contact><name value="Kommunernes Landsforening"/><telecom><system value="url"/><value value="http://kl.dk"/></telecom></contact><description value="Codes used to distinguish different kinds of goals"/><compose><include><system value="http://fhir.kl.dk/term/CodeSystem/CareSocialCodes"/><filter><property value="concept"/><op value="descendent-of"/><value value="253bbdc0-c4ca-4e77-9d3e-3a9e51281636"/></filter></include></compose></ValueSet>