<?xml version="1.0" encoding="UTF-8"?><ValueSet xmlns="http://hl7.org/fhir"><id value="KLChangeValueCodesFFB"/><text><status value="generated"/><div xmlns="http://www.w3.org/1999/xhtml"><ul><li>Include codes from<a href="CodeSystem-FFB.html"><code>urn:oid:1.2.208.176.2.22</code></a> where concept  descends from <a href="CodeSystem-FFB.html#FFB-b5257b2d-0fbf-4d00-bf38-d298c8568116">b5257b2d-0fbf-4d00-bf38-d298c8568116</a></li></ul></div></text><url value="http://fhir.kl.dk/term/ValueSet/KLChangeValueCodesFFB"/><version value="2.1.0"/><name value="KLChangeValueCodesFFB"/><title value="KLMåltypekoderFFB"/><status value="active"/><experimental value="false"/><date value="2024-06-13T16:58:41+02:00"/><publisher value="Kommunernes Landsforening"/><contact><name value="Kommunernes Landsforening"/><telecom><system value="url"/><value value="http://kl.dk"/></telecom></contact><description value="Change values for goals in FFB (FFB måltype). Express the target value for change of an activity or participation condition"/><compose><include><system value="urn:oid:1.2.208.176.2.22"/><filter><property value="concept"/><op value="descendent-of"/><value value="b5257b2d-0fbf-4d00-bf38-d298c8568116"/></filter></include></compose></ValueSet>