<?xml version="1.0" encoding="UTF-8"?><ValueSet xmlns="http://hl7.org/fhir"><id value="KLEvaluationTypeCodesSCT"/><text><status value="generated"/><div xmlns="http://www.w3.org/1999/xhtml"><ul><li>Include codes from <a href="http://www.snomed.org/"><code>http://snomed.info/sct</code></a> where concept  is-a  225400002 (Personal assessment)</li></ul></div></text><url value="http://fhir.kl.dk/term/ValueSet/KLEvaluationTypeCodesSCT"/><version value="1.0.0"/><name value="KLEvaluationTypeCodesSCT"/><title value="KLVurderingTypekoderSCT"/><status value="active"/><experimental value="false"/><date value="2023-04-25T15:43:23+02:00"/><publisher value="Kommunernes Landsforening"/><contact><name value="Kommunernes Landsforening"/><telecom><system value="url"/><value value="http://kl.dk"/></telecom></contact><description value="SNOMED CT codes used to distinguish different kinds of evaluations"/><compose><include><system value="http://snomed.info/sct"/><filter><property value="concept"/><op value="is-a"/><value value="225400002"/></filter></include></compose></ValueSet>