<?xml version="1.0" encoding="UTF-8"?><ValueSet xmlns="http://hl7.org/fhir"><id value="KLCitizenObservationCodesFSIII"/><text><status value="generated"/><div xmlns="http://www.w3.org/1999/xhtml"><ul><li>Include these codes as defined in <a href="CodeSystem-FSIII.html"><code>urn:oid:1.2.208.176.2.21</code></a><table class="none"><tr><td style="white-space:nowrap"><b>Code</b></td><td><b>Display</b></td></tr><tr><td><a href="CodeSystem-FSIII.html#FSIII-C">C</a></td><td>Udførelse</td></tr><tr><td><a href="CodeSystem-FSIII.html#FSIII-D">D</a></td><td>Betydning</td></tr></table></li></ul></div></text><url value="http://fhir.kl.dk/term/ValueSet/KLCitizenObservationCodesFSIII"/><version value="1.0.0"/><name value="KLCitizenObservationCodesFSIII"/><title value="KLBorgervurderingsObservationskoderFSIII"/><status value="active"/><experimental value="false"/><date value="2023-05-09T23:50:17+02:00"/><publisher value="Kommunernes Landsforening"/><contact><name value="Kommunernes Landsforening"/><telecom><system value="url"/><value value="http://kl.dk"/></telecom></contact><description value="Observation codes for citizens own observations as defined by FSIII"/><compose><include><system value="urn:oid:1.2.208.176.2.21"/><concept><code value="C"/></concept><concept><code value="D"/></concept></include></compose></ValueSet>