<?xml version="1.0" encoding="UTF-8"?><ValueSet xmlns="http://hl7.org/fhir"><id value="KLTheraphyAreasFSIII"/><text><status value="generated"/><div xmlns="http://www.w3.org/1999/xhtml"><ul><li>Include these codes as defined in <a href="CodeSystem-FSIII.html"><code>urn:oid:1.2.208.176.2.21</code></a><table class="none"><tr><td style="white-space:nowrap"><b>Code</b></td><td><b>Display</b></td></tr><tr><td><a href="CodeSystem-FSIII.html#FSIII-7e608d37-3f3c-4374-bbc8-e317505d8bc2">7e608d37-3f3c-4374-bbc8-e317505d8bc2</a></td><td>Samfundsliv</td></tr><tr><td><a href="CodeSystem-FSIII.html#FSIII-ebd91b5e-114a-48a5-90b8-d3c1fd50b72b">ebd91b5e-114a-48a5-90b8-d3c1fd50b72b</a></td><td>Viden og udvikling</td></tr><tr><td><a href="CodeSystem-FSIII.html#FSIII-ecb5e72d-40a2-4af3-9135-25974026bf02">ecb5e72d-40a2-4af3-9135-25974026bf02</a></td><td>Ernæring</td></tr><tr><td><a href="CodeSystem-FSIII.html#FSIII-b9c4561d-20bc-48c9-a727-fea719424a86">b9c4561d-20bc-48c9-a727-fea719424a86</a></td><td>Praktiske opgaver</td></tr><tr><td><a href="CodeSystem-FSIII.html#FSIII-ddbd7477-9579-4a83-a3e7-74ed716a0451">ddbd7477-9579-4a83-a3e7-74ed716a0451</a></td><td>Hud og hævelser</td></tr><tr><td><a href="CodeSystem-FSIII.html#FSIII-e3242303-2506-4a09-ac65-59dfd06cb489">e3242303-2506-4a09-ac65-59dfd06cb489</a></td><td>Mobilitet</td></tr><tr><td><a href="CodeSystem-FSIII.html#FSIII-df62498e-7ad1-4f01-93ce-a0441f879a2c">df62498e-7ad1-4f01-93ce-a0441f879a2c</a></td><td>Egenomsorg</td></tr><tr><td><a href="CodeSystem-FSIII.html#FSIII-99b18761-88d7-44b2-915d-c64aa0b3b562">99b18761-88d7-44b2-915d-c64aa0b3b562</a></td><td>Hjerte og lunger</td></tr><tr><td><a href="CodeSystem-FSIII.html#FSIII-2b11e7a0-1faf-4b45-a653-4c347f019266">2b11e7a0-1faf-4b45-a653-4c347f019266</a></td><td>Bevægeapperatet</td></tr><tr><td><a href="CodeSystem-FSIII.html#FSIII-1dae1e1e-306e-48f2-b9e1-2a180301d8dd">1dae1e1e-306e-48f2-b9e1-2a180301d8dd</a></td><td>Mentale funktioner</td></tr><tr><td><a href="CodeSystem-FSIII.html#FSIII-0337193a-b5cc-43e1-a324-fa28944bfc3b">0337193a-b5cc-43e1-a324-fa28944bfc3b</a></td><td>Sanser og smerter</td></tr></table></li></ul></div></text><url value="http://fhir.kl.dk/term/ValueSet/KLTheraphyAreasFSIII"/><version value="1.0.0"/><name value="KLTheraphyAreasFSIII"/><title value="KLTræningOmråderFSIII"/><status value="active"/><experimental value="false"/><date value="2023-04-28T21:13:26+02:00"/><publisher value="Kommunernes Landsforening"/><contact><name value="Kommunernes Landsforening"/><telecom><system value="url"/><value value="http://kl.dk"/></telecom></contact><description value="Theraphy areas (observation codes), used for documentation within physical training, physiotheraphy and occupational theraphy in Danish Municipalities as defined by FSIII"/><compose><include><system value="urn:oid:1.2.208.176.2.21"/><concept><code value="7e608d37-3f3c-4374-bbc8-e317505d8bc2"/></concept><concept><code value="ebd91b5e-114a-48a5-90b8-d3c1fd50b72b"/></concept><concept><code value="ecb5e72d-40a2-4af3-9135-25974026bf02"/></concept><concept><code value="b9c4561d-20bc-48c9-a727-fea719424a86"/></concept><concept><code value="ddbd7477-9579-4a83-a3e7-74ed716a0451"/></concept><concept><code value="e3242303-2506-4a09-ac65-59dfd06cb489"/></concept><concept><code value="df62498e-7ad1-4f01-93ce-a0441f879a2c"/></concept><concept><code value="99b18761-88d7-44b2-915d-c64aa0b3b562"/></concept><concept><code value="2b11e7a0-1faf-4b45-a653-4c347f019266"/></concept><concept><code value="1dae1e1e-306e-48f2-b9e1-2a180301d8dd"/></concept><concept><code value="0337193a-b5cc-43e1-a324-fa28944bfc3b"/></concept></include></compose></ValueSet>