<?xml version="1.0" encoding="UTF-8"?><ValueSet xmlns="http://hl7.org/fhir"><id value="KLConditionCodesFFB"/><text><status value="generated"/><div xmlns="http://www.w3.org/1999/xhtml"><p>This value set includes codes based on the following rules:</p><ul><li>Import all the codes that are contained in <a href="ValueSet-KLConditionFFCodesFFB.html">KLTilstandFFKoderFFB</a></li><li>Import all the codes that are contained in <a href="ValueSet-KLConditionADCodesFFB.html">KLTilstandADKoderFFB</a></li><li>Import all the codes that are contained in <a href="ValueSet-KLConditionOCodesFFB.html">KLTilstandOKoderFFB</a></li></ul></div></text><url value="http://fhir.kl.dk/term/ValueSet/KLConditionCodesFFB"/><version value="2.0.0"/><name value="KLConditionCodesFFB"/><title value="KLTilstandKoderFFB"/><status value="active"/><experimental value="false"/><date value="2024-06-04T14:59:10+02:00"/><publisher value="Kommunernes Landsforening"/><contact><name value="Kommunernes Landsforening"/><telecom><system value="url"/><value value="http://kl.dk"/></telecom></contact><description value="Danish municipality FFB condition codes"/><compose><include><valueSet value="http://fhir.kl.dk/term/ValueSet/KLConditionFFCodesFFB"/></include><include><valueSet value="http://fhir.kl.dk/term/ValueSet/KLConditionADCodesFFB"/></include><include><valueSet value="http://fhir.kl.dk/term/ValueSet/KLConditionOCodesFFB"/></include></compose></ValueSet>