<?xml version="1.0" encoding="UTF-8"?><ValueSet xmlns="http://hl7.org/fhir"><id value="KLObservationCodes"/><text><status value="generated"/><div xmlns="http://www.w3.org/1999/xhtml"><p>This value set includes codes based on the following rules:</p><ul><li>Include these codes as defined in <a href="http://www.snomed.org/"><code>http://snomed.info/sct</code></a><table class="none"><tr><td style="white-space:nowrap"><b>Code</b></td><td><b>Display</b></td></tr><tr><td><a href="http://snomed.info/id/446226005">446226005</a></td><td style="color: #cccccc">Diastolic blood pressure on admission (observable entity)</td></tr><tr><td><a href="http://snomed.info/id/400975005">400975005</a></td><td style="color: #cccccc">Standing diastolic blood pressure (observable entity)</td></tr><tr><td><a href="http://snomed.info/id/407557002">407557002</a></td><td style="color: #cccccc">Lying diastolic blood pressure (observable entity)</td></tr><tr><td><a href="http://snomed.info/id/407555005">407555005</a></td><td style="color: #cccccc">Sitting diastolic blood pressure (observable entity)</td></tr><tr><td><a href="http://snomed.info/id/271650006">271650006</a></td><td style="color: #cccccc">Diastolic blood pressure</td></tr><tr><td><a href="http://snomed.info/id/72313002">72313002</a></td><td style="color: #cccccc">Systolic arterial pressure</td></tr><tr><td><a href="http://snomed.info/id/400974009">400974009</a></td><td style="color: #cccccc">Standing systolic blood pressure (observable entity)</td></tr><tr><td><a href="http://snomed.info/id/399304008">399304008</a></td><td style="color: #cccccc">Systolic blood pressure on admission (observable entity)</td></tr><tr><td><a href="http://snomed.info/id/407556006">407556006</a></td><td style="color: #cccccc">Lying systolic blood pressure (observable entity)</td></tr><tr><td><a href="http://snomed.info/id/407554009">407554009</a></td><td style="color: #cccccc">Sitting systolic blood pressure (observable entity)</td></tr><tr><td><a href="http://snomed.info/id/271649006">271649006</a></td><td style="color: #cccccc">Systolic blood pressure</td></tr><tr><td><a href="http://snomed.info/id/422119006">422119006</a></td><td style="color: #cccccc">Brachial pulse rate</td></tr><tr><td><a href="http://snomed.info/id/429614003">429614003</a></td><td style="color: #cccccc">Posterior tibial pulse rate</td></tr><tr><td><a href="http://snomed.info/id/429525003">429525003</a></td><td style="color: #cccccc">Dorsalis pedis pulse rate</td></tr><tr><td><a href="http://snomed.info/id/399017001">399017001</a></td><td style="color: #cccccc">Heart rate on admission (observable entity)</td></tr><tr><td><a href="http://snomed.info/id/78564009">78564009</a></td><td style="color: #cccccc">Pulse rate</td></tr><tr><td><a href="http://snomed.info/id/444981005">444981005</a></td><td style="color: #cccccc">Resting heart rate (observable entity)</td></tr><tr><td><a href="http://snomed.info/id/364075005">364075005</a></td><td style="color: #cccccc">Heart rate</td></tr><tr><td><a href="http://snomed.info/id/424927000">424927000</a></td><td style="color: #cccccc">Body weight with shoes (observable entity)</td></tr><tr><td><a href="http://snomed.info/id/445541000">445541000</a></td><td style="color: #cccccc">Dry body weight (observable entity)</td></tr><tr><td><a href="http://snomed.info/id/425024002">425024002</a></td><td style="color: #cccccc">Body weight without shoes (observable entity)</td></tr><tr><td><a href="http://snomed.info/id/364589006">364589006</a></td><td style="color: #cccccc">Birth weight</td></tr><tr><td><a href="http://snomed.info/id/27113001">27113001</a></td><td style="color: #cccccc">Body weight</td></tr><tr><td><a href="http://snomed.info/id/248334005">248334005</a></td><td style="color: #cccccc">Length of body</td></tr><tr><td><a href="http://snomed.info/id/276351002">276351002</a></td><td style="color: #cccccc">Infant length</td></tr><tr><td><a href="http://snomed.info/id/276353004">276353004</a></td><td style="color: #cccccc">Crown heel length</td></tr><tr><td><a href="http://snomed.info/id/248333004">248333004</a></td><td style="color: #cccccc">Standing height</td></tr><tr><td><a href="http://snomed.info/id/450738001">450738001</a></td><td style="color: #cccccc">Thirty second chair stand test score (observable entity)</td></tr><tr><td><a href="http://snomed.info/id/1144649008">1144649008</a></td><td style="color: #cccccc">Six minute walk test distance (observable entity)</td></tr><tr><td><a href="http://snomed.info/id/6942003">6942003</a></td><td style="color: #cccccc">Level of consciousness</td></tr><tr><td><a href="http://snomed.info/id/444714004">444714004</a></td><td style="color: #cccccc">Assessment of consciousness level (procedure)</td></tr><tr><td><a href="http://snomed.info/id/443394008">443394008</a></td><td style="color: #cccccc">Visual analog scale pain score (observable entity)</td></tr><tr><td><a href="http://snomed.info/id/1144798005">1144798005</a></td><td style="color: #cccccc">Verbal Rating Scale pain intensity score</td></tr><tr><td><a href="http://snomed.info/id/1144665009">1144665009</a></td><td style="color: #cccccc">5-item World Health Organization Well-being Index value (observable entity)</td></tr><tr><td><a href="http://snomed.info/id/404949004">404949004</a></td><td style="color: #cccccc">Rest pattern (observable entity)</td></tr><tr><td><a href="http://snomed.info/id/406202006">406202006</a></td><td style="color: #cccccc">Energy observable (observable entity)</td></tr><tr><td><a href="http://snomed.info/id/247752005">247752005</a></td><td style="color: #cccccc">Level of interest</td></tr><tr><td><a href="http://snomed.info/id/301438001">301438001</a></td><td style="color: #cccccc">Ability to mobilize</td></tr><tr><td><a href="http://snomed.info/id/284773001">284773001</a></td><td style="color: #cccccc">Ability to perform personal care activity</td></tr><tr><td><a href="http://snomed.info/id/284545001">284545001</a></td><td style="color: #cccccc">Ability to perform activities of everyday life</td></tr><tr><td><a href="http://snomed.info/id/364624006">364624006</a></td><td style="color: #cccccc">Pain / sensation observable</td></tr><tr><td><a href="http://snomed.info/id/285854004">285854004</a></td><td style="color: #cccccc">Emotion</td></tr><tr><td><a href="http://snomed.info/id/736535009">736535009</a></td><td style="color: #cccccc">EuroQol visual analogue score (observable entity)</td></tr><tr><td><a href="http://snomed.info/id/1144655003">1144655003</a></td><td style="color: #cccccc">EuroQol five dimension three level index value (observable entity)</td></tr><tr><td><a href="http://snomed.info/id/420753006">420753006</a></td><td style="color: #cccccc">Pressure injury surface area (observable entity)</td></tr><tr><td><a href="http://snomed.info/id/434912009">434912009</a></td><td style="color: #cccccc">Blood glucose concentration</td></tr></table></li><li>Include codes from<a href="http://www.snomed.org/"><code>http://snomed.info/sct</code></a> where concept  is-a 431314004 (Peripheral oxygen saturation (observable entity))</li><li>Include codes from<a href="http://www.snomed.org/"><code>http://snomed.info/sct</code></a> where concept  is-a 86290005 (Respiratory rate)</li><li>Include codes from<a href="http://www.snomed.org/"><code>http://snomed.info/sct</code></a> where concept  is-a 276885007 (Core body temperature)</li><li>Include these codes as defined in <a href="CodeSystem-NPU.html"><code>urn:oid:1.2.208.176.2.1</code></a><table class="none"><tr><td style="white-space:nowrap"><b>Code</b></td><td><b>Display</b></td></tr><tr><td><a href="CodeSystem-NPU.html#NPU-NPU14924">NPU14924</a></td><td style="color: #cccccc">U—Urin; egenskabsart(liste; stix; proc.)</td></tr><tr><td><a href="CodeSystem-NPU.html#NPU-NPU10504">NPU10504</a></td><td style="color: #cccccc">U—Acetoacetat; arb.k.(proc.) = ?</td></tr><tr><td><a href="CodeSystem-NPU.html#NPU-NPU17997">NPU17997</a></td><td style="color: #cccccc">U—Albumin; arb.k.(proc.) = ?</td></tr><tr><td><a href="CodeSystem-NPU.html#NPU-NPU10506">NPU10506</a></td><td style="color: #cccccc">U—Bacterium, nitrit-producerende; arb.k.(proc.) = ?</td></tr><tr><td><a href="CodeSystem-NPU.html#NPU-NPU01372">NPU01372</a></td><td style="color: #cccccc">U—Bilirubiner; arb.k.(proc.) = ?</td></tr><tr><td><a href="CodeSystem-NPU.html#NPU-NPU03963">NPU03963</a></td><td style="color: #cccccc">U—Erythrocytter; arb.k.(proc.) = ?</td></tr><tr><td><a href="CodeSystem-NPU.html#NPU-NPU04207">NPU04207</a></td><td style="color: #cccccc">U—Glucose; arb.k.(proc.) = ?</td></tr><tr><td><a href="CodeSystem-NPU.html#NPU-NPU02415">NPU02415</a></td><td style="color: #cccccc">U—Hydrogen-ion; pH(proc.) = ?</td></tr><tr><td><a href="CodeSystem-NPU.html#NPU-NPU04208">NPU04208</a></td><td style="color: #cccccc">U—Hæmoglobin; arb.k.(proc.) = ?</td></tr><tr><td><a href="CodeSystem-NPU.html#NPU-NPU03987">NPU03987</a></td><td style="color: #cccccc">U—Leukocytter; arb.k.(proc.) = ?</td></tr><tr><td><a href="CodeSystem-NPU.html#NPU-NPU21578">NPU21578</a></td><td style="color: #cccccc">U—Nitrit; arb.k.(proc.) = ?</td></tr><tr><td><a href="CodeSystem-NPU.html#NPU-NPU04864">NPU04864</a></td><td style="color: #cccccc">U—Porphobilinogen; arb.k.(proc.) = ?</td></tr><tr><td><a href="CodeSystem-NPU.html#NPU-NPU04206">NPU04206</a></td><td style="color: #cccccc">U—Protein; arb.k.(proc.) = ?</td></tr><tr><td><a href="CodeSystem-NPU.html#NPU-NPU03694">NPU03694</a></td><td style="color: #cccccc">Pt—Urin; rel.massetæthed(20 °C/vand, 20 °C; proc.) = ?</td></tr><tr><td><a href="CodeSystem-NPU.html#NPU-NPU03697">NPU03697</a></td><td style="color: #cccccc">U—Urobilinogen; arb.k.(proc.) = ?</td></tr><tr><td><a href="CodeSystem-NPU.html#NPU-NPU02195">NPU02195</a></td><td style="color: #cccccc">P(vB; fPt)—Glucose; stofk. = ? mmol/L</td></tr></table></li></ul></div></text><url value="http://fhir.kl.dk/term/ValueSet/KLObservationCodes"/><version value="2.0.0"/><name value="KLObservationCodes"/><title value="KLObservationskoder"/><status value="active"/><experimental value="false"/><date value="2024-06-04T14:59:10+02:00"/><publisher value="Kommunernes Landsforening"/><contact><name value="Kommunernes Landsforening"/><telecom><system value="url"/><value value="http://kl.dk"/></telecom></contact><description value="SNOMED CT and NPU codes used in Danish municipalities"/><compose><include><system value="http://snomed.info/sct"/><concept><code value="446226005"/></concept><concept><code value="400975005"/></concept><concept><code value="407557002"/></concept><concept><code value="407555005"/></concept><concept><code value="271650006"/></concept><concept><code value="72313002"/></concept><concept><code value="400974009"/></concept><concept><code value="399304008"/></concept><concept><code value="407556006"/></concept><concept><code value="407554009"/></concept><concept><code value="271649006"/></concept><concept><code value="422119006"/></concept><concept><code value="429614003"/></concept><concept><code value="429525003"/></concept><concept><code value="399017001"/></concept><concept><code value="78564009"/></concept><concept><code value="444981005"/></concept><concept><code value="364075005"/></concept><concept><code value="424927000"/></concept><concept><code value="445541000"/></concept><concept><code value="425024002"/></concept><concept><code value="364589006"/></concept><concept><code value="27113001"/></concept><concept><code value="248334005"/></concept><concept><code value="276351002"/></concept><concept><code value="276353004"/></concept><concept><code value="248333004"/></concept><concept><code value="450738001"/></concept><concept><code value="1144649008"/></concept><concept><code value="6942003"/></concept><concept><code value="444714004"/></concept><concept><code value="443394008"/></concept><concept><code value="1144798005"/></concept><concept><code value="1144665009"/></concept><concept><code value="404949004"/></concept><concept><code value="406202006"/></concept><concept><code value="247752005"/></concept><concept><code value="301438001"/></concept><concept><code value="284773001"/></concept><concept><code value="284545001"/></concept><concept><code value="364624006"/></concept><concept><code value="285854004"/></concept><concept><code value="736535009"/></concept><concept><code value="1144655003"/></concept><concept><code value="420753006"/></concept><concept><code value="434912009"/></concept></include><include><system value="http://snomed.info/sct"/><filter><property value="concept"/><op value="is-a"/><value value="431314004"/></filter></include><include><system value="http://snomed.info/sct"/><filter><property value="concept"/><op value="is-a"/><value value="86290005"/></filter></include><include><system value="http://snomed.info/sct"/><filter><property value="concept"/><op value="is-a"/><value value="276885007"/></filter></include><include><system value="urn:oid:1.2.208.176.2.1"/><concept><code value="NPU14924"/></concept><concept><code value="NPU10504"/></concept><concept><code value="NPU17997"/></concept><concept><code value="NPU10506"/></concept><concept><code value="NPU01372"/></concept><concept><code value="NPU03963"/></concept><concept><code value="NPU04207"/></concept><concept><code value="NPU02415"/></concept><concept><code value="NPU04208"/></concept><concept><code value="NPU03987"/></concept><concept><code value="NPU21578"/></concept><concept><code value="NPU04864"/></concept><concept><code value="NPU04206"/></concept><concept><code value="NPU03694"/></concept><concept><code value="NPU03697"/></concept><concept><code value="NPU02195"/></concept></include></compose></ValueSet>