<?xml version="1.0" encoding="UTF-8"?><ValueSet xmlns="http://hl7.org/fhir"><id value="KLFollowUpCodesFFB"/><text><status value="generated"/><div xmlns="http://www.w3.org/1999/xhtml"><p class="res-header-id"><b>Generated Narrative: ValueSet KLFollowUpCodesFFB</b></p><a name="KLFollowUpCodesFFB"> </a><a name="hcKLFollowUpCodesFFB"> </a><a name="KLFollowUpCodesFFB-en-US"> </a><ul><li>Include codes from<a href="CodeSystem-FFB.html"><code>urn:oid:1.2.208.176.2.22</code></a> where concept  descends from <a href="CodeSystem-FFB.html#FFB-90479ffa-bf46-4b3a-a172-91f2798e2a43">90479ffa-bf46-4b3a-a172-91f2798e2a43</a></li></ul></div></text><url value="http://fhir.kl.dk/term/ValueSet/KLFollowUpCodesFFB"/><version value="2.2.0"/><name value="KLFollowUpCodesFFB"/><title value="KLOpfølgningKoderFFB"/><status value="active"/><experimental value="false"/><date value="2024-10-31T13:18:46+01:00"/><publisher value="Kommunernes Landsforening"/><contact><name value="Kommunernes Landsforening"/><telecom><system value="url"/><value value="http://kl.dk"/></telecom></contact><description value="Follow-up codes used in FFB"/><compose><include><system value="urn:oid:1.2.208.176.2.22"/><filter><property value="concept"/><op value="descendent-of"/><value value="90479ffa-bf46-4b3a-a172-91f2798e2a43"/></filter></include></compose></ValueSet>