<?xml version="1.0" encoding="UTF-8"?>

<Encounter xmlns="http://hl7.org/fhir">
  <id value="bfa70a76-318d-453d-9abc-76982f8d13ca"/>
  <meta>
    <profile value="http://municipality-care-data.gateway.kl.dk/1.0/StructureDefinition/klgateway-care-encounter"/>
  </meta>
  <text>
    <status value="generated"/><div xmlns="http://www.w3.org/1999/xhtml"><p><b>Generated Narrative: Encounter</b><a name="bfa70a76-318d-453d-9abc-76982f8d13ca"> </a></p><div style="display: inline-block; background-color: #d9e0e7; padding: 6px; margin: 4px; border: 1px solid #8da1b4; border-radius: 5px; line-height: 60%"><p style="margin-bottom: 0px">Resource Encounter &quot;bfa70a76-318d-453d-9abc-76982f8d13ca&quot; </p><p style="margin-bottom: 0px">Profile: <a href="StructureDefinition-klgateway-care-encounter.html">CareEncounter</a></p></div><p><b>status</b>: planned</p><p><b>class</b>: home health (Details: http://terminology.hl7.org/CodeSystem/v3-ActCode code HH = 'home health', stated as 'null')</p><p><b>type</b>: opfølgning <span style="background: LightGoldenRodYellow; margin: 4px; border: 1px solid khaki"> (<a href="file:///Users/jkiddo/work/KL-dk/output/CodeSystem-KLCommonCareSocialCodes.html">KLCommonCareSocialCodes</a>#9f03dfbb-7a97-45a5-94db-d4c3501714a9)</span></p><p><b>subject</b>: <a href="Patient-TestPerson.html">Patient/TestPerson</a></p><p><b>period</b>: 2020-08-14 --&gt; (ongoing)</p></div>
  </text>
  <status value="planned"/>
  <class>
    <system value="http://terminology.hl7.org/CodeSystem/v3-ActCode"/>
    <code value="HH"/>
  </class>
  <type>
    <coding>
      <system value="http://kl.dk/fhir/common/caresocial/CodeSystem/KLCommonCareSocialCodes"/>
      <code value="9f03dfbb-7a97-45a5-94db-d4c3501714a9"/>
    </coding>
  </type>
  <subject>
    <reference value="Patient/TestPerson"/>
  </subject>
  <period>
    <start value="2020-08-14"/>
  </period>
</Encounter>