<?xml version="1.0" encoding="UTF-8"?>

<Observation xmlns="http://hl7.org/fhir">
  <id value="UdfoererSelvVaskeSig"/>
  <meta>
    <profile value="http://municipality-care-data.gateway.kl.dk/1.0/StructureDefinition/klgateway-care-citizens-own-observation"/>
  </meta>
  <text>
    <status value="generated"/><div xmlns="http://www.w3.org/1999/xhtml"><p><b>Generated Narrative: Observation</b><a name="UdfoererSelvVaskeSig"> </a></p><div style="display: inline-block; background-color: #d9e0e7; padding: 6px; margin: 4px; border: 1px solid #8da1b4; border-radius: 5px; line-height: 60%"><p style="margin-bottom: 0px">Resource Observation &quot;UdfoererSelvVaskeSig&quot; </p><p style="margin-bottom: 0px">Profile: <a href="StructureDefinition-klgateway-care-citizens-own-observation.html">CareCitizensOwnObservation</a></p></div><p><b>status</b>: final</p><p><b>code</b>: Udførelse <span style="background: LightGoldenRodYellow; margin: 4px; border: 1px solid khaki"> (<a href="file:///Users/jkiddo/work/KL-dk/output/CodeSystem-FSIII.html">FSIII</a>#C)</span></p><p><b>subject</b>: <a href="Patient-TestPerson.html">Patient/TestPerson</a></p><p><b>focus</b>: <a href="Condition-VaskeSigLetteBegraensninger.html">Condition/VaskeSigLetteBegraensninger</a></p><p><b>effective</b>: 2020-08-14</p><p><b>value</b>: Udfører selv <span style="background: LightGoldenRodYellow; margin: 4px; border: 1px solid khaki"> (<a href="file:///Users/jkiddo/work/KL-dk/output/CodeSystem-FSIII.html">FSIII</a>#C1)</span></p></div>
  </text>
  <status value="final"/>
  <code>
    <coding>
      <system value="http://kl.dk/fhir/common/caresocial/CodeSystem/FSIII"/>
      <code value="C"/>
    </coding>
  </code>
  <subject>
    <reference value="Patient/TestPerson"/>
  </subject>
  <focus>
    <reference value="Condition/VaskeSigLetteBegraensninger"/>
  </focus>
  <effectiveDateTime value="2020-08-14"/>
  <valueCodeableConcept>
    <coding>
      <system value="http://kl.dk/fhir/common/caresocial/CodeSystem/FSIII"/>
      <code value="C1"/>
    </coding>
  </valueCodeableConcept>
</Observation>