{"resourceType":"ImplementationGuide","id":"kl.dk.fhir.term","text":{"status":"extensions","div":"<div xmlns=\"http://www.w3.org/1999/xhtml\"><h2>KLTerm</h2><p>The official URL for this implementation guide is: </p><pre>http://fhir.kl.dk/term/ImplementationGuide/kl.dk.fhir.term</pre></div>"},"url":"http://fhir.kl.dk/term/ImplementationGuide/kl.dk.fhir.term","version":"1.0.0","name":"KLTerm","status":"active","date":"2023-05-07T23:02:44+02:00","publisher":"Kommunernes Landsforening","contact":[{"name":"Kommunernes Landsforening","telecom":[{"system":"url","value":"http://kl.dk"}]}],"packageId":"kl.dk.fhir.term","license":"CC0-1.0","fhirVersion":["4.0.1"],"dependsOn":[{"id":"hl7tx","extension":[{"url":"http://hl7.org/fhir/tools/StructureDefinition/implementationguide-dependency-comment","valueMarkdown":"Automatically added as a dependency - all IGs depend on HL7 Terminology"}],"uri":"http://terminology.hl7.org/ImplementationGuide/hl7.terminology","packageId":"hl7.terminology.r4","version":"5.0.0"}],"definition":{"extension":[{"extension":[{"url":"code","valueString":"copyrightyear"},{"url":"value","valueString":"2022+"}],"url":"http://hl7.org/fhir/tools/StructureDefinition/ig-parameter"},{"extension":[{"url":"code","valueString":"releaselabel"},{"url":"value","valueString":"Release"}],"url":"http://hl7.org/fhir/tools/StructureDefinition/ig-parameter"},{"extension":[{"url":"code","valueString":"special-url"},{"url":"value","valueString":"urn:oid:1.2.208.176.2.21"}],"url":"http://hl7.org/fhir/tools/StructureDefinition/ig-parameter"},{"extension":[{"url":"code","valueString":"special-url"},{"url":"value","valueString":"urn:oid:1.2.208.176.2.22"}],"url":"http://hl7.org/fhir/tools/StructureDefinition/ig-parameter"},{"extension":[{"url":"code","valueString":"special-url"},{"url":"value","valueString":"urn:oid:1.2.208.176.2.1"}],"url":"http://hl7.org/fhir/tools/StructureDefinition/ig-parameter"},{"extension":[{"url":"code","valueString":"path-expansion-params"},{"url":"value","valueString":"Parameters-expParam.json"}],"url":"http://hl7.org/fhir/tools/StructureDefinition/ig-parameter"},{"extension":[{"url":"code","valueString":"autoload-resources"},{"url":"value","valueString":"true"}],"url":"http://hl7.org/fhir/tools/StructureDefinition/ig-parameter"},{"extension":[{"url":"code","valueString":"path-liquid"},{"url":"value","valueString":"template/liquid"}],"url":"http://hl7.org/fhir/tools/StructureDefinition/ig-parameter"},{"extension":[{"url":"code","valueString":"path-liquid"},{"url":"value","valueString":"input/liquid"}],"url":"http://hl7.org/fhir/tools/StructureDefinition/ig-parameter"},{"extension":[{"url":"code","valueString":"path-qa"},{"url":"value","valueString":"temp/qa"}],"url":"http://hl7.org/fhir/tools/StructureDefinition/ig-parameter"},{"extension":[{"url":"code","valueString":"path-temp"},{"url":"value","valueString":"temp/pages"}],"url":"http://hl7.org/fhir/tools/StructureDefinition/ig-parameter"},{"extension":[{"url":"code","valueString":"path-output"},{"url":"value","valueString":"output"}],"url":"http://hl7.org/fhir/tools/StructureDefinition/ig-parameter"},{"extension":[{"url":"code","valueString":"path-suppressed-warnings"},{"url":"value","valueString":"input/ignoreWarnings.txt"}],"url":"http://hl7.org/fhir/tools/StructureDefinition/ig-parameter"},{"extension":[{"url":"code","valueString":"path-history"},{"url":"value","valueString":"http://fhir.kl.dk/term/history.html"}],"url":"http://hl7.org/fhir/tools/StructureDefinition/ig-parameter"},{"extension":[{"url":"code","valueString":"template-html"},{"url":"value","valueString":"template-page.html"}],"url":"http://hl7.org/fhir/tools/StructureDefinition/ig-parameter"},{"extension":[{"url":"code","valueString":"template-md"},{"url":"value","valueString":"template-page-md.html"}],"url":"http://hl7.org/fhir/tools/StructureDefinition/ig-parameter"},{"extension":[{"url":"code","valueString":"apply-contact"},{"url":"value","valueString":"true"}],"url":"http://hl7.org/fhir/tools/StructureDefinition/ig-parameter"},{"extension":[{"url":"code","valueString":"apply-context"},{"url":"value","valueString":"true"}],"url":"http://hl7.org/fhir/tools/StructureDefinition/ig-parameter"},{"extension":[{"url":"code","valueString":"apply-copyright"},{"url":"value","valueString":"true"}],"url":"http://hl7.org/fhir/tools/StructureDefinition/ig-parameter"},{"extension":[{"url":"code","valueString":"apply-jurisdiction"},{"url":"value","valueString":"true"}],"url":"http://hl7.org/fhir/tools/StructureDefinition/ig-parameter"},{"extension":[{"url":"code","valueString":"apply-license"},{"url":"value","valueString":"true"}],"url":"http://hl7.org/fhir/tools/StructureDefinition/ig-parameter"},{"extension":[{"url":"code","valueString":"apply-publisher"},{"url":"value","valueString":"true"}],"url":"http://hl7.org/fhir/tools/StructureDefinition/ig-parameter"},{"extension":[{"url":"code","valueString":"apply-version"},{"url":"value","valueString":"true"}],"url":"http://hl7.org/fhir/tools/StructureDefinition/ig-parameter"},{"extension":[{"url":"code","valueString":"active-tables"},{"url":"value","valueString":"true"}],"url":"http://hl7.org/fhir/tools/StructureDefinition/ig-parameter"},{"extension":[{"url":"code","valueString":"fmm-definition"},{"url":"value","valueString":"http://hl7.org/fhir/versions.html#maturity"}],"url":"http://hl7.org/fhir/tools/StructureDefinition/ig-parameter"},{"extension":[{"url":"code","valueString":"propagate-status"},{"url":"value","valueString":"true"}],"url":"http://hl7.org/fhir/tools/StructureDefinition/ig-parameter"},{"extension":[{"url":"code","valueString":"excludelogbinaryformat"},{"url":"value","valueString":"true"}],"url":"http://hl7.org/fhir/tools/StructureDefinition/ig-parameter"},{"extension":[{"url":"code","valueString":"tabbed-snapshots"},{"url":"value","valueString":"true"}],"url":"http://hl7.org/fhir/tools/StructureDefinition/ig-parameter"},{"url":"http://hl7.org/fhir/tools/StructureDefinition/ig-internal-dependency","valueCode":"hl7.fhir.uv.tools#current"},{"extension":[{"url":"code","valueCode":"copyrightyear"},{"url":"value","valueString":"2022+"}],"url":"http://hl7.org/fhir/tools/StructureDefinition/ig-parameter"},{"extension":[{"url":"code","valueCode":"releaselabel"},{"url":"value","valueString":"Release"}],"url":"http://hl7.org/fhir/tools/StructureDefinition/ig-parameter"},{"extension":[{"url":"code","valueCode":"special-url"},{"url":"value","valueString":"urn:oid:1.2.208.176.2.21"}],"url":"http://hl7.org/fhir/tools/StructureDefinition/ig-parameter"},{"extension":[{"url":"code","valueCode":"special-url"},{"url":"value","valueString":"urn:oid:1.2.208.176.2.22"}],"url":"http://hl7.org/fhir/tools/StructureDefinition/ig-parameter"},{"extension":[{"url":"code","valueCode":"special-url"},{"url":"value","valueString":"urn:oid:1.2.208.176.2.1"}],"url":"http://hl7.org/fhir/tools/StructureDefinition/ig-parameter"},{"extension":[{"url":"code","valueCode":"path-expansion-params"},{"url":"value","valueString":"Parameters-expParam.json"}],"url":"http://hl7.org/fhir/tools/StructureDefinition/ig-parameter"},{"extension":[{"url":"code","valueCode":"autoload-resources"},{"url":"value","valueString":"true"}],"url":"http://hl7.org/fhir/tools/StructureDefinition/ig-parameter"},{"extension":[{"url":"code","valueCode":"path-liquid"},{"url":"value","valueString":"template/liquid"}],"url":"http://hl7.org/fhir/tools/StructureDefinition/ig-parameter"},{"extension":[{"url":"code","valueCode":"path-liquid"},{"url":"value","valueString":"input/liquid"}],"url":"http://hl7.org/fhir/tools/StructureDefinition/ig-parameter"},{"extension":[{"url":"code","valueCode":"path-qa"},{"url":"value","valueString":"temp/qa"}],"url":"http://hl7.org/fhir/tools/StructureDefinition/ig-parameter"},{"extension":[{"url":"code","valueCode":"path-temp"},{"url":"value","valueString":"temp/pages"}],"url":"http://hl7.org/fhir/tools/StructureDefinition/ig-parameter"},{"extension":[{"url":"code","valueCode":"path-output"},{"url":"value","valueString":"output"}],"url":"http://hl7.org/fhir/tools/StructureDefinition/ig-parameter"},{"extension":[{"url":"code","valueCode":"path-suppressed-warnings"},{"url":"value","valueString":"input/ignoreWarnings.txt"}],"url":"http://hl7.org/fhir/tools/StructureDefinition/ig-parameter"},{"extension":[{"url":"code","valueCode":"path-history"},{"url":"value","valueString":"http://fhir.kl.dk/term/history.html"}],"url":"http://hl7.org/fhir/tools/StructureDefinition/ig-parameter"},{"extension":[{"url":"code","valueCode":"template-html"},{"url":"value","valueString":"template-page.html"}],"url":"http://hl7.org/fhir/tools/StructureDefinition/ig-parameter"},{"extension":[{"url":"code","valueCode":"template-md"},{"url":"value","valueString":"template-page-md.html"}],"url":"http://hl7.org/fhir/tools/StructureDefinition/ig-parameter"},{"extension":[{"url":"code","valueCode":"apply-contact"},{"url":"value","valueString":"true"}],"url":"http://hl7.org/fhir/tools/StructureDefinition/ig-parameter"},{"extension":[{"url":"code","valueCode":"apply-context"},{"url":"value","valueString":"true"}],"url":"http://hl7.org/fhir/tools/StructureDefinition/ig-parameter"},{"extension":[{"url":"code","valueCode":"apply-copyright"},{"url":"value","valueString":"true"}],"url":"http://hl7.org/fhir/tools/StructureDefinition/ig-parameter"},{"extension":[{"url":"code","valueCode":"apply-jurisdiction"},{"url":"value","valueString":"true"}],"url":"http://hl7.org/fhir/tools/StructureDefinition/ig-parameter"},{"extension":[{"url":"code","valueCode":"apply-license"},{"url":"value","valueString":"true"}],"url":"http://hl7.org/fhir/tools/StructureDefinition/ig-parameter"},{"extension":[{"url":"code","valueCode":"apply-publisher"},{"url":"value","valueString":"true"}],"url":"http://hl7.org/fhir/tools/StructureDefinition/ig-parameter"},{"extension":[{"url":"code","valueCode":"apply-version"},{"url":"value","valueString":"true"}],"url":"http://hl7.org/fhir/tools/StructureDefinition/ig-parameter"},{"extension":[{"url":"code","valueCode":"active-tables"},{"url":"value","valueString":"true"}],"url":"http://hl7.org/fhir/tools/StructureDefinition/ig-parameter"},{"extension":[{"url":"code","valueCode":"fmm-definition"},{"url":"value","valueString":"http://hl7.org/fhir/versions.html#maturity"}],"url":"http://hl7.org/fhir/tools/StructureDefinition/ig-parameter"},{"extension":[{"url":"code","valueCode":"propagate-status"},{"url":"value","valueString":"true"}],"url":"http://hl7.org/fhir/tools/StructureDefinition/ig-parameter"},{"extension":[{"url":"code","valueCode":"excludelogbinaryformat"},{"url":"value","valueString":"true"}],"url":"http://hl7.org/fhir/tools/StructureDefinition/ig-parameter"},{"extension":[{"url":"code","valueCode":"tabbed-snapshots"},{"url":"value","valueString":"true"}],"url":"http://hl7.org/fhir/tools/StructureDefinition/ig-parameter"},{"extension":[{"url":"code","valueCode":"copyrightyear"},{"url":"value","valueString":"2022+"}],"url":"http://hl7.org/fhir/tools/StructureDefinition/ig-parameter"},{"extension":[{"url":"code","valueCode":"releaselabel"},{"url":"value","valueString":"Release"}],"url":"http://hl7.org/fhir/tools/StructureDefinition/ig-parameter"},{"extension":[{"url":"code","valueCode":"special-url"},{"url":"value","valueString":"urn:oid:1.2.208.176.2.21"}],"url":"http://hl7.org/fhir/tools/StructureDefinition/ig-parameter"},{"extension":[{"url":"code","valueCode":"special-url"},{"url":"value","valueString":"urn:oid:1.2.208.176.2.22"}],"url":"http://hl7.org/fhir/tools/StructureDefinition/ig-parameter"},{"extension":[{"url":"code","valueCode":"special-url"},{"url":"value","valueString":"urn:oid:1.2.208.176.2.1"}],"url":"http://hl7.org/fhir/tools/StructureDefinition/ig-parameter"},{"extension":[{"url":"code","valueCode":"path-expansion-params"},{"url":"value","valueString":"Parameters-expParam.json"}],"url":"http://hl7.org/fhir/tools/StructureDefinition/ig-parameter"},{"extension":[{"url":"code","valueCode":"autoload-resources"},{"url":"value","valueString":"true"}],"url":"http://hl7.org/fhir/tools/StructureDefinition/ig-parameter"},{"extension":[{"url":"code","valueCode":"path-liquid"},{"url":"value","valueString":"template/liquid"}],"url":"http://hl7.org/fhir/tools/StructureDefinition/ig-parameter"},{"extension":[{"url":"code","valueCode":"path-liquid"},{"url":"value","valueString":"input/liquid"}],"url":"http://hl7.org/fhir/tools/StructureDefinition/ig-parameter"},{"extension":[{"url":"code","valueCode":"path-qa"},{"url":"value","valueString":"temp/qa"}],"url":"http://hl7.org/fhir/tools/StructureDefinition/ig-parameter"},{"extension":[{"url":"code","valueCode":"path-temp"},{"url":"value","valueString":"temp/pages"}],"url":"http://hl7.org/fhir/tools/StructureDefinition/ig-parameter"},{"extension":[{"url":"code","valueCode":"path-output"},{"url":"value","valueString":"output"}],"url":"http://hl7.org/fhir/tools/StructureDefinition/ig-parameter"},{"extension":[{"url":"code","valueCode":"path-suppressed-warnings"},{"url":"value","valueString":"input/ignoreWarnings.txt"}],"url":"http://hl7.org/fhir/tools/StructureDefinition/ig-parameter"},{"extension":[{"url":"code","valueCode":"path-history"},{"url":"value","valueString":"http://fhir.kl.dk/term/history.html"}],"url":"http://hl7.org/fhir/tools/StructureDefinition/ig-parameter"},{"extension":[{"url":"code","valueCode":"template-html"},{"url":"value","valueString":"template-page.html"}],"url":"http://hl7.org/fhir/tools/StructureDefinition/ig-parameter"},{"extension":[{"url":"code","valueCode":"template-md"},{"url":"value","valueString":"template-page-md.html"}],"url":"http://hl7.org/fhir/tools/StructureDefinition/ig-parameter"},{"extension":[{"url":"code","valueCode":"apply-contact"},{"url":"value","valueString":"true"}],"url":"http://hl7.org/fhir/tools/StructureDefinition/ig-parameter"},{"extension":[{"url":"code","valueCode":"apply-context"},{"url":"value","valueString":"true"}],"url":"http://hl7.org/fhir/tools/StructureDefinition/ig-parameter"},{"extension":[{"url":"code","valueCode":"apply-copyright"},{"url":"value","valueString":"true"}],"url":"http://hl7.org/fhir/tools/StructureDefinition/ig-parameter"},{"extension":[{"url":"code","valueCode":"apply-jurisdiction"},{"url":"value","valueString":"true"}],"url":"http://hl7.org/fhir/tools/StructureDefinition/ig-parameter"},{"extension":[{"url":"code","valueCode":"apply-license"},{"url":"value","valueString":"true"}],"url":"http://hl7.org/fhir/tools/StructureDefinition/ig-parameter"},{"extension":[{"url":"code","valueCode":"apply-publisher"},{"url":"value","valueString":"true"}],"url":"http://hl7.org/fhir/tools/StructureDefinition/ig-parameter"},{"extension":[{"url":"code","valueCode":"apply-version"},{"url":"value","valueString":"true"}],"url":"http://hl7.org/fhir/tools/StructureDefinition/ig-parameter"},{"extension":[{"url":"code","valueCode":"active-tables"},{"url":"value","valueString":"true"}],"url":"http://hl7.org/fhir/tools/StructureDefinition/ig-parameter"},{"extension":[{"url":"code","valueCode":"fmm-definition"},{"url":"value","valueString":"http://hl7.org/fhir/versions.html#maturity"}],"url":"http://hl7.org/fhir/tools/StructureDefinition/ig-parameter"},{"extension":[{"url":"code","valueCode":"propagate-status"},{"url":"value","valueString":"true"}],"url":"http://hl7.org/fhir/tools/StructureDefinition/ig-parameter"},{"extension":[{"url":"code","valueCode":"excludelogbinaryformat"},{"url":"value","valueString":"true"}],"url":"http://hl7.org/fhir/tools/StructureDefinition/ig-parameter"},{"extension":[{"url":"code","valueCode":"tabbed-snapshots"},{"url":"value","valueString":"true"}],"url":"http://hl7.org/fhir/tools/StructureDefinition/ig-parameter"}],"grouping":[{"id":"-term-valueset","name":"Terminology: Value Sets","description":"These define sets of codes used by systems conforming to this implementation guide."},{"id":"-term-codesystem","name":"Terminology: Code Systems","description":"These define new code systems used by systems conforming to this implementation guide."},{"id":"-other","name":"Other","description":"These are resources that are used within this implementation guide that do not fit into one of the other categories."}],"resource":[{"extension":[{"url":"http://hl7.org/fhir/StructureDefinition/implementationguide-page","valueUri":"ValueSet-KLCarePlanCategoryCodes.html"}],"reference":{"reference":"ValueSet/KLCarePlanCategoryCodes"},"name":"KLIndsatsforløbTypekoder","description":"Codes for constraining the CarePlan category","exampleBoolean":false,"groupingId":"-term-valueset"},{"extension":[{"url":"http://hl7.org/fhir/StructureDefinition/implementationguide-page","valueUri":"ValueSet-KLChangeValueCodes.html"}],"reference":{"reference":"ValueSet/KLChangeValueCodes"},"name":"KLMåltypeKoder","description":"Change values for goals (måltype). Express the target value for change of a condition","exampleBoolean":false,"groupingId":"-term-valueset"},{"extension":[{"url":"http://hl7.org/fhir/StructureDefinition/implementationguide-page","valueUri":"ValueSet-KLChangeValueCodesFFB.html"}],"reference":{"reference":"ValueSet/KLChangeValueCodesFFB"},"name":"KLMåltypekoderFFB","description":"Change values for goals in FFB (FFB måltype). Express the target value for change of an activity or participation condition","exampleBoolean":false,"groupingId":"-term-valueset"},{"extension":[{"url":"http://hl7.org/fhir/StructureDefinition/implementationguide-page","valueUri":"ValueSet-KLChangeValueCodesFSIII.html"}],"reference":{"reference":"ValueSet/KLChangeValueCodesFSIII"},"name":"KLMåltypeKoderFSIII","description":"Change values for goals in FSIII (FSIII måltype). Express the target value for change of a health condition or funtional condition","exampleBoolean":false,"groupingId":"-term-valueset"},{"extension":[{"url":"http://hl7.org/fhir/StructureDefinition/implementationguide-page","valueUri":"ValueSet-KLCitizenObservationCodesFSIII.html"}],"reference":{"reference":"ValueSet/KLCitizenObservationCodesFSIII"},"name":"KLBorgervurderingsObservationskoderFSIII","description":"Observation codes for citizens own observations as defined by FSIII","exampleBoolean":false,"groupingId":"-term-valueset"},{"extension":[{"url":"http://hl7.org/fhir/StructureDefinition/implementationguide-page","valueUri":"ValueSet-KLCitizenObservationResultCodesFSIII.html"}],"reference":{"reference":"ValueSet/KLCitizenObservationResultCodesFSIII"},"name":"KLBorgervurderingsResultatkoderFSIII","description":"Performance and Importance level codes, as evaluated by the citizen","exampleBoolean":false,"groupingId":"-term-valueset"},{"extension":[{"url":"http://hl7.org/fhir/StructureDefinition/implementationguide-page","valueUri":"ValueSet-KLComplicationCodesSCT.html"}],"reference":{"reference":"ValueSet/KLComplicationCodesSCT"},"name":"KLKomplikationskoderSCT","description":"Codes that indicate whether an intervention had complications or not","exampleBoolean":false,"groupingId":"-term-valueset"},{"extension":[{"url":"http://hl7.org/fhir/StructureDefinition/implementationguide-page","valueUri":"ValueSet-KLConditionADCodesFFB.html"}],"reference":{"reference":"ValueSet/KLConditionADCodesFFB"},"name":"KLTilstandADKoderFFB","description":"Danish municipality FFB condition codes for Activities and Participation","exampleBoolean":false,"groupingId":"-term-valueset"},{"extension":[{"url":"http://hl7.org/fhir/StructureDefinition/implementationguide-page","valueUri":"ValueSet-KLConditionCodes.html"}],"reference":{"reference":"ValueSet/KLConditionCodes"},"name":"KLTilstandKoder","description":"Danish municipality condition codes","exampleBoolean":false,"groupingId":"-term-valueset"},{"extension":[{"url":"http://hl7.org/fhir/StructureDefinition/implementationguide-page","valueUri":"ValueSet-KLConditionCodesFFB.html"}],"reference":{"reference":"ValueSet/KLConditionCodesFFB"},"name":"KLTilstandKoderFFB","description":"Danish municipality FFB condition codes","exampleBoolean":false,"groupingId":"-term-valueset"},{"extension":[{"url":"http://hl7.org/fhir/StructureDefinition/implementationguide-page","valueUri":"ValueSet-KLConditionCodesFSIII.html"}],"reference":{"reference":"ValueSet/KLConditionCodesFSIII"},"name":"KLTilstandKoderFSIII","description":"Danish municipality FSIII condition codes","exampleBoolean":false,"groupingId":"-term-valueset"},{"extension":[{"url":"http://hl7.org/fhir/StructureDefinition/implementationguide-page","valueUri":"ValueSet-KLConditionCodesHomeCare.html"}],"reference":{"reference":"ValueSet/KLConditionCodesHomeCare"},"name":"KLTilstandeKoderHjemmepleje","description":"Danish municipality home care condition codes (funktionsevnetilstande)","exampleBoolean":false,"groupingId":"-term-valueset"},{"extension":[{"url":"http://hl7.org/fhir/StructureDefinition/implementationguide-page","valueUri":"ValueSet-KLConditionCodesNursing.html"}],"reference":{"reference":"ValueSet/KLConditionCodesNursing"},"name":"KLTilstandeKoderSygepleje","description":"Danish municipality nursing condition codes","exampleBoolean":false,"groupingId":"-term-valueset"},{"extension":[{"url":"http://hl7.org/fhir/StructureDefinition/implementationguide-page","valueUri":"ValueSet-KLConditionCodesPrevention.html"}],"reference":{"reference":"ValueSet/KLConditionCodesPrevention"},"name":"KLTilstandKoderForebyggelse","description":"Danish municipality Prevention condition codes","exampleBoolean":false,"groupingId":"-term-valueset"},{"extension":[{"url":"http://hl7.org/fhir/StructureDefinition/implementationguide-page","valueUri":"ValueSet-KLConditionCodesTheraphy.html"}],"reference":{"reference":"ValueSet/KLConditionCodesTheraphy"},"name":"KLTilstandKoderTræning","description":"Danish municipality theraphy condition codes","exampleBoolean":false,"groupingId":"-term-valueset"},{"extension":[{"url":"http://hl7.org/fhir/StructureDefinition/implementationguide-page","valueUri":"ValueSet-KLConditionFFCodesFFB.html"}],"reference":{"reference":"ValueSet/KLConditionFFCodesFFB"},"name":"KLTilstandFFKoderFFB","description":"Danish municipality FFB condition codes for body functions and structures","exampleBoolean":false,"groupingId":"-term-valueset"},{"extension":[{"url":"http://hl7.org/fhir/StructureDefinition/implementationguide-page","valueUri":"ValueSet-KLConditionOCodesFFB.html"}],"reference":{"reference":"ValueSet/KLConditionOCodesFFB"},"name":"KLTilstandOKoderFFB","description":"Danish municipality FFB condition codes for Environmental Factors","exampleBoolean":false,"groupingId":"-term-valueset"},{"extension":[{"url":"http://hl7.org/fhir/StructureDefinition/implementationguide-page","valueUri":"ValueSet-KLConditionsAndTargetGroupsFFB.html"}],"reference":{"reference":"ValueSet/KLConditionsAndTargetGroupsFFB"},"name":"KLTilstandeOgMålgrupperFFB","description":"Conditions and target groups as defined by FFB","exampleBoolean":false,"groupingId":"-term-valueset"},{"extension":[{"url":"http://hl7.org/fhir/StructureDefinition/implementationguide-page","valueUri":"ValueSet-KLConsentToLiasing.html"}],"reference":{"reference":"ValueSet/KLConsentToLiasing"},"name":"KLBorgerIndforståetMedHenvendelseKoder","description":"Codes for citizens knowledge of referal/request as defined by FFB","exampleBoolean":false,"groupingId":"-term-valueset"},{"extension":[{"url":"http://hl7.org/fhir/StructureDefinition/implementationguide-page","valueUri":"ValueSet-KLEncounterTypes.html"}],"reference":{"reference":"ValueSet/KLEncounterTypes"},"name":"KLKontaktTyper","description":"Encounter types in Danish municipality health, social and elderly care (note that these are specific to this model, they are not replicas of a municipality terminology service)","exampleBoolean":false,"groupingId":"-term-valueset"},{"extension":[{"url":"http://hl7.org/fhir/StructureDefinition/implementationguide-page","valueUri":"ValueSet-KLEvaluationTypeCodes.html"}],"reference":{"reference":"ValueSet/KLEvaluationTypeCodes"},"name":"KLVurderingTypekoder","description":"Codes used to distinguish different kinds of evaluations","exampleBoolean":false,"groupingId":"-term-valueset"},{"extension":[{"url":"http://hl7.org/fhir/StructureDefinition/implementationguide-page","valueUri":"ValueSet-KLEvaluationTypeCodesSCT.html"}],"reference":{"reference":"ValueSet/KLEvaluationTypeCodesSCT"},"name":"KLVurderingTypekoderSCT","description":"SNOMED CT codes used to distinguish different kinds of evaluations","exampleBoolean":false,"groupingId":"-term-valueset"},{"extension":[{"url":"http://hl7.org/fhir/StructureDefinition/implementationguide-page","valueUri":"ValueSet-KLFollowUpCodes.html"}],"reference":{"reference":"ValueSet/KLFollowUpCodes"},"name":"KLOpfølgningKodes","description":"Follow-up codes used in Danish municipalities","exampleBoolean":false,"groupingId":"-term-valueset"},{"extension":[{"url":"http://hl7.org/fhir/StructureDefinition/implementationguide-page","valueUri":"ValueSet-KLFollowUpCodesFFB.html"}],"reference":{"reference":"ValueSet/KLFollowUpCodesFFB"},"name":"KLOpfølgningKoderFFB","description":"Follow-up codes used in FFB","exampleBoolean":false,"groupingId":"-term-valueset"},{"extension":[{"url":"http://hl7.org/fhir/StructureDefinition/implementationguide-page","valueUri":"ValueSet-KLFollowUpCodesFSIII.html"}],"reference":{"reference":"ValueSet/KLFollowUpCodesFSIII"},"name":"KLOpfølgningKoderFSIII","description":"Follow-up codes used in FSIII","exampleBoolean":false,"groupingId":"-term-valueset"},{"extension":[{"url":"http://hl7.org/fhir/StructureDefinition/implementationguide-page","valueUri":"ValueSet-KLGeneralInformationFSIII.html"}],"reference":{"reference":"ValueSet/KLGeneralInformationFSIII"},"name":"KLGenerelInformationFSIII","description":"Generel information codes (observations) as defined by FSIII","exampleBoolean":false,"groupingId":"-term-valueset"},{"extension":[{"url":"http://hl7.org/fhir/StructureDefinition/implementationguide-page","valueUri":"ValueSet-KLGoalTypeCodes.html"}],"reference":{"reference":"ValueSet/KLGoalTypeCodes"},"name":"KLMålKategoriKoder","description":"Codes used to distinguish different kinds of goals","exampleBoolean":false,"groupingId":"-term-valueset"},{"extension":[{"url":"http://hl7.org/fhir/StructureDefinition/implementationguide-page","valueUri":"ValueSet-KLHomeCareAreasFSIII.html"}],"reference":{"reference":"ValueSet/KLHomeCareAreasFSIII"},"name":"KLHjemmeplejeOmråderFSIII","description":"Observation codes for the five home care areas as defined by FSIII","exampleBoolean":false,"groupingId":"-term-valueset"},{"extension":[{"url":"http://hl7.org/fhir/StructureDefinition/implementationguide-page","valueUri":"ValueSet-KLHomeCareInterventionsFSIII.html"}],"reference":{"reference":"ValueSet/KLHomeCareInterventionsFSIII"},"name":"KLHjemmeplejeIndsatserFSIII","description":"Home Care Interventions as described by FSIII","exampleBoolean":false,"groupingId":"-term-valueset"},{"extension":[{"url":"http://hl7.org/fhir/StructureDefinition/implementationguide-page","valueUri":"ValueSet-KLImportanceLevelCodesFSIII.html"}],"reference":{"reference":"ValueSet/KLImportanceLevelCodesFSIII"},"name":"KLBetydningKoderFSIII","description":"Importance level codes (Betydning), as evaluated by the citizen","exampleBoolean":false,"groupingId":"-term-valueset"},{"extension":[{"url":"http://hl7.org/fhir/StructureDefinition/implementationguide-page","valueUri":"ValueSet-KLInformationCodes.html"}],"reference":{"reference":"ValueSet/KLInformationCodes"},"name":"KLOplysningKoder","description":"Information codes from FSIII and FFB (Område, Tema, Generelle oplysninger)","exampleBoolean":false,"groupingId":"-term-valueset"},{"extension":[{"url":"http://hl7.org/fhir/StructureDefinition/implementationguide-page","valueUri":"ValueSet-KLInformationGatheringInvestigationCodes.html"}],"reference":{"reference":"ValueSet/KLInformationGatheringInvestigationCodes"},"name":"KLOplysningsaktivitetsOgVurderingskoder","description":"Codes that identify valid items in an investigation in Danish municipalities","exampleBoolean":false,"groupingId":"-term-valueset"},{"extension":[{"url":"http://hl7.org/fhir/StructureDefinition/implementationguide-page","valueUri":"ValueSet-KLInformationGatheringTypeCodes.html"}],"reference":{"reference":"ValueSet/KLInformationGatheringTypeCodes"},"name":"KLOplysningsaktivitetsTypeKoder","description":"Codes used to specify which kind of information gathering is conducted","exampleBoolean":false,"groupingId":"-term-valueset"},{"extension":[{"url":"http://hl7.org/fhir/StructureDefinition/implementationguide-page","valueUri":"ValueSet-KLInterventions.html"}],"reference":{"reference":"ValueSet/KLInterventions"},"name":"KLIndsatser","description":"Interventions as described by FSIII and FFB","exampleBoolean":false,"groupingId":"-term-valueset"},{"extension":[{"url":"http://hl7.org/fhir/StructureDefinition/implementationguide-page","valueUri":"ValueSet-KLInterventionsFFB.html"}],"reference":{"reference":"ValueSet/KLInterventionsFFB"},"name":"KLYdelserFFB","description":"social interventions (ydelser) as defined by FFB","exampleBoolean":false,"groupingId":"-term-valueset"},{"extension":[{"url":"http://hl7.org/fhir/StructureDefinition/implementationguide-page","valueUri":"ValueSet-KLInterventionsFSIII.html"}],"reference":{"reference":"ValueSet/KLInterventionsFSIII"},"name":"KLIndsatserFSIII","description":"Interventions as described by FSIII","exampleBoolean":false,"groupingId":"-term-valueset"},{"extension":[{"url":"http://hl7.org/fhir/StructureDefinition/implementationguide-page","valueUri":"ValueSet-KLMatterOfInterestInformerFFB.html"}],"reference":{"reference":"ValueSet/KLMatterOfInterestInformerFFB"},"name":"KLKildeTilOplysningFFB","description":"Codes that identify who's perspective the matter-of-interest is comming from","exampleBoolean":false,"groupingId":"-term-valueset"},{"extension":[{"url":"http://hl7.org/fhir/StructureDefinition/implementationguide-page","valueUri":"ValueSet-KLMatterOfInterestValues.html"}],"reference":{"reference":"ValueSet/KLMatterOfInterestValues"},"name":"KLIngenOplysningerKoder","description":"Matter of interes values to support when no observations have been made","exampleBoolean":false,"groupingId":"-term-valueset"},{"extension":[{"url":"http://hl7.org/fhir/StructureDefinition/implementationguide-page","valueUri":"ValueSet-KLNeedsAssessmentCodesFFB.html"}],"reference":{"reference":"ValueSet/KLNeedsAssessmentCodesFFB"},"name":"KLStøttebehovsvurderingskoderFFB","description":"Needs assesment codes as defined in FFB","exampleBoolean":false,"groupingId":"-term-valueset"},{"extension":[{"url":"http://hl7.org/fhir/StructureDefinition/implementationguide-page","valueUri":"ValueSet-KLNursingAreasFSIII.html"}],"reference":{"reference":"ValueSet/KLNursingAreasFSIII"},"name":"KLSygeplejeOmråderFSIII","description":"Observation codes for the 12 nursing areas as defined by FSIII","exampleBoolean":false,"groupingId":"-term-valueset"},{"extension":[{"url":"http://hl7.org/fhir/StructureDefinition/implementationguide-page","valueUri":"ValueSet-KLNursingInterventionsFSIII.html"}],"reference":{"reference":"ValueSet/KLNursingInterventionsFSIII"},"name":"KLSygeplejeIndsatserFSIII","description":"Nursing interventions as described by FSIII","exampleBoolean":false,"groupingId":"-term-valueset"},{"extension":[{"url":"http://hl7.org/fhir/StructureDefinition/implementationguide-page","valueUri":"ValueSet-KLObservationCodes.html"}],"reference":{"reference":"ValueSet/KLObservationCodes"},"name":"KLObservationskoder","description":"SNOMED CT and NPU codes used in Danish municipalities","exampleBoolean":false,"groupingId":"-term-valueset"},{"extension":[{"url":"http://hl7.org/fhir/StructureDefinition/implementationguide-page","valueUri":"ValueSet-KLPerformanceLevelCodesFSIII.html"}],"reference":{"reference":"ValueSet/KLPerformanceLevelCodesFSIII"},"name":"KLUdførelsesKoderFSIII","description":"Performance level codes (Udførelse), as evaluated by the citizen","exampleBoolean":false,"groupingId":"-term-valueset"},{"extension":[{"url":"http://hl7.org/fhir/StructureDefinition/implementationguide-page","valueUri":"ValueSet-KLPreventionAreasFSIII.html"}],"reference":{"reference":"ValueSet/KLPreventionAreasFSIII"},"name":"KLForebyggelseOmråderFSIII","description":"Prevention areas (observation codes), used for documentation within prevention and health promotion","exampleBoolean":false,"groupingId":"-term-valueset"},{"extension":[{"url":"http://hl7.org/fhir/StructureDefinition/implementationguide-page","valueUri":"ValueSet-KLPreventionInterventionsFSIII.html"}],"reference":{"reference":"ValueSet/KLPreventionInterventionsFSIII"},"name":"KLForebyggelseIndsatserFSIII","description":"Prevention and health promotion interventions as defined by FSIII","exampleBoolean":false,"groupingId":"-term-valueset"},{"extension":[{"url":"http://hl7.org/fhir/StructureDefinition/implementationguide-page","valueUri":"ValueSet-KLRequestFromFSIII.html"}],"reference":{"reference":"ValueSet/KLRequestFromFSIII"},"name":"KLHenvendelseHenvisningFraFSIII","description":"Type of service requesters as defined by FSIII","exampleBoolean":false,"groupingId":"-term-valueset"},{"extension":[{"url":"http://hl7.org/fhir/StructureDefinition/implementationguide-page","valueUri":"ValueSet-KLServiceCodesFFB.html"}],"reference":{"reference":"ValueSet/KLServiceCodesFFB"},"name":"KLTilbudsKoderFFB","description":"Social service (tilbud) as defined by FFB","exampleBoolean":false,"groupingId":"-term-valueset"},{"extension":[{"url":"http://hl7.org/fhir/StructureDefinition/implementationguide-page","valueUri":"ValueSet-KLServicesTypes.html"}],"reference":{"reference":"ValueSet/KLServicesTypes"},"name":"KLServiceTyper","description":"Types of services that the Danish municipalities provide which is covered by FSIII and FFB","exampleBoolean":false,"groupingId":"-term-valueset"},{"extension":[{"url":"http://hl7.org/fhir/StructureDefinition/implementationguide-page","valueUri":"ValueSet-KLSeverities.html"}],"reference":{"reference":"ValueSet/KLSeverities"},"name":"KLSværhedgrader","description":"Severities related to conditions","exampleBoolean":false,"groupingId":"-term-valueset"},{"extension":[{"url":"http://hl7.org/fhir/StructureDefinition/implementationguide-page","valueUri":"ValueSet-KLSeveritiesFFB.html"}],"reference":{"reference":"ValueSet/KLSeveritiesFFB"},"name":"KLFunktionsevneniveauFFB","description":"Severities related to conditions in FFB (funktionsevneniveau)","exampleBoolean":false,"groupingId":"-term-valueset"},{"extension":[{"url":"http://hl7.org/fhir/StructureDefinition/implementationguide-page","valueUri":"ValueSet-KLSeveritiesFSIII.html"}],"reference":{"reference":"ValueSet/KLSeveritiesFSIII"},"name":"KLFunktionsevneniveauFSIII","description":"Severities related to conditions in FSIII home care (funktionsniveau)","exampleBoolean":false,"groupingId":"-term-valueset"},{"extension":[{"url":"http://hl7.org/fhir/StructureDefinition/implementationguide-page","valueUri":"ValueSet-KLTargetGroupsFFB.html"}],"reference":{"reference":"ValueSet/KLTargetGroupsFFB"},"name":"KLMålgrupperFFB","description":"Target groups as defined by FFB","exampleBoolean":false,"groupingId":"-term-valueset"},{"extension":[{"url":"http://hl7.org/fhir/StructureDefinition/implementationguide-page","valueUri":"ValueSet-KLTargetMeasureCodes.html"}],"reference":{"reference":"ValueSet/KLTargetMeasureCodes"},"name":"KLTypeAfObservationPåMål","description":"Target measure code, that determines whether the target is expressed as a severity, change value or using another observation","exampleBoolean":false,"groupingId":"-term-valueset"},{"extension":[{"url":"http://hl7.org/fhir/StructureDefinition/implementationguide-page","valueUri":"ValueSet-KLThemesFFB.html"}],"reference":{"reference":"ValueSet/KLThemesFFB"},"name":"KLTemaerFFB","description":"FFB Themes","exampleBoolean":false,"groupingId":"-term-valueset"},{"extension":[{"url":"http://hl7.org/fhir/StructureDefinition/implementationguide-page","valueUri":"ValueSet-KLTheraphyAreasFSIII.html"}],"reference":{"reference":"ValueSet/KLTheraphyAreasFSIII"},"name":"KLTræningOmråderFSIII","description":"Theraphy areas (observation codes), used for documentation within physical training, physiotheraphy and occupational theraphy in Danish Municipalities as defined by FSIII","exampleBoolean":false,"groupingId":"-term-valueset"},{"extension":[{"url":"http://hl7.org/fhir/StructureDefinition/implementationguide-page","valueUri":"ValueSet-KLTrainingInterventionsFSIII.html"}],"reference":{"reference":"ValueSet/KLTrainingInterventionsFSIII"},"name":"KLTræningIndsatserFSIII","description":"Training interventions as defined by FSIII","exampleBoolean":false,"groupingId":"-term-valueset"},{"extension":[{"url":"http://hl7.org/fhir/StructureDefinition/implementationguide-page","valueUri":"CodeSystem-KLCommonproprietary.html"}],"reference":{"reference":"CodeSystem/KLCommonproprietary"},"name":"KLLokaleKoder","description":"Proprietary codes associated with KLCommonCareSocial, partial list, ID's likely to change.","exampleBoolean":false,"groupingId":"-term-codesystem"},{"extension":[{"url":"http://hl7.org/fhir/StructureDefinition/implementationguide-page","valueUri":"CodeSystem-NPU.html"}],"reference":{"reference":"CodeSystem/NPU"},"name":"NPU","description":"NPUcodes used in Danish municipalities","exampleBoolean":false,"groupingId":"-term-codesystem"},{"extension":[{"url":"http://hl7.org/fhir/StructureDefinition/implementationguide-page","valueUri":"Parameters-expParam.html"}],"reference":{"reference":"Parameters/expParam"},"name":"expParam","description":"SNOMED CT expansion parameter","exampleBoolean":false,"groupingId":"-other"},{"extension":[{"url":"http://hl7.org/fhir/StructureDefinition/implementationguide-page","valueUri":"CodeSystem-FFB.html"}],"reference":{"reference":"CodeSystem/FFB"},"name":"FFB","description":"Codes from FFB","exampleBoolean":false,"groupingId":"-term-codesystem"},{"extension":[{"url":"http://hl7.org/fhir/StructureDefinition/implementationguide-page","valueUri":"CodeSystem-FSIII.html"}],"reference":{"reference":"CodeSystem/FSIII"},"name":"FSIII","description":"Codes from FSIII","exampleBoolean":false,"groupingId":"-term-codesystem"},{"extension":[{"url":"http://hl7.org/fhir/StructureDefinition/implementationguide-page","valueUri":"CodeSystem-CareSocialCodes.html"}],"reference":{"reference":"CodeSystem/CareSocialCodes"},"name":"CareSocialCodes","description":"Administrative/technical codes in Local Govenment Denmark (KL), associated with KLCommonCareSocial","exampleBoolean":false,"groupingId":"-term-codesystem"}],"page":{"extension":[{"url":"http://hl7.org/fhir/tools/StructureDefinition/ig-page-name","valueUrl":"toc.html"}],"nameUrl":"toc.html","title":"Table of Contents","generation":"html","page":[{"extension":[{"url":"http://hl7.org/fhir/tools/StructureDefinition/ig-page-name","valueUrl":"index.html"}],"nameUrl":"index.html","title":"Home","generation":"markdown"},{"extension":[{"url":"http://hl7.org/fhir/tools/StructureDefinition/ig-page-name","valueUrl":"artifacts.html"}],"nameUrl":"artifacts.html","title":"Artifacts Summary","generation":"html","page":[{"extension":[{"url":"http://hl7.org/fhir/tools/StructureDefinition/ig-page-name","valueUrl":"ValueSet-KLCarePlanCategoryCodes.html"}],"nameUrl":"ValueSet-KLCarePlanCategoryCodes.html","title":"KLIndsatsforløbTypekoder","generation":"generated"},{"extension":[{"url":"http://hl7.org/fhir/tools/StructureDefinition/ig-page-name","valueUrl":"ValueSet-KLChangeValueCodes.html"}],"nameUrl":"ValueSet-KLChangeValueCodes.html","title":"KLMåltypeKoder","generation":"generated"},{"extension":[{"url":"http://hl7.org/fhir/tools/StructureDefinition/ig-page-name","valueUrl":"ValueSet-KLChangeValueCodesFFB.html"}],"nameUrl":"ValueSet-KLChangeValueCodesFFB.html","title":"KLMåltypekoderFFB","generation":"generated"},{"extension":[{"url":"http://hl7.org/fhir/tools/StructureDefinition/ig-page-name","valueUrl":"ValueSet-KLChangeValueCodesFSIII.html"}],"nameUrl":"ValueSet-KLChangeValueCodesFSIII.html","title":"KLMåltypeKoderFSIII","generation":"generated"},{"extension":[{"url":"http://hl7.org/fhir/tools/StructureDefinition/ig-page-name","valueUrl":"ValueSet-KLCitizenObservationCodesFSIII.html"}],"nameUrl":"ValueSet-KLCitizenObservationCodesFSIII.html","title":"KLBorgervurderingsObservationskoderFSIII","generation":"generated"},{"extension":[{"url":"http://hl7.org/fhir/tools/StructureDefinition/ig-page-name","valueUrl":"ValueSet-KLCitizenObservationResultCodesFSIII.html"}],"nameUrl":"ValueSet-KLCitizenObservationResultCodesFSIII.html","title":"KLBorgervurderingsResultatkoderFSIII","generation":"generated"},{"extension":[{"url":"http://hl7.org/fhir/tools/StructureDefinition/ig-page-name","valueUrl":"ValueSet-KLComplicationCodesSCT.html"}],"nameUrl":"ValueSet-KLComplicationCodesSCT.html","title":"KLKomplikationskoderSCT","generation":"generated"},{"extension":[{"url":"http://hl7.org/fhir/tools/StructureDefinition/ig-page-name","valueUrl":"ValueSet-KLConditionADCodesFFB.html"}],"nameUrl":"ValueSet-KLConditionADCodesFFB.html","title":"KLTilstandADKoderFFB","generation":"generated"},{"extension":[{"url":"http://hl7.org/fhir/tools/StructureDefinition/ig-page-name","valueUrl":"ValueSet-KLConditionCodes.html"}],"nameUrl":"ValueSet-KLConditionCodes.html","title":"KLTilstandKoder","generation":"generated"},{"extension":[{"url":"http://hl7.org/fhir/tools/StructureDefinition/ig-page-name","valueUrl":"ValueSet-KLConditionCodesFFB.html"}],"nameUrl":"ValueSet-KLConditionCodesFFB.html","title":"KLTilstandKoderFFB","generation":"generated"},{"extension":[{"url":"http://hl7.org/fhir/tools/StructureDefinition/ig-page-name","valueUrl":"ValueSet-KLConditionCodesFSIII.html"}],"nameUrl":"ValueSet-KLConditionCodesFSIII.html","title":"KLTilstandKoderFSIII","generation":"generated"},{"extension":[{"url":"http://hl7.org/fhir/tools/StructureDefinition/ig-page-name","valueUrl":"ValueSet-KLConditionCodesHomeCare.html"}],"nameUrl":"ValueSet-KLConditionCodesHomeCare.html","title":"KLTilstandeKoderHjemmepleje","generation":"generated"},{"extension":[{"url":"http://hl7.org/fhir/tools/StructureDefinition/ig-page-name","valueUrl":"ValueSet-KLConditionCodesNursing.html"}],"nameUrl":"ValueSet-KLConditionCodesNursing.html","title":"KLTilstandeKoderSygepleje","generation":"generated"},{"extension":[{"url":"http://hl7.org/fhir/tools/StructureDefinition/ig-page-name","valueUrl":"ValueSet-KLConditionCodesPrevention.html"}],"nameUrl":"ValueSet-KLConditionCodesPrevention.html","title":"KLTilstandKoderForebyggelse","generation":"generated"},{"extension":[{"url":"http://hl7.org/fhir/tools/StructureDefinition/ig-page-name","valueUrl":"ValueSet-KLConditionCodesTheraphy.html"}],"nameUrl":"ValueSet-KLConditionCodesTheraphy.html","title":"KLTilstandKoderTræning","generation":"generated"},{"extension":[{"url":"http://hl7.org/fhir/tools/StructureDefinition/ig-page-name","valueUrl":"ValueSet-KLConditionFFCodesFFB.html"}],"nameUrl":"ValueSet-KLConditionFFCodesFFB.html","title":"KLTilstandFFKoderFFB","generation":"generated"},{"extension":[{"url":"http://hl7.org/fhir/tools/StructureDefinition/ig-page-name","valueUrl":"ValueSet-KLConditionOCodesFFB.html"}],"nameUrl":"ValueSet-KLConditionOCodesFFB.html","title":"KLTilstandOKoderFFB","generation":"generated"},{"extension":[{"url":"http://hl7.org/fhir/tools/StructureDefinition/ig-page-name","valueUrl":"ValueSet-KLConditionsAndTargetGroupsFFB.html"}],"nameUrl":"ValueSet-KLConditionsAndTargetGroupsFFB.html","title":"KLTilstandeOgMålgrupperFFB","generation":"generated"},{"extension":[{"url":"http://hl7.org/fhir/tools/StructureDefinition/ig-page-name","valueUrl":"ValueSet-KLConsentToLiasing.html"}],"nameUrl":"ValueSet-KLConsentToLiasing.html","title":"KLBorgerIndforståetMedHenvendelseKoder","generation":"generated"},{"extension":[{"url":"http://hl7.org/fhir/tools/StructureDefinition/ig-page-name","valueUrl":"ValueSet-KLEncounterTypes.html"}],"nameUrl":"ValueSet-KLEncounterTypes.html","title":"KLKontaktTyper","generation":"generated"},{"extension":[{"url":"http://hl7.org/fhir/tools/StructureDefinition/ig-page-name","valueUrl":"ValueSet-KLEvaluationTypeCodes.html"}],"nameUrl":"ValueSet-KLEvaluationTypeCodes.html","title":"KLVurderingTypekoder","generation":"generated"},{"extension":[{"url":"http://hl7.org/fhir/tools/StructureDefinition/ig-page-name","valueUrl":"ValueSet-KLEvaluationTypeCodesSCT.html"}],"nameUrl":"ValueSet-KLEvaluationTypeCodesSCT.html","title":"KLVurderingTypekoderSCT","generation":"generated"},{"extension":[{"url":"http://hl7.org/fhir/tools/StructureDefinition/ig-page-name","valueUrl":"ValueSet-KLFollowUpCodes.html"}],"nameUrl":"ValueSet-KLFollowUpCodes.html","title":"KLOpfølgningKodes","generation":"generated"},{"extension":[{"url":"http://hl7.org/fhir/tools/StructureDefinition/ig-page-name","valueUrl":"ValueSet-KLFollowUpCodesFFB.html"}],"nameUrl":"ValueSet-KLFollowUpCodesFFB.html","title":"KLOpfølgningKoderFFB","generation":"generated"},{"extension":[{"url":"http://hl7.org/fhir/tools/StructureDefinition/ig-page-name","valueUrl":"ValueSet-KLFollowUpCodesFSIII.html"}],"nameUrl":"ValueSet-KLFollowUpCodesFSIII.html","title":"KLOpfølgningKoderFSIII","generation":"generated"},{"extension":[{"url":"http://hl7.org/fhir/tools/StructureDefinition/ig-page-name","valueUrl":"ValueSet-KLGeneralInformationFSIII.html"}],"nameUrl":"ValueSet-KLGeneralInformationFSIII.html","title":"KLGenerelInformationFSIII","generation":"generated"},{"extension":[{"url":"http://hl7.org/fhir/tools/StructureDefinition/ig-page-name","valueUrl":"ValueSet-KLGoalTypeCodes.html"}],"nameUrl":"ValueSet-KLGoalTypeCodes.html","title":"KLMålKategoriKoder","generation":"generated"},{"extension":[{"url":"http://hl7.org/fhir/tools/StructureDefinition/ig-page-name","valueUrl":"ValueSet-KLHomeCareAreasFSIII.html"}],"nameUrl":"ValueSet-KLHomeCareAreasFSIII.html","title":"KLHjemmeplejeOmråderFSIII","generation":"generated"},{"extension":[{"url":"http://hl7.org/fhir/tools/StructureDefinition/ig-page-name","valueUrl":"ValueSet-KLHomeCareInterventionsFSIII.html"}],"nameUrl":"ValueSet-KLHomeCareInterventionsFSIII.html","title":"KLHjemmeplejeIndsatserFSIII","generation":"generated"},{"extension":[{"url":"http://hl7.org/fhir/tools/StructureDefinition/ig-page-name","valueUrl":"ValueSet-KLImportanceLevelCodesFSIII.html"}],"nameUrl":"ValueSet-KLImportanceLevelCodesFSIII.html","title":"KLBetydningKoderFSIII","generation":"generated"},{"extension":[{"url":"http://hl7.org/fhir/tools/StructureDefinition/ig-page-name","valueUrl":"ValueSet-KLInformationCodes.html"}],"nameUrl":"ValueSet-KLInformationCodes.html","title":"KLOplysningKoder","generation":"generated"},{"extension":[{"url":"http://hl7.org/fhir/tools/StructureDefinition/ig-page-name","valueUrl":"ValueSet-KLInformationGatheringInvestigationCodes.html"}],"nameUrl":"ValueSet-KLInformationGatheringInvestigationCodes.html","title":"KLOplysningsaktivitetsOgVurderingskoder","generation":"generated"},{"extension":[{"url":"http://hl7.org/fhir/tools/StructureDefinition/ig-page-name","valueUrl":"ValueSet-KLInformationGatheringTypeCodes.html"}],"nameUrl":"ValueSet-KLInformationGatheringTypeCodes.html","title":"KLOplysningsaktivitetsTypeKoder","generation":"generated"},{"extension":[{"url":"http://hl7.org/fhir/tools/StructureDefinition/ig-page-name","valueUrl":"ValueSet-KLInterventions.html"}],"nameUrl":"ValueSet-KLInterventions.html","title":"KLIndsatser","generation":"generated"},{"extension":[{"url":"http://hl7.org/fhir/tools/StructureDefinition/ig-page-name","valueUrl":"ValueSet-KLInterventionsFFB.html"}],"nameUrl":"ValueSet-KLInterventionsFFB.html","title":"KLYdelserFFB","generation":"generated"},{"extension":[{"url":"http://hl7.org/fhir/tools/StructureDefinition/ig-page-name","valueUrl":"ValueSet-KLInterventionsFSIII.html"}],"nameUrl":"ValueSet-KLInterventionsFSIII.html","title":"KLIndsatserFSIII","generation":"generated"},{"extension":[{"url":"http://hl7.org/fhir/tools/StructureDefinition/ig-page-name","valueUrl":"ValueSet-KLMatterOfInterestInformerFFB.html"}],"nameUrl":"ValueSet-KLMatterOfInterestInformerFFB.html","title":"KLKildeTilOplysningFFB","generation":"generated"},{"extension":[{"url":"http://hl7.org/fhir/tools/StructureDefinition/ig-page-name","valueUrl":"ValueSet-KLMatterOfInterestValues.html"}],"nameUrl":"ValueSet-KLMatterOfInterestValues.html","title":"KLIngenOplysningerKoder","generation":"generated"},{"extension":[{"url":"http://hl7.org/fhir/tools/StructureDefinition/ig-page-name","valueUrl":"ValueSet-KLNeedsAssessmentCodesFFB.html"}],"nameUrl":"ValueSet-KLNeedsAssessmentCodesFFB.html","title":"KLStøttebehovsvurderingskoderFFB","generation":"generated"},{"extension":[{"url":"http://hl7.org/fhir/tools/StructureDefinition/ig-page-name","valueUrl":"ValueSet-KLNursingAreasFSIII.html"}],"nameUrl":"ValueSet-KLNursingAreasFSIII.html","title":"KLSygeplejeOmråderFSIII","generation":"generated"},{"extension":[{"url":"http://hl7.org/fhir/tools/StructureDefinition/ig-page-name","valueUrl":"ValueSet-KLNursingInterventionsFSIII.html"}],"nameUrl":"ValueSet-KLNursingInterventionsFSIII.html","title":"KLSygeplejeIndsatserFSIII","generation":"generated"},{"extension":[{"url":"http://hl7.org/fhir/tools/StructureDefinition/ig-page-name","valueUrl":"ValueSet-KLObservationCodes.html"}],"nameUrl":"ValueSet-KLObservationCodes.html","title":"KLObservationskoder","generation":"generated"},{"extension":[{"url":"http://hl7.org/fhir/tools/StructureDefinition/ig-page-name","valueUrl":"ValueSet-KLPerformanceLevelCodesFSIII.html"}],"nameUrl":"ValueSet-KLPerformanceLevelCodesFSIII.html","title":"KLUdførelsesKoderFSIII","generation":"generated"},{"extension":[{"url":"http://hl7.org/fhir/tools/StructureDefinition/ig-page-name","valueUrl":"ValueSet-KLPreventionAreasFSIII.html"}],"nameUrl":"ValueSet-KLPreventionAreasFSIII.html","title":"KLForebyggelseOmråderFSIII","generation":"generated"},{"extension":[{"url":"http://hl7.org/fhir/tools/StructureDefinition/ig-page-name","valueUrl":"ValueSet-KLPreventionInterventionsFSIII.html"}],"nameUrl":"ValueSet-KLPreventionInterventionsFSIII.html","title":"KLForebyggelseIndsatserFSIII","generation":"generated"},{"extension":[{"url":"http://hl7.org/fhir/tools/StructureDefinition/ig-page-name","valueUrl":"ValueSet-KLRequestFromFSIII.html"}],"nameUrl":"ValueSet-KLRequestFromFSIII.html","title":"KLHenvendelseHenvisningFraFSIII","generation":"generated"},{"extension":[{"url":"http://hl7.org/fhir/tools/StructureDefinition/ig-page-name","valueUrl":"ValueSet-KLServiceCodesFFB.html"}],"nameUrl":"ValueSet-KLServiceCodesFFB.html","title":"KLTilbudsKoderFFB","generation":"generated"},{"extension":[{"url":"http://hl7.org/fhir/tools/StructureDefinition/ig-page-name","valueUrl":"ValueSet-KLServicesTypes.html"}],"nameUrl":"ValueSet-KLServicesTypes.html","title":"KLServiceTyper","generation":"generated"},{"extension":[{"url":"http://hl7.org/fhir/tools/StructureDefinition/ig-page-name","valueUrl":"ValueSet-KLSeverities.html"}],"nameUrl":"ValueSet-KLSeverities.html","title":"KLSværhedgrader","generation":"generated"},{"extension":[{"url":"http://hl7.org/fhir/tools/StructureDefinition/ig-page-name","valueUrl":"ValueSet-KLSeveritiesFFB.html"}],"nameUrl":"ValueSet-KLSeveritiesFFB.html","title":"KLFunktionsevneniveauFFB","generation":"generated"},{"extension":[{"url":"http://hl7.org/fhir/tools/StructureDefinition/ig-page-name","valueUrl":"ValueSet-KLSeveritiesFSIII.html"}],"nameUrl":"ValueSet-KLSeveritiesFSIII.html","title":"KLFunktionsevneniveauFSIII","generation":"generated"},{"extension":[{"url":"http://hl7.org/fhir/tools/StructureDefinition/ig-page-name","valueUrl":"ValueSet-KLTargetGroupsFFB.html"}],"nameUrl":"ValueSet-KLTargetGroupsFFB.html","title":"KLMålgrupperFFB","generation":"generated"},{"extension":[{"url":"http://hl7.org/fhir/tools/StructureDefinition/ig-page-name","valueUrl":"ValueSet-KLTargetMeasureCodes.html"}],"nameUrl":"ValueSet-KLTargetMeasureCodes.html","title":"KLTypeAfObservationPåMål","generation":"generated"},{"extension":[{"url":"http://hl7.org/fhir/tools/StructureDefinition/ig-page-name","valueUrl":"ValueSet-KLThemesFFB.html"}],"nameUrl":"ValueSet-KLThemesFFB.html","title":"KLTemaerFFB","generation":"generated"},{"extension":[{"url":"http://hl7.org/fhir/tools/StructureDefinition/ig-page-name","valueUrl":"ValueSet-KLTheraphyAreasFSIII.html"}],"nameUrl":"ValueSet-KLTheraphyAreasFSIII.html","title":"KLTræningOmråderFSIII","generation":"generated"},{"extension":[{"url":"http://hl7.org/fhir/tools/StructureDefinition/ig-page-name","valueUrl":"ValueSet-KLTrainingInterventionsFSIII.html"}],"nameUrl":"ValueSet-KLTrainingInterventionsFSIII.html","title":"KLTræningIndsatserFSIII","generation":"generated"},{"extension":[{"url":"http://hl7.org/fhir/tools/StructureDefinition/ig-page-name","valueUrl":"CodeSystem-KLCommonproprietary.html"}],"nameUrl":"CodeSystem-KLCommonproprietary.html","title":"KLLokaleKoder","generation":"generated"},{"extension":[{"url":"http://hl7.org/fhir/tools/StructureDefinition/ig-page-name","valueUrl":"CodeSystem-NPU.html"}],"nameUrl":"CodeSystem-NPU.html","title":"NPU","generation":"generated"},{"extension":[{"url":"http://hl7.org/fhir/tools/StructureDefinition/ig-page-name","valueUrl":"CodeSystem-FFB.html"}],"nameUrl":"CodeSystem-FFB.html","title":"FFB","generation":"generated"},{"extension":[{"url":"http://hl7.org/fhir/tools/StructureDefinition/ig-page-name","valueUrl":"CodeSystem-FSIII.html"}],"nameUrl":"CodeSystem-FSIII.html","title":"FSIII","generation":"generated"},{"extension":[{"url":"http://hl7.org/fhir/tools/StructureDefinition/ig-page-name","valueUrl":"CodeSystem-CareSocialCodes.html"}],"nameUrl":"CodeSystem-CareSocialCodes.html","title":"CareSocialCodes","generation":"generated"},{"extension":[{"url":"http://hl7.org/fhir/tools/StructureDefinition/ig-page-name","valueUrl":"Parameters-expParam.html"}],"nameUrl":"Parameters-expParam.html","title":"expParam","generation":"generated"}]}]},"parameter":[{"code":"path-resource","value":"input/capabilities"},{"code":"path-resource","value":"input/examples"},{"code":"path-resource","value":"input/extensions"},{"code":"path-resource","value":"input/models"},{"code":"path-resource","value":"input/operations"},{"code":"path-resource","value":"input/profiles"},{"code":"path-resource","value":"input/resources"},{"code":"path-resource","value":"input/vocabulary"},{"code":"path-resource","value":"input/maps"},{"code":"path-resource","value":"input/testing"},{"code":"path-resource","value":"input/history"},{"code":"path-resource","value":"fsh-generated/resources"},{"code":"path-pages","value":"template/config"},{"code":"path-pages","value":"input/images"},{"code":"path-tx-cache","value":"input-cache/txcache"}]}}