{"resourceType":"ValueSet","id":"KLRequestFromFSIII","text":{"status":"generated","div":"<div xmlns=\"http://www.w3.org/1999/xhtml\"><ul><li>Include codes from <a href=\"CodeSystem-FSIII.html\"><code>urn:oid:1.2.208.176.2.21</code></a> where concept  descends from  <a href=\"CodeSystem-FSIII.html#FSIII-A\">A</a></li></ul></div>"},"url":"http://fhir.kl.dk/term/ValueSet/KLRequestFromFSIII","version":"1.1.0","name":"KLRequestFromFSIII","title":"KLHenvendelseHenvisningFraFSIII","status":"active","experimental":false,"date":"2023-07-10T23:08:03+02:00","publisher":"Kommunernes Landsforening","contact":[{"name":"Kommunernes Landsforening","telecom":[{"system":"url","value":"http://kl.dk"}]}],"description":"Type of service requesters as defined by FSIII","compose":{"include":[{"system":"urn:oid:1.2.208.176.2.21","filter":[{"property":"concept","op":"descendent-of","value":"A"}]}]}}