{"resourceType":"ValueSet","id":"KLComplicationCodesSCT","text":{"status":"generated","div":"<div xmlns=\"http://www.w3.org/1999/xhtml\"><p class=\"res-header-id\"><b>Generated Narrative: ValueSet KLComplicationCodesSCT</b></p><a name=\"KLComplicationCodesSCT\"> </a><a name=\"hcKLComplicationCodesSCT\"> </a><a name=\"KLComplicationCodesSCT-en-US\"> </a><ul><li>Include these codes as defined in <a href=\"http://www.snomed.org/\"><code>http://snomed.info/sct</code></a><table class=\"none\"><tr><td style=\"white-space:nowrap\"><b>Code</b></td><td><b>Display</b></td></tr><tr><td><a href=\"http://snomed.info/id/116224001\">116224001</a></td><td style=\"color: #cccccc\">Complication of procedure</td></tr></table></li></ul></div>"},"url":"http://fhir.kl.dk/term/ValueSet/KLComplicationCodesSCT","version":"2.2.0","name":"KLComplicationCodesSCT","title":"KLKomplikationskoderSCT","status":"active","experimental":false,"date":"2024-10-31T13:18:46+01:00","publisher":"Kommunernes Landsforening","contact":[{"name":"Kommunernes Landsforening","telecom":[{"system":"url","value":"http://kl.dk"}]}],"description":"Codes that indicate whether an intervention had complications or not","compose":{"include":[{"system":"http://snomed.info/sct","concept":[{"code":"116224001"}]}]}}