{"resourceType":"ValueSet","id":"KLServicesTypes","text":{"status":"generated","div":"<div xmlns=\"http://www.w3.org/1999/xhtml\"><ul><li>Include codes from <a href=\"CodeSystem-CareSocialCodes.html\"><code>http://fhir.kl.dk/term/CodeSystem/CareSocialCodes</code></a> where concept  descends from  <a href=\"CodeSystem-CareSocialCodes.html#CareSocialCodes-7b41185e-eeb4-437d-8120-5d51bbd27a79\">7b41185e-eeb4-437d-8120-5d51bbd27a79</a></li></ul></div>"},"url":"http://fhir.kl.dk/term/ValueSet/KLServicesTypes","version":"1.0.0","name":"KLServicesTypes","title":"KLServiceTyper","status":"active","experimental":false,"date":"2023-05-09T23:50:17+02:00","publisher":"Kommunernes Landsforening","contact":[{"name":"Kommunernes Landsforening","telecom":[{"system":"url","value":"http://kl.dk"}]}],"description":"Types of services that the Danish municipalities provide which is covered by FSIII and FFB","compose":{"include":[{"system":"http://fhir.kl.dk/term/CodeSystem/CareSocialCodes","filter":[{"property":"concept","op":"descendent-of","value":"7b41185e-eeb4-437d-8120-5d51bbd27a79"}]}]}}