{"resourceType":"ValueSet","id":"KLNeedsAssessmentCodesFFB","text":{"status":"generated","div":"<div xmlns=\"http://www.w3.org/1999/xhtml\"><p class=\"res-header-id\"><b>Generated Narrative: ValueSet KLNeedsAssessmentCodesFFB</b></p><a name=\"KLNeedsAssessmentCodesFFB\"> </a><a name=\"hcKLNeedsAssessmentCodesFFB\"> </a><a name=\"KLNeedsAssessmentCodesFFB-en-US\"> </a><ul><li>Include codes from<a href=\"CodeSystem-FFB.html\"><code>urn:oid:1.2.208.176.2.22</code></a> where concept  descends from <a href=\"CodeSystem-FFB.html#FFB-7ac451dc-773b-4877-baaf-1e6b1d5c8e28\">7ac451dc-773b-4877-baaf-1e6b1d5c8e28</a></li></ul></div>"},"url":"http://fhir.kl.dk/term/ValueSet/KLNeedsAssessmentCodesFFB","version":"2.2.0","name":"KLNeedsAssessmentCodesFFB","title":"KLStøttebehovsvurderingskoderFFB","status":"active","experimental":false,"date":"2024-10-31T13:18:46+01:00","publisher":"Kommunernes Landsforening","contact":[{"name":"Kommunernes Landsforening","telecom":[{"system":"url","value":"http://kl.dk"}]}],"description":"Needs assesment codes as defined in FFB","compose":{"include":[{"system":"urn:oid:1.2.208.176.2.22","filter":[{"property":"concept","op":"descendent-of","value":"7ac451dc-773b-4877-baaf-1e6b1d5c8e28"}]}]}}