{"resourceType":"ValueSet","id":"CancellationTypes","text":{"status":"generated","div":"<div xmlns=\"http://www.w3.org/1999/xhtml\"><p class=\"res-header-id\"><b>Generated Narrative: ValueSet CancellationTypes</b></p><a name=\"CancellationTypes\"> </a><a name=\"hcCancellationTypes\"> </a><a name=\"CancellationTypes-en-US\"> </a><ul><li>Include codes from<a href=\"CodeSystem-CareSocialCodes.html\"><code>http://fhir.kl.dk/term/CodeSystem/CareSocialCodes</code></a> where concept  descends from <a href=\"CodeSystem-CareSocialCodes.html#CareSocialCodes-2c059407-fed5-4852-92d8-6bb5ad63d7bb\">2c059407-fed5-4852-92d8-6bb5ad63d7bb</a></li></ul></div>"},"url":"http://fhir.kl.dk/term/ValueSet/CancellationTypes","version":"2.2.0","name":"CancellationTypes","title":"CancellationTypes","status":"active","experimental":false,"date":"2024-10-31T13:18:46+01:00","publisher":"Kommunernes Landsforening","contact":[{"name":"Kommunernes Landsforening","telecom":[{"system":"url","value":"http://kl.dk"}]}],"description":"Cancellation valueset, to be implemented in KL-term and FKI","compose":{"include":[{"system":"http://fhir.kl.dk/term/CodeSystem/CareSocialCodes","filter":[{"property":"concept","op":"descendent-of","value":"2c059407-fed5-4852-92d8-6bb5ad63d7bb"}]}]}}