{"resourceType":"ValueSet","id":"KLServiceCodesFFB","text":{"status":"extensions","div":"<div xmlns=\"http://www.w3.org/1999/xhtml\"><ul><li>Include these codes as defined in <a href=\"CodeSystem-FFB.html\"><code>urn:oid:1.2.208.176.2.22</code></a><table class=\"none\"><tr><td style=\"white-space:nowrap\"><b>Code</b></td><td><b>Display</b></td><td><b>Definition</b></td></tr><tr><td><a href=\"CodeSystem-FFB.html#FFB-9401777d-bdc5-4f52-9804-63c8cae9a792\">9401777d-bdc5-4f52-9804-63c8cae9a792</a></td><td style=\"color: #cccccc\">Aktivitets- og samværstilbud</td><td>Et aktivitets- og samværstilbud er et dagtilbud til voksne, der gennem aktivitets- og samværsydelser fremmer socialt samvær eller tilbyder et miljøskift. Et aktivitets- og samværstilbud kan også levere andre ydelser ud over aktivitets- og samværsydelser. Begrebet dækker også uvisiterede væresteder og varmestuer. Lovhjemmel: Serviceloven § 104</td></tr><tr><td><a href=\"CodeSystem-FFB.html#FFB-a0fb02a2-367c-48bc-bacd-92e49a861a4c\">a0fb02a2-367c-48bc-bacd-92e49a861a4c</a></td><td style=\"color: #cccccc\">Beskyttet beskæftigelsestilbud</td><td>Et beskyttet beskæftigelsestilbud er et dagtilbud til voksne, der leverer beskyttet beskæftigelses-ydelser med fokus på arbejdsevne og beskæftigelsesrelevante kompetencer til borgere, der ikke kan opnå eller fastholde beskæftigelse på normale vilkår på arbejdsmarkedet eller benytte arbejdsmarkedsrelaterede indsatser efter anden lovgivning. Lovhjemmel: Serviceloven § 103</td></tr><tr><td><a href=\"CodeSystem-FFB.html#FFB-25de7444-3919-4dab-b844-8cec6c15f30e\">25de7444-3919-4dab-b844-8cec6c15f30e</a></td><td style=\"color: #cccccc\">Midlertidigt botilbud til voksne</td><td>Et midlertidigt botilbud til voksne er et botilbud til voksne, der retter sig mod borgere, som har midlertidig behov for støtte og hjælp, og som på sigt forventeligt kan få disse behov dækket på anden vis. Lovhjemmel: Serviceloven § 107</td></tr><tr><td><a href=\"CodeSystem-FFB.html#FFB-498fe92c-d7f7-41cd-9404-5b38fe113be0\">498fe92c-d7f7-41cd-9404-5b38fe113be0</a></td><td style=\"color: #cccccc\">Almindeligt længerevarende botilbud til voksne</td><td>Et almindeligt længerevarende botilbud til voksne er et ikke-sikret, længerevarende botilbud til voksne, der retter sig mod borgere, som har længerevarende behov for omfattende støtte og ophold, og som ikke kan få dækket disse behov på anden vis. Lovhjemmel: Servicelovens § 108 stk. 1</td></tr><tr><td><a href=\"CodeSystem-FFB.html#FFB-070016aa-e164-4813-aca5-b75acab89d63\">070016aa-e164-4813-aca5-b75acab89d63</a></td><td style=\"color: #cccccc\">Sikret længerevarende botilbud til voksne</td><td>Et sikret botilbud er et længerevarende botilbud til voksne, som har længerevarende behov for omfattende støtte og ophold, og som ikke kan få dækket disse behov på anden vis. Et sikret botilbud omfatter mindst én afdeling eller lejlighed, som er godkendt til at have yderdøre og vinduer aflåst, og det modtager borgere i henhold til dom eller retskendelse. Lovhjemmel: Serviceloven § 108, stk. 7, nr. 1-3</td></tr><tr><td><a href=\"CodeSystem-FFB.html#FFB-d90f4da6-f87a-43b5-833f-646b4baf16d6\">d90f4da6-f87a-43b5-833f-646b4baf16d6</a></td><td style=\"color: #cccccc\">Mobilt tilbud</td><td>Et mobilt tilbud er et tilbud, der ikke leverer ydelser til en borger på en bestemt matrikel, men flyttes ud, der hvor borgeren opholder sig. Det kan eksempelvis være i borgerens eget hjem, på et dagtilbud, et frivilligt tilbud eller i det offentlige rum, fx i forhold til hjemløse. Et mobilt tilbud leverer ydelser til borgere med nedsat fysisk eller psykisk funktionsevne eller sociale problemer, men som ikke har behov for et midlertidigt eller længerevarende ophold. Vejledende lovhjemmel: Serviceloven § 82a, § 82b, §82d, § 85</td></tr><tr><td><a href=\"CodeSystem-FFB.html#FFB-a7cbf55b-6906-4b2a-872e-c48b4d728837\">a7cbf55b-6906-4b2a-872e-c48b4d728837</a></td><td style=\"color: #cccccc\">Almen ældre- og handicapvenlig bolig</td><td>En almen ældre- og handicapvenlig bolig er et botilbudslignende tilbud, der er oprettet som almennyttig bolig, og som retter sig mod ældre borgere og borgere med fysisk eller psykisk funktionsnedsættelse. I lovgivningen og vejledninger omtales de som &quot;almene ældreboliger&quot;, men de kan rette sig både mod ældre borgere og mod borgere med nedsat fysisk eller psykisk funktionsevne. Lovhjemmel: Almenboligloven § 105</td></tr><tr><td><a href=\"CodeSystem-FFB.html#FFB-5ea75f09-8eec-4edc-aafd-a330a523c33e\">5ea75f09-8eec-4edc-aafd-a330a523c33e</a></td><td style=\"color: #cccccc\">Socialt akuttilbud</td><td>Et socialt akuttilbud er et tilbud til voksne, der retter sig mod personer med psykiske vanskeligheder, herunder psykisk sårbare, der oplever et akut behov for rådgivning, omsorg, støtte eller akut ophold, men som ikke har umiddelbart behov for psykiatrisk behandling. Ved akut behov forstås almindeligvis et behov, der er pludseligt opstået, og som fordrer øjeblikkelig levering af en given ydelse, der kan hindre forværring af eller stabilisere personens funktionsevne eller hindre, at sociale problemer forværres. Personen kan henvende sig anonymt og uanset aktuel boform.</td></tr></table></li></ul></div>"},"url":"http://fhir.kl.dk/term/ValueSet/KLServiceCodesFFB","version":"2.0.0","name":"KLServiceCodesFFB","title":"KLTilbudsKoderFFB","status":"active","experimental":false,"date":"2024-06-04T14:59:10+02:00","publisher":"Kommunernes Landsforening","contact":[{"name":"Kommunernes Landsforening","telecom":[{"system":"url","value":"http://kl.dk"}]}],"description":"Social service (tilbud) as defined by FFB","compose":{"include":[{"system":"urn:oid:1.2.208.176.2.22","concept":[{"code":"9401777d-bdc5-4f52-9804-63c8cae9a792"},{"code":"a0fb02a2-367c-48bc-bacd-92e49a861a4c"},{"code":"25de7444-3919-4dab-b844-8cec6c15f30e"},{"code":"498fe92c-d7f7-41cd-9404-5b38fe113be0"},{"code":"070016aa-e164-4813-aca5-b75acab89d63"},{"code":"d90f4da6-f87a-43b5-833f-646b4baf16d6"},{"code":"a7cbf55b-6906-4b2a-872e-c48b4d728837"},{"code":"5ea75f09-8eec-4edc-aafd-a330a523c33e"}]}]}}