{"resourceType":"ValueSet","id":"KLGoalTypeCodes","text":{"status":"generated","div":"<div xmlns=\"http://www.w3.org/1999/xhtml\"><ul><li>Include codes from <a href=\"CodeSystem-CareSocialCodes.html\"><code>http://fhir.kl.dk/term/CodeSystem/CareSocialCodes</code></a> where concept  descends from  <a href=\"CodeSystem-CareSocialCodes.html#CareSocialCodes-253bbdc0-c4ca-4e77-9d3e-3a9e51281636\">253bbdc0-c4ca-4e77-9d3e-3a9e51281636</a></li></ul></div>"},"url":"http://fhir.kl.dk/term/ValueSet/KLGoalTypeCodes","version":"1.1.0","name":"KLGoalTypeCodes","title":"KLMålKategoriKoder","status":"active","experimental":false,"date":"2023-07-10T23:08:03+02:00","publisher":"Kommunernes Landsforening","contact":[{"name":"Kommunernes Landsforening","telecom":[{"system":"url","value":"http://kl.dk"}]}],"description":"Codes used to distinguish different kinds of goals","compose":{"include":[{"system":"http://fhir.kl.dk/term/CodeSystem/CareSocialCodes","filter":[{"property":"concept","op":"descendent-of","value":"253bbdc0-c4ca-4e77-9d3e-3a9e51281636"}]}]}}