{
  "resourceType" : "CodeSystem",
  "id" : "KLToolsCodes",
  "text" : {
    "status" : "generated",
    "div" : "<div xmlns=\"http://www.w3.org/1999/xhtml\">Placeholder</div>"
  },
  "url" : "http://fhir.kl.dk/ffinst/CodeSystem/KLToolsCodes",
  "version" : "1.0.0",
  "name" : "KLToolsCodes",
  "title" : "KLToolsCodes",
  "status" : "active",
  "experimental" : false,
  "date" : "2023-08-27T11:00:49+02:00",
  "publisher" : "Kommunernes landsforening",
  "contact" : [{
    "name" : "Kommunernes landsforening",
    "telecom" : [{
      "system" : "url",
      "value" : "http://kl.dk"
    },
    {
      "system" : "email",
      "value" : "kl@kl.dk"
    }]
  }],
  "description" : "Codes associated with KLTools, which is not part of KLCommonCareSocial, or international terminologies",
  "jurisdiction" : [{
    "coding" : [{
      "system" : "urn:iso:std:iso:3166",
      "code" : "DNK",
      "display" : "Denmark"
    }]
  }],
  "caseSensitive" : false,
  "content" : "complete",
  "count" : 64,
  "concept" : [{
    "code" : "0e5aa952-d470-4219-b275-5e8204d96987",
    "display" : "WHO-5 Hele tiden - 5 (glad)"
  },
  {
    "code" : "9fd3c658-d0b7-4018-84e9-8588be7de478",
    "display" : "WHO-5 Det meste af tiden - 4 (glad)"
  },
  {
    "code" : "a3779fc5-d7b3-4d03-bdaf-5ae5a40b0899",
    "display" : "WHO-5 Lidt mere end halvdelen af tiden - 3 (glad)"
  },
  {
    "code" : "228ee58f-5785-4364-a99c-8ba99943f510",
    "display" : "WHO-5 Lidt mindre end halvdelen af tiden - 2 (glad)"
  },
  {
    "code" : "c4002c8a-91c5-4737-bba6-ce364e83fd28",
    "display" : "WHO-5 Lidt af tiden - 1 (glad)"
  },
  {
    "code" : "d092cdf0-e4e0-4cf6-a506-0adf95f56a8d",
    "display" : "WHO-5 På intet tidspunkt - 0 (glad)"
  },
  {
    "code" : "b9eb352d-145d-4c45-8f8c-5b92474c4af1",
    "display" : "WHO-5 Hele tiden - 5 (rolig)"
  },
  {
    "code" : "b128508b-8ef8-4516-b8e1-f5af02a408f3",
    "display" : "WHO-5 Det meste af tiden - 4 (rolig)"
  },
  {
    "code" : "1ab11c78-6258-4069-9065-0f076833b133",
    "display" : "WHO-5 Lidt mere end halvdelen af tiden - 3 (rolig)"
  },
  {
    "code" : "d599f667-9300-432d-9edf-a1afa4c9af85",
    "display" : "WHO-5 Lidt mindre end halvdelen af tiden - 2 (rolig)"
  },
  {
    "code" : "1fb14510-ec20-4a8e-bc3a-d45fa83909c9",
    "display" : "WHO-5 Lidt af tiden - 1 (rolig)"
  },
  {
    "code" : "130fbd15-4718-4fb7-9592-d205f575bc9c",
    "display" : "WHO-5 På intet tidspunkt - 0 (rolig)"
  },
  {
    "code" : "3d3c13a6-befa-4a52-aef0-7e775ca11fdd",
    "display" : "WHO-5 Hele tiden - 5 (aktiv)"
  },
  {
    "code" : "60da44d3-815e-426f-8c8a-0ae34d85863a",
    "display" : "WHO-5 Det meste af tiden - 4 (aktiv)"
  },
  {
    "code" : "f573ad27-7d00-4505-99ac-f0f35cd16e6a",
    "display" : "WHO-5 Lidt mere end halvdelen af tiden - 3 (aktiv)"
  },
  {
    "code" : "d9d031d9-3185-4f59-a125-ea5a3503011a",
    "display" : "WHO-5 Lidt mindre end halvdelen af tiden - 2 (aktiv)"
  },
  {
    "code" : "08c8a19c-d135-4e05-a8d4-70c6da6f4842",
    "display" : "WHO-5 Lidt af tiden - 1 (aktiv)"
  },
  {
    "code" : "ccc3ecb4-3249-4c82-9c2b-dca72f4ba374",
    "display" : "WHO-5 På intet tidspunkt - 0 (aktiv)"
  },
  {
    "code" : "7aaccc2e-ead3-41f0-a9ba-091f2e539753",
    "display" : "WHO-5 Hele tiden - 5 (frisk)"
  },
  {
    "code" : "b1375340-07a1-4ab4-9d3b-f5de61b878b5",
    "display" : "WHO-5 Det meste af tiden - 4 (frisk)"
  },
  {
    "code" : "0059dc5d-d174-45b9-a423-136e3d9c2bda",
    "display" : "WHO-5 Lidt mere end halvdelen af tiden - 3 (frisk)"
  },
  {
    "code" : "8f403657-cdbd-4d87-aefe-ab040a6db428",
    "display" : "WHO-5 Lidt mindre end halvdelen af tiden - 2 (frisk)"
  },
  {
    "code" : "2bd7d702-99ac-4acc-b3f6-a9833a32f7c8",
    "display" : "WHO-5 Lidt af tiden - 1 (frisk)"
  },
  {
    "code" : "18c05b5f-97e6-4c08-a920-ec75a213f1f6",
    "display" : "WHO-5 På intet tidspunkt - 0 (frisk)"
  },
  {
    "code" : "2ca88533-c048-4b2a-9ac2-2206b63a25ac",
    "display" : "WHO-5 Hele tiden - 5 (interesseret)"
  },
  {
    "code" : "b62a3f31-9b63-4b86-b5bd-edf300b9fbd6",
    "display" : "WHO-5 Det meste af tiden - 4 (interesseret)"
  },
  {
    "code" : "392ee33f-e754-4443-a285-c19aff66726f",
    "display" : "WHO-5 Lidt mere end halvdelen af tiden - 3 (interesseret)"
  },
  {
    "code" : "3c323281-fc96-47cb-b057-1dff2ffa835b",
    "display" : "WHO-5 Lidt mindre end halvdelen af tiden - 2 (interesseret)"
  },
  {
    "code" : "314ab944-2f8a-453d-8653-b46cacf5f480",
    "display" : "WHO-5 Lidt af tiden - 1 (interesseret)"
  },
  {
    "code" : "f97749b5-e689-40a4-9eda-0b0e35d185fc",
    "display" : "WHO-5 På intet tidspunkt - 0 (interesseret)"
  },
  {
    "code" : "4a069078-c3c3-4c67-899d-4e8876026f48Ja",
    "display" : "Ingen problemer med test-setup og borgers udførelse",
    "definition" : "Proceduren for observationen, som beskrevet af KL under test-setup og borgers udførelse, er fulgt"
  },
  {
    "code" : "17772b27-bc9d-4d62-9515-d268a98a3a27",
    "display" : "Afvigelse i borgers udførelse",
    "definition" : "Proceduren for observationen, som beskrevet af KL, er ikke fulgt pga. afvigelser i borgers udførelse"
  },
  {
    "code" : "a3231c9a-5569-49c4-8760-4fffbf0b2b80",
    "display" : "Afvigelse i test-setup",
    "definition" : "Proceduren for observationen, som beskrevet af KL, er ikke fulgt pga. afvigelse i test-setup"
  },
  {
    "code" : "6713249a-433e-4b93-8975-0214a473dab5",
    "display" : "Afvigelse i borgers udførelse og test-setup",
    "definition" : "Proceduren for observationen, som beskrevet af KL, er ikke fulgt pga. afvigelse i borgers udførelse og test-setup"
  },
  {
    "code" : "a3d30bf2-4a3c-4c49-9001-5363ae11681c",
    "display" : "Borger",
    "definition" : "Borger har selv været kilde"
  },
  {
    "code" : "71675b26-285e-4551-9488-991d8b34a12a",
    "display" : "Borger støttet af pårørende",
    "definition" : "Borger blev støttet af en pårørende"
  },
  {
    "code" : "5937b533-a4e3-45af-9ddf-61dce1d56b74",
    "display" : "Borger støttet af medarbejder",
    "definition" : "Borger blev støttet af medarbejder"
  },
  {
    "code" : "d5762abe-706b-4d52-ac2b-2621c60486b2",
    "display" : "Pårørende alene",
    "definition" : "En pårørende er kilde"
  },
  {
    "code" : "111b2c8a-389d-4ecc-9187-ce78f019649b",
    "display" : "Medarbejder alene",
    "definition" : "En medarbejder er kilde"
  },
  {
    "code" : "128f0d78-aa41-4213-bff3-df0dcdcff753",
    "display" : "Jeg har ingen problemer med at gå omkring (1)"
  },
  {
    "code" : "95be0ff6-ab05-4918-be8e-6dbb820366bb",
    "display" : "Jeg har nogle problemer med at gå omkring (2)"
  },
  {
    "code" : "05e7c7d0-a4fd-497c-a290-72c541edec14",
    "display" : "Jeg er bundet til sengen (3)"
  },
  {
    "code" : "0f33b1ee-a26b-47b0-ab99-0a67494656e3",
    "display" : "Jeg har ingen problemer med min personlige pleje (1)"
  },
  {
    "code" : "7837e254-4d5b-4edd-89b8-b106ffbda113",
    "display" : "Jeg har nogle problemer med at vaske mig og klæde mig på (2)"
  },
  {
    "code" : "33cbf5d9-e8e2-4e59-a5f7-c6e9d1842968",
    "display" : "Jeg kan ikke vaske mig eller klæde mig på (3)"
  },
  {
    "code" : "815b8b40-e2f6-4f55-a328-17c886e41490",
    "display" : "Jeg har ingen problemer med at udføre mine sædvanlige aktiviteter (1)"
  },
  {
    "code" : "b80a1898-aac7-4d20-88c5-80124691e9d9",
    "display" : "Jeg har nogle problemer med at udføre mine sædvanlige aktiviteter (2)"
  },
  {
    "code" : "3334936f-efe1-456b-8b45-ce965d6f559e",
    "display" : "Jeg kan ikke udføre mine sædvanlige aktiviteter (3)"
  },
  {
    "code" : "16c984ad-9dcd-4214-9ca7-07669d65dd0a",
    "display" : "Jeg har ingen smerter eller ubehag (1)"
  },
  {
    "code" : "3616b50a-440a-4268-9c8a-660123526540",
    "display" : "Jeg har moderate smerter eller ubehag (2)"
  },
  {
    "code" : "22d3d27b-f8fd-4c09-a4bf-a6a342442095",
    "display" : "Jeg har ekstreme smerter eller ubehag (3)"
  },
  {
    "code" : "841deb88-b0b1-4f3b-9101-98da06870088",
    "display" : "Jeg er ikke ængstelig eller deprimeret (1)"
  },
  {
    "code" : "6027bc9d-abad-4162-a156-839553e015e7",
    "display" : "Jeg er moderat ængstelig eller deprimeret (2)"
  },
  {
    "code" : "a9729d0b-3df2-445a-8b18-606f0c1889d6",
    "display" : "Jeg er ekstremt ængstelig eller deprimeret (3)"
  },
  {
    "code" : "51b9ff3a-604c-4a45-a8a2-5d9191b2056e",
    "display" : "Ingen smerter (0)"
  },
  {
    "code" : "42b540bd-88bc-406c-b47d-ee0bae50b98e",
    "display" : "Lette smerter (1)"
  },
  {
    "code" : "f3207523-d9f8-4e0b-8636-9e8b057b6971",
    "display" : "Moderate smerter (2)"
  },
  {
    "code" : "d253770d-ce0b-4320-9806-b8fbe9e5af8a",
    "display" : "Kraftige/svære smerter (3)"
  },
  {
    "code" : "a3f25054-9f1d-4256-afa2-c1035b0bdd41",
    "display" : "Uudholdelige/værst tænkelige smerter (4)"
  },
  {
    "code" : "4d5eeb61-a9b4-40cc-af45-4e8e2caa6db0",
    "display" : "Agiteret (1)"
  },
  {
    "code" : "fc025609-8d3c-4d36-aa44-19fe839d548f",
    "display" : "Habituel (0)"
  },
  {
    "code" : "916b3530-23e2-4c11-8973-52a90bc9ec31",
    "display" : "Reagerer kun på tiltale (1)"
  },
  {
    "code" : "0000e850-a51d-4867-a901-dd4c6a2a46a1",
    "display" : "Reagerer kun på smerte (2)"
  },
  {
    "code" : "55da9922-c22b-4bd2-b842-e200048bfb20",
    "display" : "Ingen reaktion (3)"
  }]
}