{
  "resourceType" : "ValueSet",
  "id" : "EQ5Dmobility",
  "text" : {
    "status" : "generated",
    "div" : "<div xmlns=\"http://www.w3.org/1999/xhtml\">Placeholder</div>"
  },
  "url" : "http://fhir.kl.dk/ffinst/ValueSet/EQ5Dmobility",
  "version" : "1.0.0",
  "name" : "EQ5Dmobility",
  "title" : "EQ5Dmobility",
  "status" : "active",
  "experimental" : false,
  "date" : "2023-08-26T16:24:28+02:00",
  "publisher" : "Kommunernes landsforening",
  "contact" : [{
    "name" : "Kommunernes landsforening",
    "telecom" : [{
      "system" : "url",
      "value" : "http://kl.dk"
    },
    {
      "system" : "email",
      "value" : "kl@kl.dk"
    }]
  }],
  "description" : "Findings for EQ-5D mobility",
  "jurisdiction" : [{
    "coding" : [{
      "system" : "urn:iso:std:iso:3166",
      "code" : "DNK",
      "display" : "Denmark"
    }]
  }],
  "compose" : {
    "include" : [{
      "system" : "http://fhir.kl.dk/ffinst/CodeSystem/KLToolsCodes",
      "concept" : [{
        "code" : "128f0d78-aa41-4213-bff3-df0dcdcff753"
      },
      {
        "code" : "95be0ff6-ab05-4918-be8e-6dbb820366bb"
      },
      {
        "code" : "05e7c7d0-a4fd-497c-a290-72c541edec14"
      }]
    }]
  }
}