{
  "resourceType" : "ValueSet",
  "id" : "ConsciousnessSCTFindings",
  "text" : {
    "status" : "generated",
    "div" : "<div xmlns=\"http://www.w3.org/1999/xhtml\">Placeholder</div>"
  },
  "url" : "http://fhir.kl.dk/ffinst/ValueSet/ConsciousnessSCTFindings",
  "version" : "1.0.0",
  "name" : "ConsciousnessSCTFindings",
  "title" : "ConsciousnessSCTFindings",
  "status" : "active",
  "experimental" : false,
  "date" : "2023-08-26T16:24:28+02:00",
  "publisher" : "Kommunernes landsforening",
  "contact" : [{
    "name" : "Kommunernes landsforening",
    "telecom" : [{
      "system" : "url",
      "value" : "http://kl.dk"
    },
    {
      "system" : "email",
      "value" : "kl@kl.dk"
    }]
  }],
  "description" : "SNOMED CT findings for consciousness",
  "jurisdiction" : [{
    "coding" : [{
      "system" : "urn:iso:std:iso:3166",
      "code" : "DNK",
      "display" : "Denmark"
    }]
  }],
  "compose" : {
    "include" : [{
      "system" : "http://snomed.info/sct",
      "concept" : [{
        "code" : "419567006"
      },
      {
        "code" : "271591004"
      },
      {
        "code" : "300202002"
      },
      {
        "code" : "450847001"
      },
      {
        "code" : "422768004"
      }]
    }]
  }
}