<?xml version="1.0" encoding="UTF-8"?><ValueSet xmlns="http://hl7.org/fhir"><id value="KLPreventionAreasFSIII"/><text><status value="extensions"/><div xmlns="http://www.w3.org/1999/xhtml"><ul><li>Include these codes as defined in <a href="CodeSystem-FSIII.html"><code>urn:oid:1.2.208.176.2.21</code></a><table class="none"><tr><td style="white-space:nowrap"><b>Code</b></td><td><b>Display</b></td><td><b>Definition</b></td></tr><tr><td><a href="CodeSystem-FSIII.html#FSIII-d03da587-94dc-46e6-ba71-eb1e43ec7df6">d03da587-94dc-46e6-ba71-eb1e43ec7df6</a></td><td style="color: #cccccc">Kroppen</td><td>Kroppen</td></tr><tr><td><a href="CodeSystem-FSIII.html#FSIII-7b3b3587-4ddd-4b93-a81b-455bfc601492">7b3b3587-4ddd-4b93-a81b-455bfc601492</a></td><td style="color: #cccccc">Hverdagsliv</td><td>Hverdagsliv</td></tr><tr><td><a href="CodeSystem-FSIII.html#FSIII-b349c7ec-86c5-4c52-aaf2-9034d98b0e3b">b349c7ec-86c5-4c52-aaf2-9034d98b0e3b</a></td><td style="color: #cccccc">Sundhedsadfærd</td><td>Sundhedsadfærd</td></tr><tr><td><a href="CodeSystem-FSIII.html#FSIII-3547a306-8623-4713-a8ce-db1e82839c50">3547a306-8623-4713-a8ce-db1e82839c50</a></td><td style="color: #cccccc">Mental sundhed</td><td>Mental sundhed</td></tr></table></li></ul></div></text><url value="http://fhir.kl.dk/term/ValueSet/KLPreventionAreasFSIII"/><version value="2.0.0"/><name value="KLPreventionAreasFSIII"/><title value="KLForebyggelseOmråderFSIII"/><status value="active"/><experimental value="false"/><date value="2024-06-01T22:19:27+02:00"/><publisher value="Kommunernes Landsforening"/><contact><name value="Kommunernes Landsforening"/><telecom><system value="url"/><value value="http://kl.dk"/></telecom></contact><description value="Prevention areas (observation codes), used for documentation within prevention and health promotion"/><compose><include><system value="urn:oid:1.2.208.176.2.21"/><concept><code value="d03da587-94dc-46e6-ba71-eb1e43ec7df6"/></concept><concept><code value="7b3b3587-4ddd-4b93-a81b-455bfc601492"/></concept><concept><code value="b349c7ec-86c5-4c52-aaf2-9034d98b0e3b"/></concept><concept><code value="3547a306-8623-4713-a8ce-db1e82839c50"/></concept></include></compose></ValueSet>