<?xml version="1.0" encoding="UTF-8"?>

<CodeSystem xmlns="http://hl7.org/fhir">
  <id value="CareSocialCodes"/>
  <text>
    <status value="generated"/><div xmlns="http://www.w3.org/1999/xhtml"><p>This case-sensitive code system <code>http://fhir.kl.dk/term/CodeSystem/CareSocialCodes</code> defines the following codes in a Is-A hierarchy:</p><table class="codes"><tr><td><b>Lvl</b></td><td style="white-space:nowrap"><b>Code</b></td><td><b>Display</b></td><td><b>Definition</b></td></tr><tr><td>1</td><td style="white-space:nowrap">95ec4535-8fe8-4296-867c-35de421794cf<a name="CareSocialCodes-95ec4535-8fe8-4296-867c-35de421794cf"> </a></td><td>evaluering</td><td>evaluering</td></tr><tr><td>2</td><td style="white-space:nowrap">  effe55c7-572c-4a99-8fb4-2a9dda2f6572<a name="CareSocialCodes-effe55c7-572c-4a99-8fb4-2a9dda2f6572"> </a></td><td>FFB støttebehovsvurdering</td><td>Angiver, hvor stort et behov borgeren har for hjælp og støtte.</td></tr><tr><td>2</td><td style="white-space:nowrap">  053a301d-1bb8-4cc4-b781-87825ecf0ef8<a name="CareSocialCodes-053a301d-1bb8-4cc4-b781-87825ecf0ef8"> </a></td><td>FFB vurdering af borgers situation</td><td>Vurdering der sammenholder oplysninger fra udredning mhp en samlet faglig analyse og konklusion.</td></tr><tr><td>2</td><td style="white-space:nowrap">  3f7a8ca0-afca-4b0d-8773-a99b5f2f8aaf<a name="CareSocialCodes-3f7a8ca0-afca-4b0d-8773-a99b5f2f8aaf"> </a></td><td>VUM Borgerens perspektiv på indsatsen</td><td>VUM Borgerens perspektiv på indsatsen</td></tr><tr><td>2</td><td style="white-space:nowrap">  f52887de-023f-4193-b6b0-4b0a37b1cffc<a name="CareSocialCodes-f52887de-023f-4193-b6b0-4b0a37b1cffc"> </a></td><td>VUM Borgerens ressourcer i forhold til indsatsen</td><td>VUM Borgerens ressourcer i forhold til indsatsen</td></tr><tr><td>2</td><td style="white-space:nowrap">  54c4ffea-7caf-4edc-8aa9-ef6e0be26c4c<a name="CareSocialCodes-54c4ffea-7caf-4edc-8aa9-ef6e0be26c4c"> </a></td><td>FSIII helhedsvurdering</td><td>Sagsvurdering, der sammenholder resultaterne af en myndighedsudredning og den øvrige sagsoplysning med henblik på at træffe en afgørelse</td></tr><tr><td>1</td><td style="white-space:nowrap">7b41185e-eeb4-437d-8120-5d51bbd27a79<a name="CareSocialCodes-7b41185e-eeb4-437d-8120-5d51bbd27a79"> </a></td><td>Indsats/ydelses-anmodning</td><td>Indsats/ydelses-anmodning</td></tr><tr><td>2</td><td style="white-space:nowrap">  4a297733-4d66-4726-a933-590d55cf91e0<a name="CareSocialCodes-4a297733-4d66-4726-a933-590d55cf91e0"> </a></td><td>Social indsats</td><td>Der anmodes om en social indsats</td></tr><tr><td>2</td><td style="white-space:nowrap">  ad865929-7363-4b2d-a271-01993181fbaf<a name="CareSocialCodes-ad865929-7363-4b2d-a271-01993181fbaf"> </a></td><td>Kommunal pleje og omsorg</td><td>Der anmodes om kommunal pleje og omsorg fx hjemmepleje til ældre borger.</td></tr><tr><td>2</td><td style="white-space:nowrap">  490ab7be-ddb1-4a54-baf1-009fe6e8a83b<a name="CareSocialCodes-490ab7be-ddb1-4a54-baf1-009fe6e8a83b"> </a></td><td>Kommunal sygepleje</td><td>Der anmodes om kommunal sygepleje.</td></tr><tr><td>2</td><td style="white-space:nowrap">  a71921ea-fe83-441d-933b-cc21d0b3c8c3<a name="CareSocialCodes-a71921ea-fe83-441d-933b-cc21d0b3c8c3"> </a></td><td>Kommunal Sundhedsfremme og forebyggelse</td><td>Der anmodes om kommunal sundhedsfremme og forebyggelse efter SUL §119.</td></tr><tr><td>2</td><td style="white-space:nowrap">  7fc66c15-0cb3-4c89-9e18-f3a01e6a6592<a name="CareSocialCodes-7fc66c15-0cb3-4c89-9e18-f3a01e6a6592"> </a></td><td>Kommunal genoptræning efter sygehusophold</td><td>Der anmodes om kommunal genoptræning efter sygehusophold efter SUL §140.</td></tr><tr><td>2</td><td style="white-space:nowrap">  d267ac44-8d7f-43e9-8535-ab3da350649f<a name="CareSocialCodes-d267ac44-8d7f-43e9-8535-ab3da350649f"> </a></td><td>Kommunalt hjælpemiddelområde</td><td>Der anmodes om hjælpemidler og lignende, der ligger indenfor det kommunale hjælpemiddelområde dvs § 112, § 113, § 114, § 116 i Serviceloven.</td></tr><tr><td>1</td><td style="white-space:nowrap">b5731132-f6b9-4a47-995d-681d2b755d4f<a name="CareSocialCodes-b5731132-f6b9-4a47-995d-681d2b755d4f"> </a></td><td>Kilde</td><td>Person der er kilde til oplysning eller vurdering</td></tr><tr><td>2</td><td style="white-space:nowrap">  25b4e705-2e9a-47a2-b11a-c829316b9d3a<a name="CareSocialCodes-25b4e705-2e9a-47a2-b11a-c829316b9d3a"> </a></td><td>Borger</td><td>Borger er kilde til oplysning eller vurdering</td></tr><tr><td>2</td><td style="white-space:nowrap">  f6ea2920-7dde-491e-a489-6b99a3904069<a name="CareSocialCodes-f6ea2920-7dde-491e-a489-6b99a3904069"> </a></td><td>Sagsbehandler</td><td>Sagsbehandler er kilde til oplysning eller vurdering</td></tr><tr><td>2</td><td style="white-space:nowrap">  329774f9-7700-47cf-9c00-63765d9e8078<a name="CareSocialCodes-329774f9-7700-47cf-9c00-63765d9e8078"> </a></td><td>Medarbejder og pårørende alene</td><td>En medarbejder og pårørende er sammen, men uden input fra borger, kilde til oplysning eller vurdering. Fx PUF spørgeskema i sundhedsplejen.</td></tr><tr><td>2</td><td style="white-space:nowrap">  8fe80acb-2c2a-4f10-b2b8-ddb77d2f69dc<a name="CareSocialCodes-8fe80acb-2c2a-4f10-b2b8-ddb77d2f69dc"> </a></td><td>Medarbejder alene</td><td>Medarbejderen er alene kilde til oplysning eller vurdering. Fx AIMS skema i sundhedsplejen.</td></tr><tr><td>2</td><td style="white-space:nowrap">  12428e48-7df8-441f-9a89-d92bb7874066<a name="CareSocialCodes-12428e48-7df8-441f-9a89-d92bb7874066"> </a></td><td>Borger støttet af medarbejder</td><td>Borger fik hjælp af en medarbejder til at komme med oplysninger eller vurderinger. Fx ældre borger der får hjælp til at udfylde WHO5 spørgeskema.</td></tr><tr><td>2</td><td style="white-space:nowrap">  b66dc78a-a673-43fc-8ac0-1e859ba626e0<a name="CareSocialCodes-b66dc78a-a673-43fc-8ac0-1e859ba626e0"> </a></td><td>Borger støttet af pårørende</td><td>Borger fik hjælp af en pårørende til at komme med oplysninger eller vurderinger. Fx ældre borger der får hjælp til at udfylde WHO5 spørgeskema.</td></tr><tr><td>2</td><td style="white-space:nowrap">  166d2437-4e47-4a52-bd94-cdbe91086ca6<a name="CareSocialCodes-166d2437-4e47-4a52-bd94-cdbe91086ca6"> </a></td><td>Pårørende alene</td><td>Pårørende er alene, uden input fra borger, kilde til oplysninger eller vuderderinger. Fx WHO 5 spørgeskema for svækket ældre borger udfyldt af datter.</td></tr><tr><td>2</td><td style="white-space:nowrap">  63338442-7b2e-405b-acc0-142361ef19f1<a name="CareSocialCodes-63338442-7b2e-405b-acc0-142361ef19f1"> </a></td><td>Andre</td><td>Andre end borger og sagsbehandler er kilde til oplysning eller vurdering. Fx læge, pårørende og udfører. Denne definition af andre, bruges kun på voksensocialområdet.</td></tr><tr><td>3</td><td style="white-space:nowrap">    f00a6844-1005-401d-965d-1c5859df7beb<a name="CareSocialCodes-f00a6844-1005-401d-965d-1c5859df7beb"> </a></td><td>Udfører</td><td>Udfører er kilde til oplysning eller vurdering</td></tr><tr><td>1</td><td style="white-space:nowrap">25303acd-dcaf-4a8e-a8a3-3961a43858aa<a name="CareSocialCodes-25303acd-dcaf-4a8e-a8a3-3961a43858aa"> </a></td><td>kontaktaktivitet</td><td>aktivitet der foretages ved kommunal kontakt.</td></tr><tr><td>2</td><td style="white-space:nowrap">  bb6fc544-7f4f-4b50-8868-1431e0df2381<a name="CareSocialCodes-bb6fc544-7f4f-4b50-8868-1431e0df2381"> </a></td><td>observation</td><td>observation foretaget ved kontakt</td></tr><tr><td>2</td><td style="white-space:nowrap">  9f03dfbb-7a97-45a5-94db-d4c3501714a9<a name="CareSocialCodes-9f03dfbb-7a97-45a5-94db-d4c3501714a9"> </a></td><td>opfølgning</td><td>opfølgning foretaget ved kontakt</td></tr><tr><td>2</td><td style="white-space:nowrap">  829ac647-c7fc-4964-836b-f708d886e0e3<a name="CareSocialCodes-829ac647-c7fc-4964-836b-f708d886e0e3"> </a></td><td>oplysning</td><td>oplysning er foretaget ved kontakt</td></tr><tr><td>2</td><td style="white-space:nowrap">  15775b0a-7ec6-469e-9d3c-a81fbc9a1b45<a name="CareSocialCodes-15775b0a-7ec6-469e-9d3c-a81fbc9a1b45"> </a></td><td>udførelse af akutindsats</td><td>Akutindsats, bevilget af læge eller akutteam, udført ved kontakt</td></tr><tr><td>2</td><td style="white-space:nowrap">  c03b426a-4348-407f-b343-f4baa9759c72<a name="CareSocialCodes-c03b426a-4348-407f-b343-f4baa9759c72"> </a></td><td>udførelse af ikke-bevilget indsats</td><td>Indsats, der ikke i forvejen var bevilget, udført ved kontakt</td></tr><tr><td>2</td><td style="white-space:nowrap">  784275f1-6822-4a88-b361-d958007d5253<a name="CareSocialCodes-784275f1-6822-4a88-b361-d958007d5253"> </a></td><td>udførelse af planlagt indsats</td><td>Planlagt indsats udført ved kontakt</td></tr><tr><td>2</td><td style="white-space:nowrap">  9269c9a2-8220-447b-a127-811275b41062<a name="CareSocialCodes-9269c9a2-8220-447b-a127-811275b41062"> </a></td><td>vurdering/bevilling</td><td>vurdering og/eller bevilling er foretaget ved kontakt</td></tr><tr><td>1</td><td style="white-space:nowrap">3762dd32-4123-43a8-815d-ec40d3697652<a name="CareSocialCodes-3762dd32-4123-43a8-815d-ec40d3697652"> </a></td><td>indforståelse ifm henvendelse</td><td>indforståelse ifm henvendelse</td></tr><tr><td>2</td><td style="white-space:nowrap">  54aeeba6-6aa2-4165-a5a8-bbd6f2f3b1eb<a name="CareSocialCodes-54aeeba6-6aa2-4165-a5a8-bbd6f2f3b1eb"> </a></td><td>ikke indforstået</td><td>Borger ikke indforstået med henvendelse</td></tr><tr><td>2</td><td style="white-space:nowrap">  e67035da-9179-466b-99ad-ea86835d38c9<a name="CareSocialCodes-e67035da-9179-466b-99ad-ea86835d38c9"> </a></td><td>indforstået</td><td>Borger indforstået med henvendelse</td></tr><tr><td>1</td><td style="white-space:nowrap">253bbdc0-c4ca-4e77-9d3e-3a9e51281636<a name="CareSocialCodes-253bbdc0-c4ca-4e77-9d3e-3a9e51281636"> </a></td><td>Mål/formål</td><td>Mål/formål</td></tr><tr><td>2</td><td style="white-space:nowrap">  416fe27d-3ccf-4390-8742-8b52a9d8dc78<a name="CareSocialCodes-416fe27d-3ccf-4390-8742-8b52a9d8dc78"> </a></td><td>FFB borgers mål og ønsker</td><td>Borgers mål og ønsker som specificeret af FFB. Det er overordnet og er som udtrykt af borger</td></tr><tr><td>2</td><td style="white-space:nowrap">  6746d4af-145a-4bfd-a672-05c0cf11b53b<a name="CareSocialCodes-6746d4af-145a-4bfd-a672-05c0cf11b53b"> </a></td><td>FFB delmål</td><td>Delmål i FFB, ligger under indsatsmål, og er som udtrykt af udfører</td></tr><tr><td>2</td><td style="white-space:nowrap">  0bb3daef-538d-45dc-b444-abdbcb63f6bc<a name="CareSocialCodes-0bb3daef-538d-45dc-b444-abdbcb63f6bc"> </a></td><td>FFB indsatsmål</td><td>Indsatsmål i FFB - er de konkrete faglige mål der arbejdes med, og som er knyttet til tilstande og opfølgninger</td></tr><tr><td>2</td><td style="white-space:nowrap">  ca552020-6ed1-4cdc-b0d4-32697f1f27ad<a name="CareSocialCodes-ca552020-6ed1-4cdc-b0d4-32697f1f27ad"> </a></td><td>FSIII tilstandsmål</td><td>Tilstandsmål som defineret af FSIII - ofte i form af en forventet tilstand</td></tr><tr><td>2</td><td style="white-space:nowrap">  424827b1-23aa-4848-962b-56ee47def560<a name="CareSocialCodes-424827b1-23aa-4848-962b-56ee47def560"> </a></td><td>Indsatsformål</td><td>Det overordnede formål med hele indsatsen (Defineret af FFB men bruges også for FSIII)</td></tr><tr><td>2</td><td style="white-space:nowrap">  ffb9886b-d04e-46b1-9165-a400f91f822b<a name="CareSocialCodes-ffb9886b-d04e-46b1-9165-a400f91f822b"> </a></td><td>Borgers ønsker og mål</td><td>Borgers ønsker og mål</td></tr><tr><td>1</td><td style="white-space:nowrap">940f37e6-8a3d-483b-adac-be8af3268a5b<a name="CareSocialCodes-940f37e6-8a3d-483b-adac-be8af3268a5b"> </a></td><td>oplysningsaktivitet</td><td>oplysningsaktivitet</td></tr><tr><td>2</td><td style="white-space:nowrap">  95e787e0-5490-437d-ae4c-f3736644242f<a name="CareSocialCodes-95e787e0-5490-437d-ae4c-f3736644242f"> </a></td><td>afklarende samtale §119, FSIII</td><td>udførelse af afklarende samtale vedr. sundhedsfremme og forebyggelse jævnfør FSIII</td></tr><tr><td>2</td><td style="white-space:nowrap">  e5a73b0e-a5d2-430e-931f-6156306ab00f<a name="CareSocialCodes-e5a73b0e-a5d2-430e-931f-6156306ab00f"> </a></td><td>funktionsevnevurdering hjemmepleje, FSIII</td><td>udførelse af funktionsevnevurdering i hjemmeplejen jævnfør FSIII</td></tr><tr><td>2</td><td style="white-space:nowrap">  f8ebd11a-04f3-4aa0-9786-406e8896c84d<a name="CareSocialCodes-f8ebd11a-04f3-4aa0-9786-406e8896c84d"> </a></td><td>socialfaglig udredning, VUM/FFB</td><td>udførelse af socialfaglig udredning som specificeret af VUM og FFB</td></tr><tr><td>2</td><td style="white-space:nowrap">  47fd1468-89da-4803-9d7a-ecc039a30d92<a name="CareSocialCodes-47fd1468-89da-4803-9d7a-ecc039a30d92"> </a></td><td>sygeplejefaglig udredning, FSIII</td><td>udførelse af sygeplejefaglig udredning jævnfør FSIII</td></tr><tr><td>2</td><td style="white-space:nowrap">  0f0f223c-abe3-4720-aab8-c257679a0a4e<a name="CareSocialCodes-0f0f223c-abe3-4720-aab8-c257679a0a4e"> </a></td><td>terapeutfaglig udredning, FSIII</td><td>udførelse af terapeutfaglig udredning jævnfør FSIII</td></tr><tr><td>2</td><td style="white-space:nowrap">  e70c66c0-a939-493b-8ea8-5b7e7b48ba1a<a name="CareSocialCodes-e70c66c0-a939-493b-8ea8-5b7e7b48ba1a"> </a></td><td>generelle oplysninger, FSIII</td><td>indhentning af generelle oplysninger jævnfør FSIII</td></tr><tr><td>1</td><td style="white-space:nowrap">10deb210-e7e1-4d56-9531-b9ff2102126e<a name="CareSocialCodes-10deb210-e7e1-4d56-9531-b9ff2102126e"> </a></td><td>Planlagt indsatsforløb</td><td>Planlagt indsatsforløb</td></tr><tr><td>2</td><td style="white-space:nowrap">  e459386d-1474-4c31-89c5-c8bc7a25e3d4<a name="CareSocialCodes-e459386d-1474-4c31-89c5-c8bc7a25e3d4"> </a></td><td>Social indsats</td><td>Det planlagte indsatsforløb er en social indsats, som defineret af FFB, med tilhørende ydelser, målgruppe og tilbud</td></tr><tr><td>2</td><td style="white-space:nowrap">  4fd6c23a-6ff3-4251-ac37-3ca095027b5b<a name="CareSocialCodes-4fd6c23a-6ff3-4251-ac37-3ca095027b5b"> </a></td><td>Kommunal Sundhedsfremme og forebyggelse</td><td>Det planlagte indsatsforløb vedrører sundhedsfremme og forebyggelse efter §119.</td></tr><tr><td>3</td><td style="white-space:nowrap">    5c160c02-e858-4c1f-925a-71ed64844749<a name="CareSocialCodes-5c160c02-e858-4c1f-925a-71ed64844749"> </a></td><td>Interventionsforløb efter §119</td><td>Et planlagt §119 indsatsforløb, som udelukkende indeholder interventioner, og som leveres samlet. Med interventioner menes indsatser, der søger at forbedre borgers tilstand. For §119 kunne et interventionsforløb fx være et KOL-træningshold der indeholder indsatserne fysisk træning og funktionstræning.</td></tr><tr><td>3</td><td style="white-space:nowrap">    9791e55a-656f-47eb-8fd5-c4a06b0a4662<a name="CareSocialCodes-9791e55a-656f-47eb-8fd5-c4a06b0a4662"> </a></td><td>Opfølgningsforløb efter §119</td><td>Planlagt indsatsforløb der består af opfølgningsindsatser. Anvendes hvis der i forvejen planlægges opfølgning ved flere forskellige lejligheder fx efter 2,4 og 6 måneder.</td></tr><tr><td>2</td><td style="white-space:nowrap">  ddd2f670-5ec7-4f9c-9a2c-aee25cb133bf<a name="CareSocialCodes-ddd2f670-5ec7-4f9c-9a2c-aee25cb133bf"> </a></td><td>Kommunal genoptræning efter sygehusophold</td><td>Det planlagte indsatsforløb er genoptræning efter sundhedslovens §140.</td></tr><tr><td>3</td><td style="white-space:nowrap">    f15b2663-94d9-4d0c-a5de-d8bd8e1e4ebb<a name="CareSocialCodes-f15b2663-94d9-4d0c-a5de-d8bd8e1e4ebb"> </a></td><td>Interventionsforløb efter §140</td><td>Et planlagt §140 indsatsforløb, som udelukkende indeholder interventioner, og som leveres samlet. Med interventioner menes indsatser, der søger at forbedre borgers tilstand. For §140 kunne et interventionsforløb fx være et Knæ-genoptræningshold der indeholder indsatserne fysisk træning, funktionstræning og vejledning og undervisning.</td></tr><tr><td>3</td><td style="white-space:nowrap">    4863001e-14c7-4be8-a2da-e4f21a4b6ac4<a name="CareSocialCodes-4863001e-14c7-4be8-a2da-e4f21a4b6ac4"> </a></td><td>Opfølgningsforløb efter §140</td><td>Planlagt indsatsforløb efter §140 der består af opfølgningsindsatser. Anvendes hvis der i forvejen planlægges opfølgning ved flere forskellige lejligheder fx efter 2,4 og 6 måneder.</td></tr><tr><td>1</td><td style="white-space:nowrap">2c059407-fed5-4852-92d8-6bb5ad63d7bb<a name="CareSocialCodes-2c059407-fed5-4852-92d8-6bb5ad63d7bb"> </a></td><td>Begrundelse for indsatsophør</td><td>Begrundelse for, at kommunale indsatser ophører</td></tr><tr><td>2</td><td style="white-space:nowrap">  82e99421-31da-4915-96ed-168ccfa1d20c<a name="CareSocialCodes-82e99421-31da-4915-96ed-168ccfa1d20c"> </a></td><td>Hændelse medfører ophør</td><td>Hændelse, som ikke er et aktivt fravalg eller en behovsvurdering medfører ophør. Det kan fx være en længere hospitalsindlæggelse, eller at borger flytter.</td></tr><tr><td>2</td><td style="white-space:nowrap">  4bbf6d6a-a1c6-41c2-b8c1-7352b7378adf<a name="CareSocialCodes-4bbf6d6a-a1c6-41c2-b8c1-7352b7378adf"> </a></td><td>Ikke yderligere behov (borger-vurderet)</td><td>Borger vurderer, at han/hun ikke har yderligere behov og afslutter derfor før tid</td></tr><tr><td>2</td><td style="white-space:nowrap">  a63b6aa6-7d56-4e67-a5b3-d73f6d262af5<a name="CareSocialCodes-a63b6aa6-7d56-4e67-a5b3-d73f6d262af5"> </a></td><td>Ikke yderligere behov (fagperson-vurderet)</td><td>Fagperson vurderer, at borger ikke har yderligere behov og afslutter derfor før tid</td></tr><tr><td>2</td><td style="white-space:nowrap">  ef491570-7884-4acd-bcf7-43d6b2c64762<a name="CareSocialCodes-ef491570-7884-4acd-bcf7-43d6b2c64762"> </a></td><td>Borger har ikke henvendt sig eller er udeblevet</td><td>Borger har ikke henvendt sig eller er udeblevet</td></tr><tr><td>2</td><td style="white-space:nowrap">  3a5a72b7-addf-4857-b80c-04e4246e3072<a name="CareSocialCodes-3a5a72b7-addf-4857-b80c-04e4246e3072"> </a></td><td>Aktivt fravalg</td><td>Borger har behov, men har foretaget et aktivt fravalg</td></tr><tr><td>3</td><td style="white-space:nowrap">    0cd5734d-b663-47c6-a3da-6b14a937d144<a name="CareSocialCodes-0cd5734d-b663-47c6-a3da-6b14a937d144"> </a></td><td>Aktivt fravalg pga. anden sygdom</td><td>Borger har behov, men har foretaget et aktivt fravalg pga. anden sygdom</td></tr><tr><td>3</td><td style="white-space:nowrap">    8371b769-4bfb-4ac8-b130-d91c54784a56<a name="CareSocialCodes-8371b769-4bfb-4ac8-b130-d91c54784a56"> </a></td><td>Aktivt fravalg pga. logistik ifm. transport</td><td>Borger har behov, men har foretaget et aktivt fravalg pga. den logistiske udfordring det er mht. transport, at nå frem til det sted indsatsen tilbydes</td></tr><tr><td>3</td><td style="white-space:nowrap">    a3f2bd01-078b-486e-81be-797d192ad7bd<a name="CareSocialCodes-a3f2bd01-078b-486e-81be-797d192ad7bd"> </a></td><td>Aktivt fravalg pga. anden træning</td><td>Borger har behov, men har foretaget et aktivt fravalg fordi han/hun er påbegyndt træning i andet regi fx fitnesscenter</td></tr><tr><td>3</td><td style="white-space:nowrap">    f8436c2e-af1c-44fe-939d-473b518dd01d<a name="CareSocialCodes-f8436c2e-af1c-44fe-939d-473b518dd01d"> </a></td><td>Aktivt fravalg pga. økonomi ifm. transport</td><td>Borger har behov, men har foretaget et aktivt fravalg pga. den omkostning der er forbundet med transport til det sted indsatsen tilbydes</td></tr><tr><td>1</td><td style="white-space:nowrap">3f79cee2-b148-4f2c-9cbd-387820e74685<a name="CareSocialCodes-3f79cee2-b148-4f2c-9cbd-387820e74685"> </a></td><td>Leveringstype</td><td>Om der leveres individuelt eller gruppebaseret</td></tr><tr><td>2</td><td style="white-space:nowrap">  2865f123-15a7-4a36-a514-32ea37c400ca<a name="CareSocialCodes-2865f123-15a7-4a36-a514-32ea37c400ca"> </a></td><td>Gruppebaseret indsats</td><td>Indsats leveres i gruppe</td></tr><tr><td>2</td><td style="white-space:nowrap">  8d12d74c-17da-47a7-a4fe-e69dbaec0a8c<a name="CareSocialCodes-8d12d74c-17da-47a7-a4fe-e69dbaec0a8c"> </a></td><td>Individuel indsats</td><td>Indsats leveres individuelt</td></tr><tr><td>1</td><td style="white-space:nowrap">bf469e95-f9e3-45c7-bf15-ab7e8a85236f<a name="CareSocialCodes-bf469e95-f9e3-45c7-bf15-ab7e8a85236f"> </a></td><td>Kontaktklasse</td><td>Type af kontakt. Beskriver leveringsmetode.</td></tr><tr><td>2</td><td style="white-space:nowrap">  1b55a4b0-1156-4f58-b2df-b5c6014d9048<a name="CareSocialCodes-1b55a4b0-1156-4f58-b2df-b5c6014d9048"> </a></td><td>Telefonisk</td><td>Kontakten er foregået per telefon.</td></tr><tr><td>2</td><td style="white-space:nowrap">  124be95d-6924-4609-9d2a-e7c73ae3ab3d<a name="CareSocialCodes-124be95d-6924-4609-9d2a-e7c73ae3ab3d"> </a></td><td>Skærmbesøg</td><td>Kontakten er foregået via skærm med mulighed for tændt kamera, så parterne har haft mulighed for at interagere ansigt til ansigt, og fremvise ting.</td></tr><tr><td>1</td><td style="white-space:nowrap">11266a8f-5795-42ab-88ec-4fe5c6c28e80<a name="CareSocialCodes-11266a8f-5795-42ab-88ec-4fe5c6c28e80"> </a></td><td>Målfokus</td><td>Målfokus</td></tr><tr><td>2</td><td style="white-space:nowrap">  66959f77-6e2a-4574-8423-3ff097f8b9fa<a name="CareSocialCodes-66959f77-6e2a-4574-8423-3ff097f8b9fa"> </a></td><td>funktionsevneniveau</td><td>målet udtrykkes i form af et funktionsevneniveau, som kan være et FFB funktionsevneniveau eller FSIII tilstandsniveau</td></tr><tr><td>2</td><td style="white-space:nowrap">  90c48f03-f194-4b2f-ad7d-6cba1069ae48<a name="CareSocialCodes-90c48f03-f194-4b2f-ad7d-6cba1069ae48"> </a></td><td>måltype</td><td>målet udtrykkes i form af en måltype, måltypen er den forventede ændring i tilstanden givet indsatsen</td></tr><tr><td>1</td><td style="white-space:nowrap">bb233864-6d4c-4ab4-a4a3-567e61b3dfb0<a name="CareSocialCodes-bb233864-6d4c-4ab4-a4a3-567e61b3dfb0"> </a></td><td>Begrundelse for manglende aktivitet</td><td>Begrundelse for manglende aktivitet</td></tr><tr><td>2</td><td style="white-space:nowrap">  f64b8f5e-8ced-4a8b-ab73-8994fb524915<a name="CareSocialCodes-f64b8f5e-8ced-4a8b-ab73-8994fb524915"> </a></td><td>Anden kommmune</td><td>Overgivet til anden kommune, på borgers anmodning</td></tr><tr><td>2</td><td style="white-space:nowrap">  a8632e22-bf0c-4f5a-92a7-70977ba104d5<a name="CareSocialCodes-a8632e22-bf0c-4f5a-92a7-70977ba104d5"> </a></td><td>Udskudt</td><td>Udskudt opstart påkrævet fordi det er specificeret sådan i den anmodning kommunen har modtaget. Fx kan udskudt opstart af træning fordi sår skal ophele være beskrives i en genoptræningsplan (GGOP).</td></tr><tr><td>2</td><td style="white-space:nowrap">  3796fa11-305f-47d6-b164-45b05489afb2<a name="CareSocialCodes-3796fa11-305f-47d6-b164-45b05489afb2"> </a></td><td>Frit valg</td><td>Borger er overgået til frit valg af service. Fx frit valg af privat genoptræning som borger har ret til, hvis kommunen ikke kan levere inden 7 dage.</td></tr><tr><td>2</td><td style="white-space:nowrap">  8ac7be88-5d16-4dbd-a61a-ab02673f4b34<a name="CareSocialCodes-8ac7be88-5d16-4dbd-a61a-ab02673f4b34"> </a></td><td>Fejl</td><td>Fejlafsendt anmodning. Fx fejlafsendt genoptræningsplan.</td></tr><tr><td>2</td><td style="white-space:nowrap">  46a6bc1f-bfe8-4390-a71f-44ad4a384b9d<a name="CareSocialCodes-46a6bc1f-bfe8-4390-a71f-44ad4a384b9d"> </a></td><td>Frit valg afslået</td><td>Borgeren er tilbudt frit valg af leverandør af service, men vil hellere vente.</td></tr><tr><td>1</td><td style="white-space:nowrap">6b29554d-0261-4ec4-bb16-022d81c7dfb7<a name="CareSocialCodes-6b29554d-0261-4ec4-bb16-022d81c7dfb7"> </a></td><td>Type genoptræningsplan</td><td>Type genoptræningsplan</td></tr><tr><td>2</td><td style="white-space:nowrap">  ffd81f78-352e-4589-a195-5350dd1df2a4<a name="CareSocialCodes-ffd81f78-352e-4589-a195-5350dd1df2a4"> </a></td><td>Almen</td><td>Midlertidig kopi af MedComs kode for genoptræning på alment niveau, som specificeret af den gode genoptræningsplan, https://svn.medcom.dk/svn/releases/Standarder/National%20Sygehus-Kommunesamarbejde/GGOP/Dokumentation/GGOP.pdf</td></tr><tr><td>2</td><td style="white-space:nowrap">  0c8e2bfc-1350-45d1-90da-c07e2645d073<a name="CareSocialCodes-0c8e2bfc-1350-45d1-90da-c07e2645d073"> </a></td><td>Specialiseret</td><td>Midlertidig kopi af MedComs kode for genoptræning på specialieret niveau, som specificeret af den gode genoptræningsplan, https://svn.medcom.dk/svn/releases/Standarder/National%20Sygehus-Kommunesamarbejde/GGOP/Dokumentation/GGOP.pdf</td></tr><tr><td>2</td><td style="white-space:nowrap">  83c89857-8fb8-4163-97b1-eb1a56345c29<a name="CareSocialCodes-83c89857-8fb8-4163-97b1-eb1a56345c29"> </a></td><td>Rehabilitering</td><td>Midlertidig kopi af MedComs kode for rehabilitering på specialiseret niveau, som specificeret af den gode genoptræningsplan, https://svn.medcom.dk/svn/releases/Standarder/National%20Sygehus-Kommunesamarbejde/GGOP/Dokumentation/GGOP.pdf</td></tr><tr><td>2</td><td style="white-space:nowrap">  8b962281-2ab6-4b10-9c91-4bac592d6d49<a name="CareSocialCodes-8b962281-2ab6-4b10-9c91-4bac592d6d49"> </a></td><td>Basal</td><td>Almen genoptræning på basalt niveau</td></tr><tr><td>2</td><td style="white-space:nowrap">  b679c454-2da2-46dd-9425-0e52d4aa2bf3<a name="CareSocialCodes-b679c454-2da2-46dd-9425-0e52d4aa2bf3"> </a></td><td>Avanceret</td><td>Almen genoptræning på avanceret niveau</td></tr></table></div>
  </text>
  <url value="http://fhir.kl.dk/term/CodeSystem/CareSocialCodes"/>
  <version value="2.1.0"/>
  <name value="CareSocialCodes"/>
  <title value="CareSocialCodes"/>
  <status value="active"/>
  <experimental value="false"/>
  <date value="2024-06-13T16:58:41+02:00"/>
  <publisher value="Kommunernes Landsforening"/>
  <contact>
    <name value="Kommunernes Landsforening"/>
    <telecom>
      <system value="url"/>
      <value value="http://kl.dk"/>
    </telecom>
  </contact>
  <description value="Administrative/technical codes in Local Govenment Denmark (KL), associated with common use cases across areas or kl-core"/>
  <caseSensitive value="true"/>
  <hierarchyMeaning value="is-a"/>
  <content value="complete"/>
  <concept>
    <code value="95ec4535-8fe8-4296-867c-35de421794cf"/>
    <display value="evaluering"/>
    <definition value="evaluering"/>
    <concept>
      <code value="effe55c7-572c-4a99-8fb4-2a9dda2f6572"/>
      <display value="FFB støttebehovsvurdering"/>
      <definition value="Angiver, hvor stort et behov borgeren har for hjælp og støtte."/>
    </concept>
    <concept>
      <code value="053a301d-1bb8-4cc4-b781-87825ecf0ef8"/>
      <display value="FFB vurdering af borgers situation"/>
      <definition value="Vurdering der sammenholder oplysninger fra udredning mhp en samlet faglig analyse og konklusion."/>
    </concept>
    <concept>
      <code value="3f7a8ca0-afca-4b0d-8773-a99b5f2f8aaf"/>
      <display value="VUM Borgerens perspektiv på indsatsen"/>
      <definition value="VUM Borgerens perspektiv på indsatsen"/>
    </concept>
    <concept>
      <code value="f52887de-023f-4193-b6b0-4b0a37b1cffc"/>
      <display value="VUM Borgerens ressourcer i forhold til indsatsen"/>
      <definition value="VUM Borgerens ressourcer i forhold til indsatsen"/>
    </concept>
    <concept>
      <code value="54c4ffea-7caf-4edc-8aa9-ef6e0be26c4c"/>
      <display value="FSIII helhedsvurdering"/>
      <definition value="Sagsvurdering, der sammenholder resultaterne af en myndighedsudredning og den øvrige sagsoplysning med henblik på at træffe en afgørelse"/>
    </concept>
  </concept>
  <concept>
    <code value="7b41185e-eeb4-437d-8120-5d51bbd27a79"/>
    <display value="Indsats/ydelses-anmodning"/>
    <definition value="Indsats/ydelses-anmodning"/>
    <concept>
      <code value="4a297733-4d66-4726-a933-590d55cf91e0"/>
      <display value="Social indsats"/>
      <definition value="Der anmodes om en social indsats"/>
    </concept>
    <concept>
      <code value="ad865929-7363-4b2d-a271-01993181fbaf"/>
      <display value="Kommunal pleje og omsorg"/>
      <definition value="Der anmodes om kommunal pleje og omsorg fx hjemmepleje til ældre borger."/>
    </concept>
    <concept>
      <code value="490ab7be-ddb1-4a54-baf1-009fe6e8a83b"/>
      <display value="Kommunal sygepleje"/>
      <definition value="Der anmodes om kommunal sygepleje."/>
    </concept>
    <concept>
      <code value="a71921ea-fe83-441d-933b-cc21d0b3c8c3"/>
      <display value="Kommunal Sundhedsfremme og forebyggelse"/>
      <definition value="Der anmodes om kommunal sundhedsfremme og forebyggelse efter SUL §119."/>
    </concept>
    <concept>
      <code value="7fc66c15-0cb3-4c89-9e18-f3a01e6a6592"/>
      <display value="Kommunal genoptræning efter sygehusophold"/>
      <definition value="Der anmodes om kommunal genoptræning efter sygehusophold efter SUL §140."/>
    </concept>
    <concept>
      <code value="d267ac44-8d7f-43e9-8535-ab3da350649f"/>
      <display value="Kommunalt hjælpemiddelområde"/>
      <definition value="Der anmodes om hjælpemidler og lignende, der ligger indenfor det kommunale hjælpemiddelområde dvs § 112, § 113, § 114, § 116 i Serviceloven."/>
    </concept>
  </concept>
  <concept>
    <code value="b5731132-f6b9-4a47-995d-681d2b755d4f"/>
    <display value="Kilde"/>
    <definition value="Person der er kilde til oplysning eller vurdering"/>
    <concept>
      <code value="25b4e705-2e9a-47a2-b11a-c829316b9d3a"/>
      <display value="Borger"/>
      <definition value="Borger er kilde til oplysning eller vurdering"/>
    </concept>
    <concept>
      <code value="f6ea2920-7dde-491e-a489-6b99a3904069"/>
      <display value="Sagsbehandler"/>
      <definition value="Sagsbehandler er kilde til oplysning eller vurdering"/>
    </concept>
    <concept>
      <code value="329774f9-7700-47cf-9c00-63765d9e8078"/>
      <display value="Medarbejder og pårørende alene"/>
      <definition value="En medarbejder og pårørende er sammen, men uden input fra borger, kilde til oplysning eller vurdering. Fx PUF spørgeskema i sundhedsplejen."/>
    </concept>
    <concept>
      <code value="8fe80acb-2c2a-4f10-b2b8-ddb77d2f69dc"/>
      <display value="Medarbejder alene"/>
      <definition value="Medarbejderen er alene kilde til oplysning eller vurdering. Fx AIMS skema i sundhedsplejen."/>
    </concept>
    <concept>
      <code value="12428e48-7df8-441f-9a89-d92bb7874066"/>
      <display value="Borger støttet af medarbejder"/>
      <definition value="Borger fik hjælp af en medarbejder til at komme med oplysninger eller vurderinger. Fx ældre borger der får hjælp til at udfylde WHO5 spørgeskema."/>
    </concept>
    <concept>
      <code value="b66dc78a-a673-43fc-8ac0-1e859ba626e0"/>
      <display value="Borger støttet af pårørende"/>
      <definition value="Borger fik hjælp af en pårørende til at komme med oplysninger eller vurderinger. Fx ældre borger der får hjælp til at udfylde WHO5 spørgeskema."/>
    </concept>
    <concept>
      <code value="166d2437-4e47-4a52-bd94-cdbe91086ca6"/>
      <display value="Pårørende alene"/>
      <definition value="Pårørende er alene, uden input fra borger, kilde til oplysninger eller vuderderinger. Fx WHO 5 spørgeskema for svækket ældre borger udfyldt af datter."/>
    </concept>
    <concept>
      <code value="63338442-7b2e-405b-acc0-142361ef19f1"/>
      <display value="Andre"/>
      <definition value="Andre end borger og sagsbehandler er kilde til oplysning eller vurdering. Fx læge, pårørende og udfører. Denne definition af andre, bruges kun på voksensocialområdet."/>
      <concept>
        <code value="f00a6844-1005-401d-965d-1c5859df7beb"/>
        <display value="Udfører"/>
        <definition value="Udfører er kilde til oplysning eller vurdering"/>
      </concept>
    </concept>
  </concept>
  <concept>
    <code value="25303acd-dcaf-4a8e-a8a3-3961a43858aa"/>
    <display value="kontaktaktivitet"/>
    <definition value="aktivitet der foretages ved kommunal kontakt."/>
    <concept>
      <code value="bb6fc544-7f4f-4b50-8868-1431e0df2381"/>
      <display value="observation"/>
      <definition value="observation foretaget ved kontakt"/>
    </concept>
    <concept>
      <code value="9f03dfbb-7a97-45a5-94db-d4c3501714a9"/>
      <display value="opfølgning"/>
      <definition value="opfølgning foretaget ved kontakt"/>
    </concept>
    <concept>
      <code value="829ac647-c7fc-4964-836b-f708d886e0e3"/>
      <display value="oplysning"/>
      <definition value="oplysning er foretaget ved kontakt"/>
    </concept>
    <concept>
      <code value="15775b0a-7ec6-469e-9d3c-a81fbc9a1b45"/>
      <display value="udførelse af akutindsats"/>
      <definition value="Akutindsats, bevilget af læge eller akutteam, udført ved kontakt"/>
    </concept>
    <concept>
      <code value="c03b426a-4348-407f-b343-f4baa9759c72"/>
      <display value="udførelse af ikke-bevilget indsats"/>
      <definition value="Indsats, der ikke i forvejen var bevilget, udført ved kontakt"/>
    </concept>
    <concept>
      <code value="784275f1-6822-4a88-b361-d958007d5253"/>
      <display value="udførelse af planlagt indsats"/>
      <definition value="Planlagt indsats udført ved kontakt"/>
    </concept>
    <concept>
      <code value="9269c9a2-8220-447b-a127-811275b41062"/>
      <display value="vurdering/bevilling"/>
      <definition value="vurdering og/eller bevilling er foretaget ved kontakt"/>
    </concept>
  </concept>
  <concept>
    <code value="3762dd32-4123-43a8-815d-ec40d3697652"/>
    <display value="indforståelse ifm henvendelse"/>
    <definition value="indforståelse ifm henvendelse"/>
    <concept>
      <code value="54aeeba6-6aa2-4165-a5a8-bbd6f2f3b1eb"/>
      <display value="ikke indforstået"/>
      <definition value="Borger ikke indforstået med henvendelse"/>
    </concept>
    <concept>
      <code value="e67035da-9179-466b-99ad-ea86835d38c9"/>
      <display value="indforstået"/>
      <definition value="Borger indforstået med henvendelse"/>
    </concept>
  </concept>
  <concept>
    <code value="253bbdc0-c4ca-4e77-9d3e-3a9e51281636"/>
    <display value="Mål/formål"/>
    <definition value="Mål/formål"/>
    <concept>
      <code value="416fe27d-3ccf-4390-8742-8b52a9d8dc78"/>
      <display value="FFB borgers mål og ønsker"/>
      <definition value="Borgers mål og ønsker som specificeret af FFB. Det er overordnet og er som udtrykt af borger"/>
    </concept>
    <concept>
      <code value="6746d4af-145a-4bfd-a672-05c0cf11b53b"/>
      <display value="FFB delmål"/>
      <definition value="Delmål i FFB, ligger under indsatsmål, og er som udtrykt af udfører"/>
    </concept>
    <concept>
      <code value="0bb3daef-538d-45dc-b444-abdbcb63f6bc"/>
      <display value="FFB indsatsmål"/>
      <definition value="Indsatsmål i FFB - er de konkrete faglige mål der arbejdes med, og som er knyttet til tilstande og opfølgninger"/>
    </concept>
    <concept>
      <code value="ca552020-6ed1-4cdc-b0d4-32697f1f27ad"/>
      <display value="FSIII tilstandsmål"/>
      <definition value="Tilstandsmål som defineret af FSIII - ofte i form af en forventet tilstand"/>
    </concept>
    <concept>
      <code value="424827b1-23aa-4848-962b-56ee47def560"/>
      <display value="Indsatsformål"/>
      <definition value="Det overordnede formål med hele indsatsen (Defineret af FFB men bruges også for FSIII)"/>
    </concept>
    <concept>
      <code value="ffb9886b-d04e-46b1-9165-a400f91f822b"/>
      <display value="Borgers ønsker og mål"/>
      <definition value="Borgers ønsker og mål"/>
    </concept>
  </concept>
  <concept>
    <code value="940f37e6-8a3d-483b-adac-be8af3268a5b"/>
    <display value="oplysningsaktivitet"/>
    <definition value="oplysningsaktivitet"/>
    <concept>
      <code value="95e787e0-5490-437d-ae4c-f3736644242f"/>
      <display value="afklarende samtale §119, FSIII"/>
      <definition value="udførelse af afklarende samtale vedr. sundhedsfremme og forebyggelse jævnfør FSIII"/>
    </concept>
    <concept>
      <code value="e5a73b0e-a5d2-430e-931f-6156306ab00f"/>
      <display value="funktionsevnevurdering hjemmepleje, FSIII"/>
      <definition value="udførelse af funktionsevnevurdering i hjemmeplejen jævnfør FSIII"/>
    </concept>
    <concept>
      <code value="f8ebd11a-04f3-4aa0-9786-406e8896c84d"/>
      <display value="socialfaglig udredning, VUM/FFB"/>
      <definition value="udførelse af socialfaglig udredning som specificeret af VUM og FFB"/>
    </concept>
    <concept>
      <code value="47fd1468-89da-4803-9d7a-ecc039a30d92"/>
      <display value="sygeplejefaglig udredning, FSIII"/>
      <definition value="udførelse af sygeplejefaglig udredning jævnfør FSIII"/>
    </concept>
    <concept>
      <code value="0f0f223c-abe3-4720-aab8-c257679a0a4e"/>
      <display value="terapeutfaglig udredning, FSIII"/>
      <definition value="udførelse af terapeutfaglig udredning jævnfør FSIII"/>
    </concept>
    <concept>
      <code value="e70c66c0-a939-493b-8ea8-5b7e7b48ba1a"/>
      <display value="generelle oplysninger, FSIII"/>
      <definition value="indhentning af generelle oplysninger jævnfør FSIII"/>
    </concept>
  </concept>
  <concept>
    <code value="10deb210-e7e1-4d56-9531-b9ff2102126e"/>
    <display value="Planlagt indsatsforløb"/>
    <definition value="Planlagt indsatsforløb"/>
    <concept>
      <code value="e459386d-1474-4c31-89c5-c8bc7a25e3d4"/>
      <display value="Social indsats"/>
      <definition value="Det planlagte indsatsforløb er en social indsats, som defineret af FFB, med tilhørende ydelser, målgruppe og tilbud"/>
    </concept>
    <concept>
      <code value="4fd6c23a-6ff3-4251-ac37-3ca095027b5b"/>
      <display value="Kommunal Sundhedsfremme og forebyggelse"/>
      <definition value="Det planlagte indsatsforløb vedrører sundhedsfremme og forebyggelse efter §119."/>
      <concept>
        <code value="5c160c02-e858-4c1f-925a-71ed64844749"/>
        <display value="Interventionsforløb efter §119"/>
        <definition value="Et planlagt §119 indsatsforløb, som udelukkende indeholder interventioner, og som leveres samlet. Med interventioner menes indsatser, der søger at forbedre borgers tilstand. For §119 kunne et interventionsforløb fx være et KOL-træningshold der indeholder indsatserne fysisk træning og funktionstræning."/>
      </concept>
      <concept>
        <code value="9791e55a-656f-47eb-8fd5-c4a06b0a4662"/>
        <display value="Opfølgningsforløb efter §119"/>
        <definition value="Planlagt indsatsforløb der består af opfølgningsindsatser. Anvendes hvis der i forvejen planlægges opfølgning ved flere forskellige lejligheder fx efter 2,4 og 6 måneder."/>
      </concept>
    </concept>
    <concept>
      <code value="ddd2f670-5ec7-4f9c-9a2c-aee25cb133bf"/>
      <display value="Kommunal genoptræning efter sygehusophold"/>
      <definition value="Det planlagte indsatsforløb er genoptræning efter sundhedslovens §140."/>
      <concept>
        <code value="f15b2663-94d9-4d0c-a5de-d8bd8e1e4ebb"/>
        <display value="Interventionsforløb efter §140"/>
        <definition value="Et planlagt §140 indsatsforløb, som udelukkende indeholder interventioner, og som leveres samlet. Med interventioner menes indsatser, der søger at forbedre borgers tilstand. For §140 kunne et interventionsforløb fx være et Knæ-genoptræningshold der indeholder indsatserne fysisk træning, funktionstræning og vejledning og undervisning."/>
      </concept>
      <concept>
        <code value="4863001e-14c7-4be8-a2da-e4f21a4b6ac4"/>
        <display value="Opfølgningsforløb efter §140"/>
        <definition value="Planlagt indsatsforløb efter §140 der består af opfølgningsindsatser. Anvendes hvis der i forvejen planlægges opfølgning ved flere forskellige lejligheder fx efter 2,4 og 6 måneder."/>
      </concept>
    </concept>
  </concept>
  <concept>
    <code value="2c059407-fed5-4852-92d8-6bb5ad63d7bb"/>
    <display value="Begrundelse for indsatsophør"/>
    <definition value="Begrundelse for, at kommunale indsatser ophører"/>
    <concept>
      <code value="82e99421-31da-4915-96ed-168ccfa1d20c"/>
      <display value="Hændelse medfører ophør"/>
      <definition value="Hændelse, som ikke er et aktivt fravalg eller en behovsvurdering medfører ophør. Det kan fx være en længere hospitalsindlæggelse, eller at borger flytter."/>
    </concept>
    <concept>
      <code value="4bbf6d6a-a1c6-41c2-b8c1-7352b7378adf"/>
      <display value="Ikke yderligere behov (borger-vurderet)"/>
      <definition value="Borger vurderer, at han/hun ikke har yderligere behov og afslutter derfor før tid"/>
    </concept>
    <concept>
      <code value="a63b6aa6-7d56-4e67-a5b3-d73f6d262af5"/>
      <display value="Ikke yderligere behov (fagperson-vurderet)"/>
      <definition value="Fagperson vurderer, at borger ikke har yderligere behov og afslutter derfor før tid"/>
    </concept>
    <concept>
      <code value="ef491570-7884-4acd-bcf7-43d6b2c64762"/>
      <display value="Borger har ikke henvendt sig eller er udeblevet"/>
      <definition value="Borger har ikke henvendt sig eller er udeblevet"/>
    </concept>
    <concept>
      <code value="3a5a72b7-addf-4857-b80c-04e4246e3072"/>
      <display value="Aktivt fravalg"/>
      <definition value="Borger har behov, men har foretaget et aktivt fravalg"/>
      <concept>
        <code value="0cd5734d-b663-47c6-a3da-6b14a937d144"/>
        <display value="Aktivt fravalg pga. anden sygdom"/>
        <definition value="Borger har behov, men har foretaget et aktivt fravalg pga. anden sygdom"/>
      </concept>
      <concept>
        <code value="8371b769-4bfb-4ac8-b130-d91c54784a56"/>
        <display value="Aktivt fravalg pga. logistik ifm. transport"/>
        <definition value="Borger har behov, men har foretaget et aktivt fravalg pga. den logistiske udfordring det er mht. transport, at nå frem til det sted indsatsen tilbydes"/>
      </concept>
      <concept>
        <code value="a3f2bd01-078b-486e-81be-797d192ad7bd"/>
        <display value="Aktivt fravalg pga. anden træning"/>
        <definition value="Borger har behov, men har foretaget et aktivt fravalg fordi han/hun er påbegyndt træning i andet regi fx fitnesscenter"/>
      </concept>
      <concept>
        <code value="f8436c2e-af1c-44fe-939d-473b518dd01d"/>
        <display value="Aktivt fravalg pga. økonomi ifm. transport"/>
        <definition value="Borger har behov, men har foretaget et aktivt fravalg pga. den omkostning der er forbundet med transport til det sted indsatsen tilbydes"/>
      </concept>
    </concept>
  </concept>
  <concept>
    <code value="3f79cee2-b148-4f2c-9cbd-387820e74685"/>
    <display value="Leveringstype"/>
    <definition value="Om der leveres individuelt eller gruppebaseret"/>
    <concept>
      <code value="2865f123-15a7-4a36-a514-32ea37c400ca"/>
      <display value="Gruppebaseret indsats"/>
      <definition value="Indsats leveres i gruppe"/>
    </concept>
    <concept>
      <code value="8d12d74c-17da-47a7-a4fe-e69dbaec0a8c"/>
      <display value="Individuel indsats"/>
      <definition value="Indsats leveres individuelt"/>
    </concept>
  </concept>
  <concept>
    <code value="bf469e95-f9e3-45c7-bf15-ab7e8a85236f"/>
    <display value="Kontaktklasse"/>
    <definition value="Type af kontakt. Beskriver leveringsmetode."/>
    <concept>
      <code value="1b55a4b0-1156-4f58-b2df-b5c6014d9048"/>
      <display value="Telefonisk"/>
      <definition value="Kontakten er foregået per telefon."/>
    </concept>
    <concept>
      <code value="124be95d-6924-4609-9d2a-e7c73ae3ab3d"/>
      <display value="Skærmbesøg"/>
      <definition value="Kontakten er foregået via skærm med mulighed for tændt kamera, så parterne har haft mulighed for at interagere ansigt til ansigt, og fremvise ting."/>
    </concept>
  </concept>
  <concept>
    <code value="11266a8f-5795-42ab-88ec-4fe5c6c28e80"/>
    <display value="Målfokus"/>
    <definition value="Målfokus"/>
    <concept>
      <code value="66959f77-6e2a-4574-8423-3ff097f8b9fa"/>
      <display value="funktionsevneniveau"/>
      <definition value="målet udtrykkes i form af et funktionsevneniveau, som kan være et FFB funktionsevneniveau eller FSIII tilstandsniveau"/>
    </concept>
    <concept>
      <code value="90c48f03-f194-4b2f-ad7d-6cba1069ae48"/>
      <display value="måltype"/>
      <definition value="målet udtrykkes i form af en måltype, måltypen er den forventede ændring i tilstanden givet indsatsen"/>
    </concept>
  </concept>
  <concept>
    <code value="bb233864-6d4c-4ab4-a4a3-567e61b3dfb0"/>
    <display value="Begrundelse for manglende aktivitet"/>
    <definition value="Begrundelse for manglende aktivitet"/>
    <concept>
      <code value="f64b8f5e-8ced-4a8b-ab73-8994fb524915"/>
      <display value="Anden kommmune"/>
      <definition value="Overgivet til anden kommune, på borgers anmodning"/>
    </concept>
    <concept>
      <code value="a8632e22-bf0c-4f5a-92a7-70977ba104d5"/>
      <display value="Udskudt"/>
      <definition value="Udskudt opstart påkrævet fordi det er specificeret sådan i den anmodning kommunen har modtaget. Fx kan udskudt opstart af træning fordi sår skal ophele være beskrives i en genoptræningsplan (GGOP)."/>
    </concept>
    <concept>
      <code value="3796fa11-305f-47d6-b164-45b05489afb2"/>
      <display value="Frit valg"/>
      <definition value="Borger er overgået til frit valg af service. Fx frit valg af privat genoptræning som borger har ret til, hvis kommunen ikke kan levere inden 7 dage."/>
    </concept>
    <concept>
      <code value="8ac7be88-5d16-4dbd-a61a-ab02673f4b34"/>
      <display value="Fejl"/>
      <definition value="Fejlafsendt anmodning. Fx fejlafsendt genoptræningsplan."/>
    </concept>
    <concept>
      <code value="46a6bc1f-bfe8-4390-a71f-44ad4a384b9d"/>
      <display value="Frit valg afslået"/>
      <definition value="Borgeren er tilbudt frit valg af leverandør af service, men vil hellere vente."/>
    </concept>
  </concept>
  <concept>
    <code value="6b29554d-0261-4ec4-bb16-022d81c7dfb7"/>
    <display value="Type genoptræningsplan"/>
    <definition value="Type genoptræningsplan"/>
    <concept>
      <code value="ffd81f78-352e-4589-a195-5350dd1df2a4"/>
      <display value="Almen"/>
      <definition value="Midlertidig kopi af MedComs kode for genoptræning på alment niveau, som specificeret af den gode genoptræningsplan, https://svn.medcom.dk/svn/releases/Standarder/National%20Sygehus-Kommunesamarbejde/GGOP/Dokumentation/GGOP.pdf"/>
    </concept>
    <concept>
      <code value="0c8e2bfc-1350-45d1-90da-c07e2645d073"/>
      <display value="Specialiseret"/>
      <definition value="Midlertidig kopi af MedComs kode for genoptræning på specialieret niveau, som specificeret af den gode genoptræningsplan, https://svn.medcom.dk/svn/releases/Standarder/National%20Sygehus-Kommunesamarbejde/GGOP/Dokumentation/GGOP.pdf"/>
    </concept>
    <concept>
      <code value="83c89857-8fb8-4163-97b1-eb1a56345c29"/>
      <display value="Rehabilitering"/>
      <definition value="Midlertidig kopi af MedComs kode for rehabilitering på specialiseret niveau, som specificeret af den gode genoptræningsplan, https://svn.medcom.dk/svn/releases/Standarder/National%20Sygehus-Kommunesamarbejde/GGOP/Dokumentation/GGOP.pdf"/>
    </concept>
    <concept>
      <code value="8b962281-2ab6-4b10-9c91-4bac592d6d49"/>
      <display value="Basal"/>
      <definition value="Almen genoptræning på basalt niveau"/>
    </concept>
    <concept>
      <code value="b679c454-2da2-46dd-9425-0e52d4aa2bf3"/>
      <display value="Avanceret"/>
      <definition value="Almen genoptræning på avanceret niveau"/>
    </concept>
  </concept>
</CodeSystem>