<?xml version="1.0" encoding="UTF-8"?>

<ValueSet xmlns="http://hl7.org/fhir">
  <id value="KLMatterOfInterestInformerFFB"/>
  <text>
    <status value="generated"/><div xmlns="http://www.w3.org/1999/xhtml"><ul><li>Include codes from <a href="CodeSystem-CareSocialCodes.html"><code>http://fhir.kl.dk/term/CodeSystem/CareSocialCodes</code></a> where concept  descends from  <a href="CodeSystem-CareSocialCodes.html#CareSocialCodes-b5731132-f6b9-4a47-995d-681d2b755d4f">b5731132-f6b9-4a47-995d-681d2b755d4f</a></li></ul></div>
  </text>
  <url value="http://fhir.kl.dk/term/ValueSet/KLMatterOfInterestInformerFFB"/>
  <version value="1.0.0"/>
  <name value="KLMatterOfInterestInformerFFB"/>
  <title value="KLKildeTilOplysningFFB"/>
  <status value="active"/>
  <experimental value="false"/>
  <date value="2023-04-25T15:43:23+02:00"/>
  <publisher value="Kommunernes Landsforening"/>
  <contact>
    <name value="Kommunernes Landsforening"/>
    <telecom>
      <system value="url"/>
      <value value="http://kl.dk"/>
    </telecom>
  </contact>
  <description value="Codes that identify who's perspective the matter-of-interest is comming from"/>
  <compose>
    <include>
      <system value="http://fhir.kl.dk/term/CodeSystem/CareSocialCodes"/>
      <filter>
        <property value="concept"/>
        <op value="descendent-of"/>
        <value value="b5731132-f6b9-4a47-995d-681d2b755d4f"/>
      </filter>
    </include>
  </compose>
</ValueSet>