<?xml version="1.0" encoding="UTF-8"?>

<ValueSet xmlns="http://hl7.org/fhir">
  <id value="KLNeedsAssessmentCodesFFB"/>
  <text>
    <status value="generated"/><div xmlns="http://www.w3.org/1999/xhtml"><ul><li>Include codes from<a href="CodeSystem-FFB.html"><code>urn:oid:1.2.208.176.2.22</code></a> where concept  descends from <a href="CodeSystem-FFB.html#FFB-7ac451dc-773b-4877-baaf-1e6b1d5c8e28">7ac451dc-773b-4877-baaf-1e6b1d5c8e28</a></li></ul></div>
  </text>
  <url value="http://fhir.kl.dk/term/ValueSet/KLNeedsAssessmentCodesFFB"/>
  <version value="2.1.0"/>
  <name value="KLNeedsAssessmentCodesFFB"/>
  <title value="KLStøttebehovsvurderingskoderFFB"/>
  <status value="active"/>
  <experimental value="false"/>
  <date value="2024-06-13T16:58:41+02:00"/>
  <publisher value="Kommunernes Landsforening"/>
  <contact>
    <name value="Kommunernes Landsforening"/>
    <telecom>
      <system value="url"/>
      <value value="http://kl.dk"/>
    </telecom>
  </contact>
  <description value="Needs assesment codes as defined in FFB"/>
  <compose>
    <include>
      <system value="urn:oid:1.2.208.176.2.22"/>
      <filter>
        <property value="concept"/>
        <op value="descendent-of"/>
        <value value="7ac451dc-773b-4877-baaf-1e6b1d5c8e28"/>
      </filter>
    </include>
  </compose>
</ValueSet>