<?xml version="1.0" encoding="UTF-8"?>

<ValueSet xmlns="http://hl7.org/fhir">
  <id value="KLHomeCareAreasFSIII"/>
  <text>
    <status value="extensions"/><div xmlns="http://www.w3.org/1999/xhtml"><ul><li>Include these codes as defined in <a href="CodeSystem-FSIII.html"><code>urn:oid:1.2.208.176.2.21</code></a><table class="none"><tr><td style="white-space:nowrap"><b>Code</b></td><td><b>Display</b></td><td><b>Definition</b></td></tr><tr><td><a href="CodeSystem-FSIII.html#FSIII-43c2b7f0-5e55-4627-8fcf-bdaf5a9d84ac">43c2b7f0-5e55-4627-8fcf-bdaf5a9d84ac</a></td><td style="color: #cccccc">Egenomsorg</td><td>Egenomsorg</td></tr><tr><td><a href="CodeSystem-FSIII.html#FSIII-86b53158-6d05-412e-ad55-2e1fa26359b3">86b53158-6d05-412e-ad55-2e1fa26359b3</a></td><td style="color: #cccccc">Samfundsliv</td><td>Samfundsliv</td></tr><tr><td><a href="CodeSystem-FSIII.html#FSIII-1c850a09-aa49-4fae-9354-f932f13e030b">1c850a09-aa49-4fae-9354-f932f13e030b</a></td><td style="color: #cccccc">Praktiske opgaver</td><td>Praktiske opgaver</td></tr><tr><td><a href="CodeSystem-FSIII.html#FSIII-462f9352-0129-4d8e-8c75-a6dfed78ddcf">462f9352-0129-4d8e-8c75-a6dfed78ddcf</a></td><td style="color: #cccccc">Mobilitet</td><td>Mobilitet</td></tr><tr><td><a href="CodeSystem-FSIII.html#FSIII-4571f168-a92a-4caf-8dc8-35f45c2a1cb4">4571f168-a92a-4caf-8dc8-35f45c2a1cb4</a></td><td style="color: #cccccc">Mentale funktioner</td><td>Mentale funktioner</td></tr><tr><td><a href="CodeSystem-FSIII.html#FSIII-J1">J1</a></td><td style="color: #cccccc">Egenomsorg</td><td>Egenomsorg</td></tr><tr><td><a href="CodeSystem-FSIII.html#FSIII-J5">J5</a></td><td style="color: #cccccc">Samfundsliv</td><td>Samfundsliv</td></tr><tr><td><a href="CodeSystem-FSIII.html#FSIII-J2">J2</a></td><td style="color: #cccccc">Praktiske opgaver</td><td>Praktiske opgaver</td></tr><tr><td><a href="CodeSystem-FSIII.html#FSIII-J3">J3</a></td><td style="color: #cccccc">Mobilitet</td><td>Mobilitet</td></tr><tr><td><a href="CodeSystem-FSIII.html#FSIII-J4">J4</a></td><td style="color: #cccccc">Mentale funktioner</td><td>Mentale funktioner</td></tr></table></li></ul></div>
  </text>
  <url value="http://fhir.kl.dk/term/ValueSet/KLHomeCareAreasFSIII"/>
  <version value="2.0.0"/>
  <name value="KLHomeCareAreasFSIII"/>
  <title value="KLHjemmeplejeOmråderFSIII"/>
  <status value="active"/>
  <experimental value="false"/>
  <date value="2024-06-03T10:45:43+02:00"/>
  <publisher value="Kommunernes Landsforening"/>
  <contact>
    <name value="Kommunernes Landsforening"/>
    <telecom>
      <system value="url"/>
      <value value="http://kl.dk"/>
    </telecom>
  </contact>
  <description value="Observation codes for the five home care areas as defined by FSIII"/>
  <compose>
    <include>
      <system value="urn:oid:1.2.208.176.2.21"/>
      <concept>
        <code value="43c2b7f0-5e55-4627-8fcf-bdaf5a9d84ac"/>
      </concept>
      <concept>
        <code value="86b53158-6d05-412e-ad55-2e1fa26359b3"/>
      </concept>
      <concept>
        <code value="1c850a09-aa49-4fae-9354-f932f13e030b"/>
      </concept>
      <concept>
        <code value="462f9352-0129-4d8e-8c75-a6dfed78ddcf"/>
      </concept>
      <concept>
        <code value="4571f168-a92a-4caf-8dc8-35f45c2a1cb4"/>
      </concept>
      <concept>
        <code value="J1"/>
      </concept>
      <concept>
        <code value="J5"/>
      </concept>
      <concept>
        <code value="J2"/>
      </concept>
      <concept>
        <code value="J3"/>
      </concept>
      <concept>
        <code value="J4"/>
      </concept>
    </include>
  </compose>
</ValueSet>