<?xml version="1.0" encoding="UTF-8"?>

<ImplementationGuide xmlns="http://hl7.org/fhir">
  <id value="kl.dk.fhir.prevention"/>
  <text>
    <status value="extensions"/><div xmlns="http://www.w3.org/1999/xhtml"><h2>KLGatewayPrevention</h2><p>The official URL for this implementation guide is: </p><pre>http://fhir.kl.dk/prevention/ImplementationGuide/kl.dk.fhir.prevention</pre><div><p>Danish municipalities implementation guide for reporting §119 disease prevention and health promotion</p>
</div></div>
  </text>
  <url value="http://fhir.kl.dk/prevention/ImplementationGuide/kl.dk.fhir.prevention"/>
  <version value="2.1.0"/>
  <name value="KLGatewayPrevention"/>
  <status value="active"/>
  <date value="2024-06-19T12:57:23+02:00"/>
  <publisher value="Kommunernes Landsforening"/>
  <contact>
    <name value="Kommunernes Landsforening"/>
    <telecom>
      <system value="url"/>
      <value value="http://kl.dk"/>
    </telecom>
  </contact>
  <description value="Danish municipalities implementation guide for reporting §119 disease prevention and health promotion"/>
  <packageId value="kl.dk.fhir.prevention"/>
  <license value="CC0-1.0"/>
  <fhirVersion value="4.0.1"/>
  <dependsOn id="hl7tx">
    <extension url="http://hl7.org/fhir/tools/StructureDefinition/implementationguide-dependency-comment">
      <valueMarkdown value="Automatically added as a dependency - all IGs depend on HL7 Terminology"/>
    </extension>
    <uri value="http://terminology.hl7.org/ImplementationGuide/hl7.terminology"/>
    <packageId value="hl7.terminology.r4"/>
    <version value="5.5.0"/>
  </dependsOn>
  <dependsOn id="hl7ext">
    <extension url="http://hl7.org/fhir/tools/StructureDefinition/implementationguide-dependency-comment">
      <valueMarkdown value="Automatically added as a dependency - all IGs depend on the HL7 Extension Pack"/>
    </extension>
    <uri value="http://hl7.org/fhir/extensions/ImplementationGuide/hl7.fhir.uv.extensions"/>
    <packageId value="hl7.fhir.uv.extensions.r4"/>
    <version value="5.1.0"/>
  </dependsOn>
  <dependsOn id="hl7_fhir_dk_core">
    <uri value="http://hl7.dk/fhir/core/ImplementationGuide/hl7.fhir.dk.core"/>
    <packageId value="hl7.fhir.dk.core"/>
    <version value="3.2.0"/>
  </dependsOn>
  <dependsOn id="kl_dk_fhir_term">
    <uri value="http://fhir.kl.dk/term/ImplementationGuide/kl.dk.fhir.term"/>
    <packageId value="kl.dk.fhir.term"/>
    <version value="2.1.0"/>
  </dependsOn>
  <definition>
    <extension url="http://hl7.org/fhir/tools/StructureDefinition/ig-parameter">
      <extension url="code">
        <valueString value="copyrightyear"/>
      </extension>
      <extension url="value">
        <valueString value="2023+"/>
      </extension>
    </extension>
    <extension url="http://hl7.org/fhir/tools/StructureDefinition/ig-parameter">
      <extension url="code">
        <valueString value="releaselabel"/>
      </extension>
      <extension url="value">
        <valueString value="Release"/>
      </extension>
    </extension>
    <extension url="http://hl7.org/fhir/tools/StructureDefinition/ig-parameter">
      <extension url="code">
        <valueString value="autoload-resources"/>
      </extension>
      <extension url="value">
        <valueString value="true"/>
      </extension>
    </extension>
    <extension url="http://hl7.org/fhir/tools/StructureDefinition/ig-parameter">
      <extension url="code">
        <valueString value="path-liquid"/>
      </extension>
      <extension url="value">
        <valueString value="template/liquid"/>
      </extension>
    </extension>
    <extension url="http://hl7.org/fhir/tools/StructureDefinition/ig-parameter">
      <extension url="code">
        <valueString value="path-liquid"/>
      </extension>
      <extension url="value">
        <valueString value="input/liquid"/>
      </extension>
    </extension>
    <extension url="http://hl7.org/fhir/tools/StructureDefinition/ig-parameter">
      <extension url="code">
        <valueString value="path-qa"/>
      </extension>
      <extension url="value">
        <valueString value="temp/qa"/>
      </extension>
    </extension>
    <extension url="http://hl7.org/fhir/tools/StructureDefinition/ig-parameter">
      <extension url="code">
        <valueString value="path-temp"/>
      </extension>
      <extension url="value">
        <valueString value="temp/pages"/>
      </extension>
    </extension>
    <extension url="http://hl7.org/fhir/tools/StructureDefinition/ig-parameter">
      <extension url="code">
        <valueString value="path-output"/>
      </extension>
      <extension url="value">
        <valueString value="output"/>
      </extension>
    </extension>
    <extension url="http://hl7.org/fhir/tools/StructureDefinition/ig-parameter">
      <extension url="code">
        <valueString value="path-suppressed-warnings"/>
      </extension>
      <extension url="value">
        <valueString value="input/ignoreWarnings.txt"/>
      </extension>
    </extension>
    <extension url="http://hl7.org/fhir/tools/StructureDefinition/ig-parameter">
      <extension url="code">
        <valueString value="path-history"/>
      </extension>
      <extension url="value">
        <valueString value="http://fhir.kl.dk/prevention/history.html"/>
      </extension>
    </extension>
    <extension url="http://hl7.org/fhir/tools/StructureDefinition/ig-parameter">
      <extension url="code">
        <valueString value="template-html"/>
      </extension>
      <extension url="value">
        <valueString value="template-page.html"/>
      </extension>
    </extension>
    <extension url="http://hl7.org/fhir/tools/StructureDefinition/ig-parameter">
      <extension url="code">
        <valueString value="template-md"/>
      </extension>
      <extension url="value">
        <valueString value="template-page-md.html"/>
      </extension>
    </extension>
    <extension url="http://hl7.org/fhir/tools/StructureDefinition/ig-parameter">
      <extension url="code">
        <valueString value="apply-contact"/>
      </extension>
      <extension url="value">
        <valueString value="true"/>
      </extension>
    </extension>
    <extension url="http://hl7.org/fhir/tools/StructureDefinition/ig-parameter">
      <extension url="code">
        <valueString value="apply-context"/>
      </extension>
      <extension url="value">
        <valueString value="true"/>
      </extension>
    </extension>
    <extension url="http://hl7.org/fhir/tools/StructureDefinition/ig-parameter">
      <extension url="code">
        <valueString value="apply-copyright"/>
      </extension>
      <extension url="value">
        <valueString value="true"/>
      </extension>
    </extension>
    <extension url="http://hl7.org/fhir/tools/StructureDefinition/ig-parameter">
      <extension url="code">
        <valueString value="apply-jurisdiction"/>
      </extension>
      <extension url="value">
        <valueString value="true"/>
      </extension>
    </extension>
    <extension url="http://hl7.org/fhir/tools/StructureDefinition/ig-parameter">
      <extension url="code">
        <valueString value="apply-license"/>
      </extension>
      <extension url="value">
        <valueString value="true"/>
      </extension>
    </extension>
    <extension url="http://hl7.org/fhir/tools/StructureDefinition/ig-parameter">
      <extension url="code">
        <valueString value="apply-publisher"/>
      </extension>
      <extension url="value">
        <valueString value="true"/>
      </extension>
    </extension>
    <extension url="http://hl7.org/fhir/tools/StructureDefinition/ig-parameter">
      <extension url="code">
        <valueString value="apply-version"/>
      </extension>
      <extension url="value">
        <valueString value="true"/>
      </extension>
    </extension>
    <extension url="http://hl7.org/fhir/tools/StructureDefinition/ig-parameter">
      <extension url="code">
        <valueString value="apply-wg"/>
      </extension>
      <extension url="value">
        <valueString value="true"/>
      </extension>
    </extension>
    <extension url="http://hl7.org/fhir/tools/StructureDefinition/ig-parameter">
      <extension url="code">
        <valueString value="active-tables"/>
      </extension>
      <extension url="value">
        <valueString value="true"/>
      </extension>
    </extension>
    <extension url="http://hl7.org/fhir/tools/StructureDefinition/ig-parameter">
      <extension url="code">
        <valueString value="fmm-definition"/>
      </extension>
      <extension url="value">
        <valueString value="http://hl7.org/fhir/versions.html#maturity"/>
      </extension>
    </extension>
    <extension url="http://hl7.org/fhir/tools/StructureDefinition/ig-parameter">
      <extension url="code">
        <valueString value="propagate-status"/>
      </extension>
      <extension url="value">
        <valueString value="true"/>
      </extension>
    </extension>
    <extension url="http://hl7.org/fhir/tools/StructureDefinition/ig-parameter">
      <extension url="code">
        <valueString value="excludelogbinaryformat"/>
      </extension>
      <extension url="value">
        <valueString value="true"/>
      </extension>
    </extension>
    <extension url="http://hl7.org/fhir/tools/StructureDefinition/ig-parameter">
      <extension url="code">
        <valueString value="tabbed-snapshots"/>
      </extension>
      <extension url="value">
        <valueString value="true"/>
      </extension>
    </extension>
    <extension url="http://hl7.org/fhir/tools/StructureDefinition/ig-internal-dependency">
      <valueCode value="hl7.fhir.uv.tools#0.1.0"/>
    </extension>
    <extension url="http://hl7.org/fhir/tools/StructureDefinition/ig-parameter">
      <extension url="code">
        <valueCode value="copyrightyear"/>
      </extension>
      <extension url="value">
        <valueString value="2023+"/>
      </extension>
    </extension>
    <extension url="http://hl7.org/fhir/tools/StructureDefinition/ig-parameter">
      <extension url="code">
        <valueCode value="releaselabel"/>
      </extension>
      <extension url="value">
        <valueString value="Release"/>
      </extension>
    </extension>
    <extension url="http://hl7.org/fhir/tools/StructureDefinition/ig-parameter">
      <extension url="code">
        <valueCode value="autoload-resources"/>
      </extension>
      <extension url="value">
        <valueString value="true"/>
      </extension>
    </extension>
    <extension url="http://hl7.org/fhir/tools/StructureDefinition/ig-parameter">
      <extension url="code">
        <valueCode value="path-liquid"/>
      </extension>
      <extension url="value">
        <valueString value="template/liquid"/>
      </extension>
    </extension>
    <extension url="http://hl7.org/fhir/tools/StructureDefinition/ig-parameter">
      <extension url="code">
        <valueCode value="path-liquid"/>
      </extension>
      <extension url="value">
        <valueString value="input/liquid"/>
      </extension>
    </extension>
    <extension url="http://hl7.org/fhir/tools/StructureDefinition/ig-parameter">
      <extension url="code">
        <valueCode value="path-qa"/>
      </extension>
      <extension url="value">
        <valueString value="temp/qa"/>
      </extension>
    </extension>
    <extension url="http://hl7.org/fhir/tools/StructureDefinition/ig-parameter">
      <extension url="code">
        <valueCode value="path-temp"/>
      </extension>
      <extension url="value">
        <valueString value="temp/pages"/>
      </extension>
    </extension>
    <extension url="http://hl7.org/fhir/tools/StructureDefinition/ig-parameter">
      <extension url="code">
        <valueCode value="path-output"/>
      </extension>
      <extension url="value">
        <valueString value="output"/>
      </extension>
    </extension>
    <extension url="http://hl7.org/fhir/tools/StructureDefinition/ig-parameter">
      <extension url="code">
        <valueCode value="path-suppressed-warnings"/>
      </extension>
      <extension url="value">
        <valueString value="input/ignoreWarnings.txt"/>
      </extension>
    </extension>
    <extension url="http://hl7.org/fhir/tools/StructureDefinition/ig-parameter">
      <extension url="code">
        <valueCode value="path-history"/>
      </extension>
      <extension url="value">
        <valueString value="http://fhir.kl.dk/prevention/history.html"/>
      </extension>
    </extension>
    <extension url="http://hl7.org/fhir/tools/StructureDefinition/ig-parameter">
      <extension url="code">
        <valueCode value="template-html"/>
      </extension>
      <extension url="value">
        <valueString value="template-page.html"/>
      </extension>
    </extension>
    <extension url="http://hl7.org/fhir/tools/StructureDefinition/ig-parameter">
      <extension url="code">
        <valueCode value="template-md"/>
      </extension>
      <extension url="value">
        <valueString value="template-page-md.html"/>
      </extension>
    </extension>
    <extension url="http://hl7.org/fhir/tools/StructureDefinition/ig-parameter">
      <extension url="code">
        <valueCode value="apply-contact"/>
      </extension>
      <extension url="value">
        <valueString value="true"/>
      </extension>
    </extension>
    <extension url="http://hl7.org/fhir/tools/StructureDefinition/ig-parameter">
      <extension url="code">
        <valueCode value="apply-context"/>
      </extension>
      <extension url="value">
        <valueString value="true"/>
      </extension>
    </extension>
    <extension url="http://hl7.org/fhir/tools/StructureDefinition/ig-parameter">
      <extension url="code">
        <valueCode value="apply-copyright"/>
      </extension>
      <extension url="value">
        <valueString value="true"/>
      </extension>
    </extension>
    <extension url="http://hl7.org/fhir/tools/StructureDefinition/ig-parameter">
      <extension url="code">
        <valueCode value="apply-jurisdiction"/>
      </extension>
      <extension url="value">
        <valueString value="true"/>
      </extension>
    </extension>
    <extension url="http://hl7.org/fhir/tools/StructureDefinition/ig-parameter">
      <extension url="code">
        <valueCode value="apply-license"/>
      </extension>
      <extension url="value">
        <valueString value="true"/>
      </extension>
    </extension>
    <extension url="http://hl7.org/fhir/tools/StructureDefinition/ig-parameter">
      <extension url="code">
        <valueCode value="apply-publisher"/>
      </extension>
      <extension url="value">
        <valueString value="true"/>
      </extension>
    </extension>
    <extension url="http://hl7.org/fhir/tools/StructureDefinition/ig-parameter">
      <extension url="code">
        <valueCode value="apply-version"/>
      </extension>
      <extension url="value">
        <valueString value="true"/>
      </extension>
    </extension>
    <extension url="http://hl7.org/fhir/tools/StructureDefinition/ig-parameter">
      <extension url="code">
        <valueCode value="apply-wg"/>
      </extension>
      <extension url="value">
        <valueString value="true"/>
      </extension>
    </extension>
    <extension url="http://hl7.org/fhir/tools/StructureDefinition/ig-parameter">
      <extension url="code">
        <valueCode value="active-tables"/>
      </extension>
      <extension url="value">
        <valueString value="true"/>
      </extension>
    </extension>
    <extension url="http://hl7.org/fhir/tools/StructureDefinition/ig-parameter">
      <extension url="code">
        <valueCode value="fmm-definition"/>
      </extension>
      <extension url="value">
        <valueString value="http://hl7.org/fhir/versions.html#maturity"/>
      </extension>
    </extension>
    <extension url="http://hl7.org/fhir/tools/StructureDefinition/ig-parameter">
      <extension url="code">
        <valueCode value="propagate-status"/>
      </extension>
      <extension url="value">
        <valueString value="true"/>
      </extension>
    </extension>
    <extension url="http://hl7.org/fhir/tools/StructureDefinition/ig-parameter">
      <extension url="code">
        <valueCode value="excludelogbinaryformat"/>
      </extension>
      <extension url="value">
        <valueString value="true"/>
      </extension>
    </extension>
    <extension url="http://hl7.org/fhir/tools/StructureDefinition/ig-parameter">
      <extension url="code">
        <valueCode value="tabbed-snapshots"/>
      </extension>
      <extension url="value">
        <valueString value="true"/>
      </extension>
    </extension>
    <resource>
      <extension url="http://hl7.org/fhir/tools/StructureDefinition/resource-information">
        <valueString value="Bundle"/>
      </extension>
      <reference>
        <reference value="Bundle/5135080e-fbaf-4575-afe6-f037d4541e06"/>
      </reference>
      <name value="5135080e-fbaf-4575-afe6-f037d4541e06"/>
      <description value="DeliveryReport-Bruno-5"/>
      <exampleCanonical value="http://fhir.kl.dk/prevention/StructureDefinition/klgateway-119-delivery-report"/>
    </resource>
    <resource>
      <extension url="http://hl7.org/fhir/tools/StructureDefinition/resource-information">
        <valueString value="Bundle"/>
      </extension>
      <reference>
        <reference value="Bundle/738ec570-6bb6-4690-9a88-1dbed46d65ed"/>
      </reference>
      <name value="738ec570-6bb6-4690-9a88-1dbed46d65ed"/>
      <description value="DeliveryReport-Bruno-8"/>
      <exampleCanonical value="http://fhir.kl.dk/prevention/StructureDefinition/klgateway-119-delivery-report"/>
    </resource>
    <resource>
      <extension url="http://hl7.org/fhir/tools/StructureDefinition/resource-information">
        <valueString value="Bundle"/>
      </extension>
      <reference>
        <reference value="Bundle/88889c22-b86d-4ceb-81d8-38a158f12bf4"/>
      </reference>
      <name value="88889c22-b86d-4ceb-81d8-38a158f12bf4"/>
      <description value="DeliveryReport-Bruno-7"/>
      <exampleCanonical value="http://fhir.kl.dk/prevention/StructureDefinition/klgateway-119-delivery-report"/>
    </resource>
    <resource>
      <extension url="http://hl7.org/fhir/tools/StructureDefinition/resource-information">
        <valueString value="Bundle"/>
      </extension>
      <reference>
        <reference value="Bundle/8c3f35d7-7437-4fcf-90d2-49e04701d0ec"/>
      </reference>
      <name value="8c3f35d7-7437-4fcf-90d2-49e04701d0ec"/>
      <description value="DeliveryReport-Bruno-2"/>
      <exampleCanonical value="http://fhir.kl.dk/prevention/StructureDefinition/klgateway-119-delivery-report"/>
    </resource>
    <resource>
      <extension url="http://hl7.org/fhir/tools/StructureDefinition/resource-information">
        <valueString value="Bundle"/>
      </extension>
      <reference>
        <reference value="Bundle/974cabc7-d2e0-4db0-bfa4-6cd5af7103de"/>
      </reference>
      <name value="974cabc7-d2e0-4db0-bfa4-6cd5af7103de"/>
      <description value="DeliveryReport-Bruno-6"/>
      <exampleCanonical value="http://fhir.kl.dk/prevention/StructureDefinition/klgateway-119-delivery-report"/>
    </resource>
    <resource>
      <extension url="http://hl7.org/fhir/tools/StructureDefinition/resource-information">
        <valueString value="Organization"/>
      </extension>
      <reference>
        <reference value="Organization/AfsenderAfBrunosHenvisning"/>
      </reference>
      <name value="AfsenderAfBrunosHenvisning"/>
      <description value="Kardiologisk afdeling Holbæk sygehus, der er afsender af Brunos Henvisning"/>
      <exampleCanonical value="http://fhir.kl.dk/prevention/StructureDefinition/klgateway-119-organization"/>
    </resource>
    <resource>
      <extension url="http://hl7.org/fhir/tools/StructureDefinition/resource-information">
        <valueString value="StructureDefinition:extension"/>
      </extension>
      <reference>
        <reference value="StructureDefinition/BasedOnCarePlanExtension"/>
      </reference>
      <name value="basedOnCarePlanExtension"/>
      <description value="Extension for pointing to the careplan describing why this encounter is taking place, will be part of R5 without needing the extension"/>
      <exampleBoolean value="false"/>
    </resource>
    <resource>
      <extension url="http://hl7.org/fhir/tools/StructureDefinition/resource-information">
        <valueString value="StructureDefinition:extension"/>
      </extension>
      <reference>
        <reference value="StructureDefinition/BasedOnServiceRequestExtension"/>
      </reference>
      <name value="basedOnServiceRequestExtension"/>
      <description value="Extension for pointing to the servicerequest, that started an intervention"/>
      <exampleBoolean value="false"/>
    </resource>
    <resource>
      <extension url="http://hl7.org/fhir/tools/StructureDefinition/resource-information">
        <valueString value="CarePlan"/>
      </extension>
      <reference>
        <reference value="CarePlan/BrunoAfklarendeSamtale"/>
      </reference>
      <name value="BrunoAfklarendeSamtale"/>
      <description value="Bruno's afklarende Samtale"/>
      <exampleCanonical value="http://fhir.kl.dk/prevention/StructureDefinition/klgateway-119-planned-intervention"/>
    </resource>
    <resource>
      <extension url="http://hl7.org/fhir/tools/StructureDefinition/resource-information">
        <valueString value="Condition"/>
      </extension>
      <reference>
        <reference value="Condition/BrunoAktionsdiagnoseRequest"/>
      </reference>
      <name value="BrunoAktionsdiagnoseRequest"/>
      <description value="Brunos aktionsdiagnose fra hans henvisning, hvor man kan se, at han tidligere har haft et myokardieinfarkt (Q-tak, anteriort)"/>
      <exampleCanonical value="http://fhir.kl.dk/prevention/StructureDefinition/klgateway-119-focus-condition"/>
    </resource>
    <resource>
      <extension url="http://hl7.org/fhir/tools/StructureDefinition/resource-information">
        <valueString value="CarePlan"/>
      </extension>
      <reference>
        <reference value="CarePlan/BrunoforloebKostAfbrudtValidationerror"/>
      </reference>
      <name value="BrunoforloebKost_afbrudt_validationerror"/>
      <description value="BrunoforloebKost_afbrudt_validationerror"/>
      <exampleCanonical value="http://fhir.kl.dk/prevention/StructureDefinition/klgateway-119-care-plan"/>
    </resource>
    <resource>
      <extension url="http://hl7.org/fhir/tools/StructureDefinition/resource-information">
        <valueString value="CarePlan"/>
      </extension>
      <reference>
        <reference value="CarePlan/BrunoforloebKostValidationerror"/>
      </reference>
      <name value="BrunoforloebKost_validationerror"/>
      <description value="BrunoforloebKost_validationerror"/>
      <exampleCanonical value="http://fhir.kl.dk/prevention/StructureDefinition/klgateway-119-care-plan"/>
    </resource>
    <resource>
      <extension url="http://hl7.org/fhir/tools/StructureDefinition/resource-information">
        <valueString value="CarePlan"/>
      </extension>
      <reference>
        <reference value="CarePlan/BrunoforloebKost"/>
      </reference>
      <name value="BrunoforløbKost"/>
      <description value="Brunos forløb vedr. kostvejledning"/>
      <exampleCanonical value="http://fhir.kl.dk/prevention/StructureDefinition/klgateway-119-care-plan"/>
    </resource>
    <resource>
      <extension url="http://hl7.org/fhir/tools/StructureDefinition/resource-information">
        <valueString value="CarePlan"/>
      </extension>
      <reference>
        <reference value="CarePlan/BrunoforloebKostAfbrudt"/>
      </reference>
      <name value="BrunoforløbKost_afbrudt"/>
      <description value="Brunos forløb vedr. kostvejledning, der er afbrudt fordi Bruno aktivt har fravalgt det pga. anden træning"/>
      <exampleCanonical value="http://fhir.kl.dk/prevention/StructureDefinition/klgateway-119-care-plan"/>
    </resource>
    <resource>
      <extension url="http://hl7.org/fhir/tools/StructureDefinition/resource-information">
        <valueString value="Bundle"/>
      </extension>
      <reference>
        <reference value="Bundle/BrunoIndberetningsrapport"/>
      </reference>
      <name value="BrunoIndberetningsrapport"/>
      <description value="Indberetning for Bruno"/>
      <exampleCanonical value="http://fhir.kl.dk/prevention/StructureDefinition/klgateway-119-delivery-report"/>
    </resource>
    <resource>
      <extension url="http://hl7.org/fhir/tools/StructureDefinition/resource-information">
        <valueString value="Encounter"/>
      </extension>
      <reference>
        <reference value="Encounter/BrunoKontakt1Kost"/>
      </reference>
      <name value="BrunoKontakt1Kost"/>
      <description value="Brunos kontakt, hvor han har første kostvejledning som skærmbesøg"/>
      <exampleCanonical value="http://fhir.kl.dk/prevention/StructureDefinition/klgateway-119-encounter"/>
    </resource>
    <resource>
      <extension url="http://hl7.org/fhir/tools/StructureDefinition/resource-information">
        <valueString value="Encounter"/>
      </extension>
      <reference>
        <reference value="Encounter/BrunoKontaktAfklarende"/>
      </reference>
      <name value="BrunoKontaktAfklarende"/>
      <description value="Brunos kontakt, hvor der er udført en afklarende samtale"/>
      <exampleCanonical value="http://fhir.kl.dk/prevention/StructureDefinition/klgateway-119-encounter"/>
    </resource>
    <resource>
      <extension url="http://hl7.org/fhir/tools/StructureDefinition/resource-information">
        <valueString value="CarePlan"/>
      </extension>
      <reference>
        <reference value="CarePlan/BrunoKostvejledning"/>
      </reference>
      <name value="BrunoKostvejledning"/>
      <description value="Bruno's Kostvejledning"/>
      <exampleCanonical value="http://fhir.kl.dk/prevention/StructureDefinition/klgateway-119-planned-intervention"/>
    </resource>
    <resource>
      <extension url="http://hl7.org/fhir/tools/StructureDefinition/resource-information">
        <valueString value="CarePlan"/>
      </extension>
      <reference>
        <reference value="CarePlan/BrunoKostvejledningValidationError"/>
      </reference>
      <name value="BrunoKostvejledningValidationError"/>
      <description value="BrunoKostvejledningValidationError"/>
      <exampleCanonical value="http://fhir.kl.dk/prevention/StructureDefinition/klgateway-119-planned-intervention"/>
    </resource>
    <resource>
      <extension url="http://hl7.org/fhir/tools/StructureDefinition/resource-information">
        <valueString value="ServiceRequest"/>
      </extension>
      <reference>
        <reference value="ServiceRequest/BrunoRequestInformation"/>
      </reference>
      <name value="BrunoRequestInformation"/>
      <description value="Information fra Brunos henvisning, der er baggrunden for at igangsætte indsatsen i kommunen"/>
      <exampleCanonical value="http://fhir.kl.dk/prevention/StructureDefinition/klgateway-119-servicerequest"/>
    </resource>
    <resource>
      <extension url="http://hl7.org/fhir/tools/StructureDefinition/resource-information">
        <valueString value="Patient"/>
      </extension>
      <reference>
        <reference value="Patient/BrunoTestElmer"/>
      </reference>
      <name value="BrunoTestElmer"/>
      <description value="Test personen Elmer, fra MedCom test-cprnumre. Holbæk kommune er journalførende organisation."/>
      <exampleCanonical value="http://fhir.kl.dk/prevention/StructureDefinition/klgateway-119-citizen"/>
    </resource>
    <resource>
      <extension url="http://hl7.org/fhir/tools/StructureDefinition/resource-information">
        <valueString value="ServiceRequest"/>
      </extension>
      <reference>
        <reference value="ServiceRequest/BrunoTidligereRequestInformation"/>
      </reference>
      <name value="BrunoTidligereRequestInformation"/>
      <description value="Information vedr. henvendelses, der er baggrunden for at igangsætte indsats i kommunen. Eksempel på, når der ikke er en MedCom besked der igangsætter indsatsen"/>
      <exampleCanonical value="http://fhir.kl.dk/prevention/StructureDefinition/klgateway-119-servicerequest"/>
    </resource>
    <resource>
      <extension url="http://hl7.org/fhir/tools/StructureDefinition/resource-information">
        <valueString value="Condition"/>
      </extension>
      <reference>
        <reference value="Condition/BrunoTilstand"/>
      </reference>
      <name value="BrunoTilstand"/>
      <description value="Brunos Tilstand vedrørende vægt"/>
      <exampleCanonical value="http://fhir.kl.dk/prevention/StructureDefinition/klgateway-119-condition"/>
    </resource>
    <resource>
      <extension url="http://hl7.org/fhir/tools/StructureDefinition/resource-information">
        <valueString value="ValueSet"/>
      </extension>
      <reference>
        <reference value="ValueSet/CancellationTypes"/>
      </reference>
      <name value="CancellationTypes"/>
      <description value="Cancellation valueset, to be implemented in KL-term and FKI"/>
      <exampleBoolean value="false"/>
    </resource>
    <resource>
      <extension url="http://hl7.org/fhir/tools/StructureDefinition/resource-information">
        <valueString value="ValueSet"/>
      </extension>
      <reference>
        <reference value="ValueSet/CarePlanCategories119"/>
      </reference>
      <name value="CarePlanCategories"/>
      <description value="The care plan categories used for §119"/>
      <exampleBoolean value="false"/>
    </resource>
    <resource>
      <extension url="http://hl7.org/fhir/tools/StructureDefinition/resource-information">
        <valueString value="StructureDefinition:extension"/>
      </extension>
      <reference>
        <reference value="StructureDefinition/DeliveryType"/>
      </reference>
      <name value="DeliveryType"/>
      <description value="Extension for a code that specifies some context of how a treatment-activity is delivered to a patient"/>
      <exampleBoolean value="false"/>
    </resource>
    <resource>
      <extension url="http://hl7.org/fhir/tools/StructureDefinition/resource-information">
        <valueString value="ValueSet"/>
      </extension>
      <reference>
        <reference value="ValueSet/DeliveryTypes119"/>
      </reference>
      <name value="DeliveryTypes"/>
      <description value="The delivery context types allowed in §119 prevention. Whether intervention is group based or delivered individually"/>
      <exampleBoolean value="false"/>
    </resource>
    <resource>
      <extension url="http://hl7.org/fhir/tools/StructureDefinition/resource-information">
        <valueString value="Bundle"/>
      </extension>
      <reference>
        <reference value="Bundle/e87d5e68-e5f3-476f-988f-4efda86b0645"/>
      </reference>
      <name value="e87d5e68-e5f3-476f-988f-4efda86b0645"/>
      <description value="DeliveryReport-Bruno-1"/>
      <exampleCanonical value="http://fhir.kl.dk/prevention/StructureDefinition/klgateway-119-delivery-report"/>
    </resource>
    <resource>
      <extension url="http://hl7.org/fhir/tools/StructureDefinition/resource-information">
        <valueString value="ValueSet"/>
      </extension>
      <reference>
        <reference value="ValueSet/KLConditionCodes119"/>
      </reference>
      <name value="KLConditionCodes119"/>
      <description value="Condition codes allowed in this implementation guide."/>
      <exampleBoolean value="false"/>
    </resource>
    <resource>
      <extension url="http://hl7.org/fhir/tools/StructureDefinition/resource-information">
        <valueString value="StructureDefinition:resource"/>
      </extension>
      <reference>
        <reference value="StructureDefinition/klgateway-119-care-plan"/>
      </reference>
      <name value="KLGateway119CarePlan"/>
      <description value="Care plans for §119 health promotion and disease prevention in Danish Municipalities."/>
      <exampleBoolean value="false"/>
    </resource>
    <resource>
      <extension url="http://hl7.org/fhir/tools/StructureDefinition/resource-information">
        <valueString value="StructureDefinition:resource"/>
      </extension>
      <reference>
        <reference value="StructureDefinition/klgateway-119-citizen"/>
      </reference>
      <name value="KLGateway119Citizen"/>
      <description value="Administrative information about a citizen receiving care or care related services."/>
      <exampleBoolean value="false"/>
    </resource>
    <resource>
      <extension url="http://hl7.org/fhir/tools/StructureDefinition/resource-information">
        <valueString value="StructureDefinition:resource"/>
      </extension>
      <reference>
        <reference value="StructureDefinition/klgateway-119-condition"/>
      </reference>
      <name value="KLGateway119Condition"/>
      <description value="Detailed information about condition relating to §119 care pathways"/>
      <exampleBoolean value="false"/>
    </resource>
    <resource>
      <extension url="http://hl7.org/fhir/tools/StructureDefinition/resource-information">
        <valueString value="StructureDefinition:resource"/>
      </extension>
      <reference>
        <reference value="StructureDefinition/klgateway-119-delivery-report"/>
      </reference>
      <name value="KLGateway119DeliveryReport"/>
      <description value="Delivery report to deliver data for each citizen."/>
      <exampleBoolean value="false"/>
    </resource>
    <resource>
      <extension url="http://hl7.org/fhir/tools/StructureDefinition/resource-information">
        <valueString value="StructureDefinition:resource"/>
      </extension>
      <reference>
        <reference value="StructureDefinition/klgateway-119-encounter"/>
      </reference>
      <name value="KLGateway119Encounter"/>
      <description value="Encounter for first planned visits and all executed activities in a §119 care pathway"/>
      <exampleBoolean value="false"/>
    </resource>
    <resource>
      <extension url="http://hl7.org/fhir/tools/StructureDefinition/resource-information">
        <valueString value="StructureDefinition:resource"/>
      </extension>
      <reference>
        <reference value="StructureDefinition/klgateway-119-focus-condition"/>
      </reference>
      <name value="KLGateway119FocusCondition"/>
      <description value="Conditions which may be used to express the problem of a citizen in Danish municipalities. Mostly used for cross sector use cases."/>
      <exampleBoolean value="false"/>
    </resource>
    <resource>
      <extension url="http://hl7.org/fhir/tools/StructureDefinition/resource-information">
        <valueString value="StructureDefinition:resource"/>
      </extension>
      <reference>
        <reference value="StructureDefinition/klgateway-119-organization"/>
      </reference>
      <name value="KLGateway119Organization"/>
      <description value="Organization as expressed in KLGateway for prevention/health promotion."/>
      <exampleBoolean value="false"/>
    </resource>
    <resource>
      <extension url="http://hl7.org/fhir/tools/StructureDefinition/resource-information">
        <valueString value="StructureDefinition:resource"/>
      </extension>
      <reference>
        <reference value="StructureDefinition/klgateway-119-planned-intervention"/>
      </reference>
      <name value="KLGateway119PlannedIntervention"/>
      <description value="Planned interventions for §119 prevention/health promotion in Danish Municipalities."/>
      <exampleBoolean value="false"/>
    </resource>
    <resource>
      <extension url="http://hl7.org/fhir/tools/StructureDefinition/resource-information">
        <valueString value="StructureDefinition:resource"/>
      </extension>
      <reference>
        <reference value="StructureDefinition/klgateway-119-servicerequest"/>
      </reference>
      <name value="KLGateway119ServiceRequest"/>
      <description value="Referal or request for prevention/health promotion to a Danish municipalities"/>
      <exampleBoolean value="false"/>
    </resource>
    <resource>
      <extension url="http://hl7.org/fhir/tools/StructureDefinition/resource-information">
        <valueString value="ValueSet"/>
      </extension>
      <reference>
        <reference value="ValueSet/KLInterventionCodes119"/>
      </reference>
      <name value="KLInterventionCodes119"/>
      <description value="Intervention codes allowed in this implementation guide."/>
      <exampleBoolean value="false"/>
    </resource>
    <resource>
      <extension url="http://hl7.org/fhir/tools/StructureDefinition/resource-information">
        <valueString value="ValueSet"/>
      </extension>
      <reference>
        <reference value="ValueSet/EncounterClassCodes"/>
      </reference>
      <name value="KontaktKlasseKoder"/>
      <description value="Codes to describe the mode of delivery of an encounter"/>
      <exampleBoolean value="false"/>
    </resource>
    <resource>
      <extension url="http://hl7.org/fhir/tools/StructureDefinition/resource-information">
        <valueString value="ValueSet"/>
      </extension>
      <reference>
        <reference value="ValueSet/ServiceTypes119"/>
      </reference>
      <name value="ServiceTypes"/>
      <description value="The service types allowed in §119"/>
      <exampleBoolean value="false"/>
    </resource>
    <resource>
      <extension url="http://hl7.org/fhir/tools/StructureDefinition/resource-information">
        <valueString value="Organization"/>
      </extension>
      <reference>
        <reference value="Organization/UdfoererAfBrunosForebyggelse"/>
      </reference>
      <name value="UdførerAfBrunosIndsats"/>
      <description value="Sundhedsfremme og forebyggelse Holbæk kommune, der er udfører af Brunos indsats"/>
      <exampleCanonical value="http://fhir.kl.dk/prevention/StructureDefinition/klgateway-119-organization"/>
    </resource>
    <page>
      <extension url="http://hl7.org/fhir/tools/StructureDefinition/ig-page-name">
        <valueUrl value="toc.html"/>
      </extension>
      <nameUrl value="toc.html"/>
      <title value="Table of Contents"/>
      <generation value="html"/>
      <page>
        <extension url="http://hl7.org/fhir/tools/StructureDefinition/ig-page-name">
          <valueUrl value="index.html"/>
        </extension>
        <nameUrl value="index.html"/>
        <title value="Home"/>
        <generation value="markdown"/>
      </page>
      <page>
        <extension url="http://hl7.org/fhir/tools/StructureDefinition/ig-page-name">
          <valueUrl value="example.html"/>
        </extension>
        <nameUrl value="example.html"/>
        <title value="Example"/>
        <generation value="markdown"/>
      </page>
    </page>
    <parameter>
      <code value="path-resource"/>
      <value value="input/capabilities"/>
    </parameter>
    <parameter>
      <code value="path-resource"/>
      <value value="input/examples"/>
    </parameter>
    <parameter>
      <code value="path-resource"/>
      <value value="input/extensions"/>
    </parameter>
    <parameter>
      <code value="path-resource"/>
      <value value="input/models"/>
    </parameter>
    <parameter>
      <code value="path-resource"/>
      <value value="input/operations"/>
    </parameter>
    <parameter>
      <code value="path-resource"/>
      <value value="input/profiles"/>
    </parameter>
    <parameter>
      <code value="path-resource"/>
      <value value="input/resources"/>
    </parameter>
    <parameter>
      <code value="path-resource"/>
      <value value="input/vocabulary"/>
    </parameter>
    <parameter>
      <code value="path-resource"/>
      <value value="input/maps"/>
    </parameter>
    <parameter>
      <code value="path-resource"/>
      <value value="input/testing"/>
    </parameter>
    <parameter>
      <code value="path-resource"/>
      <value value="input/history"/>
    </parameter>
    <parameter>
      <code value="path-resource"/>
      <value value="fsh-generated/resources"/>
    </parameter>
    <parameter>
      <code value="path-pages"/>
      <value value="template/config"/>
    </parameter>
    <parameter>
      <code value="path-pages"/>
      <value value="input/images"/>
    </parameter>
    <parameter>
      <code value="path-tx-cache"/>
      <value value="input-cache/txcache"/>
    </parameter>
  </definition>
</ImplementationGuide>