{
  "resourceType" : "Observation",
  "id" : "OpleverIkkeBegraensningerMedVaskeSig",
  "meta" : {
    "profile" : ["http://municipality-care-data.gateway.kl.dk/1.0/StructureDefinition/klgateway-care-citizens-own-observation"]
  },
  "text" : {
    "status" : "generated",
    "div" : "<div xmlns=\"http://www.w3.org/1999/xhtml\"><p><b>Generated Narrative: Observation</b><a name=\"OpleverIkkeBegraensningerMedVaskeSig\"> </a></p><div style=\"display: inline-block; background-color: #d9e0e7; padding: 6px; margin: 4px; border: 1px solid #8da1b4; border-radius: 5px; line-height: 60%\"><p style=\"margin-bottom: 0px\">Resource Observation &quot;OpleverIkkeBegraensningerMedVaskeSig&quot; </p><p style=\"margin-bottom: 0px\">Profile: <a href=\"StructureDefinition-klgateway-care-citizens-own-observation.html\">CareCitizensOwnObservation</a></p></div><p><b>status</b>: final</p><p><b>code</b>: Betydning <span style=\"background: LightGoldenRodYellow; margin: 4px; border: 1px solid khaki\"> (<a href=\"file:///Users/jkiddo/work/KL-dk/output/CodeSystem-FSIII.html\">FSIII</a>#D)</span></p><p><b>subject</b>: <a href=\"Patient-TestPerson.html\">Patient/TestPerson</a></p><p><b>focus</b>: <a href=\"Condition-VaskeSigLetteBegraensninger.html\">Condition/VaskeSigLetteBegraensninger</a></p><p><b>effective</b>: 2020-08-14</p><p><b>value</b>: Oplever ikke begrænsninger <span style=\"background: LightGoldenRodYellow; margin: 4px; border: 1px solid khaki\"> (<a href=\"file:///Users/jkiddo/work/KL-dk/output/CodeSystem-FSIII.html\">FSIII</a>#D1)</span></p></div>"
  },
  "status" : "final",
  "code" : {
    "coding" : [{
      "system" : "http://kl.dk/fhir/common/caresocial/CodeSystem/FSIII",
      "code" : "D"
    }]
  },
  "subject" : {
    "reference" : "Patient/TestPerson"
  },
  "focus" : [{
    "reference" : "Condition/VaskeSigLetteBegraensninger"
  }],
  "effectiveDateTime" : "2020-08-14",
  "valueCodeableConcept" : {
    "coding" : [{
      "system" : "http://kl.dk/fhir/common/caresocial/CodeSystem/FSIII",
      "code" : "D1"
    }]
  }
}