{
  "package": "hl7.fhir.dk.kl.gateway.municipality-care-data",
  "version": "1.0.1",
  "fhirVersion": "4.0.1",
  "jurisdiction": "DK",
  "extensions": [
    {
      "url": "http://municipality-care-data.gateway.kl.dk/1.0/StructureDefinition/klgateway-care-finding-context-at-risk-extension",
      "title": "CareFindingContextAtRiskExtension",
      "types": [
        "Coding"
      ]
    },
    {
      "url": "http://municipality-care-data.gateway.kl.dk/1.0/StructureDefinition/klgateway-care-follow-up-encounter-extension",
      "title": "CareFollowUpEncounterExtension",
      "types": [
        "Reference"
      ]
    }
  ],
  "profiles": {
    "Patient": [
      {
        "url": "http://municipality-care-data.gateway.kl.dk/1.0/StructureDefinition/klgateway-care-citizen",
        "title": "CareCitizen"
      }
    ],
    "Observation": [
      {
        "url": "http://municipality-care-data.gateway.kl.dk/1.0/StructureDefinition/klgateway-care-matter-of-interest-observation",
        "title": "CareMatterOfInterestObservation"
      }
    ],
    "Procedure": [
      {
        "url": "http://municipality-care-data.gateway.kl.dk/1.0/StructureDefinition/klgateway-care-completed-intervention",
        "title": "CareCompletedIntervention"
      }
    ],
    "Condition": [
      {
        "url": "http://municipality-care-data.gateway.kl.dk/1.0/StructureDefinition/klgateway-care-condition",
        "title": "CareCondition"
      }
    ],
    "Bundle": [
      {
        "url": "http://municipality-care-data.gateway.kl.dk/1.0/StructureDefinition/klgateway-care-incremental-delivery",
        "title": "CareIncrementalDelivery"
      }
    ],
    "Encounter": [
      {
        "url": "http://municipality-care-data.gateway.kl.dk/1.0/StructureDefinition/klgateway-care-encounter",
        "title": "CareEncounter"
      }
    ],
    "Goal": [
      {
        "url": "http://municipality-care-data.gateway.kl.dk/1.0/StructureDefinition/klgateway-care-goal",
        "title": "CareGoal"
      }
    ],
    "CarePlan": [
      {
        "url": "http://municipality-care-data.gateway.kl.dk/1.0/StructureDefinition/klgateway-care-planned-intervention",
        "title": "CarePlannedIntervention"
      }
    ]
  },
  "usage": {
    "http://hl7.org/fhir/StructureDefinition/elementdefinition-bestpractice": [
      "StructureDefinition.snapshot.element.constraint"
    ],
    "http://hl7.org/fhir/StructureDefinition/elementdefinition-bestpractice-explanation": [
      "StructureDefinition.snapshot.element.constraint"
    ],
    "http://hl7.org/fhir/StructureDefinition/elementdefinition-bindingName": [
      "StructureDefinition.snapshot.element.binding"
    ],
    "http://hl7.org/fhir/StructureDefinition/elementdefinition-isCommonBinding": [
      "StructureDefinition.snapshot.element.binding"
    ],
    "http://hl7.org/fhir/StructureDefinition/elementdefinition-maxValueSet": [
      "StructureDefinition.snapshot.element.binding"
    ],
    "http://hl7.org/fhir/StructureDefinition/elementdefinition-translatable": [
      "StructureDefinition.snapshot.element"
    ],
    "http://hl7.org/fhir/StructureDefinition/structuredefinition-display-hint": [
      "StructureDefinition.snapshot.element"
    ],
    "http://hl7.org/fhir/StructureDefinition/structuredefinition-explicit-type-name": [
      "StructureDefinition.snapshot.element"
    ],
    "http://hl7.org/fhir/StructureDefinition/structuredefinition-fhir-type": [
      "StructureDefinition.snapshot.element.type"
    ],
    "http://hl7.org/fhir/StructureDefinition/structuredefinition-hierarchy": [
      "StructureDefinition.snapshot.element.type"
    ],
    "http://hl7.org/fhir/tools/StructureDefinition/ig-internal-dependency": [
      "ImplementationGuide.definition"
    ],
    "http://hl7.org/fhir/tools/StructureDefinition/ig-page-name": [
      "ImplementationGuide.definition.page",
      "ImplementationGuide.definition.page.page"
    ],
    "http://hl7.org/fhir/tools/StructureDefinition/ig-parameter": [
      "ImplementationGuide.definition"
    ],
    "http://hl7.org/fhir/tools/StructureDefinition/implementationguide-dependency-comment": [
      "ImplementationGuide.dependsOn"
    ],
    "http://hl7.org/fhir/tools/StructureDefinition/resource-information": [
      "ImplementationGuide.definition.resource"
    ],
    "http://municipality-care-data.gateway.kl.dk/1.0/StructureDefinition/klgateway-care-finding-context-at-risk-extension": [
      "Observation"
    ],
    "http://municipality-care-data.gateway.kl.dk/1.0/StructureDefinition/klgateway-care-follow-up-encounter-extension": [
      "Bundle.entry.resource",
      "Bundle.entry.resource.entry.resource",
      "CarePlan",
      "Condition"
    ]
  }
}