{
  "resourceType" : "CarePlan",
  "id" : "RuddiTraeningsforloeb",
  "meta" : {
    "profile" : ["http://fhir.kl.dk/rehab/StructureDefinition/klgateway-140-care-plan"]
  },
  "text" : {
    "status" : "extensions",
    "div" : "<div xmlns=\"http://www.w3.org/1999/xhtml\"><p class=\"res-header-id\"><b>Generated Narrative: CarePlan RuddiTraeningsforloeb</b></p><a name=\"RuddiTraeningsforloeb\"> </a><a name=\"hcRuddiTraeningsforloeb\"> </a><a name=\"RuddiTraeningsforloeb-en-US\"> </a><p><b>basedOnServiceRequestExtension</b>: <a href=\"ServiceRequest-RuddiGGOPInformation.html\">ServiceRequest Kommunal genoptræning efter sygehusophold</a></p><p><b>status</b>: Active</p><p><b>intent</b>: Plan</p><p><b>category</b>: <span title=\"Codes:{http://fhir.kl.dk/term/CodeSystem/CareSocialCodes f15b2663-94d9-4d0c-a5de-d8bd8e1e4ebb}\">Interventionsforløb efter §140</span></p><p><b>subject</b>: <a href=\"Patient-RuddiTestBerggren.html\">Anonymous Patient (no stated gender), DoB Unknown ( urn:oid:1.2.208.176.1.2#1502779995\u00a0(use:\u00a0official,\u00a0))</a></p><p><b>period</b>: 2022-05-30 --&gt; (ongoing)</p><blockquote><p><b>activity</b></p><h3>Details</h3><table class=\"grid\"><tr><td style=\"display: none\">-</td><td><b>Status</b></td><td><b>Performer</b></td></tr><tr><td style=\"display: none\">*</td><td>In Progress</td><td><a href=\"Organization-UdfoererAfRuddisRehab.html\">Organization: identifier = urn:oid:1.2.208.176.1.1#1037801000016003\u00a0(use:\u00a0official,\u00a0)</a></td></tr></table></blockquote></div>"
  },
  "extension" : [{
    "url" : "http://fhir.kl.dk/rehab/StructureDefinition/BasedOnServiceRequestExtension",
    "valueReference" : {
      "reference" : "ServiceRequest/RuddiGGOPInformation"
    }
  }],
  "status" : "active",
  "intent" : "plan",
  "category" : [{
    "coding" : [{
      "system" : "http://fhir.kl.dk/term/CodeSystem/CareSocialCodes",
      "code" : "f15b2663-94d9-4d0c-a5de-d8bd8e1e4ebb"
    }]
  }],
  "subject" : {
    "reference" : "Patient/RuddiTestBerggren"
  },
  "period" : {
    "start" : "2022-05-30"
  },
  "activity" : [{
    "detail" : {
      "status" : "in-progress",
      "performer" : [{
        "reference" : "Organization/UdfoererAfRuddisRehab"
      }]
    }
  }]
}