{
  "resourceType" : "Patient",
  "id" : "TestPersonError",
  "meta" : {
    "profile" : ["http://fhir.kl.dk/gateway/StructureDefinition/klgateway-care-citizen"]
  },
  "text" : {
    "status" : "generated",
    "div" : "<div xmlns=\"http://www.w3.org/1999/xhtml\"><p class=\"res-header-id\"><b>Generated Narrative: Patient TestPersonError</b></p><a name=\"TestPersonError\"> </a><a name=\"hcTestPersonError\"> </a><a name=\"TestPersonError-en-US\"> </a><p style=\"border: 1px #661aff solid; background-color: #e6e6ff; padding: 10px;\">Anonymous Patient (no stated gender), DoB Unknown ( urn:oid:1.2.208.176.1.2#0101010101\u00a0(use:\u00a0official,\u00a0))</p><hr/><table class=\"grid\"><tr><td style=\"background-color: #f3f5da\" title=\"Known status of Patient\">Deceased:</td><td colspan=\"3\">true</td></tr><tr><td style=\"background-color: #f3f5da\" title=\"Patient Links\">Links:</td><td colspan=\"3\"><ul><li>Managing Organization: Identifier: <code>urn:oid:1.2.208.176.1.1</code>/123456789012345\u00a0(use:\u00a0official,\u00a0)</li></ul></td></tr></table></div>"
  },
  "identifier" : [{
    "use" : "official",
    "system" : "urn:oid:1.2.208.176.1.2",
    "value" : "0101010101"
  }],
  "deceasedBoolean" : true,
  "managingOrganization" : {
    "identifier" : {
      "use" : "official",
      "system" : "urn:oid:1.2.208.176.1.1",
      "value" : "123456789012345"
    }
  }
}