<?xml version="1.0" encoding="UTF-8"?>

<CodeSystem xmlns="http://hl7.org/fhir">
  <id value="kl-messaging-ffb-consentPolicyCodes"/>
  <text>
    <status value="generated"/><div xmlns="http://www.w3.org/1999/xhtml">Placeholder</div>
  </text>
  <url value="http://fhir.kl.dk/ffbmessaging/CodeSystem/kl-messaging-ffb-consentPolicyCodes"/>
  <version value="1.0.0"/>
  <name value="KLMessagingFFBConsentPolicyCodes"/>
  <title value="ConsentPolicySystem"/>
  <status value="active"/>
  <date value="2023-08-26T15:37:37+02:00"/>
  <publisher value="KL"/>
  <contact>
    <name value="KL"/>
    <telecom>
      <system value="url"/>
      <value value="http://www.kl.dk"/>
    </telecom>
  </contact>
  <description value="Consent policy code system for FFB messaging"/>
  <jurisdiction>
    <coding>
      <system value="urn:iso:std:iso:3166"/>
      <code value="DK"/>
      <display value="Denmark"/>
    </coding>
  </jurisdiction>
  <content value="complete"/>
  <count value="1"/>
  <concept>
    <code value="persondataloven"/>
    <display value="Persondataloven, §6-8"/>
  </concept>
</CodeSystem>