<?xml version="1.0" encoding="UTF-8"?><ValueSet xmlns="http://hl7.org/fhir"><id value="KLEvaluationTypeCodes"/><text><status value="generated"/><div xmlns="http://www.w3.org/1999/xhtml"><ul><li>Include codes from <a href="CodeSystem-CareSocialCodes.html"><code>http://fhir.kl.dk/term/CodeSystem/CareSocialCodes</code></a> where concept  descends from  <a href="CodeSystem-CareSocialCodes.html#CareSocialCodes-95ec4535-8fe8-4296-867c-35de421794cf">95ec4535-8fe8-4296-867c-35de421794cf</a></li></ul></div></text><url value="http://fhir.kl.dk/term/ValueSet/KLEvaluationTypeCodes"/><version value="1.1.0"/><name value="KLEvaluationTypeCodes"/><title value="KLVurderingTypekoder"/><status value="active"/><experimental value="false"/><date value="2023-07-10T23:04:47+02:00"/><publisher value="Kommunernes Landsforening"/><contact><name value="Kommunernes Landsforening"/><telecom><system value="url"/><value value="http://kl.dk"/></telecom></contact><description value="Codes used to distinguish different kinds of evaluations"/><compose><include><system value="http://fhir.kl.dk/term/CodeSystem/CareSocialCodes"/><filter><property value="concept"/><op value="descendent-of"/><value value="95ec4535-8fe8-4296-867c-35de421794cf"/></filter></include></compose></ValueSet>