{
  "resourceType" : "CodeSystem",
  "id" : "LOINC",
  "language" : "en",
  "text" : {
    "status" : "generated",
    "div" : "<div xmlns=\"http://www.w3.org/1999/xhtml\" xml:lang=\"en\" lang=\"en\"><p class=\"res-header-id\"><b>Generated Narrative: CodeSystem LOINC</b></p><a name=\"LOINC\"> </a><a name=\"hcLOINC\"> </a><a name=\"hcLOINC-en-US\"> </a><div style=\"display: inline-block; background-color: #d9e0e7; padding: 6px; margin: 4px; border: 1px solid #8da1b4; border-radius: 5px; line-height: 60%\"><p style=\"margin-bottom: 0px\">Language: en</p></div><p>This case-sensitive code system <code>http://loinc.org</code> provides <b>a fragment</b> that includes following codes:</p><table class=\"codes\"><tr><td style=\"white-space:nowrap\"><b>Code</b></td><td><b>Display</b></td></tr><tr><td style=\"white-space:nowrap\">8302-2<a name=\"LOINC-8302-2\"> </a></td><td>Body height</td></tr><tr><td style=\"white-space:nowrap\">29463-7<a name=\"LOINC-29463-7\"> </a></td><td>Body weight</td></tr><tr><td style=\"white-space:nowrap\">9843-4<a name=\"LOINC-9843-4\"> </a></td><td>Head Occipital-frontal circumference</td></tr></table></div>"
  },
  "extension" : [{
    "url" : "http://hl7.org/fhir/StructureDefinition/codesystem-properties-mode",
    "valueCode" : "not-present"
  }],
  "url" : "http://loinc.org",
  "identifier" : [{
    "system" : "urn:ietf:rfc:3986",
    "value" : "urn:oid:2.16.840.1.113883.6.1"
  }],
  "version" : "2.0.1",
  "name" : "LOINC",
  "title" : "Logical Observation Identifiers, Names and Codes (LOINC)",
  "status" : "active",
  "experimental" : false,
  "date" : "2022-11-22",
  "publisher" : "Kommunernes Landsforening",
  "contact" : [{
    "name" : "Kommunernes Landsforening",
    "telecom" : [{
      "system" : "url",
      "value" : "http://kl.dk"
    }]
  }],
  "description" : "LOINC provides a set of universal names and ID codes for identifying laboratory and clinical test results.1,2 LOINC facilitates the exchange and pooling of results, such as blood hemoglobin, serum potassium, or vital signs, for clinical care, outcomes management, and research. LOINC's universal identifiers (names and codes) can be used in the context of order and observation exchanges between information systems that use syntax standards such as HL73, CEN TC251, ISO TC215, ASTM4, and DICOM. Specifically, the identifier can be used as the coded value for an observation in any other standard that uses the observation/observation value paradigm, whether messages, documents, application programming interface (API), etc. For example, LOINC codes are used widely in the OBX segment Observation Identifier field (OBX-3) of an ORU HL7 (HL7 version 2.x or ASTM 1238-9410) message that may be sent between a Clinical Laboratory Information Management Systems (LIMS) and Electronic Health Record Systems (EHR).5, 6 In this way, LOINC codes provide universal identifiers that allow the exchange of clinical data between heterogeneous computing environments.",
  "copyright" : "Per the LOINC License \"Permission is hereby granted in perpetuity, without payment of license fees or royalties, to use, copy, or distribute the Licensed Materials for any commercial or non-commercial purpose, subject to the following terms and conditions\" Please also note that some content (for example some of the assessment scale content) within LOINC is subject to copyright from third parties and is present in LOINC with permission or under the applicable terms of use from the third party.  Some included third party content requires attribution specific to a particular LOINC code or codes. Such third party content is identified in the LOINC Table and LOINC Table Core by the applicable copyright notice stored in the EXTERNAL_COPYRIGHT_NOTICE field. For further information and for details of how implementers should manage use of third party content (including license obligations) please see https://loinc.org/kb/license/",
  "caseSensitive" : true,
  "content" : "fragment",
  "concept" : [{
    "code" : "8302-2",
    "display" : "Body height"
  },
  {
    "code" : "29463-7",
    "display" : "Body weight"
  },
  {
    "code" : "9843-4",
    "display" : "Head Occipital-frontal circumference"
  }]
}