{
  "resourceType" : "Observation",
  "id" : "LarsMentalStateObservation",
  "meta" : {
    "profile" : ["http://fhir.kl.dk/children/StructureDefinition/klgateway-children-exam-result"]
  },
  "text" : {
    "status" : "generated",
    "div" : "<div xmlns=\"http://www.w3.org/1999/xhtml\"><p><b>Generated Narrative: Observation </b><a name=\"LarsMentalStateObservation\"> </a><a name=\"hcLarsMentalStateObservation\"> </a></p><div style=\"display: inline-block; background-color: #d9e0e7; padding: 6px; margin: 4px; border: 1px solid #8da1b4; border-radius: 5px; line-height: 60%\"><p style=\"margin-bottom: 0px\">ResourceObservation &quot;LarsMentalStateObservation&quot; </p><p style=\"margin-bottom: 0px\">Profile: <a href=\"StructureDefinition-klgateway-children-exam-result.html\">KLGatewayChildrenExamResult</a></p></div><p><b>status</b>: final</p><p><b>code</b>: Clinical history/examination observable (observable entity) <span style=\"background: LightGoldenRodYellow; margin: 4px; border: 1px solid khaki\"> (<a href=\"https://browser.ihtsdotools.org/\">SNOMED CT</a>#363788007)</span></p><p><b>subject</b>: <a href=\"Patient-Lars.html\">Patient/Lars</a></p><p><b>encounter</b>: <a href=\"Encounter-SchoolStartEncounter.html\">Encounter/SchoolStartEncounter</a></p><p><b>effective</b>: 2021-10-21 10:45:00+0000</p><p><b>value</b>: For det meste glad <span style=\"background: LightGoldenRodYellow; margin: 4px; border: 1px solid khaki\"> (<a href=\"http://fhir.kl.dk/term/2.1.0/CodeSystem-FBOE.html\">FBOE</a>#6bea1014-8e30-40e7-9274-2b02376c0b1b)</span></p></div>"
  },
  "status" : "final",
  "code" : {
    "coding" : [{
      "system" : "http://snomed.info/sct",
      "code" : "363788007"
    }]
  },
  "subject" : {
    "reference" : "Patient/Lars"
  },
  "encounter" : {
    "reference" : "Encounter/SchoolStartEncounter"
  },
  "effectiveDateTime" : "2021-10-21T10:45:00.000Z",
  "valueCodeableConcept" : {
    "coding" : [{
      "system" : "http://fhir.kl.dk/term/CodeSystem/FBOE",
      "code" : "6bea1014-8e30-40e7-9274-2b02376c0b1b",
      "display" : "For det meste glad"
    }]
  }
}