{
  "resourceType" : "ValueSet",
  "id" : "KLHealthNurseInterventions",
  "text" : {
    "status" : "generated",
    "div" : "<div xmlns=\"http://www.w3.org/1999/xhtml\"><p>This value set includes codes based on the following rules:</p><ul><li>Include codes from<a href=\"http://fhir.kl.dk/term/2.0.0/CodeSystem-FBOE.html\"><code>http://fhir.kl.dk/term/CodeSystem/FBOE</code></a> where concept  descends from <a href=\"http://fhir.kl.dk/term/2.0.0/CodeSystem-FBOE.html#FBOE-6cbf8b19-5aff-4f6f-a7dc-9a411197bcff\">6cbf8b19-5aff-4f6f-a7dc-9a411197bcff</a></li><li>Include codes from<a href=\"http://fhir.kl.dk/term/2.0.0/CodeSystem-FBOE.html\"><code>http://fhir.kl.dk/term/CodeSystem/FBOE</code></a> where concept  descends from <a href=\"http://fhir.kl.dk/term/2.0.0/CodeSystem-FBOE.html#FBOE-5a45df21-d80c-4b41-9e5a-4896a519c6c6\">5a45df21-d80c-4b41-9e5a-4896a519c6c6</a></li><li>Include codes from<a href=\"http://fhir.kl.dk/term/2.0.0/CodeSystem-FBOE.html\"><code>http://fhir.kl.dk/term/CodeSystem/FBOE</code></a> where concept  descends from <a href=\"http://fhir.kl.dk/term/2.0.0/CodeSystem-FBOE.html#FBOE-76a96391-7b5a-4d29-8471-9b7d238cb9df\">76a96391-7b5a-4d29-8471-9b7d238cb9df</a></li><li>Include codes from<a href=\"http://fhir.kl.dk/term/2.0.0/CodeSystem-FBOE.html\"><code>http://fhir.kl.dk/term/CodeSystem/FBOE</code></a> where concept  descends from <a href=\"http://fhir.kl.dk/term/2.0.0/CodeSystem-FBOE.html#FBOE-3cd144c0-7b1e-4ca3-9f21-28f9c8918a74\">3cd144c0-7b1e-4ca3-9f21-28f9c8918a74</a></li><li>Include codes from<a href=\"http://fhir.kl.dk/term/2.0.0/CodeSystem-FBOE.html\"><code>http://fhir.kl.dk/term/CodeSystem/FBOE</code></a> where concept  descends from <a href=\"http://fhir.kl.dk/term/2.0.0/CodeSystem-FBOE.html#FBOE-52d1d013-4fdd-49b1-bba0-b7c00458852c\">52d1d013-4fdd-49b1-bba0-b7c00458852c</a></li><li>Include codes from<a href=\"http://fhir.kl.dk/term/2.0.0/CodeSystem-FBOE.html\"><code>http://fhir.kl.dk/term/CodeSystem/FBOE</code></a> where concept  descends from <a href=\"http://fhir.kl.dk/term/2.0.0/CodeSystem-FBOE.html#FBOE-b062a901-1364-4ed6-8d40-f4f14cfc737a\">b062a901-1364-4ed6-8d40-f4f14cfc737a</a></li></ul></div>"
  },
  "url" : "http://fhir.kl.dk/children/ValueSet/KLHealthNurseInterventions",
  "version" : "2.0.1",
  "name" : "KLHealthNurseInterventions",
  "title" : "Sundhedsplejeindsatser",
  "status" : "active",
  "experimental" : false,
  "date" : "2024-06-21T14:09:21+02:00",
  "publisher" : "Kommunernes Landsforening",
  "contact" : [{
    "name" : "Kommunernes Landsforening",
    "telecom" : [{
      "system" : "url",
      "value" : "http://kl.dk"
    }]
  }],
  "description" : "Need based interventions used in municipality health nursing (sundhedsplejen)",
  "compose" : {
    "include" : [{
      "system" : "http://fhir.kl.dk/term/CodeSystem/FBOE",
      "filter" : [{
        "property" : "concept",
        "op" : "descendent-of",
        "value" : "6cbf8b19-5aff-4f6f-a7dc-9a411197bcff"
      }]
    },
    {
      "system" : "http://fhir.kl.dk/term/CodeSystem/FBOE",
      "filter" : [{
        "property" : "concept",
        "op" : "descendent-of",
        "value" : "5a45df21-d80c-4b41-9e5a-4896a519c6c6"
      }]
    },
    {
      "system" : "http://fhir.kl.dk/term/CodeSystem/FBOE",
      "filter" : [{
        "property" : "concept",
        "op" : "descendent-of",
        "value" : "76a96391-7b5a-4d29-8471-9b7d238cb9df"
      }]
    },
    {
      "system" : "http://fhir.kl.dk/term/CodeSystem/FBOE",
      "filter" : [{
        "property" : "concept",
        "op" : "descendent-of",
        "value" : "3cd144c0-7b1e-4ca3-9f21-28f9c8918a74"
      }]
    },
    {
      "system" : "http://fhir.kl.dk/term/CodeSystem/FBOE",
      "filter" : [{
        "property" : "concept",
        "op" : "descendent-of",
        "value" : "52d1d013-4fdd-49b1-bba0-b7c00458852c"
      }]
    },
    {
      "system" : "http://fhir.kl.dk/term/CodeSystem/FBOE",
      "filter" : [{
        "property" : "concept",
        "op" : "descendent-of",
        "value" : "b062a901-1364-4ed6-8d40-f4f14cfc737a"
      }]
    }]
  }
}