{
  "resourceType" : "Bundle",
  "id" : "c0abe479-6743-4954-99f5-e4b5e8c29594",
  "meta" : {
    "lastUpdated" : "2023-08-26T15:31:03.006+02:00"
  },
  "type" : "collection",
  "entry" : [{
    "fullUrl" : "http://fhir.kl.dk/ffbmessaging/ValueSet/kl-messaging-ffb-consentPolicyValues",
    "resource" : {
      "resourceType" : "ValueSet",
      "text" : {
        "status" : "generated",
        "div" : "<div xmlns=\"http://www.w3.org/1999/xhtml\"><p>This value set contains 3 concepts</p><p style=\"border: black 1px dotted; background-color: #EEEEEE; padding: 8px; margin-bottom: 8px\">Expansion based on <a href=\"CodeSystem-kl-messaging-ffb-guardianshipFormCodes.html\">codesystem GuardianshipFormSystem v1.0.0 (CodeSystem)</a></p><table class=\"codes\"><tr><td style=\"white-space:nowrap\"><b>Code</b></td><td><b>System</b></td><td><b>Display</b></td></tr><tr><td style=\"white-space:nowrap\"><a name=\"http---fhir.kl.dk-ffbmessaging-CodeSystem-kl-messaging-ffb-guardianshipFormCodes-5\"> </a>\u00a0\u00a0<a href=\"CodeSystem-kl-messaging-ffb-guardianshipFormCodes.html#kl-messaging-ffb-guardianshipFormCodes-5\">5</a></td><td>http://fhir.kl.dk/ffbmessaging/CodeSystem/kl-messaging-ffb-guardianshipFormCodes</td><td>Personlige og/eller økonomiske forhold, værgemålslovens § 5</td></tr><tr><td style=\"white-space:nowrap\"><a name=\"http---fhir.kl.dk-ffbmessaging-CodeSystem-kl-messaging-ffb-guardianshipFormCodes-6\"> </a>\u00a0\u00a0<a href=\"CodeSystem-kl-messaging-ffb-guardianshipFormCodes.html#kl-messaging-ffb-guardianshipFormCodes-6\">6</a></td><td>http://fhir.kl.dk/ffbmessaging/CodeSystem/kl-messaging-ffb-guardianshipFormCodes</td><td>Fratagelse af retlig handleevne, værgemålslovens § 6</td></tr><tr><td style=\"white-space:nowrap\"><a name=\"http---fhir.kl.dk-ffbmessaging-CodeSystem-kl-messaging-ffb-guardianshipFormCodes-7\"> </a>\u00a0\u00a0<a href=\"CodeSystem-kl-messaging-ffb-guardianshipFormCodes.html#kl-messaging-ffb-guardianshipFormCodes-7\">7</a></td><td>http://fhir.kl.dk/ffbmessaging/CodeSystem/kl-messaging-ffb-guardianshipFormCodes</td><td>Samværgemål, værgemålslovens § 7</td></tr></table></div>"
      },
      "url" : "http://fhir.kl.dk/ffbmessaging/ValueSet/kl-messaging-ffb-consentPolicyValues",
      "version" : "1.0.0",
      "name" : "KLMessagingConsentPolicyValues",
      "title" : "ConsentPolicies",
      "status" : "active",
      "date" : "2023-08-26T15:31:03+02:00",
      "jurisdiction" : [{
        "coding" : [{
          "system" : "urn:iso:std:iso:3166",
          "code" : "DK",
          "display" : "Denmark"
        }]
      }],
      "expansion" : {
        "identifier" : "urn:uuid:87dc1bc3-9f59-4abf-afa2-6531ada529ee",
        "timestamp" : "2023-08-26T15:34:10+02:00",
        "total" : 3,
        "parameter" : [{
          "name" : "excludeNested",
          "valueBoolean" : false
        },
        {
          "name" : "used-codesystem",
          "valueUri" : "http://fhir.kl.dk/ffbmessaging/CodeSystem/kl-messaging-ffb-guardianshipFormCodes|1.0.0"
        }],
        "contains" : [{
          "system" : "http://fhir.kl.dk/ffbmessaging/CodeSystem/kl-messaging-ffb-guardianshipFormCodes",
          "code" : "5",
          "display" : "Personlige og/eller økonomiske forhold, værgemålslovens § 5"
        },
        {
          "system" : "http://fhir.kl.dk/ffbmessaging/CodeSystem/kl-messaging-ffb-guardianshipFormCodes",
          "code" : "6",
          "display" : "Fratagelse af retlig handleevne, værgemålslovens § 6"
        },
        {
          "system" : "http://fhir.kl.dk/ffbmessaging/CodeSystem/kl-messaging-ffb-guardianshipFormCodes",
          "code" : "7",
          "display" : "Samværgemål, værgemålslovens § 7"
        }]
      }
    }
  },
  {
    "fullUrl" : "http://fhir.kl.dk/ffbmessaging/ValueSet/kl-messaging-ffb-guardianshipFormValues",
    "resource" : {
      "resourceType" : "ValueSet",
      "text" : {
        "status" : "generated",
        "div" : "<div xmlns=\"http://www.w3.org/1999/xhtml\"><p>This value set contains 3 concepts</p><p style=\"border: black 1px dotted; background-color: #EEEEEE; padding: 8px; margin-bottom: 8px\">Expansion based on <a href=\"CodeSystem-kl-messaging-ffb-guardianshipFormCodes.html\">codesystem GuardianshipFormSystem v1.0.0 (CodeSystem)</a></p><table class=\"codes\"><tr><td style=\"white-space:nowrap\"><b>Code</b></td><td><b>System</b></td><td><b>Display</b></td></tr><tr><td style=\"white-space:nowrap\"><a name=\"http---fhir.kl.dk-ffbmessaging-CodeSystem-kl-messaging-ffb-guardianshipFormCodes-5\"> </a>\u00a0\u00a0<a href=\"CodeSystem-kl-messaging-ffb-guardianshipFormCodes.html#kl-messaging-ffb-guardianshipFormCodes-5\">5</a></td><td>http://fhir.kl.dk/ffbmessaging/CodeSystem/kl-messaging-ffb-guardianshipFormCodes</td><td>Personlige og/eller økonomiske forhold, værgemålslovens § 5</td></tr><tr><td style=\"white-space:nowrap\"><a name=\"http---fhir.kl.dk-ffbmessaging-CodeSystem-kl-messaging-ffb-guardianshipFormCodes-6\"> </a>\u00a0\u00a0<a href=\"CodeSystem-kl-messaging-ffb-guardianshipFormCodes.html#kl-messaging-ffb-guardianshipFormCodes-6\">6</a></td><td>http://fhir.kl.dk/ffbmessaging/CodeSystem/kl-messaging-ffb-guardianshipFormCodes</td><td>Fratagelse af retlig handleevne, værgemålslovens § 6</td></tr><tr><td style=\"white-space:nowrap\"><a name=\"http---fhir.kl.dk-ffbmessaging-CodeSystem-kl-messaging-ffb-guardianshipFormCodes-7\"> </a>\u00a0\u00a0<a href=\"CodeSystem-kl-messaging-ffb-guardianshipFormCodes.html#kl-messaging-ffb-guardianshipFormCodes-7\">7</a></td><td>http://fhir.kl.dk/ffbmessaging/CodeSystem/kl-messaging-ffb-guardianshipFormCodes</td><td>Samværgemål, værgemålslovens § 7</td></tr></table></div>"
      },
      "url" : "http://fhir.kl.dk/ffbmessaging/ValueSet/kl-messaging-ffb-guardianshipFormValues",
      "version" : "1.0.0",
      "name" : "KLMessagingFFBGuardianshipFormValues",
      "title" : "GuardianshipForms",
      "status" : "active",
      "date" : "2023-08-26T15:31:03+02:00",
      "jurisdiction" : [{
        "coding" : [{
          "system" : "urn:iso:std:iso:3166",
          "code" : "DK",
          "display" : "Denmark"
        }]
      }],
      "expansion" : {
        "identifier" : "urn:uuid:3e1d2c95-b45c-4400-b77a-f5d1a65f89c2",
        "timestamp" : "2023-08-26T15:34:21+02:00",
        "total" : 3,
        "parameter" : [{
          "name" : "excludeNested",
          "valueBoolean" : false
        },
        {
          "name" : "used-codesystem",
          "valueUri" : "http://fhir.kl.dk/ffbmessaging/CodeSystem/kl-messaging-ffb-guardianshipFormCodes|1.0.0"
        }],
        "contains" : [{
          "system" : "http://fhir.kl.dk/ffbmessaging/CodeSystem/kl-messaging-ffb-guardianshipFormCodes",
          "code" : "5",
          "display" : "Personlige og/eller økonomiske forhold, værgemålslovens § 5"
        },
        {
          "system" : "http://fhir.kl.dk/ffbmessaging/CodeSystem/kl-messaging-ffb-guardianshipFormCodes",
          "code" : "6",
          "display" : "Fratagelse af retlig handleevne, værgemålslovens § 6"
        },
        {
          "system" : "http://fhir.kl.dk/ffbmessaging/CodeSystem/kl-messaging-ffb-guardianshipFormCodes",
          "code" : "7",
          "display" : "Samværgemål, værgemålslovens § 7"
        }]
      }
    }
  },
  {
    "fullUrl" : "http://fhir.kl.dk/ffbmessaging/ValueSet/kl-messaging-ffb-relationshipTypeValues",
    "resource" : {
      "resourceType" : "ValueSet",
      "text" : {
        "status" : "generated",
        "div" : "<div xmlns=\"http://www.w3.org/1999/xhtml\"><p>This value set contains 15 concepts</p><div style=\"border: black 1px dotted; background-color: #EEEEEE; padding: 8px; margin-bottom: 8px\"><p>Expansion based on: </p><ul><li><a href=\"CodeSystem-kl-messaging-ffb-relationshipTypeCodes.html\">codesystem RelationshipTypeSystem v1.0.0 (CodeSystem)</a></li><li><a href=\"http://terminology.hl7.org/5.0.0/CodeSystem-v2-0131.html\">codesystem contactRole2 v2.1.0 (CodeSystem)</a></li><li><a href=\"http://terminology.hl7.org/5.0.0/CodeSystem-v3-RoleCode.html\">codesystem RoleCode v2.2.0 (CodeSystem)</a></li></ul></div><table class=\"codes\"><tr><td style=\"white-space:nowrap\"><b>Code</b></td><td><b>System</b></td><td><b>Display</b></td><td><b>Definition</b></td></tr><tr><td style=\"white-space:nowrap\"><a name=\"http---terminology.hl7.org-CodeSystem-v3-RoleCode-GUARD\"> </a>\u00a0\u00a0<a href=\"http://terminology.hl7.org/5.0.0/CodeSystem-v3-RoleCode.html#v3-RoleCode-GUARD\">GUARD</a></td><td>http://terminology.hl7.org/CodeSystem/v3-RoleCode</td><td>guardian</td><td><div><p>The role played by a person or institution legally empowered with responsibility for the care of a ward.</p>\n</div></td></tr><tr><td style=\"white-space:nowrap\"><a name=\"http---terminology.hl7.org-CodeSystem-v3-RoleCode-POWATT\"> </a>\u00a0\u00a0<a href=\"http://terminology.hl7.org/5.0.0/CodeSystem-v3-RoleCode.html#v3-RoleCode-POWATT\">POWATT</a></td><td>http://terminology.hl7.org/CodeSystem/v3-RoleCode</td><td>power of attorney</td><td><div><p>A relationship between two people in which one person authorizes another to act for him in a manner which is a legally binding upon the person giving such authority as if he or she personally were to do the acts.</p>\n</div></td></tr><tr><td style=\"white-space:nowrap\"><a name=\"http---fhir.kl.dk-ffbmessaging-CodeSystem-kl-messaging-ffb-relationshipTypeCodes-advocate\"> </a>\u00a0\u00a0<a href=\"CodeSystem-kl-messaging-ffb-relationshipTypeCodes.html#kl-messaging-ffb-relationshipTypeCodes-advocate\">advocate</a></td><td>http://fhir.kl.dk/ffbmessaging/CodeSystem/kl-messaging-ffb-relationshipTypeCodes</td><td>Bisidder</td><td><div></div></td></tr><tr><td style=\"white-space:nowrap\"><a name=\"http---terminology.hl7.org-CodeSystem-v2-0131-BP\"> </a>\u00a0\u00a0<a href=\"http://terminology.hl7.org/5.0.0/CodeSystem-v2-0131.html#v2-0131-BP\">BP</a></td><td>http://terminology.hl7.org/CodeSystem/v2-0131</td><td>Billing contact person</td><td><div><p>Billing contact person</p>\n</div></td></tr><tr><td style=\"white-space:nowrap\"><a name=\"http---terminology.hl7.org-CodeSystem-v2-0131-CP\"> </a>\u00a0\u00a0<a href=\"http://terminology.hl7.org/5.0.0/CodeSystem-v2-0131.html#v2-0131-CP\">CP</a></td><td>http://terminology.hl7.org/CodeSystem/v2-0131</td><td>Contact person</td><td><div><p>Contact person</p>\n</div></td></tr><tr><td style=\"white-space:nowrap\"><a name=\"http---terminology.hl7.org-CodeSystem-v2-0131-EP\"> </a>\u00a0\u00a0<a href=\"http://terminology.hl7.org/5.0.0/CodeSystem-v2-0131.html#v2-0131-EP\">EP</a></td><td>http://terminology.hl7.org/CodeSystem/v2-0131</td><td>Emergency contact person</td><td><div><p>Emergency contact person</p>\n</div></td></tr><tr><td style=\"white-space:nowrap\"><a name=\"http---terminology.hl7.org-CodeSystem-v2-0131-PR\"> </a>\u00a0\u00a0<a href=\"http://terminology.hl7.org/5.0.0/CodeSystem-v2-0131.html#v2-0131-PR\">PR</a></td><td>http://terminology.hl7.org/CodeSystem/v2-0131</td><td>Person preparing referral</td><td><div><p>Person preparing referral</p>\n</div></td></tr><tr><td style=\"white-space:nowrap\"><a name=\"http---terminology.hl7.org-CodeSystem-v2-0131-E\"> </a>\u00a0\u00a0<a href=\"http://terminology.hl7.org/5.0.0/CodeSystem-v2-0131.html#v2-0131-E\">E</a></td><td>http://terminology.hl7.org/CodeSystem/v2-0131</td><td>Employer</td><td><div><p>Employer</p>\n</div></td></tr><tr><td style=\"white-space:nowrap\"><a name=\"http---terminology.hl7.org-CodeSystem-v2-0131-C\"> </a>\u00a0\u00a0<a href=\"http://terminology.hl7.org/5.0.0/CodeSystem-v2-0131.html#v2-0131-C\">C</a></td><td>http://terminology.hl7.org/CodeSystem/v2-0131</td><td>Emergency Contact</td><td><div><p>Emergency Contact</p>\n</div></td></tr><tr><td style=\"white-space:nowrap\"><a name=\"http---terminology.hl7.org-CodeSystem-v2-0131-F\"> </a>\u00a0\u00a0<a href=\"http://terminology.hl7.org/5.0.0/CodeSystem-v2-0131.html#v2-0131-F\">F</a></td><td>http://terminology.hl7.org/CodeSystem/v2-0131</td><td>Federal Agency</td><td><div><p>Federal Agency</p>\n</div></td></tr><tr><td style=\"white-space:nowrap\"><a name=\"http---terminology.hl7.org-CodeSystem-v2-0131-I\"> </a>\u00a0\u00a0<a href=\"http://terminology.hl7.org/5.0.0/CodeSystem-v2-0131.html#v2-0131-I\">I</a></td><td>http://terminology.hl7.org/CodeSystem/v2-0131</td><td>Insurance Company</td><td><div><p>Insurance Company</p>\n</div></td></tr><tr><td style=\"white-space:nowrap\"><a name=\"http---terminology.hl7.org-CodeSystem-v2-0131-N\"> </a>\u00a0\u00a0<a href=\"http://terminology.hl7.org/5.0.0/CodeSystem-v2-0131.html#v2-0131-N\">N</a></td><td>http://terminology.hl7.org/CodeSystem/v2-0131</td><td>Next-of-Kin</td><td><div><p>Next-of-Kin</p>\n</div></td></tr><tr><td style=\"white-space:nowrap\"><a name=\"http---terminology.hl7.org-CodeSystem-v2-0131-S\"> </a>\u00a0\u00a0<a href=\"http://terminology.hl7.org/5.0.0/CodeSystem-v2-0131.html#v2-0131-S\">S</a></td><td>http://terminology.hl7.org/CodeSystem/v2-0131</td><td>State Agency</td><td><div><p>State Agency</p>\n</div></td></tr><tr><td style=\"white-space:nowrap\"><a name=\"http---terminology.hl7.org-CodeSystem-v2-0131-O\"> </a>\u00a0\u00a0<a href=\"http://terminology.hl7.org/5.0.0/CodeSystem-v2-0131.html#v2-0131-O\">O</a></td><td>http://terminology.hl7.org/CodeSystem/v2-0131</td><td>Other</td><td><div><p>Other</p>\n</div></td></tr><tr><td style=\"white-space:nowrap\"><a name=\"http---terminology.hl7.org-CodeSystem-v2-0131-U\"> </a>\u00a0\u00a0<a href=\"http://terminology.hl7.org/5.0.0/CodeSystem-v2-0131.html#v2-0131-U\">U</a></td><td>http://terminology.hl7.org/CodeSystem/v2-0131</td><td>Unknown</td><td><div><p>Unknown</p>\n</div></td></tr></table></div>"
      },
      "url" : "http://fhir.kl.dk/ffbmessaging/ValueSet/kl-messaging-ffb-relationshipTypeValues",
      "version" : "1.0.0",
      "name" : "KLMessagingFFBRelationshipTypeValues",
      "title" : "RelationshipTypes",
      "status" : "active",
      "date" : "2023-08-26T15:31:03+02:00",
      "jurisdiction" : [{
        "coding" : [{
          "system" : "urn:iso:std:iso:3166",
          "code" : "DK",
          "display" : "Denmark"
        }]
      }],
      "expansion" : {
        "identifier" : "urn:uuid:f8cc01f1-0a35-4ad7-a8d8-4d36601e5f46",
        "timestamp" : "2023-08-26T15:34:21+02:00",
        "total" : 15,
        "parameter" : [{
          "name" : "excludeNested",
          "valueBoolean" : false
        },
        {
          "name" : "used-codesystem",
          "valueUri" : "http://terminology.hl7.org/CodeSystem/v3-RoleCode|2.2.0"
        },
        {
          "name" : "used-codesystem",
          "valueUri" : "http://fhir.kl.dk/ffbmessaging/CodeSystem/kl-messaging-ffb-relationshipTypeCodes|1.0.0"
        },
        {
          "name" : "used-codesystem",
          "valueUri" : "http://terminology.hl7.org/CodeSystem/v2-0131|2.1.0"
        }],
        "contains" : [{
          "system" : "http://terminology.hl7.org/CodeSystem/v3-RoleCode",
          "code" : "GUARD",
          "display" : "guardian"
        },
        {
          "system" : "http://terminology.hl7.org/CodeSystem/v3-RoleCode",
          "code" : "POWATT",
          "display" : "power of attorney"
        },
        {
          "system" : "http://fhir.kl.dk/ffbmessaging/CodeSystem/kl-messaging-ffb-relationshipTypeCodes",
          "code" : "advocate",
          "display" : "Bisidder"
        },
        {
          "system" : "http://terminology.hl7.org/CodeSystem/v2-0131",
          "code" : "BP",
          "display" : "Billing contact person"
        },
        {
          "system" : "http://terminology.hl7.org/CodeSystem/v2-0131",
          "code" : "CP",
          "display" : "Contact person"
        },
        {
          "system" : "http://terminology.hl7.org/CodeSystem/v2-0131",
          "code" : "EP",
          "display" : "Emergency contact person"
        },
        {
          "system" : "http://terminology.hl7.org/CodeSystem/v2-0131",
          "code" : "PR",
          "display" : "Person preparing referral"
        },
        {
          "system" : "http://terminology.hl7.org/CodeSystem/v2-0131",
          "code" : "E",
          "display" : "Employer"
        },
        {
          "system" : "http://terminology.hl7.org/CodeSystem/v2-0131",
          "code" : "C",
          "display" : "Emergency Contact"
        },
        {
          "system" : "http://terminology.hl7.org/CodeSystem/v2-0131",
          "code" : "F",
          "display" : "Federal Agency"
        },
        {
          "system" : "http://terminology.hl7.org/CodeSystem/v2-0131",
          "code" : "I",
          "display" : "Insurance Company"
        },
        {
          "system" : "http://terminology.hl7.org/CodeSystem/v2-0131",
          "code" : "N",
          "display" : "Next-of-Kin"
        },
        {
          "system" : "http://terminology.hl7.org/CodeSystem/v2-0131",
          "code" : "S",
          "display" : "State Agency"
        },
        {
          "system" : "http://terminology.hl7.org/CodeSystem/v2-0131",
          "code" : "O",
          "display" : "Other"
        },
        {
          "system" : "http://terminology.hl7.org/CodeSystem/v2-0131",
          "code" : "U",
          "display" : "Unknown"
        }]
      }
    }
  },
  {
    "fullUrl" : "http://fhir.kl.dk/ffbmessaging/ValueSet/kl-messaging-ffb-participantRoleValues",
    "resource" : {
      "resourceType" : "ValueSet",
      "text" : {
        "status" : "generated",
        "div" : "<div xmlns=\"http://www.w3.org/1999/xhtml\"><p>This value set contains 3 concepts</p><p style=\"border: black 1px dotted; background-color: #EEEEEE; padding: 8px; margin-bottom: 8px\">Expansion based on <a href=\"CodeSystem-kl-messaging-ffb-participantRoleCodes.html\">codesystem ParticipantRoleSystem v1.0.0 (CodeSystem)</a></p><table class=\"codes\"><tr><td style=\"white-space:nowrap\"><b>Code</b></td><td><b>System</b></td><td><b>Display</b></td></tr><tr><td style=\"white-space:nowrap\"><a name=\"http---fhir.kl.dk-ffbmessaging-CodeSystem-kl-messaging-ffb-participantRoleCodes-koordinerende-myndighed\"> </a>\u00a0\u00a0<a href=\"CodeSystem-kl-messaging-ffb-participantRoleCodes.html#kl-messaging-ffb-participantRoleCodes-koordinerende-myndighed\">koordinerende-myndighed</a></td><td>http://fhir.kl.dk/ffbmessaging/CodeSystem/kl-messaging-ffb-participantRoleCodes</td><td>Ansvarlig for koordinering af myndighedssamarbejde</td></tr><tr><td style=\"white-space:nowrap\"><a name=\"http---fhir.kl.dk-ffbmessaging-CodeSystem-kl-messaging-ffb-participantRoleCodes-samarbejdende-myndighed\"> </a>\u00a0\u00a0<a href=\"CodeSystem-kl-messaging-ffb-participantRoleCodes.html#kl-messaging-ffb-participantRoleCodes-samarbejdende-myndighed\">samarbejdende-myndighed</a></td><td>http://fhir.kl.dk/ffbmessaging/CodeSystem/kl-messaging-ffb-participantRoleCodes</td><td>Samarbejdende myndighed</td></tr><tr><td style=\"white-space:nowrap\"><a name=\"http---fhir.kl.dk-ffbmessaging-CodeSystem-kl-messaging-ffb-participantRoleCodes-koordinerende-udfører\"> </a>\u00a0\u00a0<a href=\"CodeSystem-kl-messaging-ffb-participantRoleCodes.html#kl-messaging-ffb-participantRoleCodes-koordinerende-udf.248rer\">koordinerende-udfører</a></td><td>http://fhir.kl.dk/ffbmessaging/CodeSystem/kl-messaging-ffb-participantRoleCodes</td><td>Ansvarlig for koordinering af udførersamarbejde</td></tr></table></div>"
      },
      "url" : "http://fhir.kl.dk/ffbmessaging/ValueSet/kl-messaging-ffb-participantRoleValues",
      "version" : "1.0.0",
      "name" : "KLMessagingFFBParticipantRoleValues",
      "title" : "ParticipantRoles",
      "status" : "active",
      "date" : "2023-08-26T15:31:03+02:00",
      "jurisdiction" : [{
        "coding" : [{
          "system" : "urn:iso:std:iso:3166",
          "code" : "DK",
          "display" : "Denmark"
        }]
      }],
      "expansion" : {
        "identifier" : "urn:uuid:9dab4600-d095-4869-a8b8-0b0f7af4c532",
        "timestamp" : "2023-08-26T15:34:27+02:00",
        "total" : 3,
        "parameter" : [{
          "name" : "excludeNested",
          "valueBoolean" : false
        },
        {
          "name" : "used-codesystem",
          "valueUri" : "http://fhir.kl.dk/ffbmessaging/CodeSystem/kl-messaging-ffb-participantRoleCodes|1.0.0"
        }],
        "contains" : [{
          "system" : "http://fhir.kl.dk/ffbmessaging/CodeSystem/kl-messaging-ffb-participantRoleCodes",
          "code" : "koordinerende-myndighed",
          "display" : "Ansvarlig for koordinering af myndighedssamarbejde"
        },
        {
          "system" : "http://fhir.kl.dk/ffbmessaging/CodeSystem/kl-messaging-ffb-participantRoleCodes",
          "code" : "samarbejdende-myndighed",
          "display" : "Samarbejdende myndighed"
        },
        {
          "system" : "http://fhir.kl.dk/ffbmessaging/CodeSystem/kl-messaging-ffb-participantRoleCodes",
          "code" : "koordinerende-udfører",
          "display" : "Ansvarlig for koordinering af udførersamarbejde"
        }]
      }
    }
  }]
}