{
  "resourceType" : "Encounter",
  "id" : "Encounter333",
  "meta" : {
    "profile" : ["http://fhir.kl.dk/core/StructureDefinition/KLCommonCareSocialEncounter"]
  },
  "text" : {
    "status" : "generated",
    "div" : "<div xmlns=\"http://www.w3.org/1999/xhtml\"><p><b>Generated Narrative: Encounter</b><a name=\"Encounter333\"> </a></p><div style=\"display: inline-block; background-color: #d9e0e7; padding: 6px; margin: 4px; border: 1px solid #8da1b4; border-radius: 5px; line-height: 60%\"><p style=\"margin-bottom: 0px\">Resource Encounter &quot;Encounter333&quot; </p><p style=\"margin-bottom: 0px\">Profile: <a href=\"StructureDefinition-KLCommonCareSocialEncounter.html\">Encounter</a></p></div><p><b>status</b>: planned</p><p><b>class</b>: home health (Details: http://terminology.hl7.org/CodeSystem/v3-ActCode code HH = 'home health', stated as 'null')</p><p><b>type</b>: opfølgning <span style=\"background: LightGoldenRodYellow; margin: 4px; border: 1px solid khaki\"> (<a href=\"http://fhir.kl.dk/term/1.0.0/CodeSystem-CareSocialCodes.html\">CareSocialCodes</a>#9f03dfbb-7a97-45a5-94db-d4c3501714a9)</span></p><p><b>subject</b>: <a href=\"Patient-BorgerEjnar.html\">Patient/BorgerEjnar</a> &quot; LAURIDSEN&quot;</p><p><b>period</b>: 2021-02-10 --&gt; (ongoing)</p></div>"
  },
  "status" : "planned",
  "class" : {
    "system" : "http://terminology.hl7.org/CodeSystem/v3-ActCode",
    "code" : "HH"
  },
  "type" : [{
    "coding" : [{
      "system" : "http://fhir.kl.dk/term/CodeSystem/CareSocialCodes",
      "code" : "9f03dfbb-7a97-45a5-94db-d4c3501714a9",
      "display" : "opfølgning"
    }]
  }],
  "subject" : {
    "reference" : "Patient/BorgerEjnar"
  },
  "period" : {
    "start" : "2021-02-10"
  }
}